"accession","experiment","validation_group","validation_scope","perturbation","n_seeds_present","concordance_score_n","concordance_score_mean","concordance_score_sd","concordance_score_se","concordance_score_ci_low","concordance_score_ci_high","concordance_score_min","concordance_score_max","weighted_concordance_score_n","weighted_concordance_score_mean","weighted_concordance_score_sd","weighted_concordance_score_se","weighted_concordance_score_ci_low","weighted_concordance_score_ci_high","weighted_concordance_score_min","weighted_concordance_score_max","spearman_rank_correlation_n","spearman_rank_correlation_mean","spearman_rank_correlation_sd","spearman_rank_correlation_se","spearman_rank_correlation_ci_low","spearman_rank_correlation_ci_high","spearman_rank_correlation_min","spearman_rank_correlation_max","nodes_compared_n","nodes_compared_mean","nodes_compared_sd","nodes_compared_se","nodes_compared_ci_low","nodes_compared_ci_high","nodes_compared_min","nodes_compared_max","node_coverage_n","node_coverage_mean","node_coverage_sd","node_coverage_se","node_coverage_ci_low","node_coverage_ci_high","node_coverage_min","node_coverage_max","n_cells_n","n_cells_mean","n_cells_sd","n_cells_se","n_cells_ci_low","n_cells_ci_high","n_cells_min","n_cells_max"
"GSE125449","GSE125449_Set1","S10_P05_LCP23","tumour-cell-intrinsic observational concordance","BAX E1",5,5,0.53216571734173,0.0132009984775137,0.00590366599331837,0.515774512791859,0.548556921891602,0.511113085762783,0.545323612078572,5,0.47167615422881,0.0116699222998241,0.00521894791090948,0.457186031847283,0.486166276610337,0.453034849880984,0.483197893359245,5,-0.256297431501671,0.0171964375443383,0.00769048066399399,-0.277649628897835,-0.234945234105507,-0.263987912165665,-0.225535508845695,5,19,0,0,19,19,19,19,5,0.95,0,0,0.95,0.95,0.95,0.95,5,46,0,0,46,46,46,46
"GSE125449","GSE125449_Set1","S10_P05_LCP23","tumour-cell-intrinsic observational concordance","BAX E1 + GSDME KO",5,5,0.536902559446994,0.014258265329061,0.00637649010340175,0.519198584711062,0.554606534182926,0.521310454183836,0.548613085762783,5,0.478742367202409,0.0111780138536778,0.0049989597660516,0.464863029828875,0.492621704575944,0.46638659797164,0.487540444125486,5,-0.279323309552882,0,0,-0.279323309552882,-0.279323309552882,-0.279323309552882,-0.279323309552882,5,19,0,0,19,19,19,19,5,0.95,0,0,0.95,0.95,0.95,0.95,5,46,0,0,46,46,46,46
"GSE125449","GSE125449_Set1","S10_P05_LCP23","tumour-cell-intrinsic observational concordance","BCL2 KO",5,5,0.593645150074786,0.00633897671565198,0.00283487656879724,0.585774270901509,0.601516029248063,0.587015614963844,0.603547296289099,5,0.597215335247455,0.00518124793167818,0.00231712451670252,0.590781966224923,0.603648704269988,0.591510237988463,0.605185400086783,5,-0.0853209908609371,0,0,-0.0853209908609371,-0.0853209908609371,-0.0853209908609371,-0.0853209908609371,5,19,0,0,19,19,19,19,5,0.95,0,0,0.95,0.95,0.95,0.95,5,46,0,0,46,46,46,46
"GSE125449","GSE125449_Set1","S10_P05_LCP23","tumour-cell-intrinsic observational concordance","CASP3 KO",5,5,0.588414056492053,0.010191015854082,0.00455756084190109,0.575760239000916,0.60106787398319,0.580436667595423,0.606094562332265,5,0.578894970929743,0.0083520037552697,0.00373512962902331,0.568524588553962,0.589265353305524,0.572482155368304,0.593482155368304,5,-0.109429101030804,0.00483361186145822,0.00216165693981397,-0.115430822860467,-0.10342737920114,-0.114724057532294,-0.10589913002981,5,19,0,0,19,19,19,19,5,0.95,0,0,0.95,0.95,0.95,0.95,5,46,0,0,46,46,46,46
"GSE125449","GSE125449_Set1","S10_P05_LCP23","tumour-cell-intrinsic observational concordance","CASP3 OE",5,5,0.583316202706365,0.00939956018113781,0.00420361110472487,0.571645107230497,0.594987298182234,0.571226141279633,0.592692033131204,5,0.57552060205262,0.00727182146397988,0.00325205742274021,0.566491443139431,0.584549760965809,0.565982155368304,0.583046233175497,5,0.0834828189340997,0,0,0.0834828189340997,0.0834828189340997,0.0834828189340997,0.0834828189340997,5,19,0,0,19,19,19,19,5,0.95,0,0,0.95,0.95,0.95,0.95,5,46,0,0,46,46,46,46
"GSE125449","GSE125449_Set1","S10_P05_LCP23","tumour-cell-intrinsic observational concordance","CASP3 OE + GSDME KO",5,5,0.578414056492053,0.00925646292590173,0.00413961606670457,0.566920639726253,0.589907473257853,0.567278772858581,0.589073612078572,5,0.566013861971984,0.00697398406582031,0.00311886048903491,0.557354517033408,0.574673206910559,0.557390884600281,0.574116882569905,5,0.0176000668803812,0,0,0.0176000668803812,0.0176000668803812,0.0176000668803812,0.0176000668803812,5,19,0,0,19,19,19,19,5,0.95,0,0,0.95,0.95,0.95,0.95,5,46,0,0,46,46,46,46
"GSE125449","GSE125449_Set1","S10_P05_LCP23","tumour-cell-intrinsic observational concordance","GSDME E1 + CASP3 E1",5,5,0.583874582807842,0.015485551677562,0.00692534924402291,0.56464673079749,0.603102434818195,0.567278772858581,0.601818246542791,5,0.569902750860873,0.0113595031928454,0.00508012426596564,0.555798064708836,0.584007437012909,0.557390884600281,0.582853847563244,5,0.0834828189340997,0,0,0.0834828189340997,0.0834828189340997,0.0834828189340997,0.0834828189340997,5,19,0,0,19,19,19,19,5,0.95,0,0,0.95,0.95,0.95,0.95,5,46,0,0,46,46,46,46
"GSE125449","GSE125449_Set1","S10_P05_LCP23","tumour-cell-intrinsic observational concordance","GSDME KO",5,5,0.576884036016475,0.0189914053312095,0.00849321466176727,0.553303091741418,0.600464980291533,0.551818246542791,0.601160351805949,5,0.566399849286956,0.01640166824059,0.00733504902607173,0.546034488322134,0.586765210251779,0.544752122014229,0.587365758377865,5,-0.0687451702110287,0.0166001408113335,0.00742380865804202,-0.0893569674215744,-0.0481333730004829,-0.0923570012011909,-0.0527754292578234,5,19,0,0,19,19,19,19,5,0.95,0,0,0.95,0.95,0.95,0.95,5,46,0,0,46,46,46,46
"GSE125449","GSE125449_Set1","S10_P05_LCP23","tumour-cell-intrinsic observational concordance","GSDME OE",5,5,0.590273024336051,0.0133337960632355,0.00596305487910274,0.57371692980494,0.606829118867162,0.577476141279633,0.607410351805949,5,0.577963066472044,0.0115155511455217,0.00514991103195243,0.563664621195176,0.592261511748913,0.56691121292332,0.592763485650593,5,0.0129618060976628,0.017684834976943,0.00790889863586208,-0.00899681680738195,0.0349204290027076,-0.0186737884457855,0.0208707047335249,5,19,0,0,19,19,19,19,5,0.95,0,0,0.95,0.95,0.95,0.95,5,46,0,0,46,46,46,46
"GSE125449","GSE125449_Set1","S10_P05_LCP23","tumour-cell-intrinsic observational concordance","MALAT1 E1 + miR-204-5p KO + SIRT1 E1",5,5,0.527147193911212,0,0,0.527147193911212,0.527147193911212,0.527147193911212,0.527147193911212,5,0.534746675202383,0,0,0.534746675202383,0.534746675202383,0.534746675202383,0.534746675202383,5,0.0707686410942324,0,0,0.0707686410942324,0.0707686410942324,0.0707686410942324,0.0707686410942324,5,19,0,0,19,19,19,19,5,0.95,0,0,0.95,0.95,0.95,0.95,5,46,0,0,46,46,46,46
"GSE125449","GSE125449_Set1","S10_P05_LCP23","tumour-cell-intrinsic observational concordance","MALAT1 KO",5,5,0.586371249703549,0.01292013280916,0.0057780590479214,0.570328785942404,0.602413713464694,0.572666585869421,0.600360357964544,5,0.528622886245755,0.0111582965170019,0.00499014190502305,0.514768031179311,0.542477741312199,0.51678704020719,0.540704388834796,5,-0.302998903442046,0.0244594276247043,0.010938588571915,-0.333369294140312,-0.27262851274378,-0.346753257729706,-0.292060314870131,5,19,0,0,19,19,19,19,5,0.95,0,0,0.95,0.95,0.95,0.95,5,46,0,0,46,46,46,46
"GSE125449","GSE125449_Set1","S10_P05_LCP23","tumour-cell-intrinsic observational concordance","MALAT1 KO + GSDME KO",5,5,0.57793333449113,0.0170864234397576,0.00764128086072876,0.556717737647918,0.599148931334342,0.550213851912587,0.594110357964544,5,0.518775324334826,0.0129856818142161,0.005807373454154,0.502651470733984,0.534899177935667,0.497708517575133,0.531069862174621,5,-0.325803024165411,0.0215287800368523,0.00962796312700842,-0.352534535262419,-0.299071513068404,-0.349386621088913,-0.31008062621641,5,19,0,0,19,19,19,19,5,0.95,0,0,0.95,0.95,0.95,0.95,5,46,0,0,46,46,46,46
"GSE125449","GSE125449_Set1","S10_P05_LCP23","tumour-cell-intrinsic observational concordance","MALAT1 OE",5,5,0.527147193911212,0,0,0.527147193911212,0.527147193911212,0.527147193911212,0.527147193911212,5,0.569415769603357,0,0,0.569415769603357,0.569415769603357,0.569415769603357,0.569415769603357,5,0.0707686410942324,0,0,0.0707686410942324,0.0707686410942324,0.0707686410942324,0.0707686410942324,5,19,0,0,19,19,19,19,5,0.95,0,0,0.95,0.95,0.95,0.95,5,46,0,0,46,46,46,46
"GSE125449","GSE125449_Set1","S10_P05_LCP23","tumour-cell-intrinsic observational concordance","miR-204-5p KO",5,5,0.527147193911212,0,0,0.527147193911212,0.527147193911212,0.527147193911212,0.527147193911212,5,0.502631867372521,0,0,0.502631867372521,0.502631867372521,0.502631867372521,0.502631867372521,5,0.0707686410942324,0,0,0.0707686410942324,0.0707686410942324,0.0707686410942324,0.0707686410942324,5,19,0,0,19,19,19,19,5,0.95,0,0,0.95,0.95,0.95,0.95,5,46,0,0,46,46,46,46
"GSE125449","GSE125449_Set1","S10_P05_LCP23","tumour-cell-intrinsic observational concordance","miR-204-5p OE",5,5,0.580359600080907,0.00372161463782386,0.00166435666324648,0.575738605169933,0.584980594991881,0.576412231659854,0.584306968501959,5,0.579073296061489,0.00282842712474619,0.00126491106406735,0.575561339929149,0.582585252193829,0.576073296061489,0.582073296061489,5,-0.370795882646403,0,0,-0.370795882646403,-0.370795882646403,-0.370795882646403,-0.370795882646403,5,19,0,0,19,19,19,19,5,0.95,0,0,0.95,0.95,0.95,0.95,5,46,0,0,46,46,46,46
"GSE125449","GSE125449_Set1","S10_P05_LCP23","tumour-cell-intrinsic observational concordance","miR-204-5p OE + CASP3 KO",5,5,0.506675389554591,0.00190392054322222,0.000851459151680643,0.504311359960631,0.50903941914855,0.50338591587038,0.507991179028275,5,0.527276619407828,0.000721312250806175,0.000322580645161197,0.526380991954538,0.528172246861117,0.525986296827183,0.527599200052989,5,-0.446991356674263,0.00452626619623693,0.00202420777980903,-0.452611458456417,-0.441371254892109,-0.453754992350632,-0.443863875351163,5,19,0,0,19,19,19,19,5,0.95,0,0,0.95,0.95,0.95,0.95,5,46,0,0,46,46,46,46
"GSE125449","GSE125449_Set1","S10_P05_LCP23","tumour-cell-intrinsic observational concordance","miR-204-5p OE + GSDME KO",5,5,0.558056968501959,0.00179268770966304,0.000801714316246992,0.555831052712848,0.56028288429107,0.555688547449328,0.560622757975644,5,0.555467228626329,0.00121646666012837,0.000544020428881836,0.553956785769433,0.556977671483226,0.553860085769187,0.557208300054901,5,-0.381640191487207,0.0185014975093663,0.0082741212232972,-0.404612834857444,-0.35866754811697,-0.39379223820981,-0.351973593444166,5,19,0,0,19,19,19,19,5,0.95,0,0,0.95,0.95,0.95,0.95,5,46,0,0,46,46,46,46
"GSE125449","GSE125449_Set1","S10_P05_LCP23","tumour-cell-intrinsic observational concordance","p21 E1",5,5,0.56520647697873,0.0150224366422903,0.00671823790396894,0.546553658234701,0.583859295722758,0.543659593922312,0.581572854194935,5,0.522071802735313,0.0124842234437589,0.0055831144533083,0.506570591939666,0.53757301353096,0.50421785586262,0.535809244783482,5,-0.238905293134802,0,0,-0.238905293134802,-0.238905293134802,-0.238905293134802,-0.238905293134802,5,19,0,0,19,19,19,19,5,0.95,0,0,0.95,0.95,0.95,0.95,5,46,0,0,46,46,46,46
"GSE125449","GSE125449_Set1","S10_P05_LCP23","tumour-cell-intrinsic observational concordance","p53 E1",5,5,0.722070884280334,0.0170355360213471,0.00761852331537569,0.700918472512523,0.743223296048144,0.702991936911913,0.746412989543491,5,0.683449860927232,0.0140728341045913,0.0062935627387887,0.665976129466867,0.700923592387597,0.667688991362015,0.703558556579406,5,0.00110207575281935,0,0,0.00110207575281935,0.00110207575281935,0.00110207575281935,0.00110207575281935,5,19,0,0,19,19,19,19,5,0.95,0,0,0.95,0.95,0.95,0.95,5,46,0,0,46,46,46,46
"GSE125449","GSE125449_Set1","S10_P05_LCP23","tumour-cell-intrinsic observational concordance","p53 E1 + miR-204-5p E1 + CASP3 KO + p21 E1",5,5,0.476412231659854,0.0025901341690828,0.00115834321458282,0.473196155311586,0.479628308008121,0.472464863238801,0.47838591587038,5,0.480082724374421,0.00133006889763687,0.000594824893974852,0.478431225709094,0.481734223039747,0.478055697347394,0.481096237887934,5,-0.470152163025777,0,0,-0.470152163025777,-0.470152163025777,-0.470152163025777,-0.470152163025777,5,19,0,0,19,19,19,19,5,0.95,0,0,0.95,0.95,0.95,0.95,5,46,0,0,46,46,46,46
"GSE125449","GSE125449_Set1","S10_P05_LCP23","tumour-cell-intrinsic observational concordance","p53 KO",5,5,0.527147193911212,0,0,0.527147193911212,0.527147193911212,0.527147193911212,0.527147193911212,5,0.522425942796219,0,0,0.522425942796219,0.522425942796219,0.522425942796219,0.522425942796219,5,0.0707686410942324,0,0,0.0707686410942324,0.0707686410942324,0.0707686410942324,0.0707686410942324,5,19,0,0,19,19,19,19,5,0.95,0,0,0.95,0.95,0.95,0.95,5,46,0,0,46,46,46,46
"GSE125449","GSE125449_Set1","S10_P05_LCP23","tumour-cell-intrinsic observational concordance","Reference: DDR ON, GSDME endogenous",5,5,0.586588813809735,0.0136478693480642,0.00610351272206145,0.569642745788055,0.603534881831415,0.571226141279633,0.59762624365752,5,0.586588813809735,0.0136478693480642,0.00610351272206145,0.569642745788055,0.603534881831415,0.571226141279633,0.59762624365752,5,-0.048537101263663,0.0302100741341145,0.0135103558738376,-0.0860478626990597,-0.0110263398282663,-0.0816305793979787,-0.0264747825074525,5,19,0,0,19,19,19,19,5,0.95,0,0,0.95,0.95,0.95,0.95,5,46,0,0,46,46,46,46
"GSE125449","GSE125449_Set1","S10_P05_LCP23","tumour-cell-intrinsic observational concordance","SIRT1 KO",5,5,0.481347200069807,0.0101131924756656,0.00452275716902552,0.468790013065868,0.493904387073746,0.468781410596123,0.496412989543491,5,0.484591165275058,0.00835437639294102,0.00373619070484712,0.4742178368805,0.494964493669616,0.47421073049245,0.497036817448971,5,-0.328741729491345,0.0335217162513169,0.0149913672520808,-0.370364437718607,-0.287119021264083,-0.388707198499668,-0.313750362239264,5,19,0,0,19,19,19,19,5,0.95,0,0,0.95,0.95,0.95,0.95,5,46,0,0,46,46,46,46
"GSE125449","GSE125449_Set1","S10_P05_LCP23","tumour-cell-intrinsic observational concordance","SIRT1 KO + GSDME KO",5,5,0.476939305332965,0.00376784764823052,0.00168503269406123,0.472260904557441,0.48161770610849,0.473057726385597,0.481281410596123,5,0.483196030820244,0.00276703471952471,0.00123745554579187,0.47976030342723,0.486631758213257,0.480311415435628,0.486321030820244,5,-0.361719430967602,0.0217923552000715,0.0097458375234362,-0.3887782138556,-0.334660648079605,-0.400702781061347,-0.351973593444166,5,19,0,0,19,19,19,19,5,0.95,0,0,0.95,0.95,0.95,0.95,5,46,0,0,46,46,46,46
"GSE125449","GSE125449_Set1","S10_P05_LCP23","tumour-cell-intrinsic observational concordance","SIRT1 KO + GSDME KO + CASP3 E1",5,5,0.470360357964544,0.00398420313911594,0.00178178981104626,0.465413316365174,0.475307399563915,0.46483404217507,0.474702463227702,5,0.492922709716803,0.0032559079416429,0.00145608629719899,0.488879966044199,0.496965453389407,0.488406580684545,0.496471096813577,5,-0.251845635711251,0,0,-0.251845635711251,-0.251845635711251,-0.251845635711251,-0.251845635711251,5,19,0,0,19,19,19,19,5,0.95,0,0,0.95,0.95,0.95,0.95,5,46,0,0,46,46,46,46
"GSE125449","GSE125449_Set1","S10_P05_LCP23","tumour-cell-intrinsic observational concordance","SIRT1 OE",5,5,0.527147193911212,0,0,0.527147193911212,0.527147193911212,0.527147193911212,0.527147193911212,5,0.522425942796219,0,0,0.522425942796219,0.522425942796219,0.522425942796219,0.522425942796219,5,0.0707686410942324,0,0,0.0707686410942324,0.0707686410942324,0.0707686410942324,0.0707686410942324,5,19,0,0,19,19,19,19,5,0.95,0,0,0.95,0.95,0.95,0.95,5,46,0,0,46,46,46,46
"GSE125449","GSE125449_Set1","S12_P07_LCP30","tumour-cell-intrinsic observational concordance","BAX E1",5,5,0.516114140424853,0.013200998477514,0.00590366599331853,0.499722935874981,0.532505344974724,0.495061508845905,0.529272035161695,5,0.478520996807415,0.0116699222998241,0.00521894791090948,0.464030874425888,0.493011119188942,0.459879692459589,0.49004273593785,5,-0.244326324853365,0.00502248425242388,0.0022461232408684,-0.250562562731145,-0.238090086975585,-0.253310817816839,-0.242080201612497,5,19,0,0,19,19,19,19,5,0.95,0,0,0.95,0.95,0.95,0.95,5,25,0,0,25,25,25,25
"GSE125449","GSE125449_Set1","S12_P07_LCP30","tumour-cell-intrinsic observational concordance","BAX E1 + GSDME KO",5,5,0.520850982530116,0.014258265329061,0.00637649010340178,0.503147007794184,0.538554957266048,0.505258877266958,0.532561508845905,5,0.484797420252713,0.0111780138536778,0.00499895976605159,0.470918082879179,0.498676757626248,0.472441651021944,0.49359549717579,5,-0.257415598999715,0,0,-0.257415598999715,-0.257415598999715,-0.257415598999715,-0.257415598999715,5,19,0,0,19,19,19,19,5,0.95,0,0,0.95,0.95,0.95,0.95,5,25,0,0,25,25,25,25
"GSE125449","GSE125449_Set1","S12_P07_LCP30","tumour-cell-intrinsic observational concordance","BCL2 KO",5,5,0.562239078723156,0.00692510387733726,0.0030970006041947,0.553640426554845,0.570837730891467,0.554739078723156,0.573160131354735,5,0.566618933732244,0.00618016540591312,0.00276385399196286,0.558945244844777,0.57429262261971,0.55953560039891,0.576202267065577,5,-0.0415666365732771,0,0,-0.0415666365732771,-0.0415666365732771,-0.0415666365732771,-0.0415666365732771,5,19,0,0,19,19,19,19,5,0.95,0,0,0.95,0.95,0.95,0.95,5,25,0,0,25,25,25,25
"GSE125449","GSE125449_Set1","S12_P07_LCP30","tumour-cell-intrinsic observational concordance","CASP3 KO",5,5,0.556383815565262,0.0101761238804328,0.00455090094882132,0.543748488901667,0.569019142228857,0.548160131354735,0.573818026091577,5,0.554517918924814,0.00832466215530697,0.00372290209379726,0.54418148562936,0.564854352220268,0.547917918924814,0.568917918924814,5,-0.100162927153195,0.00725041779218738,0.00324248540972099,-0.10916550989769,-0.0911603444087002,-0.108105361905431,-0.0948679706517049,5,19,0,0,19,19,19,19,5,0.95,0,0,0.95,0.95,0.95,0.95,5,25,0,0,25,25,25,25
"GSE125449","GSE125449_Set1","S12_P07_LCP30","tumour-cell-intrinsic observational concordance","CASP3 OE",5,5,0.55151539451263,0.00964214261082148,0.00431209726530883,0.539543093167226,0.563487695858033,0.538949605038946,0.561646973459998,5,0.551317918924814,0.00746993975879324,0.00334065861769801,0.54204276365757,0.560593074192058,0.541417918924814,0.559417918924814,5,0.00878766515095786,0,0,0.00878766515095786,0.00878766515095786,0.00878766515095786,0.00878766515095786,5,19,0,0,19,19,19,19,5,0.95,0,0,0.95,0.95,0.95,0.95,5,25,0,0,25,25,25,25
"GSE125449","GSE125449_Set1","S12_P07_LCP30","tumour-cell-intrinsic observational concordance","CASP3 OE + GSDME KO",5,5,0.546252236617893,0.00942363883203115,0.00421437940476568,0.534551243548085,0.557953229687701,0.535002236617893,0.557370657670525,5,0.543349924930384,0.00709255632908245,0.00317188761721494,0.53454335308133,0.552156496779438,0.53464622122668,0.55177585085631,5,-0.0154000585203336,0,0,-0.0154000585203336,-0.0154000585203336,-0.0154000585203336,-0.0154000585203336,5,19,0,0,19,19,19,19,5,0.95,0,0,0.95,0.95,0.95,0.95,5,25,0,0,25,25,25,25
"GSE125449","GSE125449_Set1","S12_P07_LCP30","tumour-cell-intrinsic observational concordance","GSDME E1 + CASP3 E1",5,5,0.551712762933683,0.0156265580940602,0.00698840923053362,0.532309828332449,0.571115697534917,0.535002236617893,0.569541710302104,5,0.547238813819272,0.0114596192694054,0.00512489753653138,0.53300981713933,0.561467810499215,0.53464622122668,0.560109184189643,5,0.00878766515095786,0,0,0.00878766515095786,0.00878766515095786,0.00878766515095786,0.00878766515095786,5,19,0,0,19,19,19,19,5,0.95,0,0,0.95,0.95,0.95,0.95,5,25,0,0,25,25,25,25
"GSE125449","GSE125449_Set1","S12_P07_LCP30","tumour-cell-intrinsic observational concordance","GSDME KO",5,5,0.544607499775788,0.0189914053312096,0.0084932146617673,0.52102655550073,0.568188444050846,0.519541710302104,0.568883815565262,5,0.538524658897271,0.0164016682405903,0.00733504902607188,0.518159297932448,0.558890019862095,0.516876931624544,0.559490567988181,5,-0.0638991127002216,0.0184372455011103,0.00824538685166694,-0.0867919766649945,-0.0410062487354487,-0.0901580249821149,-0.0461785006005954,5,19,0,0,19,19,19,19,5,0.95,0,0,0.95,0.95,0.95,0.95,5,25,0,0,25,25,25,25
"GSE125449","GSE125449_Set1","S12_P07_LCP30","tumour-cell-intrinsic observational concordance","GSDME OE",5,5,0.558357499775788,0.0133172911052615,0.0059556736375036,0.541821898856786,0.57489310069479,0.545199605038946,0.575133815565262,5,0.550399658897271,0.0115012968636348,0.00514353632329851,0.536118912649042,0.564680405145501,0.539036022533635,0.564888295260908,5,-0.0230676210212644,0.0196498166410477,0.00878766515095786,-0.0474660909157585,0.00133084887322982,-0.0582182816250958,-0.0142799558703065,5,19,0,0,19,19,19,19,5,0.95,0,0,0.95,0.95,0.95,0.95,5,25,0,0,25,25,25,25
"GSE125449","GSE125449_Set1","S12_P07_LCP30","tumour-cell-intrinsic observational concordance","MALAT1 E1 + miR-204-5p KO + SIRT1 E1",5,5,0.494870657670525,0,0,0.494870657670525,0.494870657670525,0.494870657670525,0.494870657670525,5,0.502494029739125,0,0,0.502494029739125,0.502494029739125,0.502494029739125,0.502494029739125,5,-0.0707686410942324,0,0,-0.0707686410942324,-0.0707686410942324,-0.0707686410942324,-0.0707686410942324,5,19,0,0,19,19,19,19,5,0.95,0,0,0.95,0.95,0.95,0.95,5,25,0,0,25,25,25,25
"GSE125449","GSE125449_Set1","S12_P07_LCP30","tumour-cell-intrinsic observational concordance","MALAT1 KO",5,5,0.572817239208317,0.0166461669866145,0.00744439218937658,0.55214829295295,0.593486185463684,0.555843554997791,0.590711976050422,5,0.534488869035686,0.0143762351248039,0.00642924779991634,0.516638415451505,0.552339322619868,0.519829778126595,0.549943414490232,5,-0.289653825384309,0.0264161818346806,0.0118136756576682,-0.322453847338436,-0.256853803430182,-0.336908528014982,-0.277840149726641,5,19,0,0,19,19,19,19,5,0.95,0,0,0.95,0.95,0.95,0.95,5,25,0,0,25,25,25,25
"GSE125449","GSE125449_Set1","S12_P07_LCP30","tumour-cell-intrinsic observational concordance","MALAT1 KO + GSDME KO",5,5,0.563080397103054,0.0202870138962214,0.0090726284264868,0.537890742317056,0.588270051889052,0.531501449734633,0.583146186576738,5,0.522950204751404,0.0154181305611283,0.00689519760412999,0.503806067114046,0.542094342388762,0.498950204751404,0.538200204751404,5,-0.310080626216411,0.0239208667076134,0.010697736807787,-0.339782305213085,-0.280378947219736,-0.336284622798079,-0.292611295161965,5,19,0,0,19,19,19,19,5,0.95,0,0,0.95,0.95,0.95,0.95,5,25,0,0,25,25,25,25
"GSE125449","GSE125449_Set1","S12_P07_LCP30","tumour-cell-intrinsic observational concordance","MALAT1 OE",5,5,0.494870657670525,0,0,0.494870657670525,0.494870657670525,0.494870657670525,0.494870657670525,5,0.52396886008695,0,0,0.52396886008695,0.52396886008695,0.52396886008695,0.52396886008695,5,-0.0707686410942324,0,0,-0.0707686410942324,-0.0707686410942324,-0.0707686410942324,-0.0707686410942324,5,19,0,0,19,19,19,19,5,0.95,0,0,0.95,0.95,0.95,0.95,5,25,0,0,25,25,25,25
"GSE125449","GSE125449_Set1","S12_P07_LCP30","tumour-cell-intrinsic observational concordance","miR-204-5p KO",5,5,0.494870657670525,0,0,0.494870657670525,0.494870657670525,0.494870657670525,0.494870657670525,5,0.478101699829599,0,0,0.478101699829599,0.478101699829599,0.478101699829599,0.478101699829599,5,-0.0707686410942324,0,0,-0.0707686410942324,-0.0707686410942324,-0.0707686410942324,-0.0707686410942324,5,19,0,0,19,19,19,19,5,0.95,0,0,0.95,0.95,0.95,0.95,5,25,0,0,25,25,25,25
"GSE125449","GSE125449_Set1","S12_P07_LCP30","tumour-cell-intrinsic observational concordance","miR-204-5p OE",5,5,0.622404088813263,0.00372161463782386,0.00166435666324648,0.617783093902289,0.627025083724237,0.61845672039221,0.626351457234315,5,0.611027107498079,0.00282842712474637,0.00126491106406743,0.607515151365739,0.61453906363042,0.608027107498079,0.614027107498079,5,-0.127781965711991,0,0,-0.127781965711991,-0.127781965711991,-0.127781965711991,-0.127781965711991,5,19,0,0,19,19,19,19,5,0.95,0,0,0.95,0.95,0.95,0.95,5,25,0,0,25,25,25,25
"GSE125449","GSE125449_Set1","S12_P07_LCP30","tumour-cell-intrinsic observational concordance","miR-204-5p OE + CASP3 KO",5,5,0.548719878286947,0.00190392054322222,0.000851459151680643,0.546355848692987,0.551083907880906,0.545430404602736,0.550035667760631,5,0.553073297099084,0.000721312250806175,0.000322580645161197,0.552177669645795,0.553968924552373,0.551782974518439,0.553395877744245,5,-0.16524165357808,0.00666996894509861,0.00298290079381061,-0.173523513886346,-0.156959793269814,-0.175567326740572,-0.160730651241368,5,19,0,0,19,19,19,19,5,0.95,0,0,0.95,0.95,0.95,0.95,5,25,0,0,25,25,25,25
"GSE125449","GSE125449_Set1","S12_P07_LCP30","tumour-cell-intrinsic observational concordance","miR-204-5p OE + GSDME KO",5,5,0.600101457234315,0.00179268770966301,0.000801714316246979,0.597875541445204,0.602327373023426,0.597733036181683,0.602667246707999,5,0.583997417408999,0.00121646666012837,0.000544020428881836,0.582486974552103,0.585507860265896,0.582390274551857,0.585738488837571,5,-0.127904244564149,0.0207117150184079,0.00926256054235266,-0.153621235443563,-0.102187253684736,-0.141718740594681,-0.0952535797439658,5,19,0,0,19,19,19,19,5,0.95,0,0,0.95,0.95,0.95,0.95,5,25,0,0,25,25,25,25
"GSE125449","GSE125449_Set1","S12_P07_LCP30","tumour-cell-intrinsic observational concordance","p21 E1",5,5,0.534038502156799,0.0162946860549325,0.00728720513816939,0.513805977120357,0.554271027193242,0.511472712683115,0.553249028472589,5,0.496435439514696,0.0135412273933889,0.00605582099007999,0.479621784968835,0.513249094060558,0.477739787340783,0.512522396036435,5,-0.269590376656703,0,0,-0.269590376656703,-0.269590376656703,-0.269590376656703,-0.269590376656703,5,19,0,0,19,19,19,19,5,0.95,0,0,0.95,0.95,0.95,0.95,5,25,0,0,25,25,25,25
"GSE125449","GSE125449_Set1","S12_P07_LCP30","tumour-cell-intrinsic observational concordance","p53 E1",5,5,0.747575183306516,0.0217340639483974,0.00971976888318883,0.720588778567133,0.774561588045899,0.722948818155685,0.778731774594224,5,0.704518629687992,0.0179542267399804,0.00802937429480811,0.682225512729371,0.726811746646613,0.684175110650349,0.730256683360446,5,-0.0154290605394709,0,0,-0.0154290605394709,-0.0154290605394709,-0.0154290605394709,-0.0154290605394709,5,19,0,0,19,19,19,19,5,0.95,0,0,0.95,0.95,0.95,0.95,5,25,0,0,25,25,25,25
"GSE125449","GSE125449_Set1","S12_P07_LCP30","tumour-cell-intrinsic observational concordance","p53 E1 + miR-204-5p E1 + CASP3 KO + p21 E1",5,5,0.51845672039221,0.00259013416908282,0.00115834321458282,0.515240644043942,0.521672796740477,0.514509351971157,0.520430404602736,5,0.501742196089482,0.00133006889763687,0.000594824893974852,0.500090697424155,0.503393694754808,0.499715169062455,0.502755709602995,5,-0.208956516900345,0,0,-0.208956516900345,-0.208956516900345,-0.208956516900345,-0.208956516900345,5,19,0,0,19,19,19,19,5,0.95,0,0,0.95,0.95,0.95,0.95,5,25,0,0,25,25,25,25
"GSE125449","GSE125449_Set1","S12_P07_LCP30","tumour-cell-intrinsic observational concordance","p53 KO",5,5,0.494870657670525,0,0,0.494870657670525,0.494870657670525,0.494870657670525,0.494870657670525,5,0.495762717206086,0,0,0.495762717206086,0.495762717206086,0.495762717206086,0.495762717206086,5,-0.0707686410942324,0,0,-0.0707686410942324,-0.0707686410942324,-0.0707686410942324,-0.0707686410942324,5,19,0,0,19,19,19,19,5,0.95,0,0,0.95,0.95,0.95,0.95,5,25,0,0,25,25,25,25
"GSE125449","GSE125449_Set1","S12_P07_LCP30","tumour-cell-intrinsic observational concordance","Reference: DDR ON, GSDME endogenous",5,5,0.554541710302104,0.0138814230472661,0.00620796111162385,0.537305647060477,0.57177777354373,0.538949605038946,0.565923289249472,5,0.554541710302104,0.0138814230472661,0.00620796111162385,0.537305647060477,0.57177777354373,0.538949605038946,0.565923289249472,5,-0.0458896230129178,0.0326268800648436,0.0145911843437446,-0.0864012453631462,-0.00537800066268938,-0.0816305793979787,-0.0220623187562105,5,19,0,0,19,19,19,19,5,0.95,0,0,0.95,0.95,0.95,0.95,5,25,0,0,25,25,25,25
"GSE125449","GSE125449_Set1","S12_P07_LCP30","tumour-cell-intrinsic observational concordance","SIRT1 KO",5,5,0.523302033800672,0.0101131924756655,0.0045227571690255,0.510744846796733,0.535859220804611,0.510736244326988,0.538367823274356,5,0.519249506183164,0.00835437639294131,0.00373619070484725,0.508876177788605,0.529622834577722,0.508869071400555,0.531695158357077,5,-0.0921356074924133,0.0580545942283068,0.0259628038201322,-0.16421990707603,-0.0200513079087967,-0.195986822772942,-0.0661728036722811,5,19,0,0,19,19,19,19,5,0.95,0,0,0.95,0.95,0.95,0.95,5,25,0,0,25,25,25,25
"GSE125449","GSE125449_Set1","S12_P07_LCP30","tumour-cell-intrinsic observational concordance","SIRT1 KO + GSDME KO",5,5,0.51889413906383,0.00376784764823082,0.00168503269406137,0.514215738288305,0.523572539839355,0.515012560116461,0.523236244326988,5,0.513855332392799,0.00276703471952471,0.00123745554579186,0.510419604999785,0.517291059785812,0.510970717008183,0.516980332392799,5,-0.108957859522258,0.0306437011669376,0.0137042797782924,-0.147007040032959,-0.0709086790115571,-0.163774978635428,-0.0952535797439658,5,19,0,0,19,19,19,19,5,0.95,0,0,0.95,0.95,0.95,0.95,5,25,0,0,25,25,25,25
"GSE125449","GSE125449_Set1","S12_P07_LCP30","tumour-cell-intrinsic observational concordance","SIRT1 KO + GSDME KO + CASP3 E1",5,5,0.512315191695409,0.00398420313911583,0.00178178981104621,0.507368150096038,0.517262233294779,0.506788875905935,0.516657296958567,5,0.518609487728811,0.00325590794164316,0.0014560862971991,0.514566744056207,0.522652231401415,0.514093358696553,0.522157874825586,5,-0.00479705972783335,0,0,-0.00479705972783335,-0.00479705972783335,-0.00479705972783335,-0.00479705972783335,5,19,0,0,19,19,19,19,5,0.95,0,0,0.95,0.95,0.95,0.95,5,25,0,0,25,25,25,25
"GSE125449","GSE125449_Set1","S12_P07_LCP30","tumour-cell-intrinsic observational concordance","SIRT1 OE",5,5,0.494870657670525,0,0,0.494870657670525,0.494870657670525,0.494870657670525,0.494870657670525,5,0.495762717206086,0,0,0.495762717206086,0.495762717206086,0.495762717206086,0.495762717206086,5,-0.0707686410942324,0,0,-0.0707686410942324,-0.0707686410942324,-0.0707686410942324,-0.0707686410942324,5,19,0,0,19,19,19,19,5,0.95,0,0,0.95,0.95,0.95,0.95,5,25,0,0,25,25,25,25
"GSE125449","GSE125449_Set1","S15_P09_LCP38","tumour-cell-intrinsic observational concordance","BAX E1",5,5,0.545237466679739,0.0132009984775138,0.0059036659933184,0.528846262129867,0.56162867122961,0.524184835100792,0.558395361416581,5,0.536042617991837,0.0116699222998241,0.00521894791090948,0.52155249561031,0.550532740373364,0.517401313644011,0.547564357122272,5,-0.382688691624442,0.00400620330345427,0.00179162858364159,-0.387663050035827,-0.377714333213058,-0.384480320208084,-0.375522177289876,5,19,0,0,19,19,19,19,5,0.95,0,0,0.95,0.95,0.95,0.95,5,228,0,0,228,228,228,228
"GSE125449","GSE125449_Set1","S15_P09_LCP38","tumour-cell-intrinsic observational concordance","BAX E1 + GSDME KO",5,5,0.549902218284735,0.0141849769525301,0.00634371454502502,0.532289243087428,0.567515193482041,0.534382203521844,0.561324382599456,5,0.535629249781045,0.0111266855026384,0.00497600502963216,0.521813644973083,0.549444854589007,0.523326162069702,0.544216600626418,5,-0.369144922820867,0,0,-0.369144922820867,-0.369144922820867,-0.369144922820867,-0.369144922820867,5,19,0,0,19,19,19,19,5,0.95,0,0,0.95,0.95,0.95,0.95,5,228,0,0,228,228,228,228
"GSE125449","GSE125449_Set1","S15_P09_LCP38","tumour-cell-intrinsic observational concordance","BCL2 KO",5,5,0.563949659472285,0.00624685045625017,0.00279367645309019,0.556193170158596,0.571706148785973,0.556856998367556,0.573601809024115,5,0.55728350337532,0.00565579806198764,0.00252934978672319,0.550260902540639,0.56430610421,0.55052264666741,0.565862288437185,5,-0.247212101725279,0,0,-0.247212101725279,-0.247212101725279,-0.247212101725279,-0.247212101725279,5,19,0,0,19,19,19,19,5,0.95,0,0,0.95,0.95,0.95,0.95,5,228,0,0,228,228,228,228
"GSE125449","GSE125449_Set1","S15_P09_LCP38","tumour-cell-intrinsic observational concordance","CASP3 KO",5,5,0.557903328919921,0.00890292618069417,0.00398150962773895,0.546848886002687,0.568957771837154,0.550278050999135,0.572943914287273,5,0.542737208018815,0.00734586741547095,0.00328517177893875,0.533616108913446,0.551858307124183,0.536591996799018,0.555318052898002,5,-0.18554410073973,0.0253764622726562,0.0113486989340236,-0.217053140345463,-0.154035061133997,-0.204076448494947,-0.157745579106905,5,19,0,0,19,19,19,19,5,0.95,0,0,0.95,0.95,0.95,0.95,5,228,0,0,228,228,228,228
"GSE125449","GSE125449_Set1","S15_P09_LCP38","tumour-cell-intrinsic observational concordance","CASP3 OE",5,5,0.553489133156495,0.00948111298914718,0.00424008262921787,0.541716776494969,0.565261489818021,0.541067524683346,0.563404440603062,5,0.539882419238612,0.00734945466218859,0.00328677604444129,0.530756865978141,0.549007972499082,0.530091996799018,0.547818052898002,5,-0.160374889004981,0,0,-0.160374889004981,-0.160374889004981,-0.160374889004981,-0.160374889004981,5,19,0,0,19,19,19,19,5,0.95,0,0,0.95,0.95,0.95,0.95,5,228,0,0,228,228,228,228
"GSE125449","GSE125449_Set1","S15_P09_LCP38","tumour-cell-intrinsic observational concordance","CASP3 OE + GSDME KO",5,5,0.548370156262293,0.00942363883203115,0.00421437940476568,0.536669163192485,0.560071149332101,0.537120156262293,0.559488577314925,5,0.532862959999091,0.00709255632908221,0.00317188761721484,0.524056388150037,0.541669531848144,0.524159256295387,0.541288885925016,5,-0.20130076494436,0,0,-0.20130076494436,-0.20130076494436,-0.20130076494436,-0.20130076494436,5,19,0,0,19,19,19,19,5,0.95,0,0,0.95,0.95,0.95,0.95,5,228,0,0,228,228,228,228
"GSE125449","GSE125449_Set1","S15_P09_LCP38","tumour-cell-intrinsic observational concordance","GSDME E1 + CASP3 E1",5,5,0.553028606840706,0.0145474783013564,0.0065058300766072,0.534965526769261,0.57109168691215,0.537120156262293,0.569325493234641,5,0.536187425220936,0.0107053859855455,0.00478759415781068,0.522894932855809,0.549479917586063,0.524159256295387,0.547979678609261,5,-0.160374889004981,0,0,-0.160374889004981,-0.160374889004981,-0.160374889004981,-0.160374889004981,5,19,0,0,19,19,19,19,5,0.95,0,0,0.95,0.95,0.95,0.95,5,228,0,0,228,228,228,228
"GSE125449","GSE125449_Set1","S15_P09_LCP38","tumour-cell-intrinsic observational concordance","GSDME KO",5,5,0.546521749972552,0.0186686909853132,0.00834889241881955,0.523341508482498,0.569701991462607,0.521659629946504,0.569983387971483,5,0.540177874976295,0.0161229603964069,0.00721040708898055,0.520158575507612,0.560197174444979,0.518706044044708,0.560440198702645,5,-0.188353169713431,0.0320978458809724,0.0143545930642332,-0.228207909363728,-0.148498430063135,-0.218798133798059,-0.1418339661304,5,19,0,0,19,19,19,19,5,0.95,0,0,0.95,0.95,0.95,0.95,5,228,0,0,228,228,228,228
"GSE125449","GSE125449_Set1","S15_P09_LCP38","tumour-cell-intrinsic observational concordance","GSDME OE",5,5,0.55980492263018,0.0123680349171921,0.00553115336458652,0.544447978944975,0.575161866315384,0.547317524683346,0.574917598497799,5,0.551649705907882,0.0106814847012113,0.00477690517850648,0.538386890907024,0.564912520908741,0.540865134953799,0.564701562339008,5,-0.170261012299809,0.0343871791218334,0.0153784140141762,-0.212958334615173,-0.127563689984444,-0.185639426313985,-0.108747356243104,5,19,0,0,19,19,19,19,5,0.95,0,0,0.95,0.95,0.95,0.95,5,228,0,0,228,228,228,228
"GSE125449","GSE125449_Set1","S15_P09_LCP38","tumour-cell-intrinsic observational concordance","MALAT1 E1 + miR-204-5p KO + SIRT1 E1",5,5,0.496988577314925,0,0,0.496988577314925,0.496988577314925,0.496988577314925,0.496988577314925,5,0.522074382750698,0,0,0.522074382750698,0.522074382750698,0.522074382750698,0.522074382750698,5,-0.0471790940628216,0,0,-0.0471790940628216,-0.0471790940628216,-0.0471790940628216,-0.0471790940628216,5,19,0,0,19,19,19,19,5,0.95,0,0,0.95,0.95,0.95,0.95,5,228,0,0,228,228,228,228
"GSE125449","GSE125449_Set1","S15_P09_LCP38","tumour-cell-intrinsic observational concordance","MALAT1 KO",5,5,0.555049177445167,0.0166461669866147,0.00744439218937668,0.5343802311898,0.575718123700535,0.538075493234641,0.572943914287273,5,0.493382339780459,0.0143762351248034,0.00642924779991612,0.475531886196278,0.51123279336464,0.478723248871368,0.508836885235004,5,-0.465108786077827,0.0410918384095032,0.0183768288008172,-0.516131042450914,-0.41408652970474,-0.483485614878644,-0.391601470874558,5,19,0,0,19,19,19,19,5,0.95,0,0,0.95,0.95,0.95,0.95,5,228,0,0,228,228,228,228
"GSE125449","GSE125449_Set1","S15_P09_LCP38","tumour-cell-intrinsic observational concordance","MALAT1 KO + GSDME KO",5,5,0.545312335339904,0.0202870138962217,0.0090726284264869,0.520122680553906,0.570501990125902,0.513733387971483,0.565378124813589,5,0.486776459006804,0.0154181305611284,0.00689519760412999,0.467632321369446,0.505920596644162,0.462776459006804,0.502026459006804,5,-0.435641443170238,0.0418615167383232,0.0187210394136272,-0.487619381414419,-0.383663504926058,-0.466212772515518,-0.389784449152319,5,19,0,0,19,19,19,19,5,0.95,0,0,0.95,0.95,0.95,0.95,5,228,0,0,228,228,228,228
"GSE125449","GSE125449_Set1","S15_P09_LCP38","tumour-cell-intrinsic observational concordance","MALAT1 OE",5,5,0.496988577314925,0,0,0.496988577314925,0.496988577314925,0.496988577314925,0.496988577314925,5,0.551559357512348,0,0,0.551559357512348,0.551559357512348,0.551559357512348,0.551559357512348,5,-0.0471790940628216,0,0,-0.0471790940628216,-0.0471790940628216,-0.0471790940628216,-0.0471790940628216,5,19,0,0,19,19,19,19,5,0.95,0,0,0.95,0.95,0.95,0.95,5,228,0,0,228,228,228,228
"GSE125449","GSE125449_Set1","S15_P09_LCP38","tumour-cell-intrinsic observational concordance","miR-204-5p KO",5,5,0.496988577314925,0,0,0.496988577314925,0.496988577314925,0.496988577314925,0.496988577314925,5,0.479711318759343,0,0,0.479711318759343,0.479711318759343,0.479711318759343,0.479711318759343,5,-0.0471790940628216,0,0,-0.0471790940628216,-0.0471790940628216,-0.0471790940628216,-0.0471790940628216,5,19,0,0,19,19,19,19,5,0.95,0,0,0.95,0.95,0.95,0.95,5,228,0,0,228,228,228,228
"GSE125449","GSE125449_Set1","S15_P09_LCP38","tumour-cell-intrinsic observational concordance","miR-204-5p OE",5,5,0.632931124644794,0.00286254072874255,0.00128016713156602,0.629376810878522,0.636485438411065,0.6298370541838,0.635651733022298,5,0.619027654730043,0.00217553095384455,0.000972927019990274,0.616326376267677,0.62172893319241,0.616676161179688,0.621095317096947,5,-0.220195708771556,0,0,-0.220195708771556,-0.220195708771556,-0.220195708771556,-0.220195708771556,5,19,0,0,19,19,19,19,5,0.95,0,0,0.95,0.95,0.95,0.95,5,228,0,0,228,228,228,228
"GSE125449","GSE125449_Set1","S15_P09_LCP38","tumour-cell-intrinsic observational concordance","miR-204-5p OE + CASP3 KO",5,5,0.555125417232825,0.00617773316995096,0.00276276626297312,0.547454748365187,0.562796086100462,0.544204364601246,0.559335943548614,5,0.561432254142437,0.00514488319604392,0.00230086171253012,0.555044037902946,0.567820470381928,0.552399996077921,0.565303221884372,5,-0.308461895433111,0.0231647779284553,0.0103596036263426,-0.337224766213259,-0.279699024652963,-0.323934081732604,-0.272005717485393,5,19,0,0,19,19,19,19,5,0.95,0,0,0.95,0.95,0.95,0.95,5,228,0,0,228,228,228,228
"GSE125449","GSE125449_Set1","S15_P09_LCP38","tumour-cell-intrinsic observational concordance","miR-204-5p OE + GSDME KO",5,5,0.609006996180193,0.00193212830994554,0.000864074048458003,0.606607942017823,0.611406050342563,0.605717522495983,0.610651733022298,5,0.590040461693703,0.00131108706746306,0.000586335961453649,0.588412532083523,0.591668391303882,0.58780831883656,0.591156533122274,5,-0.259333834264794,0.0365325865676227,0.01633786939182,-0.304695031767073,-0.213972636762514,-0.315963093784862,-0.234649062296111,5,19,0,0,19,19,19,19,5,0.95,0,0,0.95,0.95,0.95,0.95,5,228,0,0,228,228,228,228
"GSE125449","GSE125449_Set1","S15_P09_LCP38","tumour-cell-intrinsic observational concordance","p21 E1",5,5,0.568665258341294,0.0148073407177251,0.00662204408216677,0.550279516462958,0.58705100021963,0.547631529842096,0.585757919446023,5,0.567221263282999,0.0123109207117079,0.00550561111539779,0.55193523625053,0.582507290315468,0.549791226696705,0.581558678978209,5,0.0372604585623086,0,0,0.0372604585623086,0.0372604585623086,0.0372604585623086,0.0372604585623086,5,19,0,0,19,19,19,19,5,0.95,0,0,0.95,0.95,0.95,0.95,5,228,0,0,228,228,228,228
"GSE125449","GSE125449_Set1","S15_P09_LCP38","tumour-cell-intrinsic observational concordance","p53 E1",5,5,0.723258106815379,0.0210269168611799,0.00940352309176696,0.697149741155628,0.74936647247513,0.698916001552221,0.752205475236431,5,0.684430609977922,0.0173700617548876,0.00776812777145961,0.662862829650302,0.705998390305542,0.664321914325748,0.708343653456182,5,-0.20388401427158,0,0,-0.20388401427158,-0.20388401427158,-0.20388401427158,-0.20388401427158,5,19,0,0,19,19,19,19,5,0.95,0,0,0.95,0.95,0.95,0.95,5,228,0,0,228,228,228,228
"GSE125449","GSE125449_Set1","S15_P09_LCP38","tumour-cell-intrinsic observational concordance","p53 E1 + miR-204-5p E1 + CASP3 KO + p21 E1",5,5,0.534649948707365,0.0025901341690829,0.00115834321458286,0.531433872359097,0.537866025055632,0.530702580286312,0.536623632917891,5,0.536278328985522,0.00133006889763702,0.000594824893974918,0.534626830320195,0.537929827650848,0.534251301958495,0.537291842499035,5,-0.21766303843786,0,0,-0.21766303843786,-0.21766303843786,-0.21766303843786,-0.21766303843786,5,19,0,0,19,19,19,19,5,0.95,0,0,0.95,0.95,0.95,0.95,5,228,0,0,228,228,228,228
"GSE125449","GSE125449_Set1","S15_P09_LCP38","tumour-cell-intrinsic observational concordance","p53 KO",5,5,0.496988577314925,0,0,0.496988577314925,0.496988577314925,0.496988577314925,0.496988577314925,5,0.497512302999286,0,0,0.497512302999286,0.497512302999286,0.497512302999286,0.497512302999286,5,-0.0471790940628216,0,0,-0.0471790940628216,-0.0471790940628216,-0.0471790940628216,-0.0471790940628216,5,19,0,0,19,19,19,19,5,0.95,0,0,0.95,0.95,0.95,0.95,5,228,0,0,228,228,228,228
"GSE125449","GSE125449_Set1","S15_P09_LCP38","tumour-cell-intrinsic observational concordance","Reference: DDR ON, GSDME endogenous",5,5,0.556659629946504,0.0138814230472661,0.00620796111162385,0.539423566704877,0.57389569318813,0.541067524683346,0.568041208893872,5,0.556659629946504,0.0138814230472661,0.00620796111162385,0.539423566704877,0.57389569318813,0.541067524683346,0.568041208893872,5,-0.190177187678534,0.0507529245453124,0.0226973978680472,-0.253195266890001,-0.127159108467068,-0.227241883188968,-0.134580144412884,5,19,0,0,19,19,19,19,5,0.95,0,0,0.95,0.95,0.95,0.95,5,228,0,0,228,228,228,228
"GSE125449","GSE125449_Set1","S15_P09_LCP38","tumour-cell-intrinsic observational concordance","SIRT1 KO",5,5,0.505454364601246,0.0101131924756656,0.00452275716902552,0.492897177597307,0.518011551605185,0.492888575127562,0.52052015407493,5,0.504505779453203,0.00835437639294134,0.00373619070484726,0.494132451058644,0.514879107847762,0.494125344670594,0.516951431627116,5,-0.328825081053058,0.0286057895516506,0.0127928979975088,-0.364343860079536,-0.29330630202658,-0.379996673043093,-0.316032183055549,5,19,0,0,19,19,19,19,5,0.95,0,0,0.95,0.95,0.95,0.95,5,228,0,0,228,228,228,228
"GSE125449","GSE125449_Set1","S15_P09_LCP38","tumour-cell-intrinsic observational concordance","SIRT1 KO + GSDME KO",5,5,0.501046469864404,0.00376784764823082,0.00168503269406137,0.496368069088879,0.505724870639929,0.497164890917035,0.505388575127562,5,0.50081280490091,0.00276703471952419,0.00123745554579163,0.497377077507897,0.504248532293923,0.497928189516295,0.50393780490091,5,-0.327670231923825,0.0261779567007025,0.0117071381389634,-0.360174458305625,-0.295166005542026,-0.374498784479679,-0.315963093784862,5,19,0,0,19,19,19,19,5,0.95,0,0,0.95,0.95,0.95,0.95,5,228,0,0,228,228,228,228
"GSE125449","GSE125449_Set1","S15_P09_LCP38","tumour-cell-intrinsic observational concordance","SIRT1 KO + GSDME KO + CASP3 E1",5,5,0.494467522495983,0.00398420313911587,0.00178178981104623,0.489520480896612,0.499414564095353,0.488941206706509,0.498809627759141,5,0.49723870575534,0.0032559079416429,0.00145608629719899,0.493195962082736,0.501281449427944,0.492722576723082,0.500787092852114,5,-0.383764778226668,0,0,-0.383764778226668,-0.383764778226668,-0.383764778226668,-0.383764778226668,5,19,0,0,19,19,19,19,5,0.95,0,0,0.95,0.95,0.95,0.95,5,228,0,0,228,228,228,228
"GSE125449","GSE125449_Set1","S15_P09_LCP38","tumour-cell-intrinsic observational concordance","SIRT1 OE",5,5,0.496988577314925,0,0,0.496988577314925,0.496988577314925,0.496988577314925,0.496988577314925,5,0.497512302999286,0,0,0.497512302999286,0.497512302999286,0.497512302999286,0.497512302999286,5,-0.0471790940628216,0,0,-0.0471790940628216,-0.0471790940628216,-0.0471790940628216,-0.0471790940628216,5,19,0,0,19,19,19,19,5,0.95,0,0,0.95,0.95,0.95,0.95,5,228,0,0,228,228,228,228
"GSE125449","GSE125449_Set1","S21_P13_LCP37","tumour-cell-intrinsic observational concordance","BAX E1",5,5,0.507753995415425,0.0132009984775141,0.00590366599331854,0.491362790865553,0.524145199965297,0.486701363836477,0.520911890152267,5,0.540120173872138,0.0116699222998242,0.00521894791090954,0.525630051490611,0.554610296253665,0.521478869524312,0.551641913002573,5,-0.292191396311345,0.000618361284674364,0.000276539573437196,-0.292959193256408,-0.291423599366282,-0.292467935884782,-0.291085238017596,5,19,0,0,19,19,19,19,5,0.95,0,0,0.95,0.95,0.95,0.95,5,60,0,0,60,60,60,60
"GSE125449","GSE125449_Set1","S21_P13_LCP37","tumour-cell-intrinsic observational concordance","BAX E1 + GSDME KO",5,5,0.512490837520688,0.014258265329061,0.00637649010340176,0.494786862784756,0.53019481225662,0.49689873225753,0.524201363836477,5,0.539288999963815,0.0111780138536781,0.00499895976605172,0.52540966259028,0.55316833733735,0.526933230733046,0.548087076886892,5,-0.274941767442248,0,0,-0.274941767442248,-0.274941767442248,-0.274941767442248,-0.274941767442248,5,19,0,0,19,19,19,19,5,0.95,0,0,0.95,0.95,0.95,0.95,5,60,0,0,60,60,60,60
"GSE125449","GSE125449_Set1","S21_P13_LCP37","tumour-cell-intrinsic observational concordance","BCL2 KO",5,5,0.498593887128894,0.00692510387733726,0.0030970006041947,0.489995234960583,0.507192539297205,0.491093887128894,0.509514939760473,5,0.49434949278029,0.00618016540591318,0.00276385399196289,0.486675803892823,0.502023181667756,0.487266159446956,0.503932826113623,5,-0.552398722881708,0,0,-0.552398722881708,-0.552398722881708,-0.552398722881708,-0.552398722881708,5,19,0,0,19,19,19,19,5,0.95,0,0,0.95,0.95,0.95,0.95,5,60,0,0,60,60,60,60
"GSE125449","GSE125449_Set1","S21_P13_LCP37","tumour-cell-intrinsic observational concordance","CASP3 KO",5,5,0.492738623971,0.0101761238804328,0.00455090094882132,0.480103297307405,0.505373950634595,0.484514939760473,0.510172834497315,5,0.48290122682656,0.00832466215530695,0.00372290209379725,0.472564793531106,0.493237660122014,0.47630122682656,0.49730122682656,5,-0.46970676631972,0.010875626688281,0.00486372811458145,-0.483210640436463,-0.456202892202978,-0.477649201071956,-0.457793114191367,5,19,0,0,19,19,19,19,5,0.95,0,0,0.95,0.95,0.95,0.95,5,60,0,0,60,60,60,60
"GSE125449","GSE125449_Set1","S21_P13_LCP37","tumour-cell-intrinsic observational concordance","CASP3 OE",5,5,0.487870202918368,0.00964214261082146,0.00431209726530882,0.475897901572965,0.499842504263771,0.475304413444684,0.498001781865736,5,0.47970122682656,0.00746993975879325,0.00334065861769802,0.470426071559316,0.488976382093805,0.46980122682656,0.48780122682656,5,-0.45256475527433,0,0,-0.45256475527433,-0.45256475527433,-0.45256475527433,-0.45256475527433,5,19,0,0,19,19,19,19,5,0.95,0,0,0.95,0.95,0.95,0.95,5,60,0,0,60,60,60,60
"GSE125449","GSE125449_Set1","S21_P13_LCP37","tumour-cell-intrinsic observational concordance","CASP3 OE + GSDME KO",5,5,0.482607045023631,0.00942363883203126,0.00421437940476572,0.470906051953823,0.49430803809344,0.471357045023631,0.493725466076263,5,0.477038172987555,0.0070925563290827,0.00317188761721506,0.468231601138501,0.485844744836609,0.468334469283851,0.485464098913481,5,-0.495001881010722,0,0,-0.495001881010722,-0.495001881010722,-0.495001881010722,-0.495001881010722,5,19,0,0,19,19,19,19,5,0.95,0,0,0.95,0.95,0.95,0.95,5,60,0,0,60,60,60,60
"GSE125449","GSE125449_Set1","S21_P13_LCP37","tumour-cell-intrinsic observational concordance","GSDME E1 + CASP3 E1",5,5,0.488067571339421,0.01562655809406,0.00698840923053356,0.468664636738187,0.507470505940655,0.471357045023631,0.505896518707842,5,0.480927061876444,0.0114596192694054,0.0051248975365314,0.466698065196501,0.495156058556387,0.468334469283851,0.493797432246814,5,-0.45256475527433,0,0,-0.45256475527433,-0.45256475527433,-0.45256475527433,-0.45256475527433,5,19,0,0,19,19,19,19,5,0.95,0,0,0.95,0.95,0.95,0.95,5,60,0,0,60,60,60,60
"GSE125449","GSE125449_Set1","S21_P13_LCP37","tumour-cell-intrinsic observational concordance","GSDME KO",5,5,0.480962308181526,0.0189914053312096,0.00849321466176729,0.457381363906468,0.504543252456584,0.455896518707842,0.505238623971,5,0.483558357065863,0.01640166824059,0.00733504902607173,0.46319299610104,0.503923718030686,0.461910629793136,0.504524266156772,5,-0.505608207851264,0.0227505572643692,0.0101743585138263,-0.533856755745504,-0.477359659957024,-0.526654804468696,-0.471680398991796,5,19,0,0,19,19,19,19,5,0.95,0,0,0.95,0.95,0.95,0.95,5,60,0,0,60,60,60,60
"GSE125449","GSE125449_Set1","S21_P13_LCP37","tumour-cell-intrinsic observational concordance","GSDME OE",5,5,0.494712308181526,0.0133172911052615,0.0059556736375036,0.478176707262524,0.511247909100528,0.481554413444684,0.511488623971,5,0.495433357065863,0.0115012968636348,0.0051435363232985,0.481152610817634,0.509714103314093,0.484069720702227,0.5099219934295,5,-0.482223125158813,0.0245622708013098,0.0109845814386974,-0.512721212526931,-0.451725037790695,-0.49320770659751,-0.438284799404023,5,19,0,0,19,19,19,19,5,0.95,0,0,0.95,0.95,0.95,0.95,5,60,0,0,60,60,60,60
"GSE125449","GSE125449_Set1","S21_P13_LCP37","tumour-cell-intrinsic observational concordance","MALAT1 E1 + miR-204-5p KO + SIRT1 E1",5,5,0.431225466076263,0,0,0.431225466076263,0.431225466076263,0.431225466076263,0.431225466076263,5,0.417326845069814,0,0,0.417326845069814,0.417326845069814,0.417326845069814,0.417326845069814,5,-0.448201393596805,0,0,-0.448201393596805,-0.448201393596805,-0.448201393596805,-0.448201393596805,5,19,0,0,19,19,19,19,5,0.95,0,0,0.95,0.95,0.95,0.95,5,60,0,0,60,60,60,60
"GSE125449","GSE125449_Set1","S21_P13_LCP37","tumour-cell-intrinsic observational concordance","MALAT1 KO",5,5,0.559379910226605,0.0166461669866145,0.00744439218937658,0.538710963971238,0.580048856481972,0.542406226016079,0.57727464706871,5,0.587925906935921,0.0143762351248034,0.00642924779991612,0.57007545335174,0.605776360520102,0.57326681602683,0.603380452390466,5,-0.272152083669245,0.0322864444646097,0.0144389369149278,-0.312240999390956,-0.232063167947534,-0.286591020584173,-0.214396336009534,5,19,0,0,19,19,19,19,5,0.95,0,0,0.95,0.95,0.95,0.95,5,60,0,0,60,60,60,60
"GSE125449","GSE125449_Set1","S21_P13_LCP37","tumour-cell-intrinsic observational concordance","MALAT1 KO + GSDME KO",5,5,0.549643068121342,0.0202870138962214,0.0090726284264868,0.524453413335344,0.57483272290734,0.518064120752921,0.569708857595026,5,0.56997479810361,0.0154181305611284,0.00689519760413,0.550830660466252,0.589118935740968,0.54597479810361,0.58522479810361,5,-0.248937967525851,0.029901083384517,0.0133721710097339,-0.286065066271694,-0.211810868780007,-0.270774631343908,-0.216182971798765,5,19,0,0,19,19,19,19,5,0.95,0,0,0.95,0.95,0.95,0.95,5,60,0,0,60,60,60,60
"GSE125449","GSE125449_Set1","S21_P13_LCP37","tumour-cell-intrinsic observational concordance","MALAT1 OE",5,5,0.431225466076263,0,0,0.431225466076263,0.431225466076263,0.431225466076263,0.431225466076263,5,0.403960554416556,0,0,0.403960554416556,0.403960554416556,0.403960554416556,0.403960554416556,5,-0.448201393596805,0,0,-0.448201393596805,-0.448201393596805,-0.448201393596805,-0.448201393596805,5,19,0,0,19,19,19,19,5,0.95,0,0,0.95,0.95,0.95,0.95,5,60,0,0,60,60,60,60
"GSE125449","GSE125449_Set1","S21_P13_LCP37","tumour-cell-intrinsic observational concordance","miR-204-5p KO",5,5,0.431225466076263,0,0,0.431225466076263,0.431225466076263,0.431225466076263,0.431225466076263,5,0.42973135421796,0,0,0.42973135421796,0.42973135421796,0.42973135421796,0.42973135421796,5,-0.448201393596805,0,0,-0.448201393596805,-0.448201393596805,-0.448201393596805,-0.448201393596805,5,19,0,0,19,19,19,19,5,0.95,0,0,0.95,0.95,0.95,0.95,5,60,0,0,60,60,60,60
"GSE125449","GSE125449_Set1","S21_P13_LCP37","tumour-cell-intrinsic observational concordance","miR-204-5p OE",5,5,0.646477943714905,0.0037216146378241,0.00166435666324659,0.641856948803931,0.651098938625879,0.642530575293852,0.650425312135958,5,0.629323237223328,0.00282842712474613,0.00126491106406733,0.625811281090988,0.632835193355668,0.626323237223328,0.632323237223328,5,0.0832864597944227,0,0,0.0832864597944227,0.0832864597944227,0.0832864597944227,0.0832864597944227,5,19,0,0,19,19,19,19,5,0.95,0,0,0.95,0.95,0.95,0.95,5,60,0,0,60,60,60,60
"GSE125449","GSE125449_Set1","S21_P13_LCP37","tumour-cell-intrinsic observational concordance","miR-204-5p OE + CASP3 KO",5,5,0.572793733188589,0.00190392054322176,0.000851459151680437,0.57042970359463,0.575157762782548,0.569504259504379,0.574109522662273,5,0.563946056316071,0.0024427631017519,0.0010924368696891,0.560912965316485,0.566979147315657,0.559591217606393,0.565236378896716,5,0.0301802597251051,0.00995968586986068,0.00445410692791052,0.0178136763470804,0.0425468431031299,0.0234914028737385,0.0457464161225433,5,19,0,0,19,19,19,19,5,0.95,0,0,0.95,0.95,0.95,0.95,5,60,0,0,60,60,60,60
"GSE125449","GSE125449_Set1","S21_P13_LCP37","tumour-cell-intrinsic observational concordance","miR-204-5p OE + GSDME KO",5,5,0.624175312135958,0.00179268770966316,0.000801714316247045,0.621949396346846,0.626401227925069,0.621806891083326,0.626741101609642,5,0.600333247520828,0.00121646666012837,0.000544020428881836,0.598822804663932,0.601843690377725,0.598726104663686,0.6020743189494,5,0.0534790710576221,0.025950317680683,0.0116053348743444,0.0212574958515674,0.0857006462636768,0.0127779192339466,0.0708593702973404,5,19,0,0,19,19,19,19,5,0.95,0,0,0.95,0.95,0.95,0.95,5,60,0,0,60,60,60,60
"GSE125449","GSE125449_Set1","S21_P13_LCP37","tumour-cell-intrinsic observational concordance","p21 E1",5,5,0.531567906579947,0.0162946860549325,0.0072872051381694,0.511335381543505,0.55180043161639,0.509002117106263,0.550778432895737,5,0.570197816494522,0.0135412273933891,0.00605582099008004,0.55338416194866,0.587011471040384,0.551502164320609,0.586284773016261,5,-0.204932522092697,0,0,-0.204932522092697,-0.204932522092697,-0.204932522092697,-0.204932522092697,5,19,0,0,19,19,19,19,5,0.95,0,0,0.95,0.95,0.95,0.95,5,60,0,0,60,60,60,60
"GSE125449","GSE125449_Set1","S21_P13_LCP37","tumour-cell-intrinsic observational concordance","p53 E1",5,5,0.697879023011348,0.0260973907129454,0.0116711079339035,0.665474832516026,0.730283213506669,0.667409676602579,0.733981394301405,5,0.66346527987894,0.0215587140672156,0.009641350032355,0.636696600774109,0.69023395898377,0.638294950236913,0.69328897790116,5,-0.494832013015889,0,0,-0.494832013015889,-0.494832013015889,-0.494832013015889,-0.494832013015889,5,19,0,0,19,19,19,19,5,0.95,0,0,0.95,0.95,0.95,0.95,5,60,0,0,60,60,60,60
"GSE125449","GSE125449_Set1","S21_P13_LCP37","tumour-cell-intrinsic observational concordance","p53 E1 + miR-204-5p E1 + CASP3 KO + p21 E1",5,5,0.583136173692274,0,0,0.583136173692274,0.583136173692274,0.583136173692274,0.583136173692274,5,0.582076942013735,0,0,0.582076942013735,0.582076942013735,0.582076942013735,0.582076942013735,5,0.104478258450173,0,0,0.104478258450173,0.104478258450173,0.104478258450173,0.104478258450173,5,19,0,0,19,19,19,19,5,0.95,0,0,0.95,0.95,0.95,0.95,5,60,0,0,60,60,60,60
"GSE125449","GSE125449_Set1","S21_P13_LCP37","tumour-cell-intrinsic observational concordance","p53 KO",5,5,0.431225466076263,0,0,0.431225466076263,0.431225466076263,0.431225466076263,0.431225466076263,5,0.443186254584739,0,0,0.443186254584739,0.443186254584739,0.443186254584739,0.443186254584739,5,-0.448201393596805,0,0,-0.448201393596805,-0.448201393596805,-0.448201393596805,-0.448201393596805,5,19,0,0,19,19,19,19,5,0.95,0,0,0.95,0.95,0.95,0.95,5,60,0,0,60,60,60,60
"GSE125449","GSE125449_Set1","S21_P13_LCP37","tumour-cell-intrinsic observational concordance","Reference: DDR ON, GSDME endogenous",5,5,0.490896518707842,0.0138814230472661,0.00620796111162385,0.473660455466215,0.508132581949468,0.475304413444684,0.50227809765521,5,0.490896518707842,0.0138814230472662,0.00620796111162391,0.473660455466215,0.508132581949468,0.475304413444684,0.50227809765521,5,-0.524641940022684,0.0398772978570308,0.0178336697534655,-0.574156145117408,-0.475127734927961,-0.553764200780882,-0.480958548885388,5,19,0,0,19,19,19,19,5,0.95,0,0,0.95,0.95,0.95,0.95,5,60,0,0,60,60,60,60
"GSE125449","GSE125449_Set1","S21_P13_LCP37","tumour-cell-intrinsic observational concordance","SIRT1 KO",5,5,0.546427525685646,0.0101131924756656,0.00452275716902552,0.533870338681707,0.558984712689585,0.533861736211962,0.56149331515933,5,0.53835317339249,0.00835437639294131,0.00373619070484725,0.527979844997931,0.548726501787048,0.527972738609881,0.550798825566403,5,0.00508251946711327,0.00649321357647867,0.00290385338988617,-0.0029798700634482,0.0131449089976747,-0.0065328940924314,0.00798637285699944,5,19,0,0,19,19,19,19,5,0.95,0,0,0.95,0.95,0.95,0.95,5,60,0,0,60,60,60,60
"GSE125449","GSE125449_Set1","S21_P13_LCP37","tumour-cell-intrinsic observational concordance","SIRT1 KO + GSDME KO",5,5,0.542019630948804,0.0037678476482308,0.00168503269406136,0.537341230173279,0.546698031724329,0.538138052001435,0.546361736211962,5,0.530754730308741,0.00276703471952416,0.00123745554579162,0.527319002915728,0.534190457701754,0.527870114924126,0.533879730308741,5,0.00279786968901788,0.0223160692012765,0.00998004954492872,-0.0249111900196309,0.0305069293976667,-0.037122328490697,0.0127779192339466,5,19,0,0,19,19,19,19,5,0.95,0,0,0.95,0.95,0.95,0.95,5,60,0,0,60,60,60,60
"GSE125449","GSE125449_Set1","S21_P13_LCP37","tumour-cell-intrinsic observational concordance","SIRT1 KO + GSDME KO + CASP3 E1",5,5,0.535440683580383,0.00398420313911574,0.00178178981104617,0.530493641981012,0.540387725179753,0.529914367790909,0.539782788843541,5,0.514036122685234,0.00325590794164318,0.00145608629719912,0.50999337901263,0.518078866357838,0.509519993652976,0.517584509782009,5,-0.095941194556667,0,0,-0.095941194556667,-0.095941194556667,-0.095941194556667,-0.095941194556667,5,19,0,0,19,19,19,19,5,0.95,0,0,0.95,0.95,0.95,0.95,5,60,0,0,60,60,60,60
"GSE125449","GSE125449_Set1","S21_P13_LCP37","tumour-cell-intrinsic observational concordance","SIRT1 OE",5,5,0.431225466076263,0,0,0.431225466076263,0.431225466076263,0.431225466076263,0.431225466076263,5,0.443186254584739,0,0,0.443186254584739,0.443186254584739,0.443186254584739,0.443186254584739,5,-0.448201393596805,0,0,-0.448201393596805,-0.448201393596805,-0.448201393596805,-0.448201393596805,5,19,0,0,19,19,19,19,5,0.95,0,0,0.95,0.95,0.95,0.95,5,60,0,0,60,60,60,60
"GSE125449","GSE125449_Set2","S351_P10_LCP34","tumour-cell-intrinsic observational concordance","BAX E1",5,5,0.566445980105669,0.0132009984775142,0.00590366599331858,0.550054775555797,0.582837184655541,0.545393348526721,0.579603874842511,5,0.556323890291886,0.0116699222998241,0.00521894791090946,0.541833767910359,0.570814012673413,0.53768258594406,0.567845629422321,5,0.0434297302653598,0.0048814055553182,0.00218303092948732,0.0373686647266893,0.0494907958040302,0.0346976065474105,0.0456127611948471,5,19,0,0,19,19,19,19,5,0.95,0,0,0.95,0.95,0.95,0.95,5,43,0,0,43,43,43,43
"GSE125449","GSE125449_Set2","S351_P10_LCP34","tumour-cell-intrinsic observational concordance","BAX E1 + GSDME KO",5,5,0.571182822210932,0.014258265329061,0.00637649010340177,0.553478847475,0.588886796946864,0.555590716947774,0.582893348526721,5,0.553623056796668,0.0111780138536778,0.00499895976605159,0.539743719423134,0.567502394170203,0.541267287565899,0.562421133719745,5,0.0228063805974235,0,0,0.0228063805974235,0.0228063805974235,0.0228063805974235,0.0228063805974235,5,19,0,0,19,19,19,19,5,0.95,0,0,0.95,0.95,0.95,0.95,5,43,0,0,43,43,43,43
"GSE125449","GSE125449_Set2","S351_P10_LCP34","tumour-cell-intrinsic observational concordance","BCL2 KO",5,5,0.583337178186172,0.0069251038773373,0.00309700060419471,0.574738526017861,0.591935830354483,0.575837178186172,0.594258230817751,5,0.571749906970918,0.00618016540591315,0.00276385399196288,0.564076218083452,0.579423595858385,0.564666573637585,0.581333240304252,5,0.331496878202586,0,0,0.331496878202586,0.331496878202586,0.331496878202586,0.331496878202586,5,19,0,0,19,19,19,19,5,0.95,0,0,0.95,0.95,0.95,0.95,5,43,0,0,43,43,43,43
"GSE125449","GSE125449_Set2","S351_P10_LCP34","tumour-cell-intrinsic observational concordance","CASP3 KO",5,5,0.577481915028277,0.010176123880433,0.00455090094882142,0.564846588364682,0.590117241691872,0.569258230817751,0.594916125554593,5,0.575061966958311,0.00832466215530697,0.00372290209379726,0.564725533662857,0.585398400253765,0.568461966958311,0.589461966958311,5,0.234777160721628,0.0139774724906795,0.00625091572855855,0.217421836344068,0.252132485099188,0.219465606761522,0.244984863361699,5,19,0,0,19,19,19,19,5,0.95,0,0,0.95,0.95,0.95,0.95,5,43,0,0,43,43,43,43
"GSE125449","GSE125449_Set2","S351_P10_LCP34","tumour-cell-intrinsic observational concordance","CASP3 OE",5,5,0.572613493975645,0.00964214261082181,0.00431209726530897,0.560641192630241,0.584585795321049,0.560047704501961,0.582745072923014,5,0.571861966958311,0.00746993975879326,0.00334065861769802,0.562586811691067,0.581137122225556,0.561961966958311,0.579961966958311,5,0.299855749038061,0,0,0.299855749038061,0.299855749038061,0.299855749038061,0.299855749038061,5,19,0,0,19,19,19,19,5,0.95,0,0,0.95,0.95,0.95,0.95,5,43,0,0,43,43,43,43
"GSE125449","GSE125449_Set2","S351_P10_LCP34","tumour-cell-intrinsic observational concordance","CASP3 OE + GSDME KO",5,5,0.567350336080908,0.00942363883203122,0.00421437940476571,0.5556493430111,0.579051329150717,0.556100336080908,0.57846875713354,5,0.562372191628066,0.00709255632908251,0.00317188761721497,0.553565619779012,0.57117876347712,0.553668487924362,0.570798117553992,5,0.311729055506977,0,0,0.311729055506977,0.311729055506977,0.311729055506977,0.311729055506977,5,19,0,0,19,19,19,19,5,0.95,0,0,0.95,0.95,0.95,0.95,5,43,0,0,43,43,43,43
"GSE125449","GSE125449_Set2","S351_P10_LCP34","tumour-cell-intrinsic observational concordance","GSDME E1 + CASP3 E1",5,5,0.572810862396698,0.0156265580940603,0.00698840923053367,0.553407927795464,0.592213796997932,0.556100336080908,0.590639809765119,5,0.566261080516955,0.0114596192694052,0.00512489753653128,0.552032083837012,0.580490077196897,0.553668487924362,0.579131450887325,5,0.299855749038061,0,0,0.299855749038061,0.299855749038061,0.299855749038061,0.299855749038061,5,19,0,0,19,19,19,19,5,0.95,0,0,0.95,0.95,0.95,0.95,5,43,0,0,43,43,43,43
"GSE125449","GSE125449_Set2","S351_P10_LCP34","tumour-cell-intrinsic observational concordance","GSDME KO",5,5,0.565705599238803,0.0189914053312096,0.0084932146617673,0.542124654963745,0.589286543513861,0.540639809765119,0.589981915028277,5,0.556745744797148,0.01640166824059,0.00733504902607173,0.536380383832326,0.577111105761971,0.535098017524421,0.577711653888057,5,0.282342511593584,0.0296460361018973,0.013258110397451,0.245532095876409,0.319152927310759,0.239092112989714,0.310311040263246,5,19,0,0,19,19,19,19,5,0.95,0,0,0.95,0.95,0.95,0.95,5,43,0,0,43,43,43,43
"GSE125449","GSE125449_Set2","S351_P10_LCP34","tumour-cell-intrinsic observational concordance","GSDME OE",5,5,0.579455599238803,0.0133172911052613,0.00595567363750352,0.562919998319801,0.595991200157805,0.566297704501961,0.596231915028277,5,0.568620744797148,0.0115012968636348,0.00514353632329851,0.554339998548919,0.582901491045378,0.557257108433512,0.583109381160785,5,0.295789908373138,0.0318202363935766,0.01423044232723,0.256279866428901,0.335299950317375,0.238868139064218,0.310020350700368,5,19,0,0,19,19,19,19,5,0.95,0,0,0.95,0.95,0.95,0.95,5,43,0,0,43,43,43,43
"GSE125449","GSE125449_Set2","S351_P10_LCP34","tumour-cell-intrinsic observational concordance","MALAT1 E1 + miR-204-5p KO + SIRT1 E1",5,5,0.51596875713354,0,0,0.51596875713354,0.51596875713354,0.51596875713354,0.51596875713354,5,0.518145740716003,0,0,0.518145740716003,0.518145740716003,0.518145740716003,0.518145740716003,5,0.218286286379416,0,0,0.218286286379416,0.218286286379416,0.218286286379416,0.218286286379416,5,19,0,0,19,19,19,19,5,0.95,0,0,0.95,0.95,0.95,0.95,5,43,0,0,43,43,43,43
"GSE125449","GSE125449_Set2","S351_P10_LCP34","tumour-cell-intrinsic observational concordance","MALAT1 KO",5,5,0.606745543917441,0.0166461669866148,0.0074443921893767,0.586076597662073,0.627414490172808,0.589771859706914,0.624640280759546,5,0.580411534444206,0.0143762351248034,0.00642924779991612,0.562561080860026,0.598261988028387,0.565752443535116,0.595866079898752,5,0.0394759641218347,0.0418721122101194,0.0187257778526652,-0.0125151301382188,0.0914670583818882,-0.035427147288826,0.0582017419744999,5,19,0,0,19,19,19,19,5,0.95,0,0,0.95,0.95,0.95,0.95,5,43,0,0,43,43,43,43
"GSE125449","GSE125449_Set2","S351_P10_LCP34","tumour-cell-intrinsic observational concordance","MALAT1 KO + GSDME KO",5,5,0.597008701812178,0.0202870138962214,0.00907262842648677,0.57181904702618,0.622198356598175,0.565429754443757,0.617074491285862,5,0.563362150310902,0.0154181305611284,0.00689519760412999,0.544218012673544,0.58250628794826,0.539362150310902,0.578612150310902,5,0.00707230828084294,0.0387366277904826,0.0173235465917253,-0.0410255678584187,0.0551701844201046,-0.0353615414042147,0.0353615414042147,5,19,0,0,19,19,19,19,5,0.95,0,0,0.95,0.95,0.95,0.95,5,43,0,0,43,43,43,43
"GSE125449","GSE125449_Set2","S351_P10_LCP34","tumour-cell-intrinsic observational concordance","MALAT1 OE",5,5,0.51596875713354,0,0,0.51596875713354,0.51596875713354,0.51596875713354,0.51596875713354,5,0.525568998281641,0,0,0.525568998281641,0.525568998281641,0.525568998281641,0.525568998281641,5,0.218286286379416,0,0,0.218286286379416,0.218286286379416,0.218286286379416,0.218286286379416,5,19,0,0,19,19,19,19,5,0.95,0,0,0.95,0.95,0.95,0.95,5,43,0,0,43,43,43,43
"GSE125449","GSE125449_Set2","S351_P10_LCP34","tumour-cell-intrinsic observational concordance","miR-204-5p KO",5,5,0.51596875713354,0,0,0.51596875713354,0.51596875713354,0.51596875713354,0.51596875713354,5,0.51213625542149,0,0,0.51213625542149,0.51213625542149,0.51213625542149,0.51213625542149,5,0.218286286379416,0,0,0.218286286379416,0.218286286379416,0.218286286379416,0.218286286379416,5,19,0,0,19,19,19,19,5,0.95,0,0,0.95,0.95,0.95,0.95,5,43,0,0,43,43,43,43
"GSE125449","GSE125449_Set2","S351_P10_LCP34","tumour-cell-intrinsic observational concordance","miR-204-5p OE",5,5,0.63322507252591,0.00558242195673606,0.00249653499486984,0.626293580159449,0.640156564892372,0.627304019894331,0.639146125157489,5,0.601251055119692,0.0042426406871193,0.00189736659610103,0.595983120921182,0.606518989318202,0.596751055119692,0.605751055119692,5,-0.0884185133752467,0,0,-0.0884185133752467,-0.0884185133752467,-0.0884185133752467,-0.0884185133752467,5,19,0,0,19,19,19,19,5,0.95,0,0,0.95,0.95,0.95,0.95,5,43,0,0,43,43,43,43
"GSE125449","GSE125449_Set2","S351_P10_LCP34","tumour-cell-intrinsic observational concordance","miR-204-5p OE + CASP3 KO",5,5,0.56137000879835,0.00201335807671423,0.000900401104516249,0.558870094559001,0.563869923037699,0.558373348129618,0.562978611287513,5,0.54267378641123,0.00112261051980084,0.00050204668690621,0.541279881344788,0.544067691477671,0.540665599663605,0.543175833098136,5,-0.0758254010603941,0.0128077894191551,0.00572781755654669,-0.0917283720787341,-0.059922430042054,-0.0958179816828592,-0.0672155990909609,5,19,0,0,19,19,19,19,5,0.95,0,0,0.95,0.95,0.95,0.95,5,43,0,0,43,43,43,43
"GSE125449","GSE125449_Set2","S351_P10_LCP34","tumour-cell-intrinsic observational concordance","miR-204-5p OE + GSDME KO",5,5,0.612429119609498,0.00258112966920889,0.00115431627981853,0.609224223824546,0.615634015394451,0.608554019894331,0.615610190234881,5,0.576291188306446,0.001751480846963,0.000783286047019633,0.574116437595228,0.578465939017663,0.573661656356868,0.578449771945098,5,-0.0675062504352181,0.0336194723834204,0.015035085123401,-0.109250338932317,-0.0257621619381192,-0.090024168787489,-0.0147800874128713,5,19,0,0,19,19,19,19,5,0.95,0,0,0.95,0.95,0.95,0.95,5,43,0,0,43,43,43,43
"GSE125449","GSE125449_Set2","S351_P10_LCP34","tumour-cell-intrinsic observational concordance","p21 E1",5,5,0.543269516247169,0.0162946860549325,0.0072872051381694,0.523036991210727,0.563502041283612,0.520703726773485,0.562480042562959,5,0.489356193192811,0.013541227393389,0.00605582099008002,0.472542538646949,0.506169847738673,0.470660541018898,0.50544314971455,5,-0.0646481822875589,0,0,-0.0646481822875589,-0.0646481822875589,-0.0646481822875589,-0.0646481822875589,5,19,0,0,19,19,19,19,5,0.95,0,0,0.95,0.95,0.95,0.95,5,43,0,0,43,43,43,43
"GSE125449","GSE125449_Set2","S351_P10_LCP34","tumour-cell-intrinsic observational concordance","p53 E1",5,5,0.781909552822214,0.0269686880814861,0.0120607639628383,0.748423503752646,0.815395601891782,0.749322147826117,0.817204197767912,5,0.732881804505307,0.0222784814586188,0.00996323979538806,0.70521941614349,0.760544192867124,0.70596177429114,0.762038250330014,5,0.31231611639519,0,0,0.31231611639519,0.31231611639519,0.31231611639519,0.31231611639519,5,19,0,0,19,19,19,19,5,0.95,0,0,0.95,0.95,0.95,0.95,5,43,0,0,43,43,43,43
"GSE125449","GSE125449_Set2","S351_P10_LCP34","tumour-cell-intrinsic observational concordance","p53 E1 + miR-204-5p E1 + CASP3 KO + p21 E1",5,5,0.531399663919092,0.00259013416908294,0.00115834321458288,0.528183587570824,0.534615740267359,0.527452295498039,0.533373348129618,5,0.487085547275707,0.00133006889763725,0.000594824893975022,0.485434048610381,0.488737045941034,0.48505852024868,0.488099060789221,5,-0.161131898902152,0,0,-0.161131898902152,-0.161131898902152,-0.161131898902152,-0.161131898902152,5,19,0,0,19,19,19,19,5,0.95,0,0,0.95,0.95,0.95,0.95,5,43,0,0,43,43,43,43
"GSE125449","GSE125449_Set2","S351_P10_LCP34","tumour-cell-intrinsic observational concordance","p53 KO",5,5,0.51596875713354,0,0,0.51596875713354,0.51596875713354,0.51596875713354,0.51596875713354,5,0.513191581979881,0,0,0.513191581979881,0.513191581979881,0.513191581979881,0.513191581979881,5,0.218286286379416,0,0,0.218286286379416,0.218286286379416,0.218286286379416,0.218286286379416,5,19,0,0,19,19,19,19,5,0.95,0,0,0.95,0.95,0.95,0.95,5,43,0,0,43,43,43,43
"GSE125449","GSE125449_Set2","S351_P10_LCP34","tumour-cell-intrinsic observational concordance","Reference: DDR ON, GSDME endogenous",5,5,0.575639809765119,0.0138814230472666,0.00620796111162409,0.558403746523492,0.592875873006746,0.560047704501961,0.587021388712488,5,0.575639809765119,0.0138814230472666,0.00620796111162409,0.558403746523492,0.592875873006746,0.560047704501961,0.587021388712488,5,0.306741464334128,0.0517166482155143,0.0231283881956666,0.242526764137155,0.370956164531101,0.250088714681735,0.34450996410239,5,19,0,0,19,19,19,19,5,0.95,0,0,0.95,0.95,0.95,0.95,5,43,0,0,43,43,43,43
"GSE125449","GSE125449_Set2","S351_P10_LCP34","tumour-cell-intrinsic observational concordance","SIRT1 KO",5,5,0.548112062700199,0.0101131924756656,0.00452275716902552,0.53555487569626,0.560669249704138,0.535546273226515,0.563177852173883,5,0.539744747447991,0.0083543763929413,0.00373619070484725,0.529371419053432,0.550118075842549,0.529364312665382,0.552190399621904,5,-0.00570778336225052,0.0334192400262327,0.0149455384910076,-0.0472032505501539,0.0357876838256529,-0.0654899373262811,0.00923775512875712,5,19,0,0,19,19,19,19,5,0.95,0,0,0.95,0.95,0.95,0.95,5,43,0,0,43,43,43,43
"GSE125449","GSE125449_Set2","S351_P10_LCP34","tumour-cell-intrinsic observational concordance","SIRT1 KO + GSDME KO",5,5,0.543704167963357,0.00376784764823049,0.00168503269406122,0.539025767187833,0.548382568738882,0.539822589015989,0.548046273226515,5,0.531985738127069,0.00276703471952469,0.00123745554579185,0.528550010734055,0.535421465520083,0.529101122742453,0.535110738127069,5,-0.0166231362637262,0.00412118251636438,0.00184304885085488,-0.0217402602243226,-0.0115060123031297,-0.0239953316671457,-0.0147800874128713,5,19,0,0,19,19,19,19,5,0.95,0,0,0.95,0.95,0.95,0.95,5,43,0,0,43,43,43,43
"GSE125449","GSE125449_Set2","S351_P10_LCP34","tumour-cell-intrinsic observational concordance","SIRT1 KO + GSDME KO + CASP3 E1",5,5,0.537125220594936,0.00398420313911592,0.00178178981104625,0.532178178995566,0.542072262194307,0.531598904805462,0.541467325858094,5,0.537452321926591,0.00325590794164281,0.00145608629719895,0.533409578253987,0.541495065599194,0.532936192894333,0.541000709023365,5,0.119297254684965,0,0,0.119297254684965,0.119297254684965,0.119297254684965,0.119297254684965,5,19,0,0,19,19,19,19,5,0.95,0,0,0.95,0.95,0.95,0.95,5,43,0,0,43,43,43,43
"GSE125449","GSE125449_Set2","S351_P10_LCP34","tumour-cell-intrinsic observational concordance","SIRT1 OE",5,5,0.51596875713354,0,0,0.51596875713354,0.51596875713354,0.51596875713354,0.51596875713354,5,0.513191581979881,0,0,0.513191581979881,0.513191581979881,0.513191581979881,0.513191581979881,5,0.218286286379416,0,0,0.218286286379416,0.218286286379416,0.218286286379416,0.218286286379416,5,19,0,0,19,19,19,19,5,0.95,0,0,0.95,0.95,0.95,0.95,5,43,0,0,43,43,43,43
"GSE125449","GSE125449_Set2","S364_P21_LCP65","tumour-cell-intrinsic observational concordance","BAX E1",5,5,0.588442780060153,0.0112098197516405,0.00501318379603758,0.574523950448187,0.602361609672118,0.570548043218047,0.5994954116391,5,0.59557687508719,0.0100267688736386,0.00448410735922697,0.583126997158483,0.608026753015897,0.579544266391538,0.605359483782842,5,0.455517489045736,0.0269671777907283,0.0120600885402782,0.422033315249829,0.489001662841644,0.443457400505458,0.503757843206849,5,19,0,0,19,19,19,19,5,0.95,0,0,0.95,0.95,0.95,0.95,5,412,0,0,412,412,412,412
"GSE125449","GSE125449_Set2","S364_P21_LCP65","tumour-cell-intrinsic observational concordance","BAX E1 + GSDME KO",5,5,0.591863832691732,0.0119657289940941,0.00535123668622693,0.577006417787502,0.606721247595961,0.578771727428574,0.601469095849626,5,0.58738531257713,0.00950568432010499,0.00425107126248172,0.575582446578565,0.599188178575694,0.576856466423284,0.594644927961745,5,0.420651019908034,0,0,0.420651019908034,0.420651019908034,0.420651019908034,0.420651019908034,5,19,0,0,19,19,19,19,5,0.95,0,0,0.95,0.95,0.95,0.95,5,412,0,0,412,412,412,412
"GSE125449","GSE125449_Set2","S364_P21_LCP65","tumour-cell-intrinsic observational concordance","BCL2 KO",5,5,0.585294348275504,0.00588438941447331,0.0026315789473685,0.577987913788142,0.592600782762867,0.578715400907083,0.594504874591294,5,0.566564896470018,0.00539257462731028,0.00241163268808127,0.559869130697659,0.573260662242376,0.560210729803351,0.574794063136684,5,0.180931502225076,0,0,0.180931502225076,0.180931502225076,0.180931502225076,0.180931502225076,5,19,0,0,19,19,19,19,5,0.95,0,0,0.95,0.95,0.95,0.95,5,412,0,0,412,412,412,412
"GSE125449","GSE125449_Set2","S364_P21_LCP65","tumour-cell-intrinsic observational concordance","CASP3 KO",5,5,0.579570664064978,0.00835293170952851,0.00373554462278385,0.569199129481802,0.589942198648154,0.572794348275504,0.593846979854452,5,0.567799096434982,0.00693721846275577,0.0031024184114977,0.559185402022104,0.57641279084786,0.562299096434982,0.579799096434982,5,0.129127438396896,0.036341428475767,0.0162523808942523,0.0840035950152389,0.174251281778553,0.0893173981006195,0.15566746526108,5,19,0,0,19,19,19,19,5,0.95,0,0,0.95,0.95,0.95,0.95,5,412,0,0,412,412,412,412
"GSE125449","GSE125449_Set2","S364_P21_LCP65","tumour-cell-intrinsic observational concordance","CASP3 OE",5,5,0.575886453538662,0.00782452329665807,0.00349923319657164,0.566171024658095,0.585601882419229,0.565557506170241,0.584307506170241,5,0.565499096434982,0.00609918027279077,0.00272763633939717,0.557925963871703,0.573072228998261,0.557299096434982,0.572299096434982,5,0.190586281168259,0,0,0.190586281168259,0.190586281168259,0.190586281168259,0.190586281168259,5,19,0,0,19,19,19,19,5,0.95,0,0,0.95,0.95,0.95,0.95,5,412,0,0,412,412,412,412
"GSE125449","GSE125449_Set2","S364_P21_LCP65","tumour-cell-intrinsic observational concordance","CASP3 OE + GSDME KO",5,5,0.571281190380768,0.00793097494469677,0.00354683982083792,0.561433584321282,0.581128796440254,0.561610137749189,0.58068908511761,5,0.556943607810169,0.00605048490840904,0.00270585911040784,0.549430938527722,0.564456277092615,0.549351015217576,0.564165830032391,5,0.202305795206569,0,0,0.202305795206569,0.202305795206569,0.202305795206569,0.202305795206569,5,19,0,0,19,19,19,19,5,0.95,0,0,0.95,0.95,0.95,0.95,5,412,0,0,412,412,412,412
"GSE125449","GSE125449_Set2","S364_P21_LCP65","tumour-cell-intrinsic observational concordance","GSDME E1 + CASP3 E1",5,5,0.57568908511761,0.0128949885850827,0.00576681420906576,0.559677842034264,0.591700328200956,0.561610137749189,0.59022855880182,5,0.560091755958317,0.00954647142131974,0.00426931180866599,0.548238246084583,0.571945265832051,0.549351015217576,0.570647311513872,5,0.190586281168259,0,0,0.190586281168259,0.190586281168259,0.190586281168259,0.190586281168259,5,19,0,0,19,19,19,19,5,0.95,0,0,0.95,0.95,0.95,0.95,5,412,0,0,412,412,412,412
"GSE125449","GSE125449_Set2","S364_P21_LCP65","tumour-cell-intrinsic observational concordance","GSDME KO",5,5,0.570557506170241,0.01596733702909,0.00714081020333898,0.550731438634034,0.590383573706448,0.54943908511761,0.590886453538662,5,0.560936028056117,0.0137899728887598,0.0061670633574292,0.543813515183939,0.578058540928296,0.542697391692481,0.578492846237936,5,0.136060159829647,0.046748287344868,0.0209064696669636,0.0780144944558396,0.194105825203454,0.06867539415662,0.180590851300742,5,19,0,0,19,19,19,19,5,0.95,0,0,0.95,0.95,0.95,0.95,5,412,0,0,412,412,412,412
"GSE125449","GSE125449_Set2","S364_P21_LCP65","tumour-cell-intrinsic observational concordance","GSDME OE",5,5,0.582202243012346,0.010997867144017,0.00491839570830669,0.568546587322592,0.5958578987021,0.571149611433399,0.595820664064978,5,0.570992846237935,0.00949815798801473,0.00424770538444671,0.559199325414966,0.582786367060905,0.561447391692481,0.582754209874299,5,0.158059555848876,0.0500032286184776,0.0223621236570758,0.0959723470793605,0.220146764618392,0.0686110612205732,0.180421679505952,5,19,0,0,19,19,19,19,5,0.95,0,0,0.95,0.95,0.95,0.95,5,412,0,0,412,412,412,412
"GSE125449","GSE125449_Set2","S364_P21_LCP65","tumour-cell-intrinsic observational concordance","MALAT1 E1 + miR-204-5p KO + SIRT1 E1",5,5,0.52584260631538,0,0,0.52584260631538,0.52584260631538,0.52584260631538,0.52584260631538,5,0.561584995939635,0,0,0.561584995939635,0.561584995939635,0.561584995939635,0.561584995939635,5,0.245572072176844,0,0,0.245572072176844,0.245572072176844,0.245572072176844,0.245572072176844,5,19,0,0,19,19,19,19,5,0.95,0,0,0.95,0.95,0.95,0.95,5,412,0,0,412,412,412,412
"GSE125449","GSE125449_Set2","S364_P21_LCP65","tumour-cell-intrinsic observational concordance","MALAT1 KO",5,5,0.575952243012346,0.0166461669866148,0.00744439218937669,0.555283296756979,0.596621189267714,0.55897855880182,0.593846979854452,5,0.501134875595369,0.0143762351248034,0.00642924779991612,0.483284422011188,0.51898532917955,0.486475784686278,0.516589421049914,5,-0.153348937550204,0.0599789715442252,0.0268234115186826,-0.227822667165956,-0.0788752079344512,-0.260642583624934,-0.126525526031521,5,19,0,0,19,19,19,19,5,0.95,0,0,0.95,0.95,0.95,0.95,5,412,0,0,412,412,412,412
"GSE125449","GSE125449_Set2","S364_P21_LCP65","tumour-cell-intrinsic observational concordance","MALAT1 KO + GSDME KO",5,5,0.566215400907083,0.0202870138962217,0.00907262842648691,0.541025746121085,0.591405055693081,0.534636453538662,0.586281190380768,5,0.493598690523925,0.0154181305611281,0.00689519760412988,0.474454552886567,0.512742828161283,0.469598690523925,0.508848690523924,5,-0.172008640687645,0.0608718436707579,0.027222716072711,-0.247591017477912,-0.0964262638973768,-0.238690404478449,-0.127554131493775,5,19,0,0,19,19,19,19,5,0.95,0,0,0.95,0.95,0.95,0.95,5,412,0,0,412,412,412,412
"GSE125449","GSE125449_Set2","S364_P21_LCP65","tumour-cell-intrinsic observational concordance","MALAT1 OE",5,5,0.52584260631538,0,0,0.52584260631538,0.52584260631538,0.52584260631538,0.52584260631538,5,0.586778857914941,0,0,0.586778857914941,0.586778857914941,0.586778857914941,0.586778857914941,5,0.245572072176844,0,0,0.245572072176844,0.245572072176844,0.245572072176844,0.245572072176844,5,19,0,0,19,19,19,19,5,0.95,0,0,0.95,0.95,0.95,0.95,5,412,0,0,412,412,412,412
"GSE125449","GSE125449_Set2","S364_P21_LCP65","tumour-cell-intrinsic observational concordance","miR-204-5p KO",5,5,0.52584260631538,0,0,0.52584260631538,0.52584260631538,0.52584260631538,0.52584260631538,5,0.519640380799689,0,0,0.519640380799689,0.519640380799689,0.519640380799689,0.519640380799689,5,0.245572072176844,0,0,0.245572072176844,0.245572072176844,0.245572072176844,0.245572072176844,5,19,0,0,19,19,19,19,5,0.95,0,0,0.95,0.95,0.95,0.95,5,412,0,0,412,412,412,412
"GSE125449","GSE125449_Set2","S364_P21_LCP65","tumour-cell-intrinsic observational concordance","miR-204-5p OE",5,5,0.606337909268392,0.00558242195673607,0.00249653499486985,0.599406416901931,0.613269401634854,0.600416856636813,0.612258961899971,5,0.580816811043978,0.00424264068711928,0.00189736659610102,0.575548876845468,0.586084745242488,0.576316811043978,0.585316811043978,5,-0.353674053500987,0,0,-0.353674053500987,-0.353674053500987,-0.353674053500987,-0.353674053500987,5,19,0,0,19,19,19,19,5,0.95,0,0,0.95,0.95,0.95,0.95,5,412,0,0,412,412,412,412
"GSE125449","GSE125449_Set2","S364_P21_LCP65","tumour-cell-intrinsic observational concordance","miR-204-5p OE + CASP3 KO",5,5,0.537522119794708,0.00302738825390608,0.00135388918600368,0.533763120791248,0.541281118798168,0.533311593478919,0.541864225057866,5,0.535194692982564,0.00318267536462424,0.00142333569312274,0.53124287956434,0.539146506400788,0.531323725240629,0.540194692982564,5,-0.258376982412665,0.0333127277660476,0.0148979047601654,-0.29974019716173,-0.217013767663601,-0.310335851122096,-0.235969656383161,5,19,0,0,19,19,19,19,5,0.95,0,0,0.95,0.95,0.95,0.95,5,412,0,0,412,412,412,412
"GSE125449","GSE125449_Set2","S364_P21_LCP65","tumour-cell-intrinsic observational concordance","miR-204-5p OE + GSDME KO",5,5,0.586403698742076,0.00327794030746149,0.00146593947073409,0.582333598274041,0.590473799210112,0.581666856636813,0.58989054084734,5,0.558631081289266,0.00222431663720626,0.000994744640855389,0.555869227400241,0.561392935178291,0.55541679557498,0.560997152717838,5,-0.302076059634465,0.0527185812723129,0.0235764662804478,-0.367534824036676,-0.236617295232255,-0.337254721875519,-0.219014022572548,5,19,0,0,19,19,19,19,5,0.95,0,0,0.95,0.95,0.95,0.95,5,412,0,0,412,412,412,412
"GSE125449","GSE125449_Set2","S364_P21_LCP65","tumour-cell-intrinsic observational concordance","p21 E1",5,5,0.567859106839718,0.0134233099236918,0.00600308669448446,0.551191866170739,0.584526347508697,0.549503843681823,0.584043317366034,5,0.538529071697163,0.0111710895603772,0.00499586312794831,0.524658331969332,0.552399811424993,0.523311680392815,0.552116028218901,5,-0.153380981505777,0,0,-0.153380981505777,-0.153380981505777,-0.153380981505777,-0.153380981505777,5,19,0,0,19,19,19,19,5,0.95,0,0,0.95,0.95,0.95,0.95,5,412,0,0,412,412,412,412
"GSE125449","GSE125449_Set2","S364_P21_LCP65","tumour-cell-intrinsic observational concordance","p53 E1",5,5,0.754884845603345,0.0251055377832726,0.0112275378190174,0.723712203182311,0.786057488024378,0.726083821959715,0.789825782283126,5,0.71055704636798,0.0207393572992252,0.00927492254614479,0.684805733063648,0.736308359672313,0.686764896401504,0.7394212984078,5,0.181015871543335,0,0,0.181015871543335,0.181015871543335,0.181015871543335,0.181015871543335,5,19,0,0,19,19,19,19,5,0.95,0,0,0.95,0.95,0.95,0.95,5,412,0,0,412,412,412,412
"GSE125449","GSE125449_Set2","S364_P21_LCP65","tumour-cell-intrinsic observational concordance","p53 E1 + miR-204-5p E1 + CASP3 KO + p21 E1",5,5,0.510943172426287,0,0,0.510943172426287,0.510943172426287,0.510943172426287,0.510943172426287,5,0.494520699869717,0,0,0.494520699869717,0.494520699869717,0.494520699869717,0.494520699869717,5,-0.352476028848458,0,0,-0.352476028848458,-0.352476028848458,-0.352476028848458,-0.352476028848458,5,19,0,0,19,19,19,19,5,0.95,0,0,0.95,0.95,0.95,0.95,5,412,0,0,412,412,412,412
"GSE125449","GSE125449_Set2","S364_P21_LCP65","tumour-cell-intrinsic observational concordance","p53 KO",5,5,0.52584260631538,0,0,0.52584260631538,0.52584260631538,0.52584260631538,0.52584260631538,5,0.521348239999662,0,0,0.521348239999662,0.521348239999662,0.521348239999662,0.521348239999662,5,0.245572072176844,0,0,0.245572072176844,0.245572072176844,0.245572072176844,0.245572072176844,5,19,0,0,19,19,19,19,5,0.95,0,0,0.95,0.95,0.95,0.95,5,412,0,0,412,412,412,412
"GSE125449","GSE125449_Set2","S364_P21_LCP65","tumour-cell-intrinsic observational concordance","Reference: DDR ON, GSDME endogenous",5,5,0.579307506170241,0.0119113472750071,0.00532691644210457,0.564517615088762,0.59409739725172,0.566215400907083,0.589241716696557,5,0.579307506170241,0.0119113472750071,0.00532691644210457,0.564517615088762,0.59409739725172,0.566215400907083,0.589241716696557,5,0.13984552616897,0.0740806042006014,0.0331298533613603,0.0478623069679005,0.231828745370039,0.0586942901804071,0.193946350161345,5,19,0,0,19,19,19,19,5,0.95,0,0,0.95,0.95,0.95,0.95,5,412,0,0,412,412,412,412
"GSE125449","GSE125449_Set2","S364_P21_LCP65","tumour-cell-intrinsic observational concordance","SIRT1 KO",5,5,0.514947898278301,0.0101131924756659,0.00452275716902565,0.502390711274361,0.52750508528224,0.502382108804616,0.530013687751985,5,0.512348263795118,0.00835437639294131,0.00373619070484725,0.501974935400559,0.522721592189676,0.501967829012509,0.524793915969031,5,-0.210576284582518,0.00718171968679405,0.003211762683004,-0.219493567362801,-0.201659001802235,-0.213788047265522,-0.197729233850502,5,19,0,0,19,19,19,19,5,0.95,0,0,0.95,0.95,0.95,0.95,5,412,0,0,412,412,412,412
"GSE125449","GSE125449_Set2","S364_P21_LCP65","tumour-cell-intrinsic observational concordance","SIRT1 KO + GSDME KO",5,5,0.510540003541458,0.00376784764823051,0.00168503269406123,0.505861602765934,0.515218404316983,0.50665842459409,0.514882108804616,5,0.507750387203373,0.00276703471952445,0.00123745554579175,0.50431465981036,0.511186114596387,0.504865771818758,0.510875387203374,5,-0.23153710186618,0.0280024565881821,0.0125230792936324,-0.26630674407299,-0.196767459659371,-0.28162941904071,-0.219014022572548,5,19,0,0,19,19,19,19,5,0.95,0,0,0.95,0.95,0.95,0.95,5,412,0,0,412,412,412,412
"GSE125449","GSE125449_Set2","S364_P21_LCP65","tumour-cell-intrinsic observational concordance","SIRT1 KO + GSDME KO + CASP3 E1",5,5,0.503961056173037,0.00398420313911561,0.00178178981104611,0.499014014573667,0.508908097772408,0.498434740383564,0.508303161436195,5,0.509988543900893,0.0032559079416428,0.00145608629719894,0.505945800228289,0.514031287573497,0.505472414868635,0.513536930997667,5,-0.088779352323695,0,0,-0.088779352323695,-0.088779352323695,-0.088779352323695,-0.088779352323695,5,19,0,0,19,19,19,19,5,0.95,0,0,0.95,0.95,0.95,0.95,5,412,0,0,412,412,412,412
"GSE125449","GSE125449_Set2","S364_P21_LCP65","tumour-cell-intrinsic observational concordance","SIRT1 OE",5,5,0.52584260631538,0,0,0.52584260631538,0.52584260631538,0.52584260631538,0.52584260631538,5,0.521348239999662,0,0,0.521348239999662,0.521348239999662,0.521348239999662,0.521348239999662,5,0.245572072176844,0,0,0.245572072176844,0.245572072176844,0.245572072176844,0.245572072176844,5,19,0,0,19,19,19,19,5,0.95,0,0,0.95,0.95,0.95,0.95,5,412,0,0,412,412,412,412
"GSE189903","GSE189903_HCC","1HT1","HCC tumour-region observational concordance; malignant status annotated separately","BAX E1",5,5,0.598714920027946,0.0132009984775137,0.00590366599331837,0.582323715478075,0.615106124577818,0.577662288448999,0.611872814764788,5,0.59670345905093,0.0116699222998242,0.00521894791090954,0.582213336669403,0.611193581432457,0.578062154703104,0.608225198181365,5,0.429524208861159,0.0206791508861708,0.0092479974196906,0.403847651692377,0.45520076602994,0.420276211441468,0.466516198539921,5,19,0,0,19,19,19,19,5,0.95,0,0,0.95,0.95,0.95,0.95,5,219,0,0,219,219,219,219
"GSE189903","GSE189903_HCC","1HT1","HCC tumour-region observational concordance; malignant status annotated separately","BAX E1 + GSDME KO",5,5,0.60345176213321,0.014258265329061,0.00637649010340175,0.585747787397278,0.621155736869142,0.587859656870052,0.615162288448999,5,0.589343444545054,0.0111780138536781,0.00499895976605173,0.575464107171519,0.603222781918589,0.576987675314285,0.598141521468131,5,0.394694181179813,0,0,0.394694181179813,0.394694181179813,0.394694181179813,0.394694181179813,5,19,0,0,19,19,19,19,5,0.95,0,0,0.95,0.95,0.95,0.95,5,219,0,0,219,219,219,219
"GSE189903","GSE189903_HCC","1HT1","HCC tumour-region observational concordance; malignant status annotated separately","BCL2 KO",5,5,0.604531724321265,0.00692510387733719,0.00309700060419467,0.595933072152954,0.613130376489576,0.597031724321265,0.615452776952844,5,0.584145308453773,0.00618016540591315,0.00276385399196288,0.576471619566307,0.59181899734124,0.57706197512044,0.593728641787107,5,0.214798098956353,0,0,0.214798098956353,0.214798098956353,0.214798098956353,0.214798098956353,5,19,0,0,19,19,19,19,5,0.95,0,0,0.95,0.95,0.95,0.95,5,219,0,0,219,219,219,219
"GSE189903","GSE189903_HCC","1HT1","HCC tumour-region observational concordance; malignant status annotated separately","CASP3 KO",5,5,0.59867646116337,0.0101761238804329,0.00455090094882138,0.586041134499775,0.611311787826965,0.590452776952844,0.616110671689686,5,0.585297649747724,0.00832466215530697,0.00372290209379726,0.57496121645227,0.595634083043178,0.578697649747724,0.599697649747724,5,0.156573327876493,0.0282214804264524,0.0126210297318455,0.121531731654955,0.191614924098031,0.125658245004976,0.177183383124171,5,19,0,0,19,19,19,19,5,0.95,0,0,0.95,0.95,0.95,0.95,5,219,0,0,219,219,219,219
"GSE189903","GSE189903_HCC","1HT1","HCC tumour-region observational concordance; malignant status annotated separately","CASP3 OE",5,5,0.593808040110739,0.00964214261082196,0.00431209726530904,0.581835738765335,0.605780341456143,0.581242250637054,0.603939619058107,5,0.582097649747724,0.00746993975879326,0.00334065861769802,0.57282249448048,0.591372805014969,0.572197649747724,0.590197649747724,5,0.214654154976393,0,0,0.214654154976393,0.214654154976393,0.214654154976393,0.214654154976393,5,19,0,0,19,19,19,19,5,0.95,0,0,0.95,0.95,0.95,0.95,5,219,0,0,219,219,219,219
"GSE189903","GSE189903_HCC","1HT1","HCC tumour-region observational concordance; malignant status annotated separately","CASP3 OE + GSDME KO",5,5,0.588544882216002,0.00942363883203096,0.00421437940476559,0.576843889146194,0.600245875285809,0.577294882216002,0.599663303268633,5,0.571849675692337,0.00709255632908245,0.00317188761721494,0.563043103843283,0.580656247541391,0.563145971988633,0.580275601618263,5,0.218626257297665,0,0,0.218626257297665,0.218626257297665,0.218626257297665,0.218626257297665,5,19,0,0,19,19,19,19,5,0.95,0,0,0.95,0.95,0.95,0.95,5,219,0,0,219,219,219,219
"GSE189903","GSE189903_HCC","1HT1","HCC tumour-region observational concordance; malignant status annotated separately","GSDME E1 + CASP3 E1",5,5,0.594005408531791,0.01562655809406,0.00698840923053355,0.574602473930557,0.613408343133025,0.577294882216002,0.611834355900212,5,0.575738564581225,0.0114596192694054,0.0051248975365314,0.561509567901283,0.589967561261168,0.563145971988633,0.588608934951596,5,0.214654154976393,0,0,0.214654154976393,0.214654154976393,0.214654154976393,0.214654154976393,5,19,0,0,19,19,19,19,5,0.95,0,0,0.95,0.95,0.95,0.95,5,219,0,0,219,219,219,219
"GSE189903","GSE189903_HCC","1HT1","HCC tumour-region observational concordance; malignant status annotated separately","GSDME KO",5,5,0.586900145373896,0.0189914053312096,0.00849321466176729,0.563319201098838,0.610481089648954,0.561834355900212,0.61117646116337,5,0.575050125550183,0.01640166824059,0.00733504902607173,0.554684764585361,0.595415486515006,0.553402398277456,0.596016034641092,5,0.177757969098175,0.0362978621135489,0.0162328974247619,0.132688220500017,0.222827717696333,0.125244991494369,0.212235236632718,5,19,0,0,19,19,19,19,5,0.95,0,0,0.95,0.95,0.95,0.95,5,219,0,0,219,219,219,219
"GSE189903","GSE189903_HCC","1HT1","HCC tumour-region observational concordance; malignant status annotated separately","GSDME OE",5,5,0.600650145373896,0.0133172911052612,0.00595567363750346,0.584114544454894,0.617185746292898,0.587492250637054,0.61742646116337,5,0.586925125550183,0.0115012968636348,0.00514353632329851,0.572644379301954,0.601205871798413,0.575561489186547,0.60141376191382,5,0.199890137487773,0.038866776996038,0.0173817510858932,0.151630659765578,0.248149615209967,0.1303631331442,0.217271888573666,5,19,0,0,19,19,19,19,5,0.95,0,0,0.95,0.95,0.95,0.95,5,219,0,0,219,219,219,219
"GSE189903","GSE189903_HCC","1HT1","HCC tumour-region observational concordance; malignant status annotated separately","MALAT1 E1 + miR-204-5p KO + SIRT1 E1",5,5,0.537163303268633,0,0,0.537163303268633,0.537163303268633,0.537163303268633,0.537163303268633,5,0.539304835602739,0,0,0.539304835602739,0.539304835602739,0.539304835602739,0.539304835602739,5,0.281081032323344,0,0,0.281081032323344,0.281081032323344,0.281081032323344,0.281081032323344,5,19,0,0,19,19,19,19,5,0.95,0,0,0.95,0.95,0.95,0.95,5,219,0,0,219,219,219,219
"GSE189903","GSE189903_HCC","1HT1","HCC tumour-region observational concordance; malignant status annotated separately","MALAT1 KO",5,5,0.621302546173119,0.0166461669866146,0.0074443921893766,0.600633599917752,0.641971492428486,0.604328861962593,0.639197283015224,5,0.584384854548504,0.0143762351248034,0.00642924779991614,0.566534400964324,0.602235308132685,0.569725763639414,0.59983940000305,5,-0.0453578509932106,0.0466313738547704,0.0208541843646946,-0.103258349095459,0.0125426471090381,-0.128774588451989,-0.024503666628516,5,19,0,0,19,19,19,19,5,0.95,0,0,0.95,0.95,0.95,0.95,5,219,0,0,219,219,219,219
"GSE189903","GSE189903_HCC","1HT1","HCC tumour-region observational concordance; malignant status annotated separately","MALAT1 KO + GSDME KO",5,5,0.611565704067856,0.0202870138962214,0.00907262842648677,0.586376049281858,0.636755358853853,0.579986756699435,0.63163149354154,5,0.566858672002684,0.0154181305611283,0.00689519760412999,0.547714534365326,0.586002809640042,0.542858672002684,0.582108672002684,5,-0.0678587434374801,0.0473147922375317,0.0211598183568801,-0.126607817541314,-0.00910966933364605,-0.119689501461813,-0.0333049047545915,5,19,0,0,19,19,19,19,5,0.95,0,0,0.95,0.95,0.95,0.95,5,219,0,0,219,219,219,219
"GSE189903","GSE189903_HCC","1HT1","HCC tumour-region observational concordance; malignant status annotated separately","MALAT1 OE",5,5,0.537163303268633,0,0,0.537163303268633,0.537163303268633,0.537163303268633,0.537163303268633,5,0.552472015423918,0,0,0.552472015423918,0.552472015423918,0.552472015423918,0.552472015423918,5,0.281081032323344,0,0,0.281081032323344,0.281081032323344,0.281081032323344,0.281081032323344,5,19,0,0,19,19,19,19,5,0.95,0,0,0.95,0.95,0.95,0.95,5,219,0,0,219,219,219,219
"GSE189903","GSE189903_HCC","1HT1","HCC tumour-region observational concordance; malignant status annotated separately","miR-204-5p KO",5,5,0.537163303268633,0,0,0.537163303268633,0.537163303268633,0.537163303268633,0.537163303268633,5,0.53080673305851,0,0,0.53080673305851,0.53080673305851,0.53080673305851,0.53080673305851,5,0.281081032323344,0,0,0.281081032323344,0.281081032323344,0.281081032323344,0.281081032323344,5,19,0,0,19,19,19,19,5,0.95,0,0,0.95,0.95,0.95,0.95,5,219,0,0,219,219,219,219
"GSE189903","GSE189903_HCC","1HT1","HCC tumour-region observational concordance; malignant status annotated separately","miR-204-5p OE",5,5,0.608878275744458,0.00558242195673606,0.00249653499486984,0.601946783377997,0.61580976811092,0.602957223112879,0.614799328376037,5,0.58018486699144,0.0042426406871193,0.00189736659610103,0.57491693279293,0.58545280118995,0.57568486699144,0.58468486699144,5,-0.402397423592461,0,0,-0.402397423592461,-0.402397423592461,-0.402397423592461,-0.402397423592461,5,19,0,0,19,19,19,19,5,0.95,0,0,0.95,0.95,0.95,0.95,5,219,0,0,219,219,219,219
"GSE189903","GSE189903_HCC","1HT1","HCC tumour-region observational concordance; malignant status annotated separately","miR-204-5p OE + CASP3 KO",5,5,0.540062486270774,0.00302738825390604,0.00135388918600366,0.536303487267314,0.543821485274234,0.535851959954985,0.544404591533932,5,0.532283328812804,0.00318267536462422,0.00142333569312274,0.52833151539458,0.536235142231028,0.528412361070869,0.537283328812804,5,-0.342738167761383,0.0258987568481088,0.0115822761690219,-0.374895721737913,-0.310580613784853,-0.383036921537914,-0.325286739521429,5,19,0,0,19,19,19,19,5,0.95,0,0,0.95,0.95,0.95,0.95,5,219,0,0,219,219,219,219
"GSE189903","GSE189903_HCC","1HT1","HCC tumour-region observational concordance; malignant status annotated separately","miR-204-5p OE + GSDME KO",5,5,0.588944065218143,0.00327794030746163,0.00146593947073415,0.584873964750106,0.593014165686179,0.584207223112879,0.592430907323406,5,0.558066845528071,0.00222431663720626,0.000994744640855389,0.555304991639046,0.560828699417096,0.554852559813785,0.560432916956643,5,-0.365889542148165,0.0409048338562587,0.0182931978221859,-0.416679601699988,-0.315099482596343,-0.393095191982063,-0.301188428786257,5,19,0,0,19,19,19,19,5,0.95,0,0,0.95,0.95,0.95,0.95,5,219,0,0,219,219,219,219
"GSE189903","GSE189903_HCC","1HT1","HCC tumour-region observational concordance; malignant status annotated separately","p21 E1",5,5,0.57991714731189,0.0162946860549325,0.00728720513816939,0.559684622275448,0.600149672348333,0.557351357838206,0.59912767362768,5,0.53877871105038,0.0135412273933891,0.00605582099008004,0.521965056504518,0.555592365596242,0.520083058876467,0.554865667572119,5,-0.0428306889624767,0,0,-0.0428306889624767,-0.0428306889624767,-0.0428306889624767,-0.0428306889624767,5,19,0,0,19,19,19,19,5,0.95,0,0,0.95,0.95,0.95,0.95,5,219,0,0,219,219,219,219
"GSE189903","GSE189903_HCC","1HT1","HCC tumour-region observational concordance; malignant status annotated separately","p53 E1",5,5,0.777177321331409,0.0196467564624506,0.00878629659748455,0.752782651150507,0.801571991512311,0.753657649002119,0.802834958016991,5,0.738106946602337,0.0162299292515894,0.00725824501531321,0.717954827757244,0.758259065447429,0.718677652069445,0.759302385603469,5,0.215886357536544,0,0,0.215886357536544,0.215886357536544,0.215886357536544,0.215886357536544,5,19,0,0,19,19,19,19,5,0.95,0,0,0.95,0.95,0.95,0.95,5,219,0,0,219,219,219,219
"GSE189903","GSE189903_HCC","1HT1","HCC tumour-region observational concordance; malignant status annotated separately","p53 E1 + miR-204-5p E1 + CASP3 KO + p21 E1",5,5,0.513483538902353,0,0,0.513483538902353,0.513483538902353,0.513483538902353,0.513483538902353,5,0.493735051258805,0,0,0.493735051258805,0.493735051258805,0.493735051258805,0.493735051258805,5,-0.406670513390072,0,0,-0.406670513390072,-0.406670513390072,-0.406670513390072,-0.406670513390072,5,19,0,0,19,19,19,19,5,0.95,0,0,0.95,0.95,0.95,0.95,5,219,0,0,219,219,219,219
"GSE189903","GSE189903_HCC","1HT1","HCC tumour-region observational concordance; malignant status annotated separately","p53 KO",5,5,0.537163303268633,0,0,0.537163303268633,0.537163303268633,0.537163303268633,0.537163303268633,5,0.539834496898305,0,0,0.539834496898305,0.539834496898305,0.539834496898305,0.539834496898305,5,0.281081032323344,0,0,0.281081032323344,0.281081032323344,0.281081032323344,0.281081032323344,5,19,0,0,19,19,19,19,5,0.95,0,0,0.95,0.95,0.95,0.95,5,219,0,0,219,219,219,219
"GSE189903","GSE189903_HCC","1HT1","HCC tumour-region observational concordance; malignant status annotated separately","Reference: DDR ON, GSDME endogenous",5,5,0.596834355900212,0.0138814230472666,0.00620796111162407,0.579598292658585,0.614070419141839,0.581242250637054,0.608215934847581,5,0.596834355900212,0.0138814230472666,0.00620796111162407,0.579598292658585,0.614070419141839,0.581242250637054,0.608215934847581,5,0.188750250865215,0.0575948580131682,0.0257572035343785,0.117236789188606,0.260263712541823,0.125658245004976,0.230811588105374,5,19,0,0,19,19,19,19,5,0.95,0,0,0.95,0.95,0.95,0.95,5,219,0,0,219,219,219,219
"GSE189903","GSE189903_HCC","1HT1","HCC tumour-region observational concordance; malignant status annotated separately","SIRT1 KO",5,5,0.519386574776304,0.0101131924756659,0.00452275716902566,0.506829387772364,0.531943761780243,0.506820785302619,0.534452364249988,5,0.516014996554338,0.00835437639294131,0.00373619070484725,0.505641668159779,0.526388324948896,0.505634561771729,0.528460648728251,5,-0.277363276835413,0.0363989075700055,0.0162780863266528,-0.322558489939036,-0.232168063731791,-0.293641363162066,-0.212250931528802,5,19,0,0,19,19,19,19,5,0.95,0,0,0.95,0.95,0.95,0.95,5,219,0,0,219,219,219,219
"GSE189903","GSE189903_HCC","1HT1","HCC tumour-region observational concordance; malignant status annotated separately","SIRT1 KO + GSDME KO",5,5,0.514978680039461,0.00376784764823051,0.00168503269406123,0.510300279263937,0.519657080814986,0.511097101092093,0.519320785302619,5,0.510994035413453,0.00276703471952474,0.00123745554579188,0.507558308020439,0.514429762806466,0.508109420028837,0.514119035413453,5,-0.308497252984411,0.0163430277426686,0.0073088241981544,-0.328789802154128,-0.288204703814694,-0.337732549777029,-0.301188428786257,5,19,0,0,19,19,19,19,5,0.95,0,0,0.95,0.95,0.95,0.95,5,219,0,0,219,219,219,219
"GSE189903","GSE189903_HCC","1HT1","HCC tumour-region observational concordance; malignant status annotated separately","SIRT1 KO + GSDME KO + CASP3 E1",5,5,0.50839973267104,0.00398420313911563,0.00178178981104612,0.50345269107167,0.513346774270411,0.502873416881567,0.512741837934198,5,0.515110754914156,0.00325590794164299,0.00145608629719903,0.511068011241552,0.51915349858676,0.510594625881898,0.51865914201093,5,-0.195484879183261,0,0,-0.195484879183261,-0.195484879183261,-0.195484879183261,-0.195484879183261,5,19,0,0,19,19,19,19,5,0.95,0,0,0.95,0.95,0.95,0.95,5,219,0,0,219,219,219,219
"GSE189903","GSE189903_HCC","1HT1","HCC tumour-region observational concordance; malignant status annotated separately","SIRT1 OE",5,5,0.537163303268633,0,0,0.537163303268633,0.537163303268633,0.537163303268633,0.537163303268633,5,0.53070012009148,0,0,0.53070012009148,0.53070012009148,0.53070012009148,0.53070012009148,5,0.281081032323344,0,0,0.281081032323344,0.281081032323344,0.281081032323344,0.281081032323344,5,19,0,0,19,19,19,19,5,0.95,0,0,0.95,0.95,0.95,0.95,5,219,0,0,219,219,219,219
"GSE189903","GSE189903_HCC","1HT2","HCC tumour-region observational concordance; malignant status annotated separately","BAX E1",5,5,0.605886581363136,0.0132009984775141,0.00590366599331854,0.589495376813264,0.622277785913008,0.584833949784188,0.619044476099978,5,0.601356063589651,0.0116699222998241,0.00521894791090946,0.586865941208124,0.615846185971178,0.582714759241825,0.612877802720086,5,0.312044216728325,0.021820879192417,0.00975859384061101,0.284950016625947,0.339138416830703,0.302285622887714,0.351078592090769,5,19,0,0,19,19,19,19,5,0.95,0,0,0.95,0.95,0.95,0.95,5,141,0,0,141,141,141,141
"GSE189903","GSE189903_HCC","1HT2","HCC tumour-region observational concordance; malignant status annotated separately","BAX E1 + GSDME KO",5,5,0.610623423468399,0.014258265329061,0.00637649010340176,0.592919448732467,0.628327398204331,0.595031318205241,0.622333949784188,5,0.593459210098537,0.0111780138536778,0.00499895976605159,0.579579872725003,0.607338547472072,0.581103440867768,0.602257287021614,5,0.273571099124632,0,0,0.273571099124632,0.273571099124632,0.273571099124632,0.273571099124632,5,19,0,0,19,19,19,19,5,0.95,0,0,0.95,0.95,0.95,0.95,5,141,0,0,141,141,141,141
"GSE189903","GSE189903_HCC","1HT2","HCC tumour-region observational concordance; malignant status annotated separately","BCL2 KO",5,5,0.612729759725859,0.0069251038773372,0.00309700060419467,0.604131107557548,0.62132841189417,0.605229759725859,0.623650812357438,5,0.591041692884883,0.00618016540591319,0.00276385399196289,0.583368003997416,0.598715381772349,0.583958359551549,0.600625026218216,5,0.0688188084034918,0,0,0.0688188084034918,0.0688188084034918,0.0688188084034918,0.0688188084034918,5,19,0,0,19,19,19,19,5,0.95,0,0,0.95,0.95,0.95,0.95,5,141,0,0,141,141,141,141
"GSE189903","GSE189903_HCC","1HT2","HCC tumour-region observational concordance; malignant status annotated separately","CASP3 KO",5,5,0.606874496567964,0.010176123880433,0.00455090094882142,0.594239169904369,0.619509823231559,0.598650812357438,0.62430870709428,5,0.594606968486799,0.00832466215530697,0.00372290209379726,0.584270535191345,0.604943401782253,0.588006968486799,0.609006968486799,5,0.0179812216701681,0.0293733775867159,0.0131361738025331,-0.0184906437849024,0.0544530871252386,-0.0141957013185538,0.0394325036626494,5,19,0,0,19,19,19,19,5,0.95,0,0,0.95,0.95,0.95,0.95,5,141,0,0,141,141,141,141
"GSE189903","GSE189903_HCC","1HT2","HCC tumour-region observational concordance; malignant status annotated separately","CASP3 OE",5,5,0.602006075515332,0.0096421426108218,0.00431209726530897,0.590033774169929,0.613978376860736,0.589440286041648,0.612137654462701,5,0.591406968486799,0.00746993975879324,0.00334065861769801,0.582131813219555,0.600682123754043,0.581506968486799,0.599506968486799,5,0.158111109275295,0,0,0.158111109275295,0.158111109275295,0.158111109275295,0.158111109275295,5,19,0,0,19,19,19,19,5,0.95,0,0,0.95,0.95,0.95,0.95,5,141,0,0,141,141,141,141
"GSE189903","GSE189903_HCC","1HT2","HCC tumour-region observational concordance; malignant status annotated separately","CASP3 OE + GSDME KO",5,5,0.596742917620596,0.00942363883203097,0.0042143794047656,0.585041924550788,0.608443910690403,0.585492917620596,0.607861338673227,5,0.580469415265555,0.00709255632908251,0.00317188761721497,0.571662843416501,0.589275987114609,0.571765711561851,0.588895341191481,5,0.12530377816341,0,0,0.12530377816341,0.12530377816341,0.12530377816341,0.12530377816341,5,19,0,0,19,19,19,19,5,0.95,0,0,0.95,0.95,0.95,0.95,5,141,0,0,141,141,141,141
"GSE189903","GSE189903_HCC","1HT2","HCC tumour-region observational concordance; malignant status annotated separately","GSDME E1 + CASP3 E1",5,5,0.602203443936385,0.01562655809406,0.00698840923053356,0.582800509335151,0.621606378537619,0.585492917620596,0.620032391304806,5,0.584358304154444,0.0114596192694052,0.00512489753653128,0.570129307474501,0.598587300834386,0.571765711561851,0.597228674524814,5,0.158111109275295,0,0,0.158111109275295,0.158111109275295,0.158111109275295,0.158111109275295,5,19,0,0,19,19,19,19,5,0.95,0,0,0.95,0.95,0.95,0.95,5,141,0,0,141,141,141,141
"GSE189903","GSE189903_HCC","1HT2","HCC tumour-region observational concordance; malignant status annotated separately","GSDME KO",5,5,0.59509818077849,0.0189914053312096,0.00849321466176729,0.571517236503432,0.618679125053548,0.570032391304806,0.619374496567964,5,0.582130247035969,0.0164016682405898,0.00733504902607164,0.561764886071147,0.602495608000791,0.560482519763242,0.603096156126878,5,0.0460798141342697,0.0390006777465763,0.0174416333219816,-0.00234592332920074,0.0945055515977402,-0.00995671480499171,0.0833219817891411,5,19,0,0,19,19,19,19,5,0.95,0,0,0.95,0.95,0.95,0.95,5,141,0,0,141,141,141,141
"GSE189903","GSE189903_HCC","1HT2","HCC tumour-region observational concordance; malignant status annotated separately","GSDME OE",5,5,0.60884818077849,0.0133172911052613,0.00595567363750353,0.592312579859488,0.625383781697492,0.595690286041648,0.625624496567964,5,0.594005247035969,0.0115012968636345,0.00514353632329836,0.579724500787741,0.608285993284198,0.582641610672333,0.608493883399605,5,0.107536496175979,0.0416764235258724,0.0186382632125844,0.0557883815100105,0.159284610841947,0.0329834433256409,0.126174759388563,5,19,0,0,19,19,19,19,5,0.95,0,0,0.95,0.95,0.95,0.95,5,141,0,0,141,141,141,141
"GSE189903","GSE189903_HCC","1HT2","HCC tumour-region observational concordance; malignant status annotated separately","MALAT1 E1 + miR-204-5p KO + SIRT1 E1",5,5,0.545361338673227,0,0,0.545361338673227,0.545361338673227,0.545361338673227,0.545361338673227,5,0.547359342019651,0,0,0.547359342019651,0.547359342019651,0.547359342019651,0.547359342019651,5,0.123675654222271,0,0,0.123675654222271,0.123675654222271,0.123675654222271,0.123675654222271,5,19,0,0,19,19,19,19,5,0.95,0,0,0.95,0.95,0.95,0.95,5,141,0,0,141,141,141,141
"GSE189903","GSE189903_HCC","1HT2","HCC tumour-region observational concordance; malignant status annotated separately","MALAT1 KO",5,5,0.62216734197852,0.015416085669047,0.00689428310058986,0.603025743410039,0.641308940547,0.606161877150698,0.638280802378147,5,0.576886129281809,0.0133138921687222,0.005954153586873,0.56035474869994,0.593417509863679,0.5630632278396,0.590802299626942,5,-0.16485232740291,0.0503618837631517,0.02252251911387,-0.227384865353338,-0.102319789452482,-0.25494240385839,-0.14232980828904,5,19,0,0,19,19,19,19,5,0.95,0,0,0.95,0.95,0.95,0.95,5,141,0,0,141,141,141,141
"GSE189903","GSE189903_HCC","1HT2","HCC tumour-region observational concordance; malignant status annotated separately","MALAT1 KO + GSDME KO",5,5,0.612562078820625,0.019386549365843,0.00866992844623606,0.588490498423658,0.636633659217592,0.58181977188754,0.630715012904463,5,0.560359793767992,0.0147337775180404,0.00658914561913931,0.542065392666297,0.578654194869687,0.536995640498848,0.574156023671709,5,-0.193168447576631,0.050735138664341,0.0226894437802689,-0.256164442700019,-0.130172452453243,-0.248746007385855,-0.156116741037148,5,19,0,0,19,19,19,19,5,0.95,0,0,0.95,0.95,0.95,0.95,5,141,0,0,141,141,141,141
"GSE189903","GSE189903_HCC","1HT2","HCC tumour-region observational concordance; malignant status annotated separately","MALAT1 OE",5,5,0.545361338673227,0,0,0.545361338673227,0.545361338673227,0.545361338673227,0.545361338673227,5,0.567797731281063,0,0,0.567797731281063,0.567797731281063,0.567797731281063,0.567797731281063,5,0.123675654222271,0,0,0.123675654222271,0.123675654222271,0.123675654222271,0.123675654222271,5,19,0,0,19,19,19,19,5,0.95,0,0,0.95,0.95,0.95,0.95,5,141,0,0,141,141,141,141
"GSE189903","GSE189903_HCC","1HT2","HCC tumour-region observational concordance; malignant status annotated separately","miR-204-5p KO",5,5,0.545361338673227,0,0,0.545361338673227,0.545361338673227,0.545361338673227,0.545361338673227,5,0.533538197968684,0,0,0.533538197968684,0.533538197968684,0.533538197968684,0.533538197968684,5,0.123675654222271,0,0,0.123675654222271,0.123675654222271,0.123675654222271,0.123675654222271,5,19,0,0,19,19,19,19,5,0.95,0,0,0.95,0.95,0.95,0.95,5,141,0,0,141,141,141,141
"GSE189903","GSE189903_HCC","1HT2","HCC tumour-region observational concordance; malignant status annotated separately","miR-204-5p OE",5,5,0.607107297977679,0.00558242195673579,0.00249653499486972,0.600175805611218,0.61403879034414,0.6011862453461,0.613028350609258,5,0.582337965886004,0.00424264068711928,0.00189736659610102,0.577070031687493,0.587605900084514,0.577837965886004,0.586837965886004,5,-0.287115999536242,0,0,-0.287115999536242,-0.287115999536242,-0.287115999536242,-0.287115999536242,5,19,0,0,19,19,19,19,5,0.95,0,0,0.95,0.95,0.95,0.95,5,141,0,0,141,141,141,141
"GSE189903","GSE189903_HCC","1HT2","HCC tumour-region observational concordance; malignant status annotated separately","miR-204-5p OE + CASP3 KO",5,5,0.538225504410397,0.00291039010035605,0.00130156602108771,0.534611777802057,0.541839231018738,0.534080982188205,0.542303593299166,5,0.531496331999777,0.00310353486092019,0.00138794298391158,0.527642784495802,0.535349879503752,0.527665818379724,0.536334515512249,5,-0.272705992127679,0.0269384882396436,0.0120472581829843,-0.30615454314088,-0.239257441114478,-0.314679563232686,-0.254572230929814,5,19,0,0,19,19,19,19,5,0.95,0,0,0.95,0.95,0.95,0.95,5,141,0,0,141,141,141,141
"GSE189903","GSE189903_HCC","1HT2","HCC tumour-region observational concordance; malignant status annotated separately","miR-204-5p OE + GSDME KO",5,5,0.587173087451363,0.00327794030746132,0.00146593947073401,0.583102986983327,0.591243187919398,0.5824362453461,0.590659929556626,5,0.559989255255361,0.00222431663720626,0.000994744640855389,0.557227401366336,0.562751109144386,0.556774969541075,0.562355326683933,5,-0.264129760802467,0.0439326679122624,0.0196472863769485,-0.318679372894165,-0.209580148710769,-0.29343725598661,-0.194886630391107,5,19,0,0,19,19,19,19,5,0.95,0,0,0.95,0.95,0.95,0.95,5,141,0,0,141,141,141,141
"GSE189903","GSE189903_HCC","1HT2","HCC tumour-region observational concordance; malignant status annotated separately","p21 E1",5,5,0.580013046317578,0.0162946860549325,0.0072872051381694,0.559780521281136,0.600245571354021,0.557447256843894,0.599223572633368,5,0.528818328169478,0.013541227393389,0.00605582099008002,0.512004673623616,0.54563198271534,0.510122675995565,0.544905284691217,5,-0.168188802998994,0,0,-0.168188802998994,-0.168188802998994,-0.168188802998994,-0.168188802998994,5,19,0,0,19,19,19,19,5,0.95,0,0,0.95,0.95,0.95,0.95,5,141,0,0,141,141,141,141
"GSE189903","GSE189903_HCC","1HT2","HCC tumour-region observational concordance; malignant status annotated separately","p53 E1",5,5,0.775122907641305,0.0210269168611799,0.00940352309176697,0.749014541981554,0.801231273301056,0.750780802378147,0.804070276062357,5,0.738211610446078,0.0173700617548877,0.00776812777145964,0.716643830118457,0.759779390773698,0.718102914793904,0.762124653924338,5,0.122388129698333,0,0,0.122388129698333,0.122388129698333,0.122388129698333,0.122388129698333,5,19,0,0,19,19,19,19,5,0.95,0,0,0.95,0.95,0.95,0.95,5,141,0,0,141,141,141,141
"GSE189903","GSE189903_HCC","1HT2","HCC tumour-region observational concordance; malignant status annotated separately","p53 E1 + miR-204-5p E1 + CASP3 KO + p21 E1",5,5,0.511646557041976,0.000147589640076559,0.0000660040935971828,0.511463300299385,0.511829813784567,0.511382540667587,0.511712561135573,5,0.490035149521913,0.0000757892746339981,0.0000338939940094041,0.48994104470815,0.490129254335676,0.489899573545875,0.490069043515922,5,-0.340275327530469,0,0,-0.340275327530469,-0.340275327530469,-0.340275327530469,-0.340275327530469,5,19,0,0,19,19,19,19,5,0.95,0,0,0.95,0.95,0.95,0.95,5,141,0,0,141,141,141,141
"GSE189903","GSE189903_HCC","1HT2","HCC tumour-region observational concordance; malignant status annotated separately","p53 KO",5,5,0.545361338673227,0,0,0.545361338673227,0.545361338673227,0.545361338673227,0.545361338673227,5,0.548408575211579,0,0,0.548408575211579,0.548408575211579,0.548408575211579,0.548408575211579,5,0.123675654222271,0,0,0.123675654222271,0.123675654222271,0.123675654222271,0.123675654222271,5,19,0,0,19,19,19,19,5,0.95,0,0,0.95,0.95,0.95,0.95,5,141,0,0,141,141,141,141
"GSE189903","GSE189903_HCC","1HT2","HCC tumour-region observational concordance; malignant status annotated separately","Reference: DDR ON, GSDME endogenous",5,5,0.605032391304806,0.0138814230472666,0.00620796111162409,0.587796328063179,0.622268454546433,0.589440286041648,0.616413970252175,5,0.605032391304806,0.0138814230472666,0.00620796111162409,0.587796328063179,0.622268454546433,0.589440286041648,0.616413970252175,5,0.0602528655965281,0.0622024466542217,0.0278177798171288,-0.0169816730142092,0.137487404207265,-0.00788650073252987,0.1056791098159,5,19,0,0,19,19,19,19,5,0.95,0,0,0.95,0.95,0.95,0.95,5,141,0,0,141,141,141,141
"GSE189903","GSE189903_HCC","1HT2","HCC tumour-region observational concordance; malignant status annotated separately","SIRT1 KO",5,5,0.524691359339026,0.0101131924756659,0.00452275716902565,0.512134172335086,0.537248546342965,0.512125569865341,0.53975714881271,5,0.52039720988876,0.00835437639294104,0.00373619070484713,0.510023881494202,0.530770538283319,0.510016775106152,0.532842862062673,5,-0.169251793678161,0.000911556798265624,0.000407660593254799,-0.170383640936885,-0.168119946419437,-0.169659454271416,-0.167621151305142,5,19,0,0,19,19,19,19,5,0.95,0,0,0.95,0.95,0.95,0.95,5,141,0,0,141,141,141,141
"GSE189903","GSE189903_HCC","1HT2","HCC tumour-region observational concordance; malignant status annotated separately","SIRT1 KO + GSDME KO",5,5,0.520283464602183,0.00376784764823051,0.00168503269406123,0.515605063826659,0.524961865377708,0.516401885654815,0.524625569865341,5,0.514870608747749,0.00276703471952445,0.00123745554579175,0.511434881354736,0.518306336140763,0.511985993363134,0.51799560874775,5,-0.190359065168416,0.0101239436105006,0.0045275652226908,-0.20292960146942,-0.177788528867413,-0.194886630391107,-0.172248804277653,5,19,0,0,19,19,19,19,5,0.95,0,0,0.95,0.95,0.95,0.95,5,141,0,0,141,141,141,141
"GSE189903","GSE189903_HCC","1HT2","HCC tumour-region observational concordance; malignant status annotated separately","SIRT1 KO + GSDME KO + CASP3 E1",5,5,0.513704517233762,0.00398420313911559,0.0017817898110461,0.508757475634392,0.518651558833133,0.508178201444289,0.51804662249692,5,0.520844987252263,0.00325590794164291,0.00145608629719899,0.516802243579659,0.524887730924867,0.516328858220005,0.524393374349037,5,-0.088025354953866,0,0,-0.088025354953866,-0.088025354953866,-0.088025354953866,-0.088025354953866,5,19,0,0,19,19,19,19,5,0.95,0,0,0.95,0.95,0.95,0.95,5,141,0,0,141,141,141,141
"GSE189903","GSE189903_HCC","1HT2","HCC tumour-region observational concordance; malignant status annotated separately","SIRT1 OE",5,5,0.545361338673227,0,0,0.545361338673227,0.545361338673227,0.545361338673227,0.545361338673227,5,0.537472410208318,0,0,0.537472410208318,0.537472410208318,0.537472410208318,0.537472410208318,5,0.123675654222271,0,0,0.123675654222271,0.123675654222271,0.123675654222271,0.123675654222271,5,19,0,0,19,19,19,19,5,0.95,0,0,0.95,0.95,0.95,0.95,5,141,0,0,141,141,141,141
"GSE189903","GSE189903_HCC","1HT3","HCC tumour-region observational concordance; malignant status annotated separately","BAX E1",5,5,0.596240716890337,0.0132009984775137,0.00590366599331837,0.579849512340466,0.612631921440209,0.57518808531139,0.609398611627179,5,0.579254162818356,0.0116699222998241,0.00521894791090948,0.564764040436829,0.593744285199883,0.56061285847053,0.590775901948791,5,0.189528401218569,0.0210414553162042,0.0094100248865114,0.163401983682625,0.215654818754513,0.180118376332058,0.227168500764615,5,19,0,0,19,19,19,19,5,0.95,0,0,0.95,0.95,0.95,0.95,5,276,0,0,276,276,276,276
"GSE189903","GSE189903_HCC","1HT3","HCC tumour-region observational concordance; malignant status annotated separately","BAX E1 + GSDME KO",5,5,0.600977558995601,0.014258265329061,0.00637649010340176,0.583273584259669,0.618681533731533,0.585385453732443,0.61268808531139,5,0.573907528647008,0.0111780138536782,0.00499895976605175,0.560028191273472,0.587786866020543,0.561551759416238,0.582705605570085,5,0.151403852568976,0,0,0.151403852568976,0.151403852568976,0.151403852568976,0.151403852568976,5,19,0,0,19,19,19,19,5,0.95,0,0,0.95,0.95,0.95,0.95,5,276,0,0,276,276,276,276
"GSE189903","GSE189903_HCC","1HT3","HCC tumour-region observational concordance; malignant status annotated separately","BCL2 KO",5,5,0.614489940612941,0.00692510387733726,0.0030970006041947,0.60589128844463,0.623088592781252,0.606989940612941,0.62541099324452,5,0.596950062375443,0.00618016540591315,0.00276385399196288,0.589276373487976,0.604623751262909,0.589866729042109,0.606533395708776,5,0.299257545633366,0,0,0.299257545633366,0.299257545633366,0.299257545633366,0.299257545633366,5,19,0,0,19,19,19,19,5,0.95,0,0,0.95,0.95,0.95,0.95,5,276,0,0,276,276,276,276
"GSE189903","GSE189903_HCC","1HT3","HCC tumour-region observational concordance; malignant status annotated separately","CASP3 KO",5,5,0.608634677455047,0.0101761238804328,0.00455090094882132,0.595999350791452,0.621270004118642,0.60041099324452,0.626068887981362,5,0.59672299203293,0.00832466215530697,0.00372290209379726,0.586386558737476,0.607059425328384,0.59012299203293,0.61112299203293,5,0.233966188398386,0.0143987145032918,0.0064393008835945,0.216087822979235,0.251844553817538,0.218193186933327,0.244481522708426,5,19,0,0,19,19,19,19,5,0.95,0,0,0.95,0.95,0.95,0.95,5,276,0,0,276,276,276,276
"GSE189903","GSE189903_HCC","1HT3","HCC tumour-region observational concordance; malignant status annotated separately","CASP3 OE",5,5,0.603766256402415,0.00964214261082148,0.00431209726530883,0.591793955057011,0.615738557747818,0.591200466928731,0.613897835349783,5,0.59352299203293,0.00746993975879326,0.00334065861769802,0.584247836765685,0.602798147300175,0.58362299203293,0.60162299203293,5,0.375906544568416,0,0,0.375906544568416,0.375906544568416,0.375906544568416,0.375906544568416,5,19,0,0,19,19,19,19,5,0.95,0,0,0.95,0.95,0.95,0.95,5,276,0,0,276,276,276,276
"GSE189903","GSE189903_HCC","1HT3","HCC tumour-region observational concordance; malignant status annotated separately","CASP3 OE + GSDME KO",5,5,0.598503098507678,0.00942363883203125,0.00421437940476572,0.58680210543787,0.610204091577487,0.587253098507678,0.60962151956031,5,0.582428696326787,0.00709255632908251,0.00317188761721497,0.573622124477733,0.591235268175841,0.573724992623083,0.590854622252713,5,0.343405751870433,0,0,0.343405751870433,0.343405751870433,0.343405751870433,0.343405751870433,5,19,0,0,19,19,19,19,5,0.95,0,0,0.95,0.95,0.95,0.95,5,276,0,0,276,276,276,276
"GSE189903","GSE189903_HCC","1HT3","HCC tumour-region observational concordance; malignant status annotated separately","GSDME E1 + CASP3 E1",5,5,0.603963624823468,0.0156265580940602,0.00698840923053362,0.584560690222234,0.623366559424702,0.587253098507678,0.621792572191889,5,0.586317585215676,0.0114596192694052,0.00512489753653128,0.572088588535733,0.600546581895618,0.573724992623083,0.599187955586046,5,0.375906544568416,0,0,0.375906544568416,0.375906544568416,0.375906544568416,0.375906544568416,5,19,0,0,19,19,19,19,5,0.95,0,0,0.95,0.95,0.95,0.95,5,276,0,0,276,276,276,276
"GSE189903","GSE189903_HCC","1HT3","HCC tumour-region observational concordance; malignant status annotated separately","GSDME KO",5,5,0.596858361665573,0.0189914053312096,0.00849321466176731,0.573277417390515,0.620439305940631,0.571792572191889,0.621134677455047,5,0.583650403256631,0.01640166824059,0.00733504902607173,0.563285042291809,0.604015764221454,0.562002675983904,0.60461631234754,5,0.289067818706756,0.0274718523417635,0.012285785860804,0.254957008690018,0.323178628723493,0.248917870124793,0.314946610410527,5,19,0,0,19,19,19,19,5,0.95,0,0,0.95,0.95,0.95,0.95,5,276,0,0,276,276,276,276
"GSE189903","GSE189903_HCC","1HT3","HCC tumour-region observational concordance; malignant status annotated separately","GSDME OE",5,5,0.610608361665573,0.0133172911052615,0.0059556736375036,0.594072760746571,0.627143962584575,0.597450466928731,0.627384677455047,5,0.595525403256631,0.0115012968636348,0.00514353632329851,0.581244657008402,0.609806149504861,0.584161766892995,0.610014039620268,5,0.344389032057248,0.029501288563258,0.0131933773302564,0.30775834414763,0.381019719966866,0.291615522736222,0.357582409387504,5,19,0,0,19,19,19,19,5,0.95,0,0,0.95,0.95,0.95,0.95,5,276,0,0,276,276,276,276
"GSE189903","GSE189903_HCC","1HT3","HCC tumour-region observational concordance; malignant status annotated separately","MALAT1 E1 + miR-204-5p KO + SIRT1 E1",5,5,0.54712151956031,0,0,0.54712151956031,0.54712151956031,0.54712151956031,0.54712151956031,5,0.544040984550274,0,0,0.544040984550274,0.544040984550274,0.544040984550274,0.544040984550274,5,0.415999927838549,0,0,0.415999927838549,0.415999927838549,0.415999927838549,0.415999927838549,5,19,0,0,19,19,19,19,5,0.95,0,0,0.95,0.95,0.95,0.95,5,276,0,0,276,276,276,276
"GSE189903","GSE189903_HCC","1HT3","HCC tumour-region observational concordance; malignant status annotated separately","MALAT1 KO",5,5,0.630788807543603,0.015582502739638,0.00696870707708147,0.611440574889883,0.650137040197323,0.614650686333729,0.647101252516309,5,0.593048572562314,0.0134576160024146,0.00601842883929762,0.576338735270465,0.609758409854163,0.579111104244695,0.60713659322056,5,0.0710084977617848,0.0382377265609116,0.0171004311790495,0.0235300893179411,0.118486906205629,0.00260677304558681,0.0881089289408343,5,19,0,0,19,19,19,19,5,0.95,0,0,0.95,0.95,0.95,0.95,5,276,0,0,276,276,276,276
"GSE189903","GSE189903_HCC","1HT3","HCC tumour-region observational concordance; malignant status annotated separately","MALAT1 KO + GSDME KO",5,5,0.621183544385708,0.0195197030990122,0.00872947660600093,0.596946631792039,0.645420456979378,0.590308581070571,0.639535463042625,5,0.574582743854836,0.0148349743552497,0.00663440222056088,0.556162690283647,0.593002797426026,0.551117771735331,0.588530202034093,5,0.0341375273734563,0.0359136374815001,0.0160610669455837,-0.0104551433318636,0.0787301980787762,-0.00520389136790492,0.0603651398676971,5,19,0,0,19,19,19,19,5,0.95,0,0,0.95,0.95,0.95,0.95,5,276,0,0,276,276,276,276
"GSE189903","GSE189903_HCC","1HT3","HCC tumour-region observational concordance; malignant status annotated separately","MALAT1 OE",5,5,0.54712151956031,0,0,0.54712151956031,0.54712151956031,0.54712151956031,0.54712151956031,5,0.560601255391066,0,0,0.560601255391066,0.560601255391066,0.560601255391066,0.560601255391066,5,0.415999927838549,0,0,0.415999927838549,0.415999927838549,0.415999927838549,0.415999927838549,5,19,0,0,19,19,19,19,5,0.95,0,0,0.95,0.95,0.95,0.95,5,276,0,0,276,276,276,276
"GSE189903","GSE189903_HCC","1HT3","HCC tumour-region observational concordance; malignant status annotated separately","miR-204-5p KO",5,5,0.54712151956031,0,0,0.54712151956031,0.54712151956031,0.54712151956031,0.54712151956031,5,0.537094070964037,0,0,0.537094070964037,0.537094070964037,0.537094070964037,0.537094070964037,5,0.415999927838549,0,0,0.415999927838549,0.415999927838549,0.415999927838549,0.415999927838549,5,19,0,0,19,19,19,19,5,0.95,0,0,0.95,0.95,0.95,0.95,5,276,0,0,276,276,276,276
"GSE189903","GSE189903_HCC","1HT3","HCC tumour-region observational concordance; malignant status annotated separately","miR-204-5p OE",5,5,0.607690107065962,0.00517490069202411,0.00231428594483532,0.601264619182396,0.614115594949528,0.602121375502372,0.612753730727136,5,0.580562765271929,0.0039329245259385,0.00175885731807492,0.575679394480419,0.58544613606344,0.576330529283601,0.584411119254422,5,-0.485052029519561,0,0,-0.485052029519561,-0.485052029519561,-0.485052029519561,-0.485052029519561,5,19,0,0,19,19,19,19,5,0.95,0,0,0.95,0.95,0.95,0.95,5,276,0,0,276,276,276,276
"GSE189903","GSE189903_HCC","1HT3","HCC tumour-region observational concordance; malignant status annotated separately","miR-204-5p OE + CASP3 KO",5,5,0.53510094389271,0.0019045110415198,0.000851723230547441,0.532736181098273,0.537465706687146,0.531832678095557,0.536437941253452,5,0.52716480975255,0.000750377517428633,0.000335579027551591,0.526233093004098,0.528096526501003,0.525822493642344,0.527500388780102,5,-0.508738741980813,0.013285434148193,0.0059414267731913,-0.525234787263131,-0.492242696698495,-0.529180239293918,-0.499715860714079,5,19,0,0,19,19,19,19,5,0.95,0,0,0.95,0.95,0.95,0.95,5,276,0,0,276,276,276,276
"GSE189903","GSE189903_HCC","1HT3","HCC tumour-region observational concordance; malignant status annotated separately","miR-204-5p OE + GSDME KO",5,5,0.58635094389271,0.00205793760748436,0.00092033767675766,0.583795676854947,0.588906210930472,0.583371375502372,0.58906952020082,5,0.557450893982373,0.00139645766222165,0.000624514852085611,0.555716962778176,0.559184825186569,0.555429044003215,0.559295642191448,5,-0.47452516603455,0.0309442833521896,0.0138387042181022,-0.51294756862318,-0.43610276344592,-0.494967748777414,-0.425207193580598,5,19,0,0,19,19,19,19,5,0.95,0,0,0.95,0.95,0.95,0.95,5,276,0,0,276,276,276,276
"GSE189903","GSE189903_HCC","1HT3","HCC tumour-region observational concordance; malignant status annotated separately","p21 E1",5,5,0.579725105962693,0.0162946860549324,0.00728720513816936,0.55949258092625,0.599957630999135,0.557159316489008,0.598935632278482,5,0.526042575033003,0.0135412273933891,0.00605582099008004,0.509228920487141,0.542856229578865,0.50734692285909,0.542129531554742,5,0.0355181323103465,0,0,0.0355181323103465,0.0355181323103465,0.0355181323103465,0.0355181323103465,5,19,0,0,19,19,19,19,5,0.95,0,0,0.95,0.95,0.95,0.95,5,276,0,0,276,276,276,276
"GSE189903","GSE189903_HCC","1HT3","HCC tumour-region observational concordance; malignant status annotated separately","p53 E1",5,5,0.783795086148835,0.0207728421568513,0.00928989742971858,0.758002195902303,0.809587976395366,0.759601252516309,0.812149368047357,5,0.742744110808395,0.0171601739556597,0.0076742630941153,0.721436940604739,0.764051281012052,0.722757900416309,0.766167213246305,5,0.340900841949433,0,0,0.340900841949433,0.340900841949433,0.340900841949433,0.340900841949433,5,19,0,0,19,19,19,19,5,0.95,0,0,0.95,0.95,0.95,0.95,5,276,0,0,276,276,276,276
"GSE189903","GSE189903_HCC","1HT3","HCC tumour-region observational concordance; malignant status annotated separately","p53 E1 + miR-204-5p E1 + CASP3 KO + p21 E1",5,5,0.504858993885031,0.0025901341690829,0.00115834321458286,0.501642917536763,0.508075070233298,0.500911625463978,0.506832678095557,5,0.481837516367397,0.001330068897637,0.000594824893974908,0.48018601770207,0.483489015032723,0.47981048934037,0.48285102988091,5,-0.556059681574181,0,0,-0.556059681574181,-0.556059681574181,-0.556059681574181,-0.556059681574181,5,19,0,0,19,19,19,19,5,0.95,0,0,0.95,0.95,0.95,0.95,5,276,0,0,276,276,276,276
"GSE189903","GSE189903_HCC","1HT3","HCC tumour-region observational concordance; malignant status annotated separately","p53 KO",5,5,0.54712151956031,0,0,0.54712151956031,0.54712151956031,0.54712151956031,0.54712151956031,5,0.547231164496136,0,0,0.547231164496136,0.547231164496136,0.547231164496136,0.547231164496136,5,0.415999927838549,0,0,0.415999927838549,0.415999927838549,0.415999927838549,0.415999927838549,5,19,0,0,19,19,19,19,5,0.95,0,0,0.95,0.95,0.95,0.95,5,276,0,0,276,276,276,276
"GSE189903","GSE189903_HCC","1HT3","HCC tumour-region observational concordance; malignant status annotated separately","Reference: DDR ON, GSDME endogenous",5,5,0.606792572191889,0.0138814230472662,0.00620796111162391,0.589556508950262,0.624028635433515,0.591200466928731,0.618174151139257,5,0.606792572191889,0.0138814230472662,0.00620796111162391,0.589556508950262,0.624028635433515,0.591200466928731,0.618174151139257,5,0.317247636133902,0.0472277835707977,0.0211209068981903,0.258606597559083,0.37588867470872,0.265512191328506,0.351737932670832,5,19,0,0,19,19,19,19,5,0.95,0,0,0.95,0.95,0.95,0.95,5,276,0,0,276,276,276,276
"GSE189903","GSE189903_HCC","1HT3","HCC tumour-region observational concordance; malignant status annotated separately","SIRT1 KO",5,5,0.516268565377385,0.0101131924756658,0.00452275716902564,0.503711378373445,0.528825752381324,0.5037027759037,0.531334354851069,5,0.513439249659579,0.00835437639294131,0.00373619070484725,0.50306592126502,0.523812578054137,0.50305881487697,0.525884901833492,5,-0.3799058715924,0.0357014825463603,0.0159661883742368,-0.424235117152716,-0.335576626032084,-0.395872059966637,-0.316041118095453,5,19,0,0,19,19,19,19,5,0.95,0,0,0.95,0.95,0.95,0.95,5,276,0,0,276,276,276,276
"GSE189903","GSE189903_HCC","1HT3","HCC tumour-region observational concordance; malignant status annotated separately","SIRT1 KO + GSDME KO",5,5,0.511860670640542,0.00376784764823053,0.00168503269406124,0.507182269865018,0.516539071416067,0.507979091693174,0.5162027759037,5,0.508715490083473,0.00276703471952416,0.00123745554579162,0.50527976269046,0.512151217476486,0.505830874698858,0.511840490083473,5,-0.420617915412289,0.0102619379519955,0.0045892781683094,-0.433359794319082,-0.407876036505495,-0.425207193580598,-0.402260802739051,5,19,0,0,19,19,19,19,5,0.95,0,0,0.95,0.95,0.95,0.95,5,276,0,0,276,276,276,276
"GSE189903","GSE189903_HCC","1HT3","HCC tumour-region observational concordance; malignant status annotated separately","SIRT1 KO + GSDME KO + CASP3 E1",5,5,0.505281723272121,0.00398420313911557,0.0017817898110461,0.500334681672751,0.510228764871492,0.499755407482648,0.509623828535279,5,0.516310279720893,0.00325590794164284,0.00145608629719896,0.512267536048289,0.520353023393496,0.511794150688635,0.519858666817667,5,-0.296085284844822,0,0,-0.296085284844822,-0.296085284844822,-0.296085284844822,-0.296085284844822,5,19,0,0,19,19,19,19,5,0.95,0,0,0.95,0.95,0.95,0.95,5,276,0,0,276,276,276,276
"GSE189903","GSE189903_HCC","1HT3","HCC tumour-region observational concordance; malignant status annotated separately","SIRT1 OE",5,5,0.54712151956031,0,0,0.54712151956031,0.54712151956031,0.54712151956031,0.54712151956031,5,0.538926472680256,0,0,0.538926472680256,0.538926472680256,0.538926472680256,0.538926472680256,5,0.415999927838549,0,0,0.415999927838549,0.415999927838549,0.415999927838549,0.415999927838549,5,19,0,0,19,19,19,19,5,0.95,0,0,0.95,0.95,0.95,0.95,5,276,0,0,276,276,276,276
"GSE189903","GSE189903_HCC","2HT2","HCC tumour-region observational concordance; malignant status annotated separately","BAX E1",5,5,0.535042011645425,0.0112098197516405,0.0050131837960376,0.52112318203346,0.548960841257391,0.51714727480332,0.546094643224373,5,0.565141464828358,0.0100267688736386,0.00448410735922697,0.552691586899651,0.577591342757065,0.549108856132706,0.57492407352401,5,-0.174632743209726,0.0157516250719123,0.0070443408833772,-0.194190968974724,-0.155074517444729,-0.202810106743235,-0.167588402326349,5,19,0,0,19,19,19,19,5,0.95,0,0,0.95,0.95,0.95,0.95,5,24,0,0,24,24,24,24
"GSE189903","GSE189903_HCC","2HT2","HCC tumour-region observational concordance; malignant status annotated separately","BAX E1 + GSDME KO",5,5,0.538463064277004,0.0119657289940946,0.00535123668622716,0.523605649372774,0.553320479181234,0.525370959013846,0.548068327434899,5,0.560461680425086,0.0095056843201052,0.00425107126248182,0.548658814426521,0.572264546423651,0.54993283427124,0.567721295809701,5,-0.146183030066597,0,0,-0.146183030066597,-0.146183030066597,-0.146183030066597,-0.146183030066597,5,19,0,0,19,19,19,19,5,0.95,0,0,0.95,0.95,0.95,0.95,5,24,0,0,24,24,24,24
"GSE189903","GSE189903_HCC","2HT2","HCC tumour-region observational concordance; malignant status annotated separately","BCL2 KO",5,5,0.520854977617736,0.00588438941447303,0.00263157894736838,0.513548543130373,0.528161412105098,0.514276030249315,0.530065503933525,5,0.51118094797808,0.00539257462731019,0.00241163268808124,0.504485182205722,0.517876713750439,0.504826781311414,0.519410114644747,5,-0.335752368271581,0,0,-0.335752368271581,-0.335752368271581,-0.335752368271581,-0.335752368271581,5,19,0,0,19,19,19,19,5,0.95,0,0,0.95,0.95,0.95,0.95,5,24,0,0,24,24,24,24
"GSE189903","GSE189903_HCC","2HT2","HCC tumour-region observational concordance; malignant status annotated separately","CASP3 KO",5,5,0.515131293407209,0.00835293170952828,0.00373554462278375,0.504759758824034,0.525502827990385,0.508354977617736,0.529407609196683,5,0.50979783354701,0.00693721846275582,0.00310241841149772,0.501184139134132,0.518411527959888,0.50429783354701,0.52179783354701,5,-0.30357770153085,0.00403164006092183,0.00180300424740652,-0.308583643848212,-0.298571759213487,-0.306521995137661,-0.299161261120633,5,19,0,0,19,19,19,19,5,0.95,0,0,0.95,0.95,0.95,0.95,5,24,0,0,24,24,24,24
"GSE189903","GSE189903_HCC","2HT2","HCC tumour-region observational concordance; malignant status annotated separately","CASP3 OE",5,5,0.511447082880894,0.00782452329665805,0.00349923319657163,0.501731654000327,0.521162511761461,0.501118135512473,0.519868135512473,5,0.50749783354701,0.00609918027279075,0.00272763633939717,0.499924700983731,0.515070966110289,0.49929783354701,0.51429783354701,5,-0.459674019681155,0,0,-0.459674019681155,-0.459674019681155,-0.459674019681155,-0.459674019681155,5,19,0,0,19,19,19,19,5,0.95,0,0,0.95,0.95,0.95,0.95,5,24,0,0,24,24,24,24
"GSE189903","GSE189903_HCC","2HT2","HCC tumour-region observational concordance; malignant status annotated separately","CASP3 OE + GSDME KO",5,5,0.506841819722999,0.00793097494469681,0.00354683982083794,0.496994213663513,0.516689425782485,0.49717076709142,0.516249714459841,5,0.50323873476575,0.00605048490840907,0.00270585911040785,0.495726065483303,0.510751404048196,0.495646142173157,0.510460956987972,5,-0.408416917110027,0,0,-0.408416917110027,-0.408416917110027,-0.408416917110027,-0.408416917110027,5,19,0,0,19,19,19,19,5,0.95,0,0,0.95,0.95,0.95,0.95,5,24,0,0,24,24,24,24
"GSE189903","GSE189903_HCC","2HT2","HCC tumour-region observational concordance; malignant status annotated separately","GSDME E1 + CASP3 E1",5,5,0.511249714459841,0.012894988585083,0.00576681420906587,0.495238471376495,0.527260957543187,0.49717076709142,0.525789188144052,5,0.506386882913898,0.00954647142131969,0.00426931180866597,0.494533373040164,0.518240392787632,0.495646142173157,0.516942438469453,5,-0.459674019681155,0,0,-0.459674019681155,-0.459674019681155,-0.459674019681155,-0.459674019681155,5,19,0,0,19,19,19,19,5,0.95,0,0,0.95,0.95,0.95,0.95,5,24,0,0,24,24,24,24
"GSE189903","GSE189903_HCC","2HT2","HCC tumour-region observational concordance; malignant status annotated separately","GSDME KO",5,5,0.506118135512473,0.0159673370290903,0.00714081020333909,0.486292067976265,0.52594420304868,0.484999714459841,0.526447082880894,5,0.505283844306226,0.0137899728887595,0.00616706335742906,0.488161331434048,0.522406357178405,0.48704520794259,0.522840662488044,5,-0.355227259702879,0.0142978434778095,0.0063941899896068,-0.372980377201227,-0.33747414220453,-0.368398447784693,-0.33381196477788,5,19,0,0,19,19,19,19,5,0.95,0,0,0.95,0.95,0.95,0.95,5,24,0,0,24,24,24,24
"GSE189903","GSE189903_HCC","2HT2","HCC tumour-region observational concordance; malignant status annotated separately","GSDME OE",5,5,0.517762872354578,0.0109978671440172,0.00491839570830679,0.504107216664823,0.531418528044332,0.50671024077563,0.531381293407209,5,0.515340662488044,0.00949815798801473,0.00424770538444671,0.503547141665075,0.527134183311014,0.50579520794259,0.527102026124408,5,-0.419779759658713,0.0154530559140876,0.006910816696801,-0.438967262849465,-0.400592256467961,-0.426690576355514,-0.392136492871509,5,19,0,0,19,19,19,19,5,0.95,0,0,0.95,0.95,0.95,0.95,5,24,0,0,24,24,24,24
"GSE189903","GSE189903_HCC","2HT2","HCC tumour-region observational concordance; malignant status annotated separately","MALAT1 E1 + miR-204-5p KO + SIRT1 E1",5,5,0.46417076709142,0,0,0.46417076709142,0.46417076709142,0.46417076709142,0.46417076709142,5,0.514714725479009,0,0,0.514714725479009,0.514714725479009,0.514714725479009,0.514714725479009,5,-0.348540480080946,0,0,-0.348540480080946,-0.348540480080946,-0.348540480080946,-0.348540480080946,5,19,0,0,19,19,19,19,5,0.95,0,0,0.95,0.95,0.95,0.95,5,24,0,0,24,24,24,24
"GSE189903","GSE189903_HCC","2HT2","HCC tumour-region observational concordance; malignant status annotated separately","MALAT1 KO",5,5,0.511512872354578,0.0166461669866145,0.00744439218937658,0.490843926099211,0.532181818609945,0.494539188144052,0.529407609196683,5,0.441897480669863,0.0143762351248037,0.00642924779991624,0.424047027085681,0.459747934254044,0.427238389760772,0.457352026124408,5,-0.621767506833367,0.0214504319731941,0.0095929248077594,-0.648401735960401,-0.595133277706333,-0.631360431641126,-0.583395807602329,5,19,0,0,19,19,19,19,5,0.95,0,0,0.95,0.95,0.95,0.95,5,24,0,0,24,24,24,24
"GSE189903","GSE189903_HCC","2HT2","HCC tumour-region observational concordance; malignant status annotated separately","MALAT1 KO + GSDME KO",5,5,0.501776030249315,0.0202870138962214,0.00907262842648677,0.476586375463317,0.526965685035312,0.470197082880894,0.521841819722999,5,0.441469782989479,0.0154181305611283,0.00689519760412999,0.422325645352121,0.460613920626837,0.417469782989479,0.456719782989479,5,-0.574301451361987,0.0188119053474522,0.00841293982863898,-0.597659516969535,-0.550943385754439,-0.588039724573256,-0.553694041545084,5,19,0,0,19,19,19,19,5,0.95,0,0,0.95,0.95,0.95,0.95,5,24,0,0,24,24,24,24
"GSE189903","GSE189903_HCC","2HT2","HCC tumour-region observational concordance; malignant status annotated separately","MALAT1 OE",5,5,0.46417076709142,0,0,0.46417076709142,0.46417076709142,0.46417076709142,0.46417076709142,5,0.537102026124408,0,0,0.537102026124408,0.537102026124408,0.537102026124408,0.537102026124408,5,-0.348540480080946,0,0,-0.348540480080946,-0.348540480080946,-0.348540480080946,-0.348540480080946,5,19,0,0,19,19,19,19,5,0.95,0,0,0.95,0.95,0.95,0.95,5,24,0,0,24,24,24,24
"GSE189903","GSE189903_HCC","2HT2","HCC tumour-region observational concordance; malignant status annotated separately","miR-204-5p KO",5,5,0.46417076709142,0,0,0.46417076709142,0.46417076709142,0.46417076709142,0.46417076709142,5,0.458366259593971,0,0,0.458366259593971,0.458366259593971,0.458366259593971,0.458366259593971,5,-0.348540480080946,0,0,-0.348540480080946,-0.348540480080946,-0.348540480080946,-0.348540480080946,5,19,0,0,19,19,19,19,5,0.95,0,0,0.95,0.95,0.95,0.95,5,24,0,0,24,24,24,24
"GSE189903","GSE189903_HCC","2HT2","HCC tumour-region observational concordance; malignant status annotated separately","miR-204-5p OE",5,5,0.627501211305809,0.00372161463782386,0.00166435666324648,0.622880216394835,0.632122206216783,0.623553842884756,0.631448579726861,5,0.611304443987923,0.00282842712474619,0.00126491106406735,0.607792487855583,0.614816400120263,0.608304443987923,0.614304443987923,5,0.0304516969205106,0,0,0.0304516969205106,0.0304516969205106,0.0304516969205106,0.0304516969205106,5,19,0,0,19,19,19,19,5,0.95,0,0,0.95,0.95,0.95,0.95,5,24,0,0,24,24,24,24
"GSE189903","GSE189903_HCC","2HT2","HCC tumour-region observational concordance; malignant status annotated separately","miR-204-5p OE + CASP3 KO",5,5,0.553817000779493,0.00190392054322179,0.00085145915168045,0.551452971185534,0.556181030373452,0.550527527095283,0.555132790253177,5,0.557381043988269,0.00244276310175162,0.00109243686968897,0.554347952988684,0.560414134987855,0.553026205278592,0.558671366568914,5,0.0979751304132242,0.00371018683739703,0.00165924599552894,0.0933683249906189,0.10258193583583,0.0954645865986801,0.103714612601035,5,19,0,0,19,19,19,19,5,0.95,0,0,0.95,0.95,0.95,0.95,5,24,0,0,24,24,24,24
"GSE189903","GSE189903_HCC","2HT2","HCC tumour-region observational concordance; malignant status annotated separately","miR-204-5p OE + GSDME KO",5,5,0.605198579726861,0.00179268770966307,0.000801714316247008,0.60297266393775,0.607424495515972,0.60283015867423,0.607764369200546,5,0.584245039274931,0.00121646666012875,0.000544020428882005,0.582734596418034,0.585755482131828,0.582637896417788,0.585986110703503,5,0.042225339451576,0.0163213561527727,0.00729913236851684,0.0219596991148166,0.0624909797883354,0.0166096559992421,0.0531508991975747,5,19,0,0,19,19,19,19,5,0.95,0,0,0.95,0.95,0.95,0.95,5,24,0,0,24,24,24,24
"GSE189903","GSE189903_HCC","2HT2","HCC tumour-region observational concordance; malignant status annotated separately","p21 E1",5,5,0.527175897203181,0.0134233099236916,0.00600308669448438,0.510508656534202,0.543843137872161,0.508820634045287,0.543360107729497,5,0.534358185001985,0.0111710895603774,0.00499586312794844,0.520487445274154,0.548228924729815,0.519140793697637,0.547945141523724,5,-0.195349727706906,0,0,-0.195349727706906,-0.195349727706906,-0.195349727706906,-0.195349727706906,5,19,0,0,19,19,19,19,5,0.95,0,0,0.95,0.95,0.95,0.95,5,24,0,0,24,24,24,24
"GSE189903","GSE189903_HCC","2HT2","HCC tumour-region observational concordance; malignant status annotated separately","p53 E1",5,5,0.690591819722999,0.0253609674571007,0.0113417694418474,0.6591020194719,0.722081619974098,0.661644451301946,0.726118135512473,5,0.650730853381732,0.0209503644210829,0.00936928779978689,0.624717540130824,0.676744166632639,0.626817809903471,0.680078679468688,5,-0.409186064527902,0,0,-0.409186064527902,-0.409186064527902,-0.409186064527902,-0.409186064527902,5,19,0,0,19,19,19,19,5,0.95,0,0,0.95,0.95,0.95,0.95,5,24,0,0,24,24,24,24
"GSE189903","GSE189903_HCC","2HT2","HCC tumour-region observational concordance; malignant status annotated separately","p53 E1 + miR-204-5p E1 + CASP3 KO + p21 E1",5,5,0.538164236154413,0,0,0.538164236154413,0.538164236154413,0.538164236154413,0.538164236154413,5,0.532355941433773,0,0,0.532355941433773,0.532355941433773,0.532355941433773,0.532355941433773,5,0.132790371719207,0,0,0.132790371719207,0.132790371719207,0.132790371719207,0.132790371719207,5,19,0,0,19,19,19,19,5,0.95,0,0,0.95,0.95,0.95,0.95,5,24,0,0,24,24,24,24
"GSE189903","GSE189903_HCC","2HT2","HCC tumour-region observational concordance; malignant status annotated separately","p53 KO",5,5,0.46417076709142,0,0,0.46417076709142,0.46417076709142,0.46417076709142,0.46417076709142,5,0.463687375120862,0,0,0.463687375120862,0.463687375120862,0.463687375120862,0.463687375120862,5,-0.348540480080946,0,0,-0.348540480080946,-0.348540480080946,-0.348540480080946,-0.348540480080946,5,19,0,0,19,19,19,19,5,0.95,0,0,0.95,0.95,0.95,0.95,5,24,0,0,24,24,24,24
"GSE189903","GSE189903_HCC","2HT2","HCC tumour-region observational concordance; malignant status annotated separately","Reference: DDR ON, GSDME endogenous",5,5,0.514868135512473,0.0119113472750067,0.00532691644210438,0.500078244430994,0.529658026593951,0.501776030249315,0.524802346038788,5,0.514868135512473,0.0119113472750067,0.00532691644210438,0.500078244430994,0.529658026593951,0.501776030249315,0.524802346038788,5,-0.381811788797546,0.0264936346860579,0.0118483136258143,-0.414707981168787,-0.348915596426306,-0.40116000392802,-0.352789466101836,5,19,0,0,19,19,19,19,5,0.95,0,0,0.95,0.95,0.95,0.95,5,24,0,0,24,24,24,24
"GSE189903","GSE189903_HCC","2HT2","HCC tumour-region observational concordance; malignant status annotated separately","SIRT1 KO",5,5,0.529451403228235,0.0101131924756656,0.00452275716902552,0.516894216224296,0.542008590232174,0.516885613754551,0.544517192701919,5,0.524329420058107,0.00835437639294106,0.00373619070484714,0.513956091663549,0.534702748452666,0.513948985275499,0.53677507223202,5,-0.0446183347540727,0.055996159617209,0.0250422438766016,-0.114146750188433,0.0249100806802872,-0.144787310260479,-0.0195760908774711,5,19,0,0,19,19,19,19,5,0.95,0,0,0.95,0.95,0.95,0.95,5,24,0,0,24,24,24,24
"GSE189903","GSE189903_HCC","2HT2","HCC tumour-region observational concordance; malignant status annotated separately","SIRT1 KO + GSDME KO",5,5,0.525043508491393,0.00376784764823053,0.00168503269406124,0.520365107715869,0.529721909266918,0.521161929544025,0.529385613754551,5,0.518349102359095,0.00276703471952417,0.00123745554579162,0.514913374966082,0.521784829752108,0.51546448697448,0.521474102359095,5,0.00173508596264476,0.0332605497379132,0.0148745700365973,-0.0395633412073877,0.0430335131326772,-0.0577631941837446,0.0166096559992421,5,19,0,0,19,19,19,19,5,0.95,0,0,0.95,0.95,0.95,0.95,5,24,0,0,24,24,24,24
"GSE189903","GSE189903_HCC","2HT2","HCC tumour-region observational concordance; malignant status annotated separately","SIRT1 KO + GSDME KO + CASP3 E1",5,5,0.518464561122972,0.00398420313911563,0.00178178981104612,0.513517519523602,0.523411602722343,0.512938245333499,0.52280666638613,5,0.511597675008862,0.00325590794164316,0.0014560862971991,0.507554931336258,0.515640418681466,0.507081545976604,0.515146062105637,5,-0.0583025078265866,0,0,-0.0583025078265866,-0.0583025078265866,-0.0583025078265866,-0.0583025078265866,5,19,0,0,19,19,19,19,5,0.95,0,0,0.95,0.95,0.95,0.95,5,24,0,0,24,24,24,24
"GSE189903","GSE189903_HCC","2HT2","HCC tumour-region observational concordance; malignant status annotated separately","SIRT1 OE",5,5,0.46417076709142,0,0,0.46417076709142,0.46417076709142,0.46417076709142,0.46417076709142,5,0.470401938032042,0,0,0.470401938032042,0.470401938032042,0.470401938032042,0.470401938032042,5,-0.348540480080946,0,0,-0.348540480080946,-0.348540480080946,-0.348540480080946,-0.348540480080946,5,19,0,0,19,19,19,19,5,0.95,0,0,0.95,0.95,0.95,0.95,5,24,0,0,24,24,24,24
"GSE189903","GSE189903_HCC","2HT3","HCC tumour-region observational concordance; malignant status annotated separately","BAX E1",5,5,0.566295058820242,0.0112098197516404,0.00501318379603757,0.552376229208276,0.580213888432207,0.548400321978136,0.577347690399189,5,0.610628617448426,0.0100267688736384,0.00448410735922691,0.598178739519719,0.623078495377133,0.594596008752774,0.620411226144078,5,0.484891740382839,0.00494394426135691,0.00221099908907281,0.478753022784386,0.491030457981292,0.476047744026548,0.487102739471912,5,19,0,0,19,19,19,19,5,0.95,0,0,0.95,0.95,0.95,0.95,5,21,0,0,21,21,21,21
"GSE189903","GSE189903_HCC","2HT3","HCC tumour-region observational concordance; malignant status annotated separately","BAX E1 + GSDME KO",5,5,0.569716111451821,0.0119657289940941,0.00535123668622691,0.554858696547591,0.58457352635605,0.556624006188663,0.579321374609715,5,0.600700315435146,0.00950568432010497,0.00425107126248172,0.588897449436581,0.61250318143371,0.5901714692813,0.607959930819761,5,0.46569736721216,0,0,0.46569736721216,0.46569736721216,0.46569736721216,0.46569736721216,5,19,0,0,19,19,19,19,5,0.95,0,0,0.95,0.95,0.95,0.95,5,21,0,0,21,21,21,21
"GSE189903","GSE189903_HCC","2HT3","HCC tumour-region observational concordance; malignant status annotated separately","BCL2 KO",5,5,0.536234459391147,0.00588438941447298,0.00263157894736835,0.528928024903784,0.543540893878509,0.529655512022726,0.545444985706936,5,0.517073084743974,0.00539257462731023,0.00241163268808126,0.510377318971616,0.523768850516333,0.510718918077308,0.525302251410641,5,0.30238567328807,0,0,0.30238567328807,0.30238567328807,0.30238567328807,0.30238567328807,5,19,0,0,19,19,19,19,5,0.95,0,0,0.95,0.95,0.95,0.95,5,21,0,0,21,21,21,21
"GSE189903","GSE189903_HCC","2HT3","HCC tumour-region observational concordance; malignant status annotated separately","CASP3 KO",5,5,0.53051077518062,0.00835293170952831,0.00373554462278377,0.520139240597444,0.540882309763796,0.523734459391147,0.544787090970094,5,0.525964397430453,0.0069372184627558,0.00310241841149771,0.517350703017575,0.534578091843331,0.520464397430453,0.537964397430453,5,0.235858948574194,0.0247657889456623,0.0110755975197827,0.205108160053252,0.266609737095135,0.208729386054291,0.253945323587462,5,19,0,0,19,19,19,19,5,0.95,0,0,0.95,0.95,0.95,0.95,5,21,0,0,21,21,21,21
"GSE189903","GSE189903_HCC","2HT3","HCC tumour-region observational concordance; malignant status annotated separately","CASP3 OE",5,5,0.526826564654305,0.00782452329665811,0.00349923319657166,0.517111135773738,0.536541993534872,0.516497617285884,0.535247617285884,5,0.523664397430453,0.00609918027279077,0.00272763633939717,0.516091264867174,0.531237529993732,0.515464397430453,0.530464397430453,5,0.229313463121123,0,0,0.229313463121123,0.229313463121123,0.229313463121123,0.229313463121123,5,19,0,0,19,19,19,19,5,0.95,0,0,0.95,0.95,0.95,0.95,5,21,0,0,21,21,21,21
"GSE189903","GSE189903_HCC","2HT3","HCC tumour-region observational concordance; malignant status annotated separately","CASP3 OE + GSDME KO",5,5,0.52222130149641,0.00793097494469677,0.00354683982083792,0.512373695436924,0.532068907555896,0.512550248864831,0.531629196233252,5,0.518207775398568,0.00605048490840907,0.00270585911040786,0.510695106116121,0.525720444681014,0.510615182805975,0.52542999762079,5,0.257423243005164,0,0,0.257423243005164,0.257423243005164,0.257423243005164,0.257423243005164,5,19,0,0,19,19,19,19,5,0.95,0,0,0.95,0.95,0.95,0.95,5,21,0,0,21,21,21,21
"GSE189903","GSE189903_HCC","2HT3","HCC tumour-region observational concordance; malignant status annotated separately","GSDME E1 + CASP3 E1",5,5,0.526629196233252,0.0128949885850827,0.00576681420906575,0.510617953149906,0.542640439316597,0.512550248864831,0.541168669917462,5,0.521355923546716,0.00954647142131971,0.00426931180866598,0.509502413672982,0.53320943342045,0.510615182805975,0.531911479102271,5,0.229313463121123,0,0,0.229313463121123,0.229313463121123,0.229313463121123,0.229313463121123,5,19,0,0,19,19,19,19,5,0.95,0,0,0.95,0.95,0.95,0.95,5,21,0,0,21,21,21,21
"GSE189903","GSE189903_HCC","2HT3","HCC tumour-region observational concordance; malignant status annotated separately","GSDME KO",5,5,0.521497617285884,0.0159673370290903,0.00714081020333909,0.501671549749676,0.541323684822091,0.500379196233252,0.541826564654305,5,0.518566124019627,0.0137899728887599,0.00616706335742927,0.501443611147448,0.535688636891806,0.50032748765599,0.536122942201445,5,0.249794552708204,0.0301219651858345,0.0134709523542816,0.212393192981807,0.287195912434602,0.205946785176934,0.278263976918452,5,19,0,0,19,19,19,19,5,0.95,0,0,0.95,0.95,0.95,0.95,5,21,0,0,21,21,21,21
"GSE189903","GSE189903_HCC","2HT3","HCC tumour-region observational concordance; malignant status annotated separately","GSDME OE",5,5,0.533142354127989,0.0109978671440169,0.00491839570830665,0.519486698438235,0.546798009817743,0.522089722549042,0.54676077518062,5,0.528622942201445,0.00949815798801507,0.00424770538444687,0.516829421378475,0.540416463024415,0.51907748765599,0.540384305837809,5,0.24261154979527,0.0323109350930919,0.0144498894569474,0.202492224941879,0.28273087464866,0.18481199196748,0.257061439252217,5,19,0,0,19,19,19,19,5,0.95,0,0,0.95,0.95,0.95,0.95,5,21,0,0,21,21,21,21
"GSE189903","GSE189903_HCC","2HT3","HCC tumour-region observational concordance; malignant status annotated separately","MALAT1 E1 + miR-204-5p KO + SIRT1 E1",5,5,0.479550248864831,0,0,0.479550248864831,0.479550248864831,0.479550248864831,0.479550248864831,5,0.522469583338805,0,0,0.522469583338805,0.522469583338805,0.522469583338805,0.522469583338805,5,0.0787026890505362,0,0,0.0787026890505362,0.0787026890505362,0.0787026890505362,0.0787026890505362,5,19,0,0,19,19,19,19,5,0.95,0,0,0.95,0.95,0.95,0.95,5,21,0,0,21,21,21,21
"GSE189903","GSE189903_HCC","2HT3","HCC tumour-region observational concordance; malignant status annotated separately","MALAT1 KO",5,5,0.526892354127989,0.0166461669866148,0.0074443921893767,0.506223407872621,0.547561300383356,0.509918669917462,0.544787090970094,5,0.455179760383263,0.0143762351248037,0.00642924779991624,0.437329306799082,0.473030213967444,0.440520669474172,0.470634305837809,5,0.0178303276318138,0.0382377265609116,0.0171004311790495,-0.0296480808120299,0.0653087360756575,-0.0505713970843842,0.0349307588108633,5,19,0,0,19,19,19,19,5,0.95,0,0,0.95,0.95,0.95,0.95,5,21,0,0,21,21,21,21
"GSE189903","GSE189903_HCC","2HT3","HCC tumour-region observational concordance; malignant status annotated separately","MALAT1 KO + GSDME KO",5,5,0.517155512022726,0.0202870138962214,0.00907262842648677,0.491965857236728,0.542345166808723,0.485576564654305,0.53722130149641,5,0.453158189137272,0.0154181305611284,0.00689519760412999,0.434014051499914,0.47230232677463,0.429158189137272,0.468408189137272,5,0.00353864613017534,0.0393339839083096,0.0175906923689726,-0.0453009455946988,0.0523782378550495,-0.0395495743960774,0.0322641264810105,5,19,0,0,19,19,19,19,5,0.95,0,0,0.95,0.95,0.95,0.95,5,21,0,0,21,21,21,21
"GSE189903","GSE189903_HCC","2HT3","HCC tumour-region observational concordance; malignant status annotated separately","MALAT1 OE",5,5,0.479550248864831,0,0,0.479550248864831,0.479550248864831,0.479550248864831,0.479550248864831,5,0.550384305837809,0,0,0.550384305837809,0.550384305837809,0.550384305837809,0.550384305837809,5,0.0787026890505362,0,0,0.0787026890505362,0.0787026890505362,0.0787026890505362,0.0787026890505362,5,19,0,0,19,19,19,19,5,0.95,0,0,0.95,0.95,0.95,0.95,5,21,0,0,21,21,21,21
"GSE189903","GSE189903_HCC","2HT3","HCC tumour-region observational concordance; malignant status annotated separately","miR-204-5p KO",5,5,0.479550248864831,0,0,0.479550248864831,0.479550248864831,0.479550248864831,0.479550248864831,5,0.467982283340118,0,0,0.467982283340118,0.467982283340118,0.467982283340118,0.467982283340118,5,0.0787026890505362,0,0,0.0787026890505362,0.0787026890505362,0.0787026890505362,0.0787026890505362,5,19,0,0,19,19,19,19,5,0.95,0,0,0.95,0.95,0.95,0.95,5,21,0,0,21,21,21,21
"GSE189903","GSE189903_HCC","2HT3","HCC tumour-region observational concordance; malignant status annotated separately","miR-204-5p OE",5,5,0.651729406195377,0.00558242195673585,0.00249653499486975,0.644797913828916,0.658660898561838,0.645808353563798,0.657650458826956,5,0.63179025450564,0.00424264068711928,0.00189736659610102,0.62652232030713,0.63705818870415,0.62729025450564,0.63629025450564,5,0.265364787450163,0,0,0.265364787450163,0.265364787450163,0.265364787450163,0.265364787450163,5,19,0,0,19,19,19,19,5,0.95,0,0,0.95,0.95,0.95,0.95,5,21,0,0,21,21,21,21
"GSE189903","GSE189903_HCC","2HT3","HCC tumour-region observational concordance; malignant status annotated separately","miR-204-5p OE + CASP3 KO",5,5,0.581558989507578,0.00190665130423232,0.00085268038513042,0.579191569225984,0.583926409789171,0.578703090405903,0.582979406195377,5,0.578310494231455,0.00177750329768717,0.000794923640771711,0.576103432380028,0.580517556082881,0.576100037268112,0.579729069526176,5,0.3302330754518,0.0226017421260168,0.0101078063607388,0.302169305957239,0.35829684494636,0.294643785798396,0.34532251695572,5,19,0,0,19,19,19,19,5,0.95,0,0,0.95,0.95,0.95,0.95,5,21,0,0,21,21,21,21
"GSE189903","GSE189903_HCC","2HT3","HCC tumour-region observational concordance; malignant status annotated separately","miR-204-5p OE + GSDME KO",5,5,0.631795195669061,0.00327794030746128,0.001465939470734,0.627725095201025,0.635865296137097,0.627058353563798,0.635282037774324,5,0.604143084380036,0.00222431663720579,0.000994744640855178,0.601381230491012,0.60690493826906,0.60092879866575,0.606509155808607,5,0.295647496567701,0.0343596782441409,0.0153661152477839,0.252984321102086,0.338310672033315,0.27239835838757,0.348802775984084,5,19,0,0,19,19,19,19,5,0.95,0,0,0.95,0.95,0.95,0.95,5,21,0,0,21,21,21,21
"GSE189903","GSE189903_HCC","2HT3","HCC tumour-region observational concordance; malignant status annotated separately","p21 E1",5,5,0.530770753356458,0.0134233099236916,0.00600308669448437,0.514103512687479,0.547437994025438,0.512415490198564,0.546954963882774,5,0.522725160512352,0.0111710895603774,0.00499586312794843,0.508854420784521,0.536595900240182,0.507507769208004,0.536312117034091,5,0.0637237079685629,0,0,0.0637237079685629,0.0637237079685629,0.0637237079685629,0.0637237079685629,5,19,0,0,19,19,19,19,5,0.95,0,0,0.95,0.95,0.95,0.95,5,21,0,0,21,21,21,21
"GSE189903","GSE189903_HCC","2HT3","HCC tumour-region observational concordance; malignant status annotated separately","p53 E1",5,5,0.70597130149641,0.0253609674571008,0.0113417694418475,0.674481501245311,0.737461101747509,0.677023933075357,0.741497617285884,5,0.676606683324094,0.0209503644210832,0.00936928779978701,0.650593370073186,0.702619996575002,0.652693639845833,0.705954509411051,5,0.274716703142609,0,0,0.274716703142609,0.274716703142609,0.274716703142609,0.274716703142609,5,19,0,0,19,19,19,19,5,0.95,0,0,0.95,0.95,0.95,0.95,5,21,0,0,21,21,21,21
"GSE189903","GSE189903_HCC","2HT3","HCC tumour-region observational concordance; malignant status annotated separately","p53 E1 + miR-204-5p E1 + CASP3 KO + p21 E1",5,5,0.556334669353271,0,0,0.556334669353271,0.556334669353271,0.556334669353271,0.556334669353271,5,0.542197019693912,0,0,0.542197019693912,0.542197019693912,0.542197019693912,0.542197019693912,5,0.248981946973514,0,0,0.248981946973514,0.248981946973514,0.248981946973514,0.248981946973514,5,19,0,0,19,19,19,19,5,0.95,0,0,0.95,0.95,0.95,0.95,5,21,0,0,21,21,21,21
"GSE189903","GSE189903_HCC","2HT3","HCC tumour-region observational concordance; malignant status annotated separately","p53 KO",5,5,0.479550248864831,0,0,0.479550248864831,0.479550248864831,0.479550248864831,0.479550248864831,5,0.489563205063225,0,0,0.489563205063225,0.489563205063225,0.489563205063225,0.489563205063225,5,0.0787026890505362,0,0,0.0787026890505362,0.0787026890505362,0.0787026890505362,0.0787026890505362,5,19,0,0,19,19,19,19,5,0.95,0,0,0.95,0.95,0.95,0.95,5,21,0,0,21,21,21,21
"GSE189903","GSE189903_HCC","2HT3","HCC tumour-region observational concordance; malignant status annotated separately","Reference: DDR ON, GSDME endogenous",5,5,0.530247617285884,0.0119113472750068,0.0053269164421044,0.515457726204405,0.545037508367362,0.517155512022726,0.540181827812199,5,0.530247617285884,0.0119113472750068,0.0053269164421044,0.515457726204405,0.545037508367362,0.517155512022726,0.540181827812199,5,0.257310230566675,0.0472277835707977,0.0211209068981903,0.198669191991856,0.315951269141493,0.205574785761279,0.291800527103605,5,19,0,0,19,19,19,19,5,0.95,0,0,0.95,0.95,0.95,0.95,5,21,0,0,21,21,21,21
"GSE189903","GSE189903_HCC","2HT3","HCC tumour-region observational concordance; malignant status annotated separately","SIRT1 KO",5,5,0.574491591773341,0.00869993111331829,0.00389072747378902,0.563689200523081,0.585293983023601,0.562714237974949,0.586403638545855,5,0.561536532334499,0.00718689961534954,0.00321407921747773,0.552612817823415,0.570460246845583,0.551807413979306,0.571376918798749,5,0.337918073176828,0.037178395275911,0.0166266838262588,0.291754998251741,0.384081148101916,0.271411337871793,0.354544757003087,5,19,0,0,19,19,19,19,5,0.95,0,0,0.95,0.95,0.95,0.95,5,21,0,0,21,21,21,21
"GSE189903","GSE189903_HCC","2HT3","HCC tumour-region observational concordance; malignant status annotated separately","SIRT1 KO + GSDME KO",5,5,0.570741591773341,0.00358675680017149,0.00160404640478862,0.566288044984255,0.575195138562426,0.566990553764423,0.574561533282697,5,0.551743855526672,0.00263755695029561,0.00117955132707761,0.548468896018278,0.555018815035066,0.548954635443232,0.554487274321971,5,0.344715329850227,0.00913980740967206,0.0040874461338566,0.333366760039122,0.356063899661333,0.328365545314801,0.348802775984084,5,19,0,0,19,19,19,19,5,0.95,0,0,0.95,0.95,0.95,0.95,5,21,0,0,21,21,21,21
"GSE189903","GSE189903_HCC","2HT3","HCC tumour-region observational concordance; malignant status annotated separately","SIRT1 KO + GSDME KO + CASP3 E1",5,5,0.56298050989644,0.00272909434965694,0.0012204880965687,0.559591891694769,0.56636912809811,0.558766869553897,0.565351006966907,5,0.542493061140706,0.00247742570939359,0.00110793845908194,0.539416930829128,0.545569191452285,0.538781475124309,0.544833043216154,5,0.401258436218272,0,0,0.401258436218272,0.401258436218272,0.401258436218272,0.401258436218272,5,19,0,0,19,19,19,19,5,0.95,0,0,0.95,0.95,0.95,0.95,5,21,0,0,21,21,21,21
"GSE189903","GSE189903_HCC","2HT3","HCC tumour-region observational concordance; malignant status annotated separately","SIRT1 OE",5,5,0.479550248864831,0,0,0.479550248864831,0.479550248864831,0.479550248864831,0.479550248864831,5,0.483106727323121,0,0,0.483106727323121,0.483106727323121,0.483106727323121,0.483106727323121,5,0.0787026890505362,0,0,0.0787026890505362,0.0787026890505362,0.0787026890505362,0.0787026890505362,5,19,0,0,19,19,19,19,5,0.95,0,0,0.95,0.95,0.95,0.95,5,21,0,0,21,21,21,21
"GSE189903","GSE189903_HCC","3HT2","HCC tumour-region observational concordance; malignant status annotated separately","BAX E1",5,5,0.554548453720621,0.0130382194228764,0.00583086898702194,0.538359366062555,0.570737541378688,0.533628335562868,0.567176294772685,5,0.535667165565414,0.0115366311889948,0.00515933831398734,0.521342545957485,0.549991785173344,0.517135328826401,0.546751034260597,5,-0.050503157085979,0.0143193504275901,0.00640380818994642,-0.0682829789895813,-0.0327233351823767,-0.0569069652759254,-0.0248879243261933,5,19,0,0,19,19,19,19,5,0.95,0,0,0.95,0.95,0.95,0.95,5,23,0,0,23,23,23,23
"GSE189903","GSE189903_HCC","3HT2","HCC tumour-region observational concordance; malignant status annotated separately","BAX E1 + GSDME KO",5,5,0.558493953194022,0.0134030070972942,0.00599400699449239,0.541851921813642,0.575135984574401,0.543825703983921,0.569149978983212,5,0.534771511461505,0.0105567356737587,0.00472111571740431,0.521663592836846,0.547879430086165,0.52309086780797,0.542798991845913,5,-0.08248899553758,0,0,-0.08248899553758,-0.08248899553758,-0.08248899553758,-0.08248899553758,5,19,0,0,19,19,19,19,5,0.95,0,0,0.95,0.95,0.95,0.95,5,23,0,0,23,23,23,23
"GSE189903","GSE189903_HCC","3HT2","HCC tumour-region observational concordance; malignant status annotated separately","BCL2 KO",5,5,0.578727200481011,0.00588438941447298,0.00263157894736835,0.571420765993648,0.586033634968373,0.57214825311259,0.5879377267968,5,0.571559392223679,0.00539257462731062,0.00241163268808143,0.56486362645132,0.578255157996037,0.565205225557012,0.579788558890346,5,0.0135552198370514,0,0,0.0135552198370514,0.0135552198370514,0.0135552198370514,0.0135552198370514,5,19,0,0,19,19,19,19,5,0.95,0,0,0.95,0.95,0.95,0.95,5,23,0,0,23,23,23,23
"GSE189903","GSE189903_HCC","3HT2","HCC tumour-region observational concordance; malignant status annotated separately","CASP3 KO",5,5,0.573003516270484,0.00835293170952831,0.00373554462278377,0.562631981687308,0.58337505085366,0.566227200481011,0.587279832059958,5,0.561317110163636,0.00693721846275577,0.0031024184114977,0.552703415750758,0.569930804576514,0.555817110163636,0.573317110163636,5,-0.0297583960974127,0.00979112586223862,0.00437872460084436,-0.0419156845824362,-0.0176011076123892,-0.0404840370936533,-0.0226079687665856,5,19,0,0,19,19,19,19,5,0.95,0,0,0.95,0.95,0.95,0.95,5,23,0,0,23,23,23,23
"GSE189903","GSE189903_HCC","3HT2","HCC tumour-region observational concordance; malignant status annotated separately","CASP3 OE",5,5,0.568663279954979,0.00871810365972545,0.00389885448360716,0.557838324508089,0.579488235401868,0.557021346534352,0.577740358375747,5,0.558518530563852,0.00677682258356638,0.00303068719366204,0.550103993939623,0.56693306718808,0.549320661164175,0.565817110163636,5,0.170676230542205,0,0,0.170676230542205,0.170676230542205,0.170676230542205,0.170676230542205,5,19,0,0,19,19,19,19,5,0.95,0,0,0.95,0.95,0.95,0.95,5,23,0,0,23,23,23,23
"GSE189903","GSE189903_HCC","3HT2","HCC tumour-region observational concordance; malignant status annotated separately","CASP3 OE + GSDME KO",5,5,0.563926437849715,0.00895495546203006,0.00400477782971645,0.552807392046995,0.575045483652436,0.553073978113299,0.574121937323116,5,0.550387528299863,0.00676610613256811,0.0030258946510801,0.541986297907027,0.558788758692698,0.541963575152014,0.558163990892256,5,0.101186732993883,0,0,0.101186732993883,0.101186732993883,0.101186732993883,0.101186732993883,5,19,0,0,19,19,19,19,5,0.95,0,0,0.95,0.95,0.95,0.95,5,23,0,0,23,23,23,23
"GSE189903","GSE189903_HCC","3HT2","HCC tumour-region observational concordance; malignant status annotated separately","GSDME E1 + CASP3 E1",5,5,0.568335267060383,0.013688612905333,0.00612173379480112,0.551338609230484,0.585331924890283,0.553073978113299,0.583661411007326,5,0.553536334040703,0.0101042307717909,0.00451874937321394,0.540990274461828,0.566082393619579,0.541963575152014,0.564645472373737,5,0.170676230542205,0,0,0.170676230542205,0.170676230542205,0.170676230542205,0.170676230542205,5,19,0,0,19,19,19,19,5,0.95,0,0,0.95,0.95,0.95,0.95,5,23,0,0,23,23,23,23
"GSE189903","GSE189903_HCC","3HT2","HCC tumour-region observational concordance; malignant status annotated separately","GSDME KO",5,5,0.5620194775867,0.0180515397176218,0.00807289398142796,0.539605530607183,0.584433424566216,0.53761345179751,0.584319305744169,5,0.553562276097604,0.0155899661197643,0.00697204480214234,0.534204776433476,0.572919775761732,0.532484344734213,0.572821218597237,5,0.0227768980995803,0.0205967322049023,0.00921113866490415,-0.00279732275989095,0.0483511189590516,-0.00681248907709959,0.0424470473265436,5,19,0,0,19,19,19,19,5,0.95,0,0,0.95,0.95,0.95,0.95,5,23,0,0,23,23,23,23
"GSE189903","GSE189903_HCC","3HT2","HCC tumour-region observational concordance; malignant status annotated separately","GSDME OE",5,5,0.575111582849857,0.0115106882334571,0.00514773627156341,0.560819175675826,0.589403990023889,0.563271346534352,0.589253516270484,5,0.564869094279422,0.0099410489288946,0.00444577223453196,0.552525651720032,0.577212536838813,0.554643435643304,0.5770825822336,5,0.11004952042936,0.0220088978170335,0.00984267832574672,0.0827218643698044,0.137377176488916,0.0706788071263734,0.119892198755107,5,19,0,0,19,19,19,19,5,0.95,0,0,0.95,0.95,0.95,0.95,5,23,0,0,23,23,23,23
"GSE189903","GSE189903_HCC","3HT2","HCC tumour-region observational concordance; malignant status annotated separately","MALAT1 E1 + miR-204-5p KO + SIRT1 E1",5,5,0.512942399165931,0,0,0.512942399165931,0.512942399165931,0.512942399165931,0.512942399165931,5,0.537789490945984,0,0,0.537789490945984,0.537789490945984,0.537789490945984,0.537789490945984,5,0.101189171636404,0,0,0.101189171636404,0.101189171636404,0.101189171636404,0.101189171636404,5,19,0,0,19,19,19,19,5,0.95,0,0,0.95,0.95,0.95,0.95,5,23,0,0,23,23,23,23
"GSE189903","GSE189903_HCC","3HT2","HCC tumour-region observational concordance; malignant status annotated separately","MALAT1 KO",5,5,0.569385095217853,0.0166461669866148,0.0074443921893767,0.548716148962485,0.59005404147322,0.552411411007326,0.587279832059958,5,0.503667438482681,0.0143762351248037,0.00642924779991623,0.4858169848985,0.521517892066862,0.48900834757359,0.519121983937227,5,-0.182369842269254,0.0289114517899575,0.0129295943061106,-0.218268151092648,-0.14647153344586,-0.234088219493696,-0.169440247963143,5,19,0,0,19,19,19,19,5,0.95,0,0,0.95,0.95,0.95,0.95,5,23,0,0,23,23,23,23
"GSE189903","GSE189903_HCC","3HT2","HCC tumour-region observational concordance; malignant status annotated separately","MALAT1 KO + GSDME KO",5,5,0.55964825311259,0.0202870138962214,0.00907262842648677,0.534458598326592,0.584837907898587,0.528069305744169,0.579714042586274,5,0.495827345864759,0.0154181305611283,0.00689519760412999,0.476683208227401,0.514971483502117,0.471827345864759,0.511077345864759,5,-0.214192168702966,0.0267927136766745,0.0119820658165465,-0.247459716689475,-0.180924620716458,-0.24354211601795,-0.194625537159644,5,19,0,0,19,19,19,19,5,0.95,0,0,0.95,0.95,0.95,0.95,5,23,0,0,23,23,23,23
"GSE189903","GSE189903_HCC","3HT2","HCC tumour-region observational concordance; malignant status annotated separately","MALAT1 OE",5,5,0.512942399165931,0,0,0.512942399165931,0.512942399165931,0.512942399165931,0.512942399165931,5,0.567433579394223,0,0,0.567433579394223,0.567433579394223,0.567433579394223,0.567433579394223,5,0.101189171636404,0,0,0.101189171636404,0.101189171636404,0.101189171636404,0.101189171636404,5,19,0,0,19,19,19,19,5,0.95,0,0,0.95,0.95,0.95,0.95,5,23,0,0,23,23,23,23
"GSE189903","GSE189903_HCC","3HT2","HCC tumour-region observational concordance; malignant status annotated separately","miR-204-5p KO",5,5,0.512942399165931,0,0,0.512942399165931,0.512942399165931,0.512942399165931,0.512942399165931,5,0.497353642272211,0,0,0.497353642272211,0.497353642272211,0.497353642272211,0.497353642272211,5,0.101189171636404,0,0,0.101189171636404,0.101189171636404,0.101189171636404,0.101189171636404,5,19,0,0,19,19,19,19,5,0.95,0,0,0.95,0.95,0.95,0.95,5,23,0,0,23,23,23,23
"GSE189903","GSE189903_HCC","3HT2","HCC tumour-region observational concordance; malignant status annotated separately","miR-204-5p OE",5,5,0.618278699825501,0.00372161463782434,0.0016643566632467,0.613657704914526,0.622899694736476,0.614331331404448,0.622226068246554,5,0.602374392961277,0.00282842712474619,0.00126491106406735,0.598862436828937,0.605886349093617,0.599374392961277,0.605374392961277,5,-0.28929112074485,0,0,-0.28929112074485,-0.28929112074485,-0.28929112074485,-0.28929112074485,5,19,0,0,19,19,19,19,5,0.95,0,0,0.95,0.95,0.95,0.95,5,23,0,0,23,23,23,23
"GSE189903","GSE189903_HCC","3HT2","HCC tumour-region observational concordance; malignant status annotated separately","miR-204-5p OE + CASP3 KO",5,5,0.544594489299185,0.00190392054322176,0.000851459151680437,0.542230459705226,0.546958518893144,0.541305015614975,0.545910278772869,5,0.550798350938072,0.000721312250806671,0.000322580645161419,0.549902723484782,0.551693978391362,0.549508028357426,0.551120931583233,5,-0.370323975369334,0.00903953730943064,0.00404260398180649,-0.381548043406874,-0.359099907331795,-0.384215496681108,-0.364179719246817,5,19,0,0,19,19,19,19,5,0.95,0,0,0.95,0.95,0.95,0.95,5,23,0,0,23,23,23,23
"GSE189903","GSE189903_HCC","3HT2","HCC tumour-region observational concordance; malignant status annotated separately","miR-204-5p OE + GSDME KO",5,5,0.595976068246554,0.00179268770966316,0.000801714316247045,0.593750152457442,0.598201984035665,0.593607647193922,0.598541857720238,5,0.576271779429711,0.00121646666012837,0.000544020428881836,0.574761336572815,0.577782222286608,0.574664636572569,0.578012850858283,5,-0.301384474525437,0.023112652480285,0.0103362924172493,-0.330082623013202,-0.272686326037672,-0.316690774385549,-0.264647185587924,5,19,0,0,19,19,19,19,5,0.95,0,0,0.95,0.95,0.95,0.95,5,23,0,0,23,23,23,23
"GSE189903","GSE189903_HCC","3HT2","HCC tumour-region observational concordance; malignant status annotated separately","p21 E1",5,5,0.564821719696762,0.0141078529935884,0.00630922366204752,0.547304506542672,0.582338932850852,0.544891247065751,0.581399732591357,5,0.540881732147103,0.0117345006428775,0.00524782822389783,0.526311425161943,0.555452039132263,0.524363080843224,0.554794003668725,5,-0.136849274489865,0,0,-0.136849274489865,-0.136849274489865,-0.136849274489865,-0.136849274489865,5,19,0,0,19,19,19,19,5,0.95,0,0,0.95,0.95,0.95,0.95,5,23,0,0,23,23,23,23
"GSE189903","GSE189903_HCC","3HT2","HCC tumour-region observational concordance; malignant status annotated separately","p53 E1",5,5,0.742663438965859,0.0210269168611801,0.00940352309176704,0.716555073306108,0.76877180462561,0.718321333702701,0.771610807386911,5,0.707212800013667,0.017370061754888,0.00776812777145975,0.685645019686047,0.728780580341288,0.687104104361493,0.731125843491928,5,0.104528917639348,0,0,0.104528917639348,0.104528917639348,0.104528917639348,0.104528917639348,5,19,0,0,19,19,19,19,5,0.95,0,0,0.95,0.95,0.95,0.95,5,23,0,0,23,23,23,23
"GSE189903","GSE189903_HCC","3HT2","HCC tumour-region observational concordance; malignant status annotated separately","p53 E1 + miR-204-5p E1 + CASP3 KO + p21 E1",5,5,0.514331331404449,0.00259013416908294,0.00115834321458288,0.511115255056181,0.517547407752716,0.510383962983396,0.516305015614975,5,0.51191394727405,0.00133006889763689,0.000594824893974861,0.510262448608723,0.513565445939376,0.509886920247023,0.512927460787563,5,-0.398371115157622,0,0,-0.398371115157622,-0.398371115157622,-0.398371115157622,-0.398371115157622,5,19,0,0,19,19,19,19,5,0.95,0,0,0.95,0.95,0.95,0.95,5,23,0,0,23,23,23,23
"GSE189903","GSE189903_HCC","3HT2","HCC tumour-region observational concordance; malignant status annotated separately","p53 KO",5,5,0.512942399165931,0,0,0.512942399165931,0.512942399165931,0.512942399165931,0.512942399165931,5,0.517443245396335,0,0,0.517443245396335,0.517443245396335,0.517443245396335,0.517443245396335,5,0.101189171636404,0,0,0.101189171636404,0.101189171636404,0.101189171636404,0.101189171636404,5,19,0,0,19,19,19,19,5,0.95,0,0,0.95,0.95,0.95,0.95,5,23,0,0,23,23,23,23
"GSE189903","GSE189903_HCC","3HT2","HCC tumour-region observational concordance; malignant status annotated separately","Reference: DDR ON, GSDME endogenous",5,5,0.571821174691821,0.0131635768423313,0.00588693052929894,0.555476435239109,0.588165914144532,0.557021346534352,0.582674568902063,5,0.571821174691821,0.0131635768423313,0.00588693052929894,0.555476435239109,0.588165914144532,0.557021346534352,0.582674568902063,5,0.049106611227886,0.0357088119681644,0.0159694661913147,0.00476826498838858,0.0934449574673835,0.00998956759453784,0.0751846403167848,5,19,0,0,19,19,19,19,5,0.95,0,0,0.95,0.95,0.95,0.95,5,23,0,0,23,23,23,23
"GSE189903","GSE189903_HCC","3HT2","HCC tumour-region observational concordance; malignant status annotated separately","SIRT1 KO",5,5,0.503829851925681,0.0101131924756658,0.00452275716902564,0.491272664921741,0.51638703892962,0.491264062451996,0.518895641399365,5,0.503163790721214,0.00835437639294106,0.00373619070484714,0.492790462326656,0.513537119115773,0.492783355938606,0.515609442895127,5,-0.229488774092297,0.0170531730050947,0.0076264108142912,-0.250663085067864,-0.208314463116731,-0.259994417349462,-0.221862363278006,5,19,0,0,19,19,19,19,5,0.95,0,0,0.95,0.95,0.95,0.95,5,23,0,0,23,23,23,23
"GSE189903","GSE189903_HCC","3HT2","HCC tumour-region observational concordance; malignant status annotated separately","SIRT1 KO + GSDME KO",5,5,0.499421957188838,0.00376784764823053,0.00168503269406124,0.494743556413314,0.504100357964363,0.49554037824147,0.503764062451996,5,0.499625661022613,0.00276703471952471,0.00123745554579187,0.496189933629599,0.503061388415627,0.496741045637997,0.502750661022613,5,-0.24616750932587,0.0413218123241424,0.0184796762620542,-0.29747531602929,-0.19485970262245,-0.264647185587924,-0.172248804277653,5,19,0,0,19,19,19,19,5,0.95,0,0,0.95,0.95,0.95,0.95,5,23,0,0,23,23,23,23
"GSE189903","GSE189903_HCC","3HT2","HCC tumour-region observational concordance; malignant status annotated separately","SIRT1 KO + GSDME KO + CASP3 E1",5,5,0.492843009820417,0.00398420313911559,0.0017817898110461,0.487895968221047,0.497790051419788,0.487316694030944,0.497185115083575,5,0.501971875210956,0.00325590794164281,0.00145608629719895,0.497929131538352,0.50601461888356,0.497455746178698,0.50552026230773,5,-0.172621150623815,0,0,-0.172621150623815,-0.172621150623815,-0.172621150623815,-0.172621150623815,5,19,0,0,19,19,19,19,5,0.95,0,0,0.95,0.95,0.95,0.95,5,23,0,0,23,23,23,23
"GSE189903","GSE189903_HCC","3HT2","HCC tumour-region observational concordance; malignant status annotated separately","SIRT1 OE",5,5,0.512942399165931,0,0,0.512942399165931,0.512942399165931,0.512942399165931,0.512942399165931,5,0.510691547137073,0,0,0.510691547137073,0.510691547137073,0.510691547137073,0.510691547137073,5,0.101189171636404,0,0,0.101189171636404,0.101189171636404,0.101189171636404,0.101189171636404,5,19,0,0,19,19,19,19,5,0.95,0,0,0.95,0.95,0.95,0.95,5,23,0,0,23,23,23,23
"GSE189903","GSE189903_HCC","3HT3","HCC tumour-region observational concordance; malignant status annotated separately","BAX E1",5,5,0.557387703230632,0.0112298965361675,0.00502216240703197,0.54344394499812,0.571331461463145,0.539452730073021,0.568450393888456,5,0.549064345674226,0.0100433810876622,0.00449153656718968,0.536593840957436,0.561534850391017,0.532998498283156,0.558855264043733,5,-0.0559387709321124,0.0161738851847312,0.00723318134666716,-0.0760213018770745,-0.0358562399871504,-0.0631719522787796,-0.0270060455454438,5,19,0,0,19,19,19,19,5,0.95,0,0,0.95,0.95,0.95,0.95,5,23,0,0,23,23,23,23
"GSE189903","GSE189903_HCC","3HT3","HCC tumour-region observational concordance; malignant status annotated separately","BAX E1 + GSDME KO",5,5,0.560818814941088,0.0119657289940941,0.00535123668622691,0.545961400036858,0.575676229845317,0.54772670967793,0.570424078098982,5,0.546246964346379,0.00950568432010493,0.0042510712624817,0.534444098347815,0.558049830344943,0.535718118192533,0.553506579730994,5,-0.0877098180399584,0,0,-0.0877098180399584,-0.0877098180399584,-0.0877098180399584,-0.0877098180399584,5,19,0,0,19,19,19,19,5,0.95,0,0,0.95,0.95,0.95,0.95,5,23,0,0,23,23,23,23
"GSE189903","GSE189903_HCC","3HT3","HCC tumour-region observational concordance; malignant status annotated separately","BCL2 KO",5,5,0.571082373217397,0.00588438941447303,0.00263157894736838,0.563775938730034,0.578388807704759,0.564503425848976,0.580292899533186,5,0.561976828948145,0.00539257462731012,0.0024116326880812,0.555281063175787,0.568672594720503,0.555622662281478,0.570205995614811,5,0.00208541843646945,0,0,0.00208541843646945,0.00208541843646945,0.00208541843646945,0.00208541843646945,5,19,0,0,19,19,19,19,5,0.95,0,0,0.95,0.95,0.95,0.95,5,23,0,0,23,23,23,23
"GSE189903","GSE189903_HCC","3HT3","HCC tumour-region observational concordance; malignant status annotated separately","CASP3 KO",5,5,0.56535868900687,0.00835293170952831,0.00373554462278377,0.554987154423694,0.575730223590046,0.558582373217397,0.579635004796344,5,0.553796724457713,0.0069372184627558,0.00310241841149771,0.545183030044835,0.562410418870591,0.548296724457713,0.565796724457713,5,-0.0360675966834366,0.00979112586223867,0.00437872460084438,-0.0482248851684602,-0.0239103081984131,-0.0467932376796773,-0.0289171693526095,5,19,0,0,19,19,19,19,5,0.95,0,0,0.95,0.95,0.95,0.95,5,23,0,0,23,23,23,23
"GSE189903","GSE189903_HCC","3HT3","HCC tumour-region observational concordance; malignant status annotated separately","CASP3 OE",5,5,0.561674478480555,0.00782452329665808,0.00349923319657164,0.551959049599988,0.571389907361122,0.551345531112134,0.570095531112134,5,0.551496724457713,0.00609918027279105,0.0027276363393973,0.543923591894434,0.559069857020993,0.543296724457713,0.558296724457714,5,0.168582043664387,0,0,0.168582043664387,0.168582043664387,0.168582043664387,0.168582043664387,5,19,0,0,19,19,19,19,5,0.95,0,0,0.95,0.95,0.95,0.95,5,23,0,0,23,23,23,23
"GSE189903","GSE189903_HCC","3HT3","HCC tumour-region observational concordance; malignant status annotated separately","CASP3 OE + GSDME KO",5,5,0.55706921532266,0.00793097494469677,0.00354683982083792,0.547221609263174,0.566916821382146,0.547398162691081,0.566477110059502,5,0.543978448571957,0.00605048490840907,0.00270585911040786,0.53646577928951,0.551491117854403,0.536385855979364,0.551200670794179,5,0.0969924642687483,0,0,0.0969924642687483,0.0969924642687483,0.0969924642687483,0.0969924642687483,5,19,0,0,19,19,19,19,5,0.95,0,0,0.95,0.95,0.95,0.95,5,23,0,0,23,23,23,23
"GSE189903","GSE189903_HCC","3HT3","HCC tumour-region observational concordance; malignant status annotated separately","GSDME E1 + CASP3 E1",5,5,0.561477110059502,0.012894988585083,0.00576681420906588,0.545465866976156,0.577488353142848,0.547398162691081,0.576016583743713,5,0.547126596720105,0.00954647142132023,0.00426931180866622,0.535273086846371,0.55898010659384,0.536385855979364,0.557682152275661,5,0.168582043664387,0,0,0.168582043664387,0.168582043664387,0.168582043664387,0.168582043664387,5,19,0,0,19,19,19,19,5,0.95,0,0,0.95,0.95,0.95,0.95,5,23,0,0,23,23,23,23
"GSE189903","GSE189903_HCC","3HT3","HCC tumour-region observational concordance; malignant status annotated separately","GSDME KO",5,5,0.556203893085889,0.016202903663887,0.00724615880506636,0.536085330940076,0.576322455231701,0.534518919928278,0.576674478480555,5,0.548539725846904,0.0139934168006297,0.00625804624073913,0.531164603993702,0.565914847700106,0.529811794483513,0.566218867778661,5,0.0143764536481845,0.0206014306968867,0.00921323989439793,-0.0112036011596296,0.0399565084559987,-0.0151970910181452,0.0340624453854979,5,19,0,0,19,19,19,19,5,0.95,0,0,0.95,0.95,0.95,0.95,5,23,0,0,23,23,23,23
"GSE189903","GSE189903_HCC","3HT3","HCC tumour-region observational concordance; malignant status annotated separately","GSDME OE",5,5,0.567990267954239,0.0109978671440171,0.00491839570830675,0.554334612264485,0.581645923643993,0.556937636375291,0.58160868900687,5,0.558718867778661,0.00949815798801476,0.00424770538444673,0.546925346955691,0.57051238860163,0.549173413233206,0.570480231415024,5,0.103766959795905,0.0220088978170337,0.0098426783257468,0.0764393037363491,0.131094615855461,0.064396246492918,0.113609638121652,5,19,0,0,19,19,19,19,5,0.95,0,0,0.95,0.95,0.95,0.95,5,23,0,0,23,23,23,23
"GSE189903","GSE189903_HCC","3HT3","HCC tumour-region observational concordance; malignant status annotated separately","MALAT1 E1 + miR-204-5p KO + SIRT1 E1",5,5,0.509847867296699,0,0,0.509847867296699,0.509847867296699,0.509847867296699,0.509847867296699,5,0.538699158898306,0,0,0.538699158898306,0.538699158898306,0.538699158898306,0.538699158898306,5,0.101189171636404,0,0,0.101189171636404,0.101189171636404,0.101189171636404,0.101189171636404,5,19,0,0,19,19,19,19,5,0.95,0,0,0.95,0.95,0.95,0.95,5,23,0,0,23,23,23,23
"GSE189903","GSE189903_HCC","3HT3","HCC tumour-region observational concordance; malignant status annotated separately","MALAT1 KO",5,5,0.561740267954239,0.0166461669866145,0.00744439218937657,0.541071321698872,0.582409214209606,0.544766583743713,0.579635004796344,5,0.491170386812292,0.0143762351248037,0.00642924779991624,0.473319933228111,0.509020840396473,0.476511295903201,0.506624932266838,5,-0.193839643669836,0.0289114517899575,0.0129295943061106,-0.22973795249323,-0.157941334846442,-0.245558020894278,-0.180910049363725,5,19,0,0,19,19,19,19,5,0.95,0,0,0.95,0.95,0.95,0.95,5,23,0,0,23,23,23,23
"GSE189903","GSE189903_HCC","3HT3","HCC tumour-region observational concordance; malignant status annotated separately","MALAT1 KO + GSDME KO",5,5,0.552003425848976,0.0202870138962214,0.00907262842648677,0.526813771062978,0.577193080634973,0.520424478480555,0.57206921532266,5,0.484829940394817,0.0154181305611283,0.00689519760412999,0.465685802757459,0.503974078032175,0.460829940394817,0.500079940394817,5,-0.224599951438776,0.0267927136766745,0.0119820658165465,-0.257867499425285,-0.191332403452268,-0.25394989875376,-0.205033319895454,5,19,0,0,19,19,19,19,5,0.95,0,0,0.95,0.95,0.95,0.95,5,23,0,0,23,23,23,23
"GSE189903","GSE189903_HCC","3HT3","HCC tumour-region observational concordance; malignant status annotated separately","MALAT1 OE",5,5,0.509847867296699,0,0,0.509847867296699,0.509847867296699,0.509847867296699,0.509847867296699,5,0.570655729995336,0,0,0.570655729995336,0.570655729995336,0.570655729995336,0.570655729995336,5,0.101189171636404,0,0,0.101189171636404,0.101189171636404,0.101189171636404,0.101189171636404,5,19,0,0,19,19,19,19,5,0.95,0,0,0.95,0.95,0.95,0.95,5,23,0,0,23,23,23,23
"GSE189903","GSE189903_HCC","3HT3","HCC tumour-region observational concordance; malignant status annotated separately","miR-204-5p KO",5,5,0.509847867296699,0,0,0.509847867296699,0.509847867296699,0.509847867296699,0.509847867296699,5,0.493294293783495,0,0,0.493294293783495,0.493294293783495,0.493294293783495,0.493294293783495,5,0.101189171636404,0,0,0.101189171636404,0.101189171636404,0.101189171636404,0.101189171636404,5,19,0,0,19,19,19,19,5,0.95,0,0,0.95,0.95,0.95,0.95,5,23,0,0,23,23,23,23
"GSE189903","GSE189903_HCC","3HT3","HCC tumour-region observational concordance; malignant status annotated separately","miR-204-5p OE",5,5,0.612737345055804,0.00558242195673582,0.00249653499486974,0.605805852689343,0.619668837422265,0.606816292424225,0.618658397687383,5,0.599870467604406,0.00424264068711928,0.00189736659610102,0.594602533405896,0.605138401802916,0.595370467604406,0.604370467604406,5,-0.28929112074485,0,0,-0.28929112074485,-0.28929112074485,-0.28929112074485,-0.28929112074485,5,19,0,0,19,19,19,19,5,0.95,0,0,0.95,0.95,0.95,0.95,5,23,0,0,23,23,23,23
"GSE189903","GSE189903_HCC","3HT3","HCC tumour-region observational concordance; malignant status annotated separately","miR-204-5p OE + CASP3 KO",5,5,0.540381298862384,0.00332002248491076,0.00148475919261764,0.536258946469643,0.544503651255124,0.534839894180789,0.542671155200547,5,0.550576935491865,0.00186140248349032,0.000832444497314256,0.548265699041948,0.552888171941782,0.547937520767651,0.551891969759613,5,-0.370323975369334,0.00903953730943064,0.00404260398180649,-0.381548043406874,-0.359099907331795,-0.384215496681108,-0.364179719246817,5,19,0,0,19,19,19,19,5,0.95,0,0,0.95,0.95,0.95,0.95,5,23,0,0,23,23,23,23
"GSE189903","GSE189903_HCC","3HT3","HCC tumour-region observational concordance; malignant status annotated separately","miR-204-5p OE + GSDME KO",5,5,0.592013500692648,0.00264170146219527,0.00118140480914584,0.588733395093038,0.595293606292258,0.588066292424225,0.595302734147916,5,0.575107451686079,0.00179258313506109,0.000801667549063257,0.572881665743487,0.577333237628672,0.572428988932506,0.577339431530725,5,-0.301384474525437,0.023112652480285,0.0103362924172493,-0.330082623013202,-0.272686326037672,-0.316690774385549,-0.264647185587924,5,19,0,0,19,19,19,19,5,0.95,0,0,0.95,0.95,0.95,0.95,5,23,0,0,23,23,23,23
"GSE189903","GSE189903_HCC","3HT3","HCC tumour-region observational concordance; malignant status annotated separately","p21 E1",5,5,0.562071528973997,0.0134233099236918,0.00600308669448446,0.545404288305018,0.578738769642976,0.543716265816102,0.578255739500313,5,0.54418695606822,0.0111710895603774,0.00499586312794843,0.530316216340389,0.55805769579605,0.528969564763872,0.557773912589959,5,-0.14311718019169,0,0,-0.14311718019169,-0.14311718019169,-0.14311718019169,-0.14311718019169,5,19,0,0,19,19,19,19,5,0.95,0,0,0.95,0.95,0.95,0.95,5,23,0,0,23,23,23,23
"GSE189903","GSE189903_HCC","3HT3","HCC tumour-region observational concordance; malignant status annotated separately","p53 E1",5,5,0.721511122557109,0.0210269168611802,0.0094035230917671,0.695402756897358,0.74761948821686,0.697169017293951,0.750458490978162,5,0.687123072254493,0.017370061754888,0.00776812777145978,0.665555291926872,0.708690852582114,0.667014376602319,0.711036115732754,5,0.0971751244385903,0,0,0.0971751244385903,0.0971751244385903,0.0971751244385903,0.0971751244385903,5,19,0,0,19,19,19,19,5,0.95,0,0,0.95,0.95,0.95,0.95,5,23,0,0,23,23,23,23
"GSE189903","GSE189903_HCC","3HT3","HCC tumour-region observational concordance; malignant status annotated separately","p53 E1 + miR-204-5p E1 + CASP3 KO + p21 E1",5,5,0.511092207832126,0.00259013416908277,0.0011583432145828,0.507876131483858,0.514308284180393,0.507144839411073,0.513065892042652,5,0.513244982572748,0.00133006889763685,0.000594824893974842,0.511593483907421,0.514896481238074,0.511217955545721,0.514258496086261,5,-0.398371115157622,0,0,-0.398371115157622,-0.398371115157622,-0.398371115157622,-0.398371115157622,5,19,0,0,19,19,19,19,5,0.95,0,0,0.95,0.95,0.95,0.95,5,23,0,0,23,23,23,23
"GSE189903","GSE189903_HCC","3HT3","HCC tumour-region observational concordance; malignant status annotated separately","p53 KO",5,5,0.509847867296699,0,0,0.509847867296699,0.509847867296699,0.509847867296699,0.509847867296699,5,0.512270817908937,0,0,0.512270817908937,0.512270817908937,0.512270817908937,0.512270817908937,5,0.101189171636404,0,0,0.101189171636404,0.101189171636404,0.101189171636404,0.101189171636404,5,19,0,0,19,19,19,19,5,0.95,0,0,0.95,0.95,0.95,0.95,5,23,0,0,23,23,23,23
"GSE189903","GSE189903_HCC","3HT3","HCC tumour-region observational concordance; malignant status annotated separately","Reference: DDR ON, GSDME endogenous",5,5,0.565095531112134,0.0119113472750067,0.00532691644210439,0.550305640030655,0.579885422193612,0.552003425848976,0.575029741638449,5,0.565095531112134,0.0119113472750067,0.00532691644210439,0.550305640030655,0.579885422193612,0.552003425848976,0.575029741638449,5,0.0396428103488502,0.0357088119681644,0.0159694661913147,-0.00469553589064727,0.0839811565883477,0.000525766715501992,0.065720839437749,5,19,0,0,19,19,19,19,5,0.95,0,0,0.95,0.95,0.95,0.95,5,23,0,0,23,23,23,23
"GSE189903","GSE189903_HCC","3HT3","HCC tumour-region observational concordance; malignant status annotated separately","SIRT1 KO",5,5,0.496089894180789,0.0101131924756656,0.00452275716902551,0.48353270717685,0.508647081184728,0.483524104707105,0.511155683654473,5,0.49676991258413,0.00835437639294131,0.00373619070484725,0.486396584189571,0.507143240978688,0.486389477801521,0.509215564758043,5,-0.230526675957964,0.0193739921306986,0.0086643126799576,-0.254582664488135,-0.206470687427792,-0.265183926677794,-0.221862363278006,5,19,0,0,19,19,19,19,5,0.95,0,0,0.95,0.95,0.95,0.95,5,23,0,0,23,23,23,23
"GSE189903","GSE189903_HCC","3HT3","HCC tumour-region observational concordance; malignant status annotated separately","SIRT1 KO + GSDME KO",5,5,0.491681999443947,0.00376784764823081,0.00168503269406136,0.487003598668422,0.496360400219471,0.487800420496578,0.496024104707105,5,0.493969538055192,0.00276703471952469,0.00123745554579185,0.490533810662178,0.497405265448205,0.491084922670576,0.497094538055192,5,-0.24616750932587,0.0413218123241424,0.0184796762620542,-0.29747531602929,-0.19485970262245,-0.264647185587924,-0.172248804277653,5,19,0,0,19,19,19,19,5,0.95,0,0,0.95,0.95,0.95,0.95,5,23,0,0,23,23,23,23
"GSE189903","GSE189903_HCC","3HT3","HCC tumour-region observational concordance; malignant status annotated separately","SIRT1 KO + GSDME KO + CASP3 E1",5,5,0.485103052075526,0.0039842031391157,0.00178178981104615,0.480156010476155,0.490050093674896,0.479576736286052,0.489445157338684,5,0.495848742249912,0.00325590794164318,0.00145608629719912,0.491805998577308,0.499891485922516,0.491332613217654,0.499397129346687,5,-0.172621150623815,0,0,-0.172621150623815,-0.172621150623815,-0.172621150623815,-0.172621150623815,5,19,0,0,19,19,19,19,5,0.95,0,0,0.95,0.95,0.95,0.95,5,23,0,0,23,23,23,23
"GSE189903","GSE189903_HCC","3HT3","HCC tumour-region observational concordance; malignant status annotated separately","SIRT1 OE",5,5,0.509847867296699,0,0,0.509847867296699,0.509847867296699,0.509847867296699,0.509847867296699,5,0.50813519472336,0,0,0.50813519472336,0.50813519472336,0.50813519472336,0.50813519472336,5,0.101189171636404,0,0,0.101189171636404,0.101189171636404,0.101189171636404,0.101189171636404,5,19,0,0,19,19,19,19,5,0.95,0,0,0.95,0.95,0.95,0.95,5,23,0,0,23,23,23,23
"GSE189903","GSE189903_HCC","4HB","HCC tumour-region observational concordance; malignant status annotated separately","BAX E1",5,5,0.557301819752416,0.0132009984775137,0.00590366599331837,0.540910615202545,0.573693024302288,0.536249188173469,0.570459714489258,5,0.541165101658142,0.0116699222998241,0.00521894791090948,0.526674979276615,0.555655224039669,0.522523797310316,0.552686840788577,5,0.00501929397085741,0.0193953623275372,0.00867386972252235,-0.0190632291633631,0.0291018171050779,-0.00365457575166494,0.0397147728609468,5,19,0,0,19,19,19,19,5,0.95,0,0,0.95,0.95,0.95,0.95,5,12,0,0,12,12,12,12
"GSE189903","GSE189903_HCC","4HB","HCC tumour-region observational concordance; malignant status annotated separately","BAX E1 + GSDME KO",5,5,0.56203866185768,0.014258265329061,0.00637649010340176,0.544334687121748,0.579742636593612,0.546446556594522,0.573749188173469,5,0.540213359159126,0.0111780138536781,0.00499895976605173,0.526334021785591,0.554092696532661,0.527857589928357,0.549011436082203,5,-0.034457428515698,0,0,-0.034457428515698,-0.034457428515698,-0.034457428515698,-0.034457428515698,5,19,0,0,19,19,19,19,5,0.95,0,0,0.95,0.95,0.95,0.95,5,12,0,0,12,12,12,12
"GSE189903","GSE189903_HCC","4HB","HCC tumour-region observational concordance; malignant status annotated separately","BCL2 KO",5,5,0.580330319301842,0.00692510387733726,0.0030970006041947,0.571731667133531,0.588928971470153,0.572830319301842,0.591251371933421,5,0.57179882551894,0.00618016540591315,0.00276385399196288,0.564125136631473,0.579472514406406,0.564715492185606,0.581382158852273,5,0.0667333899670224,0,0,0.0667333899670224,0.0667333899670224,0.0667333899670224,0.0667333899670224,5,19,0,0,19,19,19,19,5,0.95,0,0,0.95,0.95,0.95,0.95,5,12,0,0,12,12,12,12
"GSE189903","GSE189903_HCC","4HB","HCC tumour-region observational concordance; malignant status annotated separately","CASP3 KO",5,5,0.574475056143948,0.0101761238804328,0.00455090094882132,0.561839729480353,0.587110382807542,0.566251371933421,0.591909266670263,5,0.564715903114903,0.00832466215530697,0.00372290209379726,0.554379469819449,0.575052336410357,0.558115903114903,0.579115903114903,5,0.0072555806739275,0.0167025088238188,0.00746958902496979,-0.013483323212289,0.027994484560144,-0.0110411010255418,0.0194533684735737,5,19,0,0,19,19,19,19,5,0.95,0,0,0.95,0.95,0.95,0.95,5,12,0,0,12,12,12,12
"GSE189903","GSE189903_HCC","4HB","HCC tumour-region observational concordance; malignant status annotated separately","CASP3 OE",5,5,0.569606635091316,0.00964214261082144,0.00431209726530881,0.557634333745913,0.581578936436719,0.557040845617632,0.579738214038684,5,0.561515903114903,0.0074699397587932,0.003340658617698,0.552240747847659,0.570791058382147,0.551615903114903,0.569615903114903,5,0.227219276243304,0,0,0.227219276243304,0.227219276243304,0.227219276243304,0.227219276243304,5,19,0,0,19,19,19,19,5,0.95,0,0,0.95,0.95,0.95,0.95,5,12,0,0,12,12,12,12
"GSE189903","GSE189903_HCC","4HB","HCC tumour-region observational concordance; malignant status annotated separately","CASP3 OE + GSDME KO",5,5,0.564343477196579,0.00942363883203127,0.00421437940476573,0.552642484126771,0.576044470266388,0.553093477196579,0.575461898249211,5,0.55279250288417,0.00709255632908245,0.00317188761721494,0.543985931035116,0.561599074733224,0.544088799180466,0.561218428810096,5,0.159906495145774,0,0,0.159906495145774,0.159906495145774,0.159906495145774,0.159906495145774,5,19,0,0,19,19,19,19,5,0.95,0,0,0.95,0.95,0.95,0.95,5,12,0,0,12,12,12,12
"GSE189903","GSE189903_HCC","4HB","HCC tumour-region observational concordance; malignant status annotated separately","GSDME E1 + CASP3 E1",5,5,0.569804003512368,0.0156265580940603,0.00698840923053369,0.550401068911134,0.589206938113603,0.553093477196579,0.58763295088079,5,0.556681391773059,0.0114596192694051,0.00512489753653127,0.542452395093116,0.570910388453001,0.544088799180466,0.569551762143429,5,0.227219276243304,0,0,0.227219276243304,0.227219276243304,0.227219276243304,0.227219276243304,5,19,0,0,19,19,19,19,5,0.95,0,0,0.95,0.95,0.95,0.95,5,12,0,0,12,12,12,12
"GSE189903","GSE189903_HCC","4HB","HCC tumour-region observational concordance; malignant status annotated separately","GSDME KO",5,5,0.562698740354474,0.0189914053312096,0.00849321466176729,0.539117796079416,0.586279684629532,0.53763295088079,0.586975056143948,5,0.554148912124318,0.0164016682405903,0.00733504902607185,0.533783551159495,0.574514273089141,0.532501184851591,0.575114821215228,5,0.0651943898260239,0.0310971297951207,0.0139070592254048,0.0265822033119529,0.103806576340095,0.0204374672312988,0.0948508094580789,5,19,0,0,19,19,19,19,5,0.95,0,0,0.95,0.95,0.95,0.95,5,12,0,0,12,12,12,12
"GSE189903","GSE189903_HCC","4HB","HCC tumour-region observational concordance; malignant status annotated separately","GSDME OE",5,5,0.576448740354474,0.0133172911052615,0.00595567363750361,0.559913139435472,0.592984341273476,0.563290845617632,0.593225056143948,5,0.566023912124318,0.0115012968636348,0.0051435363232985,0.551743165876089,0.580304658372548,0.554660275760682,0.580512548487955,5,0.158425237306968,0.0332474839363703,0.0148687268325112,0.117143033472319,0.199707441141617,0.0989503299769228,0.173293964139479,5,19,0,0,19,19,19,19,5,0.95,0,0,0.95,0.95,0.95,0.95,5,12,0,0,12,12,12,12
"GSE189903","GSE189903_HCC","4HB","HCC tumour-region observational concordance; malignant status annotated separately","MALAT1 E1 + miR-204-5p KO + SIRT1 E1",5,5,0.512961898249211,0,0,0.512961898249211,0.512961898249211,0.512961898249211,0.512961898249211,5,0.521784230101205,0,0,0.521784230101205,0.521784230101205,0.521784230101205,0.521784230101205,5,0.168648619394006,0,0,0.168648619394006,0.168648619394006,0.168648619394006,0.168648619394006,5,19,0,0,19,19,19,19,5,0.95,0,0,0.95,0.95,0.95,0.95,5,12,0,0,12,12,12,12
"GSE189903","GSE189903_HCC","4HB","HCC tumour-region observational concordance; malignant status annotated separately","MALAT1 KO",5,5,0.595189601535965,0.0166461669866145,0.00744439218937657,0.574520655280598,0.615858547791332,0.578215917325439,0.61308433837807,5,0.559356453311629,0.0143762351248037,0.00642924779991624,0.541505999727448,0.57720690689581,0.544697362402538,0.574810998766174,5,-0.135447927448691,0.0429008639463887,0.019185849615519,-0.18871638570276,-0.0821794691946223,-0.212191325910767,-0.116262077833172,5,19,0,0,19,19,19,19,5,0.95,0,0,0.95,0.95,0.95,0.95,5,12,0,0,12,12,12,12
"GSE189903","GSE189903_HCC","4HB","HCC tumour-region observational concordance; malignant status annotated separately","MALAT1 KO + GSDME KO",5,5,0.585452759430702,0.0202870138962214,0.00907262842648678,0.560263104644704,0.6106424142167,0.553873812062281,0.605518548904386,5,0.544833678914233,0.0154181305611284,0.00689519760413,0.525689541276875,0.563977816551591,0.520833678914233,0.560083678914233,5,-0.176307839544619,0.0404740993839128,0.0181005675101023,-0.226563071609345,-0.126052607479893,-0.220644993999169,-0.146749736574919,5,19,0,0,19,19,19,19,5,0.95,0,0,0.95,0.95,0.95,0.95,5,12,0,0,12,12,12,12
"GSE189903","GSE189903_HCC","4HB","HCC tumour-region observational concordance; malignant status annotated separately","MALAT1 OE",5,5,0.512961898249211,0,0,0.512961898249211,0.512961898249211,0.512961898249211,0.512961898249211,5,0.534047114684659,0,0,0.534047114684659,0.534047114684659,0.534047114684659,0.534047114684659,5,0.168648619394006,0,0,0.168648619394006,0.168648619394006,0.168648619394006,0.168648619394006,5,19,0,0,19,19,19,19,5,0.95,0,0,0.95,0.95,0.95,0.95,5,12,0,0,12,12,12,12
"GSE189903","GSE189903_HCC","4HB","HCC tumour-region observational concordance; malignant status annotated separately","miR-204-5p KO",5,5,0.512961898249211,0,0,0.512961898249211,0.512961898249211,0.512961898249211,0.512961898249211,5,0.506902027072395,0,0,0.506902027072395,0.506902027072395,0.506902027072395,0.506902027072395,5,0.168648619394006,0,0,0.168648619394006,0.168648619394006,0.168648619394006,0.168648619394006,5,19,0,0,19,19,19,19,5,0.95,0,0,0.95,0.95,0.95,0.95,5,12,0,0,12,12,12,12
"GSE189903","GSE189903_HCC","4HB","HCC tumour-region observational concordance; malignant status annotated separately","miR-204-5p OE",5,5,0.622724069790244,0.00372161463782384,0.00166435666324647,0.61810307487927,0.627345064701218,0.618776701369191,0.626671438211296,5,0.596219308637591,0.00282842712474619,0.00126491106406735,0.592707352505251,0.599731264769931,0.593219308637591,0.599219308637591,5,-0.381733772110686,0,0,-0.381733772110686,-0.381733772110686,-0.381733772110686,-0.381733772110686,5,19,0,0,19,19,19,19,5,0.95,0,0,0.95,0.95,0.95,0.95,5,12,0,0,12,12,12,12
"GSE189903","GSE189903_HCC","4HB","HCC tumour-region observational concordance; malignant status annotated separately","miR-204-5p OE + CASP3 KO",5,5,0.549039859263928,0.00190392054322219,0.00085145915168063,0.546675829669968,0.551403888857887,0.545750385579717,0.550355648737612,5,0.543995522735555,0.000721312250806621,0.000322580645161397,0.543099895282265,0.544891150188844,0.542705200154909,0.544318103380716,5,-0.446488106103984,0.0153795478061273,0.00687794287154166,-0.465584336923506,-0.427391875284462,-0.470251482134239,-0.436072802981625,5,19,0,0,19,19,19,19,5,0.95,0,0,0.95,0.95,0.95,0.95,5,12,0,0,12,12,12,12
"GSE189903","GSE189903_HCC","4HB","HCC tumour-region observational concordance; malignant status annotated separately","miR-204-5p OE + GSDME KO",5,5,0.600421438211296,0.00179268770966307,0.000801714316247008,0.598195522422185,0.602647354000407,0.598053017158665,0.602987227684981,5,0.57077616842642,0.00121646666012874,0.000544020428882,0.569265725569523,0.572286611283317,0.569169025569277,0.572517239854992,5,-0.383184620509378,0.0349529968022665,0.0156314553734401,-0.426584498268083,-0.339784742750672,-0.406382916781457,-0.327763878385044,5,19,0,0,19,19,19,19,5,0.95,0,0,0.95,0.95,0.95,0.95,5,12,0,0,12,12,12,12
"GSE189903","GSE189903_HCC","4HB","HCC tumour-region observational concordance; malignant status annotated separately","p21 E1",5,5,0.561475423392623,0.0162946860549325,0.0072872051381694,0.541242898356181,0.581707948429066,0.538909633918939,0.580685949708413,5,0.530681239610743,0.0135412273933889,0.00605582099007998,0.513867585064882,0.547494894156605,0.51198558743683,0.546768196132482,5,-0.180724614402645,0,0,-0.180724614402645,-0.180724614402645,-0.180724614402645,-0.180724614402645,5,19,0,0,19,19,19,19,5,0.95,0,0,0.95,0.95,0.95,0.95,5,12,0,0,12,12,12,12
"GSE189903","GSE189903_HCC","4HB","HCC tumour-region observational concordance; malignant status annotated separately","p53 E1",5,5,0.773218429227494,0.023567461019255,0.0105396889792261,0.743955561350815,0.802481297104174,0.745321180483333,0.804544266309401,5,0.728909073749885,0.019468772146341,0.00870669959153458,0.704735400286541,0.753082747213229,0.705863520439491,0.754786939165373,5,0.157056011930478,0,0,0.157056011930478,0.157056011930478,0.157056011930478,0.157056011930478,5,19,0,0,19,19,19,19,5,0.95,0,0,0.95,0.95,0.95,0.95,5,12,0,0,12,12,12,12
"GSE189903","GSE189903_HCC","4HB","HCC tumour-region observational concordance; malignant status annotated separately","p53 E1 + miR-204-5p E1 + CASP3 KO + p21 E1",5,5,0.518776701369191,0.00259013416908315,0.00115834321458297,0.515560625020923,0.521992777717459,0.514829332948138,0.520750385579718,5,0.500929100633837,0.00133006889763724,0.000594824893975016,0.499277601968511,0.502580599299164,0.49890207360681,0.501942614147351,5,-0.497963893947027,0,0,-0.497963893947027,-0.497963893947027,-0.497963893947027,-0.497963893947027,5,19,0,0,19,19,19,19,5,0.95,0,0,0.95,0.95,0.95,0.95,5,12,0,0,12,12,12,12
"GSE189903","GSE189903_HCC","4HB","HCC tumour-region observational concordance; malignant status annotated separately","p53 KO",5,5,0.512961898249211,0,0,0.512961898249211,0.512961898249211,0.512961898249211,0.512961898249211,5,0.513914548159129,0,0,0.513914548159129,0.513914548159129,0.513914548159129,0.513914548159129,5,0.168648619394006,0,0,0.168648619394006,0.168648619394006,0.168648619394006,0.168648619394006,5,19,0,0,19,19,19,19,5,0.95,0,0,0.95,0.95,0.95,0.95,5,12,0,0,12,12,12,12
"GSE189903","GSE189903_HCC","4HB","HCC tumour-region observational concordance; malignant status annotated separately","Reference: DDR ON, GSDME endogenous",5,5,0.57263295088079,0.0138814230472661,0.00620796111162385,0.555396887639163,0.589869014122416,0.557040845617632,0.584014529828158,5,0.57263295088079,0.0138814230472661,0.00620796111162385,0.555396887639163,0.589869014122416,0.557040845617632,0.584014529828158,5,0.0943225487610573,0.052987269372115,0.0236966272516283,0.0285301640185772,0.160114933503538,0.0362779033696374,0.133018979022004,5,19,0,0,19,19,19,19,5,0.95,0,0,0.95,0.95,0.95,0.95,5,12,0,0,12,12,12,12
"GSE189903","GSE189903_HCC","4HB","HCC tumour-region observational concordance; malignant status annotated separately","SIRT1 KO",5,5,0.514276334120516,0.0101131924756659,0.00452275716902565,0.501719147116576,0.526833521124455,0.501710544646831,0.5293421235942,5,0.511793493403904,0.00835437639294134,0.00373619070484726,0.501420165009345,0.522166821798463,0.501413058621295,0.524239145577817,5,-0.285021914487603,0.00747678068494748,0.00334371797288,-0.294305563886568,-0.275738265088638,-0.298396786379123,-0.281678196514723,5,19,0,0,19,19,19,19,5,0.95,0,0,0.95,0.95,0.95,0.95,5,12,0,0,12,12,12,12
"GSE189903","GSE189903_HCC","4HB","HCC tumour-region observational concordance; malignant status annotated separately","SIRT1 KO + GSDME KO",5,5,0.509868439383673,0.00376784764823053,0.00168503269406124,0.505190038608149,0.514546840159198,0.505986860436305,0.514210544646831,5,0.507259628780377,0.00276703471952474,0.00123745554579188,0.503823901387363,0.51069535617339,0.504375013395761,0.510384628780377,5,-0.311856226357848,0.0355705912952221,0.0159076520271958,-0.356022948963946,-0.267689503751751,-0.327763878385044,-0.248225618249065,5,19,0,0,19,19,19,19,5,0.95,0,0,0.95,0.95,0.95,0.95,5,12,0,0,12,12,12,12
"GSE189903","GSE189903_HCC","4HB","HCC tumour-region observational concordance; malignant status annotated separately","SIRT1 KO + GSDME KO + CASP3 E1",5,5,0.503289492015252,0.00398420313911561,0.00178178981104611,0.498342450415882,0.508236533614623,0.497763176225779,0.50763159727841,5,0.510213608368625,0.00325590794164291,0.00145608629719899,0.506170864696021,0.514256352041229,0.505697479336367,0.513761995465399,5,-0.197771252039205,0,0,-0.197771252039205,-0.197771252039205,-0.197771252039205,-0.197771252039205,5,19,0,0,19,19,19,19,5,0.95,0,0,0.95,0.95,0.95,0.95,5,12,0,0,12,12,12,12
"GSE189903","GSE189903_HCC","4HB","HCC tumour-region observational concordance; malignant status annotated separately","SIRT1 OE",5,5,0.512961898249211,0,0,0.512961898249211,0.512961898249211,0.512961898249211,0.512961898249211,5,0.510707655075435,0,0,0.510707655075435,0.510707655075435,0.510707655075435,0.510707655075435,5,0.168648619394006,0,0,0.168648619394006,0.168648619394006,0.168648619394006,0.168648619394006,5,19,0,0,19,19,19,19,5,0.95,0,0,0.95,0.95,0.95,0.95,5,12,0,0,12,12,12,12
"GSE189903","GSE189903_HCC","4HT1","HCC tumour-region observational concordance; malignant status annotated separately","BAX E1",5,5,0.569040767976531,0.0132009984775139,0.00590366599331847,0.55264956342666,0.585431972526403,0.547988136397584,0.582198662713374,5,0.563379396031345,0.0116699222998242,0.00521894791090952,0.548889273649818,0.577869518412872,0.544738091683519,0.57490113516178,5,0.205516178649167,0.00624900321424567,0.0027946391957336,0.197757016333379,0.213275340964956,0.194337621866233,0.208310817844901,5,19,0,0,19,19,19,19,5,0.95,0,0,0.95,0.95,0.95,0.95,5,66,0,0,66,66,66,66
"GSE189903","GSE189903_HCC","4HT1","HCC tumour-region observational concordance; malignant status annotated separately","BAX E1 + GSDME KO",5,5,0.573777610081795,0.014258265329061,0.00637649010340175,0.556073635345863,0.591481584817727,0.558185504818637,0.585488136397584,5,0.559864465720036,0.0111780138536778,0.00499895976605159,0.545985128346502,0.573743803093571,0.547508696489267,0.568662542643113,5,0.183772952083722,0,0,0.183772952083722,0.183772952083722,0.183772952083722,0.183772952083722,5,19,0,0,19,19,19,19,5,0.95,0,0,0.95,0.95,0.95,0.95,5,66,0,0,66,66,66,66
"GSE189903","GSE189903_HCC","4HT1","HCC tumour-region observational concordance; malignant status annotated separately","BCL2 KO",5,5,0.581967907725063,0.00692510387733725,0.00309700060419469,0.573369255556752,0.590566559893374,0.574467907725063,0.592888960356642,5,0.569096794766136,0.00618016540591319,0.00276385399196289,0.561423105878669,0.576770483653602,0.562013461432802,0.578680128099469,5,0.0552635885664404,0,0,0.0552635885664404,0.0552635885664404,0.0552635885664404,0.0552635885664404,5,19,0,0,19,19,19,19,5,0.95,0,0,0.95,0.95,0.95,0.95,5,66,0,0,66,66,66,66
"GSE189903","GSE189903_HCC","4HT1","HCC tumour-region observational concordance; malignant status annotated separately","CASP3 KO",5,5,0.576112644567168,0.0101761238804328,0.00455090094882133,0.563477317903573,0.588747971230763,0.567888960356642,0.593546855093484,5,0.565960470316551,0.00832466215530697,0.00372290209379726,0.555624037021097,0.576296903612005,0.559360470316551,0.580360470316551,5,-0.0228182754527864,0.0247657889456624,0.0110755975197828,-0.0535690639737282,0.00793251306815533,-0.0499478379726892,-0.00473190043951792,5,19,0,0,19,19,19,19,5,0.95,0,0,0.95,0.95,0.95,0.95,5,66,0,0,66,66,66,66
"GSE189903","GSE189903_HCC","4HT1","HCC tumour-region observational concordance; malignant status annotated separately","CASP3 OE",5,5,0.571244223514537,0.00964214261082163,0.00431209726530889,0.559271922169133,0.583216524859941,0.558678434040853,0.581375802461905,5,0.562760470316551,0.00746993975879324,0.00334065861769801,0.553485315049307,0.572035625583795,0.552860470316551,0.570860470316551,5,0.021988962217094,0,0,0.021988962217094,0.021988962217094,0.021988962217094,0.021988962217094,5,19,0,0,19,19,19,19,5,0.95,0,0,0.95,0.95,0.95,0.95,5,66,0,0,66,66,66,66
"GSE189903","GSE189903_HCC","4HT1","HCC tumour-region observational concordance; malignant status annotated separately","CASP3 OE + GSDME KO",5,5,0.5659810656198,0.00942363883203138,0.00421437940476578,0.554280072549992,0.577682058689608,0.5547310656198,0.577099486672432,5,0.553944879922733,0.00709255632908245,0.00317188761721494,0.545138308073679,0.562751451771787,0.545241176219029,0.562370805848659,5,0.0288355974853035,0,0,0.0288355974853035,0.0288355974853035,0.0288355974853035,0.0288355974853035,5,19,0,0,19,19,19,19,5,0.95,0,0,0.95,0.95,0.95,0.95,5,66,0,0,66,66,66,66
"GSE189903","GSE189903_HCC","4HT1","HCC tumour-region observational concordance; malignant status annotated separately","GSDME E1 + CASP3 E1",5,5,0.571441591935589,0.0156265580940603,0.00698840923053367,0.552038657334355,0.590844526536824,0.5547310656198,0.589270539304011,5,0.557833768811621,0.0114596192694054,0.00512489753653141,0.543604772131679,0.572062765491564,0.545241176219029,0.570704139181992,5,0.021988962217094,0,0,0.021988962217094,0.021988962217094,0.021988962217094,0.021988962217094,5,19,0,0,19,19,19,19,5,0.95,0,0,0.95,0.95,0.95,0.95,5,66,0,0,66,66,66,66
"GSE189903","GSE189903_HCC","4HT1","HCC tumour-region observational concordance; malignant status annotated separately","GSDME KO",5,5,0.564336328777695,0.0189914053312097,0.00849321466176734,0.540755384502636,0.587917273052753,0.53927053930401,0.588612644567168,5,0.555563193035282,0.0164016682405899,0.00733504902607166,0.535197832070459,0.575928554000105,0.533915465762555,0.576529102126191,5,0.000300560376232852,0.0320103645846461,0.0143154702391641,-0.039445556897899,0.0400466776503647,-0.0455912730544357,0.0309182196576058,5,19,0,0,19,19,19,19,5,0.95,0,0,0.95,0.95,0.95,0.95,5,66,0,0,66,66,66,66
"GSE189903","GSE189903_HCC","4HT1","HCC tumour-region observational concordance; malignant status annotated separately","GSDME OE",5,5,0.578086328777695,0.0133172911052612,0.00595567363750345,0.561550727858693,0.594621929696697,0.564928434040853,0.594862644567168,5,0.567438193035282,0.011501296863635,0.00514353632329861,0.553157446787052,0.581718939283511,0.556074556671645,0.581926829398918,5,0.0166487856786569,0.0341840327796481,0.0152875642080748,-0.0257962971372495,0.0590938684945632,-0.0445014711536425,0.0319363498867317,5,19,0,0,19,19,19,19,5,0.95,0,0,0.95,0.95,0.95,0.95,5,66,0,0,66,66,66,66
"GSE189903","GSE189903_HCC","4HT1","HCC tumour-region observational concordance; malignant status annotated separately","MALAT1 E1 + miR-204-5p KO + SIRT1 E1",5,5,0.514599486672432,0,0,0.514599486672432,0.514599486672432,0.514599486672432,0.514599486672432,5,0.538493455799359,0,0,0.538493455799359,0.538493455799359,0.538493455799359,0.538493455799359,5,-0.0787026890505362,0,0,-0.0787026890505362,-0.0787026890505362,-0.0787026890505362,-0.0787026890505362,5,19,0,0,19,19,19,19,5,0.95,0,0,0.95,0.95,0.95,0.95,5,66,0,0,66,66,66,66
"GSE189903","GSE189903_HCC","4HT1","HCC tumour-region observational concordance; malignant status annotated separately","MALAT1 KO",5,5,0.579384390947388,0.0166461669866148,0.00744439218937668,0.55871544469202,0.600053337202755,0.562410706736861,0.597279127789493,5,0.523110145447119,0.0143762351248034,0.00642924779991613,0.505259691862938,0.5409605990313,0.508451054538028,0.538564690901664,5,-0.20238985925936,0.0410356089921978,0.0183516822409312,-0.253342297589339,-0.151437420929382,-0.275796588223085,-0.184038177018429,5,19,0,0,19,19,19,19,5,0.95,0,0,0.95,0.95,0.95,0.95,5,66,0,0,66,66,66,66
"GSE189903","GSE189903_HCC","4HT1","HCC tumour-region observational concordance; malignant status annotated separately","MALAT1 KO + GSDME KO",5,5,0.569647548842125,0.0202870138962215,0.00907262842648681,0.544457894056127,0.594837203628122,0.538068601473704,0.589713338315809,5,0.512936927993465,0.0154181305611283,0.00689519760412999,0.493792790356107,0.532081065630823,0.488936927993465,0.528186927993465,5,-0.222934706201047,0.041614214859516,0.0186104426512319,-0.274605578605624,-0.17126383379647,-0.268520794583894,-0.192543980612482,5,19,0,0,19,19,19,19,5,0.95,0,0,0.95,0.95,0.95,0.95,5,66,0,0,66,66,66,66
"GSE189903","GSE189903_HCC","4HT1","HCC tumour-region observational concordance; malignant status annotated separately","MALAT1 OE",5,5,0.514599486672432,0,0,0.514599486672432,0.514599486672432,0.514599486672432,0.514599486672432,5,0.558057748860907,0,0,0.558057748860907,0.558057748860907,0.558057748860907,0.558057748860907,5,-0.0787026890505362,0,0,-0.0787026890505362,-0.0787026890505362,-0.0787026890505362,-0.0787026890505362,5,19,0,0,19,19,19,19,5,0.95,0,0,0.95,0.95,0.95,0.95,5,66,0,0,66,66,66,66
"GSE189903","GSE189903_HCC","4HT1","HCC tumour-region observational concordance; malignant status annotated separately","miR-204-5p KO",5,5,0.514599486672432,0,0,0.514599486672432,0.514599486672432,0.514599486672432,0.514599486672432,5,0.507736676064655,0,0,0.507736676064655,0.507736676064655,0.507736676064655,0.507736676064655,5,-0.0787026890505362,0,0,-0.0787026890505362,-0.0787026890505362,-0.0787026890505362,-0.0787026890505362,5,19,0,0,19,19,19,19,5,0.95,0,0,0.95,0.95,0.95,0.95,5,66,0,0,66,66,66,66
"GSE189903","GSE189903_HCC","4HT1","HCC tumour-region observational concordance; malignant status annotated separately","miR-204-5p OE",5,5,0.629203031386247,0.00558242195673585,0.00249653499486975,0.622271539019786,0.636134523752708,0.623281978754668,0.635124084017826,5,0.601553237659941,0.00424264068711928,0.00189736659610102,0.59628530346143,0.606821171858451,0.597053237659941,0.606053237659941,5,-0.0152258484602553,0,0,-0.0152258484602553,-0.0152258484602553,-0.0152258484602553,-0.0152258484602553,5,19,0,0,19,19,19,19,5,0.95,0,0,0.95,0.95,0.95,0.95,5,66,0,0,66,66,66,66
"GSE189903","GSE189903_HCC","4HT1","HCC tumour-region observational concordance; malignant status annotated separately","miR-204-5p OE + CASP3 KO",5,5,0.559104445541804,0.00186220839367421,0.000832804911305246,0.556792208422226,0.561416682661382,0.556176715596773,0.560453031386247,5,0.550494719332791,0.00184182935822983,0.00082369112959134,0.548207786127842,0.55278165253774,0.547409981624547,0.552349799198027,5,0.0189782138894851,0.0226624554184938,0.0101349581705621,-0.00916094111455649,0.0471173688935267,-0.0165000520047101,0.0341786791526139,5,19,0,0,19,19,19,19,5,0.95,0,0,0.95,0.95,0.95,0.95,5,66,0,0,66,66,66,66
"GSE189903","GSE189903_HCC","4HT1","HCC tumour-region observational concordance; malignant status annotated separately","miR-204-5p OE + GSDME KO",5,5,0.609268820859931,0.00327794030746129,0.001465939470734,0.605198720391895,0.613338921327967,0.604531978754668,0.612755662965194,5,0.577145747910662,0.00222431663720579,0.000994744640855178,0.574383894021638,0.579907601799686,0.573931462196376,0.579511819339233,5,0.00877404731210162,0.0361646556140964,0.0161733256671978,-0.0361303035713595,0.0536783981955627,-0.0155023455992926,0.0653313135970189,5,19,0,0,19,19,19,19,5,0.95,0,0,0.95,0.95,0.95,0.95,5,66,0,0,66,66,66,66
"GSE189903","GSE189903_HCC","4HT1","HCC tumour-region observational concordance; malignant status annotated separately","p21 E1",5,5,0.563113011815844,0.0162946860549325,0.00728720513816937,0.542880486779402,0.583345536852287,0.54054722234216,0.582323538131634,5,0.532034030047317,0.0135412273933891,0.00605582099008004,0.515220375501455,0.548847684593179,0.513338377873404,0.548120986569056,5,-0.197439029607514,0,0,-0.197439029607514,-0.197439029607514,-0.197439029607514,-0.197439029607514,5,19,0,0,19,19,19,19,5,0.95,0,0,0.95,0.95,0.95,0.95,5,66,0,0,66,66,66,66
"GSE189903","GSE189903_HCC","4HT1","HCC tumour-region observational concordance; malignant status annotated separately","p53 E1",5,5,0.758463338315809,0.0253609674571004,0.0113417694418473,0.72697353806471,0.789953138566907,0.729515969894756,0.793989654105282,5,0.722481646260875,0.0209503644210829,0.00936928779978689,0.696468333009967,0.748494959511782,0.698568602782614,0.751829472347831,5,0.0467491139191056,0,0,0.0467491139191056,0.0467491139191056,0.0467491139191056,0.0467491139191056,5,19,0,0,19,19,19,19,5,0.95,0,0,0.95,0.95,0.95,0.95,5,66,0,0,66,66,66,66
"GSE189903","GSE189903_HCC","4HT1","HCC tumour-region observational concordance; malignant status annotated separately","p53 E1 + miR-204-5p E1 + CASP3 KO + p21 E1",5,5,0.5313416811114,0.00259013416908294,0.00115834321458288,0.528125604763132,0.534557757459667,0.527394312690347,0.533315365321926,5,0.511239869969282,0.00133006889763689,0.000594824893974861,0.509588371303955,0.512891368634608,0.509212842942255,0.512253383482795,5,-0.0497963893947027,0,0,-0.0497963893947027,-0.0497963893947027,-0.0497963893947027,-0.0497963893947027,5,19,0,0,19,19,19,19,5,0.95,0,0,0.95,0.95,0.95,0.95,5,66,0,0,66,66,66,66
"GSE189903","GSE189903_HCC","4HT1","HCC tumour-region observational concordance; malignant status annotated separately","p53 KO",5,5,0.514599486672432,0,0,0.514599486672432,0.514599486672432,0.514599486672432,0.514599486672432,5,0.521028899251128,0,0,0.521028899251128,0.521028899251128,0.521028899251128,0.521028899251128,5,-0.0787026890505362,0,0,-0.0787026890505362,-0.0787026890505362,-0.0787026890505362,-0.0787026890505362,5,19,0,0,19,19,19,19,5,0.95,0,0,0.95,0.95,0.95,0.95,5,66,0,0,66,66,66,66
"GSE189903","GSE189903_HCC","4HT1","HCC tumour-region observational concordance; malignant status annotated separately","Reference: DDR ON, GSDME endogenous",5,5,0.574270539304011,0.013881423047266,0.00620796111162383,0.557034476062384,0.591506602545637,0.558678434040853,0.585652118251379,5,0.574270539304011,0.013881423047266,0.00620796111162383,0.557034476062384,0.591506602545637,0.558678434040853,0.585652118251379,5,0.011882327770345,0.0506834750515882,0.0226663391102532,-0.0510495185050707,0.0748141740457607,-0.0436386373866653,0.0488963045416852,5,19,0,0,19,19,19,19,5,0.95,0,0,0.95,0.95,0.95,0.95,5,66,0,0,66,66,66,66
"GSE189903","GSE189903_HCC","4HT1","HCC tumour-region observational concordance; malignant status annotated separately","SIRT1 KO",5,5,0.526841313862724,0.0101131924756659,0.00452275716902566,0.514284126858784,0.539398500866663,0.514275524389039,0.541907103336408,5,0.522173259277902,0.00835437639294132,0.00373619070484726,0.511799930883343,0.532546587672461,0.511792824495293,0.534618911451815,5,0.0663556013195601,0.0315819633862929,0.0141238833989321,0.0271414143902108,0.105569788248909,0.00986006772383188,0.0804794847184922,5,19,0,0,19,19,19,19,5,0.95,0,0,0.95,0.95,0.95,0.95,5,66,0,0,66,66,66,66
"GSE189903","GSE189903_HCC","4HT1","HCC tumour-region observational concordance; malignant status annotated separately","SIRT1 KO + GSDME KO",5,5,0.522433419125882,0.00376784764823082,0.00168503269406137,0.517755018350357,0.527111819901407,0.518551840178513,0.52677552438904,5,0.516441729361221,0.00276703471952419,0.00123745554579163,0.513006001968208,0.519877456754234,0.513557113976606,0.519566729361221,5,0.065899246261526,0.0012699360444805,0.00056793266450712,0.0643224123950733,0.0674760801279787,0.0653313135970189,0.0681709769195545,5,19,0,0,19,19,19,19,5,0.95,0,0,0.95,0.95,0.95,0.95,5,66,0,0,66,66,66,66
"GSE189903","GSE189903_HCC","4HT1","HCC tumour-region observational concordance; malignant status annotated separately","SIRT1 KO + GSDME KO + CASP3 E1",5,5,0.51585447175746,0.0039842031391156,0.00178178981104611,0.51090743015809,0.520801513356831,0.510328155967987,0.520196577020618,5,0.517914724984817,0.00325590794164291,0.00145608629719899,0.513871981312213,0.521957468657421,0.513398595952559,0.521463112081591,5,0.140611930640591,0,0,0.140611930640591,0.140611930640591,0.140611930640591,0.140611930640591,5,19,0,0,19,19,19,19,5,0.95,0,0,0.95,0.95,0.95,0.95,5,66,0,0,66,66,66,66
"GSE189903","GSE189903_HCC","4HT1","HCC tumour-region observational concordance; malignant status annotated separately","SIRT1 OE",5,5,0.514599486672432,0,0,0.514599486672432,0.514599486672432,0.514599486672432,0.514599486672432,5,0.512060445512009,0,0,0.512060445512009,0.512060445512009,0.512060445512009,0.512060445512009,5,-0.0787026890505362,0,0,-0.0787026890505362,-0.0787026890505362,-0.0787026890505362,-0.0787026890505362,5,19,0,0,19,19,19,19,5,0.95,0,0,0.95,0.95,0.95,0.95,5,66,0,0,66,66,66,66
"GSE189903","GSE189903_HCC","4HT2","HCC tumour-region observational concordance; malignant status annotated separately","BAX E1",5,5,0.568613201408034,0.0132009984775142,0.00590366599331858,0.552221996858162,0.585004405957906,0.547560569829086,0.581771096144876,5,0.567330643976971,0.0116699222998241,0.00521894791090948,0.552840521595444,0.581820766358498,0.548689339629145,0.578852383107406,5,0.261438420175215,0.0049486782538985,0.0022131161948984,0.255293824548655,0.267583015801774,0.252585955395621,0.263651536370113,5,19,0,0,19,19,19,19,5,0.95,0,0,0.95,0.95,0.95,0.95,5,153,0,0,153,153,153,153
"GSE189903","GSE189903_HCC","4HT2","HCC tumour-region observational concordance; malignant status annotated separately","BAX E1 + GSDME KO",5,5,0.573350043513297,0.014258265329061,0.00637649010340177,0.555646068777365,0.591054018249229,0.557757938250139,0.585060569829086,5,0.563359800441167,0.0111780138536782,0.00499895976605177,0.549480463067631,0.577239137814702,0.551004031210397,0.572157877364244,5,0.238069506108459,0,0,0.238069506108459,0.238069506108459,0.238069506108459,0.238069506108459,5,19,0,0,19,19,19,19,5,0.95,0,0,0.95,0.95,0.95,0.95,5,153,0,0,153,153,153,153
"GSE189903","GSE189903_HCC","4HT2","HCC tumour-region observational concordance; malignant status annotated separately","BCL2 KO",5,5,0.578066570365308,0.0069251038773372,0.00309700060419467,0.569467918196997,0.586665222533619,0.570566570365308,0.588987622996887,5,0.564633201751456,0.0061801654059131,0.00276385399196286,0.55695951286399,0.572306890638923,0.557549868418123,0.57421653508479,5,0.0823740282405433,0,0,0.0823740282405433,0.0823740282405433,0.0823740282405433,0.0823740282405433,5,19,0,0,19,19,19,19,5,0.95,0,0,0.95,0.95,0.95,0.95,5,153,0,0,153,153,153,153
"GSE189903","GSE189903_HCC","4HT2","HCC tumour-region observational concordance; malignant status annotated separately","CASP3 KO",5,5,0.572211307207413,0.010176123880433,0.00455090094882142,0.559575980543818,0.584846633871008,0.563987622996887,0.589645517733729,5,0.56115338575915,0.00832466215530697,0.00372290209379726,0.550816952463696,0.571489819054604,0.55455338575915,0.57555338575915,5,0.00473190043951792,0.0259176861059257,0.0115907415904704,-0.027449157314956,0.0369129581939918,-0.0236595021975896,0.0236595021975896,5,19,0,0,19,19,19,19,5,0.95,0,0,0.95,0.95,0.95,0.95,5,153,0,0,153,153,153,153
"GSE189903","GSE189903_HCC","4HT2","HCC tumour-region observational concordance; malignant status annotated separately","CASP3 OE",5,5,0.567342886154781,0.0096421426108218,0.00431209726530897,0.555370584809378,0.579315187500185,0.554777096681097,0.57747446510215,5,0.55795338575915,0.00746993975879324,0.00334065861769801,0.548678230491906,0.567228541026394,0.54805338575915,0.56605338575915,5,0.0492133916287341,0,0,0.0492133916287341,0.0492133916287341,0.0492133916287341,0.0492133916287341,5,19,0,0,19,19,19,19,5,0.95,0,0,0.95,0.95,0.95,0.95,5,153,0,0,153,153,153,153
"GSE189903","GSE189903_HCC","4HT2","HCC tumour-region observational concordance; malignant status annotated separately","CASP3 OE + GSDME KO",5,5,0.562079728260045,0.00942363883203097,0.0042143794047656,0.550378735190237,0.573780721329852,0.550829728260045,0.573198149312676,5,0.549493875702917,0.00709255632908221,0.00317188761721484,0.540687303853863,0.55830044755197,0.540790171999213,0.557919801628842,5,0.0560983441986814,0,0,0.0560983441986814,0.0560983441986814,0.0560983441986814,0.0560983441986814,5,19,0,0,19,19,19,19,5,0.95,0,0,0.95,0.95,0.95,0.95,5,153,0,0,153,153,153,153
"GSE189903","GSE189903_HCC","4HT2","HCC tumour-region observational concordance; malignant status annotated separately","GSDME E1 + CASP3 E1",5,5,0.567540254575834,0.01562655809406,0.00698840923053356,0.5481373199746,0.586943189177068,0.550829728260045,0.585369201944255,5,0.553382764591805,0.0114596192694054,0.00512489753653141,0.539153767911863,0.567611761271748,0.540790171999213,0.566253134962176,5,0.0492133916287341,0,0,0.0492133916287341,0.0492133916287341,0.0492133916287341,0.0492133916287341,5,19,0,0,19,19,19,19,5,0.95,0,0,0.95,0.95,0.95,0.95,5,153,0,0,153,153,153,153
"GSE189903","GSE189903_HCC","4HT2","HCC tumour-region observational concordance; malignant status annotated separately","GSDME KO",5,5,0.560434991417939,0.0189914053312096,0.0084932146617673,0.536854047142881,0.584015935692997,0.535369201944255,0.584711307207413,5,0.552193856224584,0.0164016682405898,0.00733504902607164,0.531828495259762,0.572559217189406,0.530546128951857,0.573159765315493,5,0.0278116198917952,0.0328718953082285,0.014700758491691,-0.0130042290651553,0.0686274688487457,-0.0193893919886681,0.0592162512086349,5,19,0,0,19,19,19,19,5,0.95,0,0,0.95,0.95,0.95,0.95,5,153,0,0,153,153,153,153
"GSE189903","GSE189903_HCC","4HT2","HCC tumour-region observational concordance; malignant status annotated separately","GSDME OE",5,5,0.574184991417939,0.0133172911052612,0.00595567363750349,0.557649390498937,0.590720592336942,0.561027096681097,0.590961307207413,5,0.564068856224584,0.0115012968636345,0.00514353632329836,0.549788109976356,0.578349602472813,0.552705219860948,0.57855749258822,5,0.0445014711536426,0.0351205816229261,0.0157064015836385,0.000893509356478465,0.0881094329508066,-0.0183241351809116,0.0602078727372811,5,19,0,0,19,19,19,19,5,0.95,0,0,0.95,0.95,0.95,0.95,5,153,0,0,153,153,153,153
"GSE189903","GSE189903_HCC","4HT2","HCC tumour-region observational concordance; malignant status annotated separately","MALAT1 E1 + miR-204-5p KO + SIRT1 E1",5,5,0.510698149312676,0,0,0.510698149312676,0.510698149312676,0.510698149312676,0.510698149312676,5,0.526163048352347,0,0,0.526163048352347,0.526163048352347,0.526163048352347,0.526163048352347,5,-0.0562162064646687,0,0,-0.0562162064646687,-0.0562162064646687,-0.0562162064646687,-0.0562162064646687,5,19,0,0,19,19,19,19,5,0.95,0,0,0.95,0.95,0.95,0.95,5,153,0,0,153,153,153,153
"GSE189903","GSE189903_HCC","4HT2","HCC tumour-region observational concordance; malignant status annotated separately","MALAT1 KO",5,5,0.586085539261471,0.016646166986615,0.00744439218937679,0.565416593006103,0.606754485516838,0.569111855050944,0.603980276103576,5,0.542632539068572,0.0143762351248037,0.00642924779991623,0.52478208548439,0.560482992652753,0.527973448159481,0.558087084523117,5,-0.175696503272551,0.041968236469293,0.018768765928225,-0.227806951564574,-0.123586054980528,-0.250771566985451,-0.156927737344326,5,19,0,0,19,19,19,19,5,0.95,0,0,0.95,0.95,0.95,0.95,5,153,0,0,153,153,153,153
"GSE189903","GSE189903_HCC","4HT2","HCC tumour-region observational concordance; malignant status annotated separately","MALAT1 KO + GSDME KO",5,5,0.576348697156207,0.0202870138962214,0.00907262842648679,0.551159042370209,0.601538351942205,0.544769749787786,0.596414486629891,5,0.530116634380343,0.0154181305611284,0.00689519760413,0.510972496742985,0.549260772017701,0.506116634380343,0.545366634380343,5,-0.196707093706806,0.0427543303351187,0.0191203177923613,-0.249793606451234,-0.143620580962378,-0.24354211601795,-0.165483745499377,5,19,0,0,19,19,19,19,5,0.95,0,0,0.95,0.95,0.95,0.95,5,153,0,0,153,153,153,153
"GSE189903","GSE189903_HCC","4HT2","HCC tumour-region observational concordance; malignant status annotated separately","MALAT1 OE",5,5,0.510698149312676,0,0,0.510698149312676,0.510698149312676,0.510698149312676,0.510698149312676,5,0.540953373790919,0,0,0.540953373790919,0.540953373790919,0.540953373790919,0.540953373790919,5,-0.0562162064646687,0,0,-0.0562162064646687,-0.0562162064646687,-0.0562162064646687,-0.0562162064646687,5,19,0,0,19,19,19,19,5,0.95,0,0,0.95,0.95,0.95,0.95,5,153,0,0,153,153,153,153
"GSE189903","GSE189903_HCC","4HT2","HCC tumour-region observational concordance; malignant status annotated separately","miR-204-5p KO",5,5,0.510698149312676,0,0,0.510698149312676,0.510698149312676,0.510698149312676,0.510698149312676,5,0.504533804498535,0,0,0.504533804498535,0.504533804498535,0.504533804498535,0.504533804498535,5,-0.0562162064646687,0,0,-0.0562162064646687,-0.0562162064646687,-0.0562162064646687,-0.0562162064646687,5,19,0,0,19,19,19,19,5,0.95,0,0,0.95,0.95,0.95,0.95,5,153,0,0,153,153,153,153
"GSE189903","GSE189903_HCC","4HT2","HCC tumour-region observational concordance; malignant status annotated separately","miR-204-5p OE",5,5,0.637208149280127,0.00558242195673598,0.00249653499486981,0.630276656913666,0.644139641646588,0.631287096648548,0.643129201911706,5,0.607874982431995,0.00424264068711924,0.00189736659610101,0.602607048233485,0.613142916630505,0.603374982431995,0.612374982431995,5,0,0,0,0,0,0,0,5,19,0,0,19,19,19,19,5,0.95,0,0,0.95,0.95,0.95,0.95,5,153,0,0,153,153,153,153
"GSE189903","GSE189903_HCC","4HT2","HCC tumour-region observational concordance; malignant status annotated separately","miR-204-5p OE + CASP3 KO",5,5,0.567804317593935,0.00212383965817209,0.000949809969796543,0.565167222352426,0.570441412835445,0.564181833490653,0.569794254007064,5,0.557504256507237,0.00250474507796556,0.0011201560521278,0.554394204719249,0.560614308295225,0.553993701734258,0.561062604631412,5,0.0371345792628031,0.0237130865205331,0.0106048146832492,0.00769089344396625,0.06657826508164,0,0.0530358814437112,5,19,0,0,19,19,19,19,5,0.95,0,0,0.95,0.95,0.95,0.95,5,153,0,0,153,153,153,153
"GSE189903","GSE189903_HCC","4HT2","HCC tumour-region observational concordance; malignant status annotated separately","miR-204-5p OE + GSDME KO",5,5,0.617273938753811,0.00327794030746118,0.00146593947073395,0.613203838285776,0.621344039221847,0.612537096648548,0.620760780859074,5,0.58279016288571,0.002224316637206,0.00099474464085527,0.580028308996686,0.585552016774734,0.579575877171424,0.585156234314281,5,0.0249583092530311,0.037164940082285,0.0166206664807392,-0.0211880588425422,0.0711046773486044,0,0.0830482799962105,5,19,0,0,19,19,19,19,5,0.95,0,0,0.95,0.95,0.95,0.95,5,153,0,0,153,153,153,153
"GSE189903","GSE189903_HCC","4HT2","HCC tumour-region observational concordance; malignant status annotated separately","p21 E1",5,5,0.564059222256056,0.0162946860549325,0.0072872051381694,0.543826697219613,0.584291747292498,0.541493432782371,0.583269748571845,5,0.538822426163103,0.0135412273933889,0.00605582099007998,0.522008771617242,0.555636080708965,0.52012677398919,0.554909382684842,5,-0.167144152048689,0,0,-0.167144152048689,-0.167144152048689,-0.167144152048689,-0.167144152048689,5,19,0,0,19,19,19,19,5,0.95,0,0,0.95,0.95,0.95,0.95,5,153,0,0,153,153,153,153
"GSE189903","GSE189903_HCC","4HT2","HCC tumour-region observational concordance; malignant status annotated separately","p53 E1",5,5,0.765164486629892,0.0253609674571004,0.0113417694418473,0.733674686378793,0.79665428688099,0.736217118208839,0.800690802419365,5,0.728924958417538,0.0209503644210829,0.00936928779978689,0.70291164516663,0.754938271668445,0.705011914939277,0.758272784504494,5,0.0751137448363158,0,0,0.0751137448363158,0.0751137448363158,0.0751137448363158,0.0751137448363158,5,19,0,0,19,19,19,19,5,0.95,0,0,0.95,0.95,0.95,0.95,5,153,0,0,153,153,153,153
"GSE189903","GSE189903_HCC","4HT2","HCC tumour-region observational concordance; malignant status annotated separately","p53 E1 + miR-204-5p E1 + CASP3 KO + p21 E1",5,5,0.541163643802481,0.00128735178526627,0.000575721220562221,0.539565185437692,0.542762102167269,0.538873201375485,0.541813412438022,5,0.520742387385036,0.000661072538380081,0.00029564062677524,0.519921557413928,0.521563217356144,0.519566214246849,0.521076052360044,5,-0.0331975929298018,0,0,-0.0331975929298018,-0.0331975929298018,-0.0331975929298018,-0.0331975929298018,5,19,0,0,19,19,19,19,5,0.95,0,0,0.95,0.95,0.95,0.95,5,153,0,0,153,153,153,153
"GSE189903","GSE189903_HCC","4HT2","HCC tumour-region observational concordance; malignant status annotated separately","p53 KO",5,5,0.510698149312676,0,0,0.510698149312676,0.510698149312676,0.510698149312676,0.510698149312676,5,0.518713636285925,0,0,0.518713636285925,0.518713636285925,0.518713636285925,0.518713636285925,5,-0.0562162064646687,0,0,-0.0562162064646687,-0.0562162064646687,-0.0562162064646687,-0.0562162064646687,5,19,0,0,19,19,19,19,5,0.95,0,0,0.95,0.95,0.95,0.95,5,153,0,0,153,153,153,153
"GSE189903","GSE189903_HCC","4HT2","HCC tumour-region observational concordance; malignant status annotated separately","Reference: DDR ON, GSDME endogenous",5,5,0.570369201944255,0.0138814230472666,0.00620796111162409,0.553133138702628,0.587605265185882,0.554777096681097,0.581750780891624,5,0.570369201944255,0.0138814230472666,0.00620796111162409,0.553133138702628,0.587605265185882,0.554777096681097,0.581750780891624,5,0.0394325036626494,0.0518353722118515,0.0231814831809407,-0.0249296118462985,0.103794619171597,-0.0173503016115657,0.0772877071787928,5,19,0,0,19,19,19,19,5,0.95,0,0,0.95,0.95,0.95,0.95,5,153,0,0,153,153,153,153
"GSE189903","GSE189903_HCC","4HT2","HCC tumour-region observational concordance; malignant status annotated separately","SIRT1 KO",5,5,0.533472654747895,0.0101131924756659,0.00452275716902566,0.520915467743955,0.546029841751834,0.52090686527421,0.548538444221579,5,0.527651323487391,0.00835437639294103,0.00373619070484713,0.517277995092833,0.538024651881949,0.517270888704783,0.540096975661304,5,0.08525830600985,0.0282239817941908,0.0126221483775054,0.0502136039300447,0.120303008089655,0.0347697124998282,0.0978804543873554,5,19,0,0,19,19,19,19,5,0.95,0,0,0.95,0.95,0.95,0.95,5,153,0,0,153,153,153,153
"GSE189903","GSE189903_HCC","4HT2","HCC tumour-region observational concordance; malignant status annotated separately","SIRT1 KO + GSDME KO",5,5,0.529064760011053,0.00376784764823082,0.00168503269406137,0.524386359235528,0.533743160786578,0.525183181063684,0.533406865274211,5,0.521287709238846,0.00276703471952417,0.00123745554579162,0.517851981845833,0.524723436631859,0.518403093854231,0.524412709238846,5,0.0836114655110546,0.00125932109513471,0.000563185514844139,0.0820478118450473,0.0851751191770619,0.0830482799962105,0.0858642075704312,5,19,0,0,19,19,19,19,5,0.95,0,0,0.95,0.95,0.95,0.95,5,153,0,0,153,153,153,153
"GSE189903","GSE189903_HCC","4HT2","HCC tumour-region observational concordance; malignant status annotated separately","SIRT1 KO + GSDME KO + CASP3 E1",5,5,0.522485812642632,0.00398420313911585,0.00178178981104622,0.517538771043261,0.527432854242002,0.516959496853158,0.52682791790579,5,0.520493556362835,0.00325590794164316,0.0014560862971991,0.516450812690231,0.524536300035439,0.515977427330577,0.52404194345961,5,0.156616540632203,0,0,0.156616540632203,0.156616540632203,0.156616540632203,0.156616540632203,5,19,0,0,19,19,19,19,5,0.95,0,0,0.95,0.95,0.95,0.95,5,153,0,0,153,153,153,153
"GSE189903","GSE189903_HCC","4HT2","HCC tumour-region observational concordance; malignant status annotated separately","SIRT1 OE",5,5,0.510698149312676,0,0,0.510698149312676,0.510698149312676,0.510698149312676,0.510698149312676,5,0.508837601606124,0,0,0.508837601606124,0.508837601606124,0.508837601606124,0.508837601606124,5,-0.0562162064646687,0,0,-0.0562162064646687,-0.0562162064646687,-0.0562162064646687,-0.0562162064646687,5,19,0,0,19,19,19,19,5,0.95,0,0,0.95,0.95,0.95,0.95,5,153,0,0,153,153,153,153
"GSE189903","GSE189903_HCC","4HT3","HCC tumour-region observational concordance; malignant status annotated separately","BAX E1",5,5,0.577336689053967,0.0132009984775142,0.00590366599331858,0.560945484504095,0.593727893603839,0.556284057475019,0.590494583790809,5,0.570473257886556,0.0116699222998238,0.00521894791090935,0.555983135505029,0.584963380268082,0.55183195353873,0.58199499701699,5,0.277240911108356,0.0140430060671391,0.006280223234913,0.259804216048232,0.29467760616848,0.270960687873443,0.302361804048008,5,19,0,0,19,19,19,19,5,0.95,0,0,0.95,0.95,0.95,0.95,5,176,0,0,176,176,176,176
"GSE189903","GSE189903_HCC","4HT3","HCC tumour-region observational concordance; malignant status annotated separately","BAX E1 + GSDME KO",5,5,0.58207353115923,0.014258265329061,0.00637649010340176,0.564369556423298,0.599777505895162,0.566481425896072,0.593784057475019,5,0.566139805053491,0.011178013853678,0.00499895976605169,0.552260467679956,0.580019142427026,0.553784035822722,0.574937881976568,5,0.242246164110361,0,0,0.242246164110361,0.242246164110361,0.242246164110361,0.242246164110361,5,19,0,0,19,19,19,19,5,0.95,0,0,0.95,0.95,0.95,0.95,5,176,0,0,176,176,176,176
"GSE189903","GSE189903_HCC","4HT3","HCC tumour-region observational concordance; malignant status annotated separately","BCL2 KO",5,5,0.590069571883251,0.00692510387733739,0.00309700060419475,0.581470919714939,0.598668224051562,0.582569571883251,0.60099062451483,5,0.575433718860832,0.00618016540591319,0.00276385399196289,0.567760029973365,0.583107407748298,0.568350385527498,0.585017052194165,5,0.0490073332570321,0,0,0.0490073332570321,0.0490073332570321,0.0490073332570321,0.0490073332570321,5,19,0,0,19,19,19,19,5,0.95,0,0,0.95,0.95,0.95,0.95,5,176,0,0,176,176,176,176
"GSE189903","GSE189903_HCC","4HT3","HCC tumour-region observational concordance; malignant status annotated separately","CASP3 KO",5,5,0.584214308725356,0.010176123880433,0.00455090094882142,0.571578982061761,0.596849635388951,0.57599062451483,0.601648519251672,5,0.572535605179049,0.00832466215530697,0.00372290209379726,0.562199171883595,0.582872038474503,0.565935605179049,0.586935605179049,5,-0.00767619404632908,0.0270695832661891,0.0121058856611579,-0.0412875210343352,0.025935132941677,-0.0373294368006414,0.0120926344565458,5,19,0,0,19,19,19,19,5,0.95,0,0,0.95,0.95,0.95,0.95,5,176,0,0,176,176,176,176
"GSE189903","GSE189903_HCC","4HT3","HCC tumour-region observational concordance; malignant status annotated separately","CASP3 OE",5,5,0.579345887672724,0.00964214261082174,0.00431209726530894,0.56737358632732,0.591318189018128,0.56678009819904,0.589477466620093,5,0.569335605179049,0.00746993975879326,0.00334065861769802,0.560060449911804,0.578610760446294,0.559435605179049,0.577435605179049,5,0.118321558596744,0,0,0.118321558596744,0.118321558596744,0.118321558596744,0.118321558596744,5,19,0,0,19,19,19,19,5,0.95,0,0,0.95,0.95,0.95,0.95,5,176,0,0,176,176,176,176
"GSE189903","GSE189903_HCC","4HT3","HCC tumour-region observational concordance; malignant status annotated separately","CASP3 OE + GSDME KO",5,5,0.574082729777987,0.00942363883203125,0.00421437940476572,0.562381736708179,0.585783722847796,0.562832729777987,0.585201150830619,5,0.560032967758379,0.00709255632908251,0.00317188761721497,0.551226395909325,0.568839539607433,0.551329264054675,0.568458893684305,5,0.0886039268184782,0,0,0.0886039268184782,0.0886039268184782,0.0886039268184782,0.0886039268184782,5,19,0,0,19,19,19,19,5,0.95,0,0,0.95,0.95,0.95,0.95,5,176,0,0,176,176,176,176
"GSE189903","GSE189903_HCC","4HT3","HCC tumour-region observational concordance; malignant status annotated separately","GSDME E1 + CASP3 E1",5,5,0.579543256093777,0.0156265580940603,0.00698840923053367,0.560140321492543,0.598946190695011,0.562832729777987,0.597372203462198,5,0.563921856647268,0.0114596192694052,0.0051248975365313,0.549692859967325,0.57815085332721,0.551329264054675,0.576792227017638,5,0.118321558596744,0,0,0.118321558596744,0.118321558596744,0.118321558596744,0.118321558596744,5,19,0,0,19,19,19,19,5,0.95,0,0,0.95,0.95,0.95,0.95,5,176,0,0,176,176,176,176
"GSE189903","GSE189903_HCC","4HT3","HCC tumour-region observational concordance; malignant status annotated separately","GSDME KO",5,5,0.572437992935882,0.0189914053312096,0.00849321466176731,0.548857048660824,0.59601893721094,0.547372203462198,0.596714308725356,5,0.562560084808262,0.0164016682405898,0.00733504902607165,0.54219472384344,0.582925445773084,0.540912357535535,0.583525993899171,5,0.0221401316988268,0.035506071893596,0.0158787980736151,-0.0219464794890858,0.0662267428867395,-0.0288220691723444,0.0560720254807428,5,19,0,0,19,19,19,19,5,0.95,0,0,0.95,0.95,0.95,0.95,5,176,0,0,176,176,176,176
"GSE189903","GSE189903_HCC","4HT3","HCC tumour-region observational concordance; malignant status annotated separately","GSDME OE",5,5,0.586187992935882,0.0133172911052613,0.00595567363750352,0.56965239201688,0.602723593854884,0.57303009819904,0.602964308725356,5,0.574435084808262,0.0115012968636347,0.00514353632329848,0.560154338560033,0.588715831056491,0.563071448444626,0.588923721171898,5,0.0777990425109562,0.0379302281527602,0.0169629137103296,0.030702443770019,0.124895641251893,0.00994738766963774,0.0947619562212858,5,19,0,0,19,19,19,19,5,0.95,0,0,0.95,0.95,0.95,0.95,5,176,0,0,176,176,176,176
"GSE189903","GSE189903_HCC","4HT3","HCC tumour-region observational concordance; malignant status annotated separately","MALAT1 E1 + miR-204-5p KO + SIRT1 E1",5,5,0.522701150830619,0,0,0.522701150830619,0.522701150830619,0.522701150830619,0.522701150830619,5,0.539858659815725,0,0,0.539858659815725,0.539858659815725,0.539858659815725,0.539858659815725,5,0.0562162064646687,0,0,0.0562162064646687,0.0562162064646687,0.0562162064646687,0.0562162064646687,5,19,0,0,19,19,19,19,5,0.95,0,0,0.95,0.95,0.95,0.95,5,176,0,0,176,176,176,176
"GSE189903","GSE189903_HCC","4HT3","HCC tumour-region observational concordance; malignant status annotated separately","MALAT1 KO",5,5,0.591450327608257,0.016646166986615,0.00744439218937679,0.570781381352889,0.612119273863624,0.57447664339773,0.609345064450362,5,0.538666261941797,0.0143762351248037,0.00642924779991624,0.520815808357616,0.556516715525978,0.524007171032706,0.554120807396343,5,-0.182578384112901,0.0456987463776747,0.0204371006774006,-0.239320872253104,-0.125835895972697,-0.264326786822503,-0.1621412834355,5,19,0,0,19,19,19,19,5,0.95,0,0,0.95,0.95,0.95,0.95,5,176,0,0,176,176,176,176
"GSE189903","GSE189903_HCC","4HT3","HCC tumour-region observational concordance; malignant status annotated separately","MALAT1 KO + GSDME KO",5,5,0.581713485502993,0.0202870138962214,0.00907262842648679,0.556523830716995,0.606903140288991,0.550134538134572,0.601779274976677,5,0.526626310508782,0.0154181305611283,0.00689519760412999,0.507482172871424,0.54577044814614,0.502626310508782,0.541876310508782,5,-0.20961274429921,0.0461746767619288,0.0206499432157505,-0.266946178063193,-0.152279310535227,-0.260194568395246,-0.175891528235186,5,19,0,0,19,19,19,19,5,0.95,0,0,0.95,0.95,0.95,0.95,5,176,0,0,176,176,176,176
"GSE189903","GSE189903_HCC","4HT3","HCC tumour-region observational concordance; malignant status annotated separately","MALAT1 OE",5,5,0.522701150830619,0,0,0.522701150830619,0.522701150830619,0.522701150830619,0.522701150830619,5,0.559919105800868,0,0,0.559919105800868,0.559919105800868,0.559919105800868,0.559919105800868,5,0.0562162064646687,0,0,0.0562162064646687,0.0562162064646687,0.0562162064646687,0.0562162064646687,5,19,0,0,19,19,19,19,5,0.95,0,0,0.95,0.95,0.95,0.95,5,176,0,0,176,176,176,176
"GSE189903","GSE189903_HCC","4HT3","HCC tumour-region observational concordance; malignant status annotated separately","miR-204-5p KO",5,5,0.522701150830619,0,0,0.522701150830619,0.522701150830619,0.522701150830619,0.522701150830619,5,0.513948799698005,0,0,0.513948799698005,0.513948799698005,0.513948799698005,0.513948799698005,5,0.0562162064646687,0,0,0.0562162064646687,0.0562162064646687,0.0562162064646687,0.0562162064646687,5,19,0,0,19,19,19,19,5,0.95,0,0,0.95,0.95,0.95,0.95,5,176,0,0,176,176,176,176
"GSE189903","GSE189903_HCC","4HT3","HCC tumour-region observational concordance; malignant status annotated separately","miR-204-5p OE",5,5,0.627909695670844,0.00558242195673606,0.00249653499486984,0.620978203304383,0.634841188037306,0.621988643039265,0.633830748302423,5,0.600515443643107,0.0042426406871193,0.00189736659610103,0.595247509444597,0.605783377841618,0.596015443643107,0.605015443643107,5,-0.210986757234966,0,0,-0.210986757234966,-0.210986757234966,-0.210986757234966,-0.210986757234966,5,19,0,0,19,19,19,19,5,0.95,0,0,0.95,0.95,0.95,0.95,5,176,0,0,176,176,176,176
"GSE189903","GSE189903_HCC","4HT3","HCC tumour-region observational concordance; malignant status annotated separately","miR-204-5p OE + CASP3 KO",5,5,0.55784996121025,0.00184356315468963,0.000824466506939994,0.555560875212657,0.560139047207843,0.55488337988137,0.559159695670844,5,0.549344608794578,0.00187232583200172,0.000837329567276942,0.547019809216075,0.551669408373082,0.546236058947845,0.551294937213768,5,-0.204088106665808,0.0248159774254264,0.0110980424902707,-0.234901212415197,-0.173275000916418,-0.242786479497878,-0.18739344776778,5,19,0,0,19,19,19,19,5,0.95,0,0,0.95,0.95,0.95,0.95,5,176,0,0,176,176,176,176
"GSE189903","GSE189903_HCC","4HT3","HCC tumour-region observational concordance; malignant status annotated separately","miR-204-5p OE + GSDME KO",5,5,0.607975485144528,0.00327794030746145,0.00146593947073407,0.603905384676492,0.612045585612564,0.603238643039265,0.611462327249792,5,0.576219146109917,0.00222431663720579,0.000994744640855178,0.573457292220893,0.578980999998941,0.573004860395631,0.578585217538488,5,-0.192523882538729,0.0400106341255813,0.0178932995455345,-0.242203646477766,-0.142844118599692,-0.219247459189996,-0.129555316794088,5,19,0,0,19,19,19,19,5,0.95,0,0,0.95,0.95,0.95,0.95,5,176,0,0,176,176,176,176
"GSE189903","GSE189903_HCC","4HT3","HCC tumour-region observational concordance; malignant status annotated separately","p21 E1",5,5,0.570115017810148,0.0162946860549325,0.00728720513816938,0.549882492773706,0.590347542846591,0.547549228336464,0.589325544125938,5,0.536455675969974,0.013541227393389,0.00605582099008002,0.519642021424112,0.553269330515835,0.517760023796061,0.552542632491713,5,-0.167144152048689,0,0,-0.167144152048689,-0.167144152048689,-0.167144152048689,-0.167144152048689,5,19,0,0,19,19,19,19,5,0.95,0,0,0.95,0.95,0.95,0.95,5,176,0,0,176,176,176,176
"GSE189903","GSE189903_HCC","4HT3","HCC tumour-region observational concordance; malignant status annotated separately","p53 E1",5,5,0.770494125228413,0.0252994663035053,0.0113142652898206,0.739080688745581,0.801907561711245,0.741581906555625,0.805879842024828,5,0.733022448329555,0.020899559120287,0.00934656697854747,0.707072218191564,0.758972678467547,0.709138441599861,0.762254127422246,5,0.0950740406669451,0,0,0.0950740406669451,0.0950740406669451,0.0950740406669451,0.0950740406669451,5,19,0,0,19,19,19,19,5,0.95,0,0,0.95,0.95,0.95,0.95,5,176,0,0,176,176,176,176
"GSE189903","GSE189903_HCC","4HT3","HCC tumour-region observational concordance; malignant status annotated separately","p53 E1 + miR-204-5p E1 + CASP3 KO + p21 E1",5,5,0.530242602315245,0.00259013416908296,0.00115834321458289,0.527026525966977,0.533458678663512,0.526295233894192,0.532216286525771,5,0.510165796175075,0.0013300688976374,0.000594824893975088,0.508514297509748,0.511817294840402,0.508138769148048,0.511179309688589,5,-0.265580743438415,0,0,-0.265580743438415,-0.265580743438415,-0.265580743438415,-0.265580743438415,5,19,0,0,19,19,19,19,5,0.95,0,0,0.95,0.95,0.95,0.95,5,176,0,0,176,176,176,176
"GSE189903","GSE189903_HCC","4HT3","HCC tumour-region observational concordance; malignant status annotated separately","p53 KO",5,5,0.522701150830619,0,0,0.522701150830619,0.522701150830619,0.522701150830619,0.522701150830619,5,0.528323904261812,0,0,0.528323904261812,0.528323904261812,0.528323904261812,0.528323904261812,5,0.0562162064646687,0,0,0.0562162064646687,0.0562162064646687,0.0562162064646687,0.0562162064646687,5,19,0,0,19,19,19,19,5,0.95,0,0,0.95,0.95,0.95,0.95,5,176,0,0,176,176,176,176
"GSE189903","GSE189903_HCC","4HT3","HCC tumour-region observational concordance; malignant status annotated separately","Reference: DDR ON, GSDME endogenous",5,5,0.582372203462198,0.0138814230472662,0.00620796111162391,0.565136140220571,0.599608266703824,0.56678009819904,0.593753782409566,5,0.582372203462198,0.0138814230472662,0.00620796111162391,0.565136140220571,0.599608266703824,0.56678009819904,0.593753782409566,5,0.0371191301144406,0.056442960852905,0.025242059463691,-0.032964062328636,0.107202322557517,-0.0247110356285936,0.0783392406097968,5,19,0,0,19,19,19,19,5,0.95,0,0,0.95,0.95,0.95,0.95,5,176,0,0,176,176,176,176
"GSE189903","GSE189903_HCC","4HT3","HCC tumour-region observational concordance; malignant status annotated separately","SIRT1 KO",5,5,0.526841893230452,0.0101131924756656,0.00452275716902552,0.514284706226513,0.539399080234391,0.514276103756768,0.541907682704136,5,0.522173737886026,0.0083543763929413,0.00373619070484725,0.511800409491467,0.532547066280584,0.511793303103417,0.534619390059939,5,-0.10750018750744,0.00691922053666835,0.0030943694942606,-0.116091534543453,-0.0989088404714264,-0.119877665484482,-0.104405818013179,5,19,0,0,19,19,19,19,5,0.95,0,0,0.95,0.95,0.95,0.95,5,176,0,0,176,176,176,176
"GSE189903","GSE189903_HCC","4HT3","HCC tumour-region observational concordance; malignant status annotated separately","SIRT1 KO + GSDME KO",5,5,0.52243399849361,0.00376784764823049,0.00168503269406122,0.517755597718086,0.527112399269135,0.518552419546242,0.526776103756768,5,0.51644215274533,0.00276703471952422,0.00123745554579165,0.513006425352317,0.519877880138343,0.513557537360715,0.51956715274533,5,-0.123314962805951,0.0139538557211362,0.006240353988137,-0.140640963091016,-0.105988962520887,-0.129555316794088,-0.098353546853403,5,19,0,0,19,19,19,19,5,0.95,0,0,0.95,0.95,0.95,0.95,5,176,0,0,176,176,176,176
"GSE189903","GSE189903_HCC","4HT3","HCC tumour-region observational concordance; malignant status annotated separately","SIRT1 KO + GSDME KO + CASP3 E1",5,5,0.515855051125189,0.00398420313911586,0.00178178981104622,0.510908009525818,0.52080209272456,0.510328735335715,0.520197156388347,5,0.518252072099131,0.00325590794164291,0.00145608629719899,0.514209328426527,0.522294815771735,0.513735943066873,0.521800459195905,5,-0.0377251521230854,0,0,-0.0377251521230854,-0.0377251521230854,-0.0377251521230854,-0.0377251521230854,5,19,0,0,19,19,19,19,5,0.95,0,0,0.95,0.95,0.95,0.95,5,176,0,0,176,176,176,176
"GSE189903","GSE189903_HCC","4HT3","HCC tumour-region observational concordance; malignant status annotated separately","SIRT1 OE",5,5,0.522701150830619,0,0,0.522701150830619,0.522701150830619,0.522701150830619,0.522701150830619,5,0.518753124599207,0,0,0.518753124599207,0.518753124599207,0.518753124599207,0.518753124599207,5,0.0562162064646687,0,0,0.0562162064646687,0.0562162064646687,0.0562162064646687,0.0562162064646687,5,19,0,0,19,19,19,19,5,0.95,0,0,0.95,0.95,0.95,0.95,5,176,0,0,176,176,176,176
