"accession","experiment","validation_group","validation_scope","perturbation","concordance_score","weighted_concordance_score","spearman_rank_correlation","nodes_compared","node_coverage","direct_target_observed","direct_nodes","observed_direct_nodes","observed_first_order_nodes","compared_nodes","n_cells","evidence_grade","claim_level"
"GSE125449","GSE125449_Set1","S10_P05_LCP23","tumour-cell-intrinsic observational concordance","Reference: DDR ON, GSDME endogenous",0.571226141279633,0.571226141279633,-0.0264747825074525,19,0.95,FALSE,"","","","PRKAA1;PPM1D;Mdm2;TP53;TP53INP1;CDKN1A;MYC;MALAT1;SIRT1;DFNA5;E2F1;AKT1;RB1;CDC25A;BBC3;BCL2;BAX;CASP3;CASP9",46,"Indirect only: perturbed node not measured","HCC; malignant cell annotated observational concordance; not causal perturbation validation"
"GSE125449","GSE125449_Set1","S10_P05_LCP23","tumour-cell-intrinsic observational concordance","GSDME KO",0.572212983384897,0.562365758377865,-0.0527754292578234,19,0.95,TRUE,"DFNA5","DFNA5","","PRKAA1;PPM1D;Mdm2;TP53;TP53INP1;CDKN1A;MYC;MALAT1;SIRT1;DFNA5;E2F1;AKT1;RB1;CDC25A;BBC3;BCL2;BAX;CASP3;CASP9",46,"Limited observational concordance","HCC; malignant cell annotated observational concordance; not causal perturbation validation"
"GSE125449","GSE125449_Set1","S10_P05_LCP23","tumour-cell-intrinsic observational concordance","CASP3 KO",0.580436667595423,0.572482155368304,-0.10589913002981,19,0.95,TRUE,"CASP3","CASP3","DFNA5;CDKN1A;CASP9","PRKAA1;PPM1D;Mdm2;TP53;TP53INP1;CDKN1A;MYC;MALAT1;SIRT1;DFNA5;E2F1;AKT1;RB1;CDC25A;BBC3;BCL2;BAX;CASP3;CASP9",46,"Limited observational concordance","HCC; malignant cell annotated observational concordance; not causal perturbation validation"
"GSE125449","GSE125449_Set1","S10_P05_LCP23","tumour-cell-intrinsic observational concordance","miR-204-5p OE",0.576412231659854,0.576073296061489,-0.370795882646403,19,0.95,FALSE,"MIR204","","SIRT1;BCL2;MYC;E2F1;CDC25A;AKT1","PRKAA1;PPM1D;Mdm2;TP53;TP53INP1;CDKN1A;MYC;MALAT1;SIRT1;DFNA5;E2F1;AKT1;RB1;CDC25A;BBC3;BCL2;BAX;CASP3;CASP9",46,"Indirect only: perturbed node not measured","HCC; malignant cell annotated observational concordance; not causal perturbation validation"
"GSE125449","GSE125449_Set1","S10_P05_LCP23","tumour-cell-intrinsic observational concordance","miR-204-5p KO",0.527147193911212,0.502631867372521,0.0707686410942324,19,0.95,FALSE,"MIR204","","SIRT1;BCL2;MYC;E2F1;CDC25A;AKT1","PRKAA1;PPM1D;Mdm2;TP53;TP53INP1;CDKN1A;MYC;MALAT1;SIRT1;DFNA5;E2F1;AKT1;RB1;CDC25A;BBC3;BCL2;BAX;CASP3;CASP9",46,"Indirect only: perturbed node not measured","HCC; malignant cell annotated observational concordance; not causal perturbation validation"
"GSE125449","GSE125449_Set1","S10_P05_LCP23","tumour-cell-intrinsic observational concordance","MALAT1 OE",0.527147193911212,0.569415769603357,0.0707686410942324,19,0.95,TRUE,"MALAT1","MALAT1","","PRKAA1;PPM1D;Mdm2;TP53;TP53INP1;CDKN1A;MYC;MALAT1;SIRT1;DFNA5;E2F1;AKT1;RB1;CDC25A;BBC3;BCL2;BAX;CASP3;CASP9",46,"Limited observational concordance","HCC; malignant cell annotated observational concordance; not causal perturbation validation"
"GSE125449","GSE125449_Set1","S10_P05_LCP23","tumour-cell-intrinsic observational concordance","MALAT1 KO",0.598386673754018,0.538999843380251,-0.292060314870131,19,0.95,TRUE,"MALAT1","MALAT1","","PRKAA1;PPM1D;Mdm2;TP53;TP53INP1;CDKN1A;MYC;MALAT1;SIRT1;DFNA5;E2F1;AKT1;RB1;CDC25A;BBC3;BCL2;BAX;CASP3;CASP9",46,"Limited observational concordance","HCC; malignant cell annotated observational concordance; not causal perturbation validation"
"GSE125449","GSE125449_Set1","S10_P05_LCP23","tumour-cell-intrinsic observational concordance","SIRT1 OE",0.527147193911212,0.522425942796219,0.0707686410942324,19,0.95,TRUE,"SIRT1","SIRT1","TP53","PRKAA1;PPM1D;Mdm2;TP53;TP53INP1;CDKN1A;MYC;MALAT1;SIRT1;DFNA5;E2F1;AKT1;RB1;CDC25A;BBC3;BCL2;BAX;CASP3;CASP9",46,"Limited observational concordance","HCC; malignant cell annotated observational concordance; not causal perturbation validation"
"GSE125449","GSE125449_Set1","S10_P05_LCP23","tumour-cell-intrinsic observational concordance","SIRT1 KO",0.476676147438228,0.480732469622884,-0.313750362239264,19,0.95,TRUE,"SIRT1","SIRT1","TP53","PRKAA1;PPM1D;Mdm2;TP53;TP53INP1;CDKN1A;MYC;MALAT1;SIRT1;DFNA5;E2F1;AKT1;RB1;CDC25A;BBC3;BCL2;BAX;CASP3;CASP9",46,"Limited observational concordance","HCC; malignant cell annotated observational concordance; not causal perturbation validation"
"GSE125449","GSE125449_Set1","S10_P05_LCP23","tumour-cell-intrinsic observational concordance","BCL2 KO",0.591620878121739,0.59567690465513,-0.0853209908609371,19,0.95,TRUE,"BCL2","BCL2","BAX;CASP3","PRKAA1;PPM1D;Mdm2;TP53;TP53INP1;CDKN1A;MYC;MALAT1;SIRT1;DFNA5;E2F1;AKT1;RB1;CDC25A;BBC3;BCL2;BAX;CASP3;CASP9",46,"Limited observational concordance","HCC; malignant cell annotated observational concordance; not causal perturbation validation"
"GSE125449","GSE125449_Set1","S10_P05_LCP23","tumour-cell-intrinsic observational concordance","GSDME OE",0.583810454183836,0.57238175588604,0.0208707047335249,19,0.95,TRUE,"DFNA5","DFNA5","","PRKAA1;PPM1D;Mdm2;TP53;TP53INP1;CDKN1A;MYC;MALAT1;SIRT1;DFNA5;E2F1;AKT1;RB1;CDC25A;BBC3;BCL2;BAX;CASP3;CASP9",46,"Limited observational concordance","HCC; malignant cell annotated observational concordance; not causal perturbation validation"
"GSE125449","GSE125449_Set1","S10_P05_LCP23","tumour-cell-intrinsic observational concordance","CASP3 OE",0.585784138394362,0.577546233175497,0.0834828189340997,19,0.95,TRUE,"CASP3","CASP3","DFNA5;CDKN1A;CASP9","PRKAA1;PPM1D;Mdm2;TP53;TP53INP1;CDKN1A;MYC;MALAT1;SIRT1;DFNA5;E2F1;AKT1;RB1;CDC25A;BBC3;BCL2;BAX;CASP3;CASP9",46,"Limited observational concordance","HCC; malignant cell annotated observational concordance; not causal perturbation validation"
"GSE125449","GSE125449_Set1","S10_P05_LCP23","tumour-cell-intrinsic observational concordance","miR-204-5p OE + GSDME KO",0.557662231659854,0.555199371483472,-0.351973593444166,19,0.95,TRUE,"MIR204;DFNA5","DFNA5","SIRT1;BCL2;MYC;E2F1;CDC25A;AKT1","PRKAA1;PPM1D;Mdm2;TP53;TP53INP1;CDKN1A;MYC;MALAT1;SIRT1;DFNA5;E2F1;AKT1;RB1;CDC25A;BBC3;BCL2;BAX;CASP3;CASP9",46,"Limited observational concordance","HCC; malignant cell annotated observational concordance; not causal perturbation validation"
"GSE125449","GSE125449_Set1","S10_P05_LCP23","tumour-cell-intrinsic observational concordance","CASP3 OE + GSDME KO",0.583397193911212,0.569427921637318,0.0176000668803812,19,0.95,TRUE,"CASP3;DFNA5","CASP3;DFNA5","DFNA5;CDKN1A;CASP9","PRKAA1;PPM1D;Mdm2;TP53;TP53INP1;CDKN1A;MYC;MALAT1;SIRT1;DFNA5;E2F1;AKT1;RB1;CDC25A;BBC3;BCL2;BAX;CASP3;CASP9",46,"Limited observational concordance","HCC; malignant cell annotated observational concordance; not causal perturbation validation"
"GSE125449","GSE125449_Set1","S10_P05_LCP23","tumour-cell-intrinsic observational concordance","SIRT1 KO + GSDME KO",0.473057726385597,0.480311415435628,-0.351973593444166,19,0.95,TRUE,"SIRT1;DFNA5","SIRT1;DFNA5","TP53","PRKAA1;PPM1D;Mdm2;TP53;TP53INP1;CDKN1A;MYC;MALAT1;SIRT1;DFNA5;E2F1;AKT1;RB1;CDC25A;BBC3;BCL2;BAX;CASP3;CASP9",46,"Limited observational concordance","HCC; malignant cell annotated observational concordance; not causal perturbation validation"
"GSE125449","GSE125449_Set1","S10_P05_LCP23","tumour-cell-intrinsic observational concordance","MALAT1 KO + GSDME KO",0.594110357964544,0.531069862174621,-0.31008062621641,19,0.95,TRUE,"MALAT1;DFNA5","MALAT1;DFNA5","","PRKAA1;PPM1D;Mdm2;TP53;TP53INP1;CDKN1A;MYC;MALAT1;SIRT1;DFNA5;E2F1;AKT1;RB1;CDC25A;BBC3;BCL2;BAX;CASP3;CASP9",46,"Limited observational concordance","HCC; malignant cell annotated observational concordance; not causal perturbation validation"
"GSE125449","GSE125449_Set1","S10_P05_LCP23","tumour-cell-intrinsic observational concordance","miR-204-5p OE + CASP3 KO",0.507991179028275,0.527599200052989,-0.449610164967193,19,0.95,TRUE,"MIR204;CASP3","CASP3","SIRT1;BCL2;MYC;E2F1;CDC25A;AKT1;DFNA5;CDKN1A;CASP9","PRKAA1;PPM1D;Mdm2;TP53;TP53INP1;CDKN1A;MYC;MALAT1;SIRT1;DFNA5;E2F1;AKT1;RB1;CDC25A;BBC3;BCL2;BAX;CASP3;CASP9",46,"Limited observational concordance","HCC; malignant cell annotated observational concordance; not causal perturbation validation"
"GSE125449","GSE125449_Set1","S10_P05_LCP23","tumour-cell-intrinsic observational concordance","GSDME E1 + CASP3 E1",0.575831404437528,0.563872366081763,0.0834828189340997,19,0.95,TRUE,"DFNA5;CASP3","DFNA5;CASP3","DFNA5;CDKN1A;CASP9","PRKAA1;PPM1D;Mdm2;TP53;TP53INP1;CDKN1A;MYC;MALAT1;SIRT1;DFNA5;E2F1;AKT1;RB1;CDC25A;BBC3;BCL2;BAX;CASP3;CASP9",46,"Limited observational concordance","HCC; malignant cell annotated observational concordance; not causal perturbation validation"
"GSE125449","GSE125449_Set1","S10_P05_LCP23","tumour-cell-intrinsic observational concordance","p53 E1 + miR-204-5p E1 + CASP3 KO + p21 E1",0.47838591587038,0.481096237887934,-0.470152163025777,19,0.95,TRUE,"TP53;MIR204;CASP3;CDKN1A","TP53;CASP3;CDKN1A","Mdm2;SIRT1;BCL2;MYC;E2F1;CDC25A;AKT1;CASP3;DFNA5;CDKN1A;CASP9","PRKAA1;PPM1D;Mdm2;TP53;TP53INP1;CDKN1A;MYC;MALAT1;SIRT1;DFNA5;E2F1;AKT1;RB1;CDC25A;BBC3;BCL2;BAX;CASP3;CASP9",46,"Limited observational concordance","HCC; malignant cell annotated observational concordance; not causal perturbation validation"
"GSE125449","GSE125449_Set1","S10_P05_LCP23","tumour-cell-intrinsic observational concordance","MALAT1 E1 + miR-204-5p KO + SIRT1 E1",0.527147193911212,0.534746675202383,0.0707686410942324,19,0.95,TRUE,"MALAT1;MIR204;SIRT1","MALAT1;SIRT1","SIRT1;BCL2;MYC;E2F1;CDC25A;AKT1;TP53","PRKAA1;PPM1D;Mdm2;TP53;TP53INP1;CDKN1A;MYC;MALAT1;SIRT1;DFNA5;E2F1;AKT1;RB1;CDC25A;BBC3;BCL2;BAX;CASP3;CASP9",46,"Limited observational concordance","HCC; malignant cell annotated observational concordance; not causal perturbation validation"
"GSE125449","GSE125449_Set1","S10_P05_LCP23","tumour-cell-intrinsic observational concordance","SIRT1 KO + GSDME KO + CASP3 E1",0.472728779017176,0.494858193587771,-0.251845635711251,19,0.95,TRUE,"SIRT1;DFNA5;CASP3","SIRT1;DFNA5;CASP3","DFNA5;CDKN1A;CASP9;TP53","PRKAA1;PPM1D;Mdm2;TP53;TP53INP1;CDKN1A;MYC;MALAT1;SIRT1;DFNA5;E2F1;AKT1;RB1;CDC25A;BBC3;BCL2;BAX;CASP3;CASP9",46,"Limited observational concordance","HCC; malignant cell annotated observational concordance; not causal perturbation validation"
"GSE125449","GSE125449_Set1","S10_P05_LCP23","tumour-cell-intrinsic observational concordance","BAX E1",0.511113085762783,0.453034849880984,-0.263987912165665,19,0.95,TRUE,"BAX","BAX","CASP3","PRKAA1;PPM1D;Mdm2;TP53;TP53INP1;CDKN1A;MYC;MALAT1;SIRT1;DFNA5;E2F1;AKT1;RB1;CDC25A;BBC3;BCL2;BAX;CASP3;CASP9",46,"Limited observational concordance","HCC; malignant cell annotated observational concordance; not causal perturbation validation"
"GSE125449","GSE125449_Set1","S10_P05_LCP23","tumour-cell-intrinsic observational concordance","BAX E1 + GSDME KO",0.548613085762783,0.487540444125486,-0.279323309552882,19,0.95,TRUE,"BAX;DFNA5","BAX;DFNA5","CASP3","PRKAA1;PPM1D;Mdm2;TP53;TP53INP1;CDKN1A;MYC;MALAT1;SIRT1;DFNA5;E2F1;AKT1;RB1;CDC25A;BBC3;BCL2;BAX;CASP3;CASP9",46,"Limited observational concordance","HCC; malignant cell annotated observational concordance; not causal perturbation validation"
"GSE125449","GSE125449_Set1","S10_P05_LCP23","tumour-cell-intrinsic observational concordance","p53 E1",0.710228779017176,0.67366725223158,0.00110207575281935,19,0.95,TRUE,"TP53","TP53","Mdm2","PRKAA1;PPM1D;Mdm2;TP53;TP53INP1;CDKN1A;MYC;MALAT1;SIRT1;DFNA5;E2F1;AKT1;RB1;CDC25A;BBC3;BCL2;BAX;CASP3;CASP9",46,"Limited observational concordance","HCC; malignant cell annotated observational concordance; not causal perturbation validation"
"GSE125449","GSE125449_Set1","S10_P05_LCP23","tumour-cell-intrinsic observational concordance","p53 KO",0.527147193911212,0.522425942796219,0.0707686410942324,19,0.95,TRUE,"TP53","TP53","Mdm2","PRKAA1;PPM1D;Mdm2;TP53;TP53INP1;CDKN1A;MYC;MALAT1;SIRT1;DFNA5;E2F1;AKT1;RB1;CDC25A;BBC3;BCL2;BAX;CASP3;CASP9",46,"Limited observational concordance","HCC; malignant cell annotated observational concordance; not causal perturbation validation"
"GSE125449","GSE125449_Set1","S10_P05_LCP23","tumour-cell-intrinsic observational concordance","p21 E1",0.581572854194935,0.535809244783482,-0.238905293134802,19,0.95,TRUE,"CDKN1A","CDKN1A","CASP3","PRKAA1;PPM1D;Mdm2;TP53;TP53INP1;CDKN1A;MYC;MALAT1;SIRT1;DFNA5;E2F1;AKT1;RB1;CDC25A;BBC3;BCL2;BAX;CASP3;CASP9",46,"Limited observational concordance","HCC; malignant cell annotated observational concordance; not causal perturbation validation"
"GSE125449","GSE125449_Set1","S12_P07_LCP30","tumour-cell-intrinsic observational concordance","Reference: DDR ON, GSDME endogenous",0.538949605038946,0.538949605038946,-0.0220623187562105,19,0.95,FALSE,"","","","PRKAA1;PPM1D;Mdm2;TP53;TP53INP1;CDKN1A;MYC;MALAT1;SIRT1;DFNA5;E2F1;AKT1;RB1;CDC25A;BBC3;BCL2;BAX;CASP3;CASP9",25,"Indirect only: perturbed node not measured","HCC; malignant cell annotated observational concordance; not causal perturbation validation"
"GSE125449","GSE125449_Set1","S12_P07_LCP30","tumour-cell-intrinsic observational concordance","GSDME KO",0.539936447144209,0.53449056798818,-0.0461785006005954,19,0.95,TRUE,"DFNA5","DFNA5","","PRKAA1;PPM1D;Mdm2;TP53;TP53INP1;CDKN1A;MYC;MALAT1;SIRT1;DFNA5;E2F1;AKT1;RB1;CDC25A;BBC3;BCL2;BAX;CASP3;CASP9",25,"Limited observational concordance","HCC; malignant cell annotated observational concordance; not causal perturbation validation"
"GSE125449","GSE125449_Set1","S12_P07_LCP30","tumour-cell-intrinsic observational concordance","CASP3 KO",0.548160131354735,0.547917918924814,-0.0948679706517049,19,0.95,TRUE,"CASP3","CASP3","DFNA5;CDKN1A;CASP9","PRKAA1;PPM1D;Mdm2;TP53;TP53INP1;CDKN1A;MYC;MALAT1;SIRT1;DFNA5;E2F1;AKT1;RB1;CDC25A;BBC3;BCL2;BAX;CASP3;CASP9",25,"Limited observational concordance","HCC; malignant cell annotated observational concordance; not causal perturbation validation"
"GSE125449","GSE125449_Set1","S12_P07_LCP30","tumour-cell-intrinsic observational concordance","miR-204-5p OE",0.61845672039221,0.608027107498079,-0.127781965711991,19,0.95,FALSE,"MIR204","","SIRT1;BCL2;MYC;E2F1;CDC25A;AKT1","PRKAA1;PPM1D;Mdm2;TP53;TP53INP1;CDKN1A;MYC;MALAT1;SIRT1;DFNA5;E2F1;AKT1;RB1;CDC25A;BBC3;BCL2;BAX;CASP3;CASP9",25,"Indirect only: perturbed node not measured","HCC; malignant cell annotated observational concordance; not causal perturbation validation"
"GSE125449","GSE125449_Set1","S12_P07_LCP30","tumour-cell-intrinsic observational concordance","miR-204-5p KO",0.494870657670525,0.478101699829599,-0.0707686410942324,19,0.95,FALSE,"MIR204","","SIRT1;BCL2;MYC;E2F1;CDC25A;AKT1","PRKAA1;PPM1D;Mdm2;TP53;TP53INP1;CDKN1A;MYC;MALAT1;SIRT1;DFNA5;E2F1;AKT1;RB1;CDC25A;BBC3;BCL2;BAX;CASP3;CASP9",25,"Indirect only: perturbed node not measured","HCC; malignant cell annotated observational concordance; not causal perturbation validation"
"GSE125449","GSE125449_Set1","S12_P07_LCP30","tumour-cell-intrinsic observational concordance","MALAT1 OE",0.494870657670525,0.52396886008695,-0.0707686410942324,19,0.95,TRUE,"MALAT1","MALAT1","","PRKAA1;PPM1D;Mdm2;TP53;TP53INP1;CDKN1A;MYC;MALAT1;SIRT1;DFNA5;E2F1;AKT1;RB1;CDC25A;BBC3;BCL2;BAX;CASP3;CASP9",25,"Limited observational concordance","HCC; malignant cell annotated observational concordance; not causal perturbation validation"
"GSE125449","GSE125449_Set1","S12_P07_LCP30","tumour-cell-intrinsic observational concordance","MALAT1 KO",0.588738291839896,0.548238869035687,-0.277840149726641,19,0.95,TRUE,"MALAT1","MALAT1","","PRKAA1;PPM1D;Mdm2;TP53;TP53INP1;CDKN1A;MYC;MALAT1;SIRT1;DFNA5;E2F1;AKT1;RB1;CDC25A;BBC3;BCL2;BAX;CASP3;CASP9",25,"Limited observational concordance","HCC; malignant cell annotated observational concordance; not causal perturbation validation"
"GSE125449","GSE125449_Set1","S12_P07_LCP30","tumour-cell-intrinsic observational concordance","SIRT1 OE",0.494870657670525,0.495762717206086,-0.0707686410942324,19,0.95,TRUE,"SIRT1","SIRT1","TP53","PRKAA1;PPM1D;Mdm2;TP53;TP53INP1;CDKN1A;MYC;MALAT1;SIRT1;DFNA5;E2F1;AKT1;RB1;CDC25A;BBC3;BCL2;BAX;CASP3;CASP9",25,"Limited observational concordance","HCC; malignant cell annotated observational concordance; not causal perturbation validation"
"GSE125449","GSE125449_Set1","S12_P07_LCP30","tumour-cell-intrinsic observational concordance","SIRT1 KO",0.518630981169093,0.51539081053099,-0.0661728036722811,19,0.95,TRUE,"SIRT1","SIRT1","TP53","PRKAA1;PPM1D;Mdm2;TP53;TP53INP1;CDKN1A;MYC;MALAT1;SIRT1;DFNA5;E2F1;AKT1;RB1;CDC25A;BBC3;BCL2;BAX;CASP3;CASP9",25,"Limited observational concordance","HCC; malignant cell annotated observational concordance; not causal perturbation validation"
"GSE125449","GSE125449_Set1","S12_P07_LCP30","tumour-cell-intrinsic observational concordance","BCL2 KO",0.559344341881051,0.563702267065577,-0.0415666365732771,19,0.95,TRUE,"BCL2","BCL2","BAX;CASP3","PRKAA1;PPM1D;Mdm2;TP53;TP53INP1;CDKN1A;MYC;MALAT1;SIRT1;DFNA5;E2F1;AKT1;RB1;CDC25A;BBC3;BCL2;BAX;CASP3;CASP9",25,"Limited observational concordance","HCC; malignant cell annotated observational concordance; not causal perturbation validation"
"GSE125449","GSE125449_Set1","S12_P07_LCP30","tumour-cell-intrinsic observational concordance","GSDME OE",0.55276539451263,0.545570113442726,-0.0142799558703065,19,0.95,TRUE,"DFNA5","DFNA5","","PRKAA1;PPM1D;Mdm2;TP53;TP53INP1;CDKN1A;MYC;MALAT1;SIRT1;DFNA5;E2F1;AKT1;RB1;CDC25A;BBC3;BCL2;BAX;CASP3;CASP9",25,"Limited observational concordance","HCC; malignant cell annotated observational concordance; not causal perturbation validation"
"GSE125449","GSE125449_Set1","S12_P07_LCP30","tumour-cell-intrinsic observational concordance","CASP3 OE",0.554081183986314,0.553417918924814,0.00878766515095786,19,0.95,TRUE,"CASP3","CASP3","DFNA5;CDKN1A;CASP9","PRKAA1;PPM1D;Mdm2;TP53;TP53INP1;CDKN1A;MYC;MALAT1;SIRT1;DFNA5;E2F1;AKT1;RB1;CDC25A;BBC3;BCL2;BAX;CASP3;CASP9",25,"Limited observational concordance","HCC; malignant cell annotated observational concordance; not causal perturbation validation"
"GSE125449","GSE125449_Set1","S12_P07_LCP30","tumour-cell-intrinsic observational concordance","miR-204-5p OE + GSDME KO",0.59970672039221,0.583729560266142,-0.0952535797439658,19,0.95,TRUE,"MIR204;DFNA5","DFNA5","SIRT1;BCL2;MYC;E2F1;CDC25A;AKT1","PRKAA1;PPM1D;Mdm2;TP53;TP53INP1;CDKN1A;MYC;MALAT1;SIRT1;DFNA5;E2F1;AKT1;RB1;CDC25A;BBC3;BCL2;BAX;CASP3;CASP9",25,"Limited observational concordance","HCC; malignant cell annotated observational concordance; not causal perturbation validation"
"GSE125449","GSE125449_Set1","S12_P07_LCP30","tumour-cell-intrinsic observational concordance","CASP3 OE + GSDME KO",0.551120657670525,0.546683258263717,-0.0154000585203336,19,0.95,TRUE,"CASP3;DFNA5","CASP3;DFNA5","DFNA5;CDKN1A;CASP9","PRKAA1;PPM1D;Mdm2;TP53;TP53INP1;CDKN1A;MYC;MALAT1;SIRT1;DFNA5;E2F1;AKT1;RB1;CDC25A;BBC3;BCL2;BAX;CASP3;CASP9",25,"Limited observational concordance","HCC; malignant cell annotated observational concordance; not causal perturbation validation"
"GSE125449","GSE125449_Set1","S12_P07_LCP30","tumour-cell-intrinsic observational concordance","SIRT1 KO + GSDME KO",0.515012560116461,0.510970717008183,-0.0952535797439658,19,0.95,TRUE,"SIRT1;DFNA5","SIRT1;DFNA5","TP53","PRKAA1;PPM1D;Mdm2;TP53;TP53INP1;CDKN1A;MYC;MALAT1;SIRT1;DFNA5;E2F1;AKT1;RB1;CDC25A;BBC3;BCL2;BAX;CASP3;CASP9",25,"Limited observational concordance","HCC; malignant cell annotated observational concordance; not causal perturbation validation"
"GSE125449","GSE125449_Set1","S12_P07_LCP30","tumour-cell-intrinsic observational concordance","MALAT1 KO + GSDME KO",0.583146186576738,0.538200204751404,-0.292611295161965,19,0.95,TRUE,"MALAT1;DFNA5","MALAT1;DFNA5","","PRKAA1;PPM1D;Mdm2;TP53;TP53INP1;CDKN1A;MYC;MALAT1;SIRT1;DFNA5;E2F1;AKT1;RB1;CDC25A;BBC3;BCL2;BAX;CASP3;CASP9",25,"Limited observational concordance","HCC; malignant cell annotated observational concordance; not causal perturbation validation"
"GSE125449","GSE125449_Set1","S12_P07_LCP30","tumour-cell-intrinsic observational concordance","miR-204-5p OE + CASP3 KO",0.550035667760631,0.553395877744245,-0.168448987425725,19,0.95,TRUE,"MIR204;CASP3","CASP3","SIRT1;BCL2;MYC;E2F1;CDC25A;AKT1;DFNA5;CDKN1A;CASP9","PRKAA1;PPM1D;Mdm2;TP53;TP53INP1;CDKN1A;MYC;MALAT1;SIRT1;DFNA5;E2F1;AKT1;RB1;CDC25A;BBC3;BCL2;BAX;CASP3;CASP9",25,"Limited observational concordance","HCC; malignant cell annotated observational concordance; not causal perturbation validation"
"GSE125449","GSE125449_Set1","S12_P07_LCP30","tumour-cell-intrinsic observational concordance","GSDME E1 + CASP3 E1",0.543554868196841,0.541127702708161,0.00878766515095786,19,0.95,TRUE,"DFNA5;CASP3","DFNA5;CASP3","DFNA5;CDKN1A;CASP9","PRKAA1;PPM1D;Mdm2;TP53;TP53INP1;CDKN1A;MYC;MALAT1;SIRT1;DFNA5;E2F1;AKT1;RB1;CDC25A;BBC3;BCL2;BAX;CASP3;CASP9",25,"Limited observational concordance","HCC; malignant cell annotated observational concordance; not causal perturbation validation"
"GSE125449","GSE125449_Set1","S12_P07_LCP30","tumour-cell-intrinsic observational concordance","p53 E1 + miR-204-5p E1 + CASP3 KO + p21 E1",0.520430404602736,0.502755709602995,-0.208956516900345,19,0.95,TRUE,"TP53;MIR204;CASP3;CDKN1A","TP53;CASP3;CDKN1A","Mdm2;SIRT1;BCL2;MYC;E2F1;CDC25A;AKT1;CASP3;DFNA5;CDKN1A;CASP9","PRKAA1;PPM1D;Mdm2;TP53;TP53INP1;CDKN1A;MYC;MALAT1;SIRT1;DFNA5;E2F1;AKT1;RB1;CDC25A;BBC3;BCL2;BAX;CASP3;CASP9",25,"Limited observational concordance","HCC; malignant cell annotated observational concordance; not causal perturbation validation"
"GSE125449","GSE125449_Set1","S12_P07_LCP30","tumour-cell-intrinsic observational concordance","MALAT1 E1 + miR-204-5p KO + SIRT1 E1",0.494870657670525,0.502494029739125,-0.0707686410942324,19,0.95,TRUE,"MALAT1;MIR204;SIRT1","MALAT1;SIRT1","SIRT1;BCL2;MYC;E2F1;CDC25A;AKT1;TP53","PRKAA1;PPM1D;Mdm2;TP53;TP53INP1;CDKN1A;MYC;MALAT1;SIRT1;DFNA5;E2F1;AKT1;RB1;CDC25A;BBC3;BCL2;BAX;CASP3;CASP9",25,"Limited observational concordance","HCC; malignant cell annotated observational concordance; not causal perturbation validation"
"GSE125449","GSE125449_Set1","S12_P07_LCP30","tumour-cell-intrinsic observational concordance","SIRT1 KO + GSDME KO + CASP3 E1",0.514683612748041,0.520544971599779,-0.00479705972783335,19,0.95,TRUE,"SIRT1;DFNA5;CASP3","SIRT1;DFNA5;CASP3","DFNA5;CDKN1A;CASP9;TP53","PRKAA1;PPM1D;Mdm2;TP53;TP53INP1;CDKN1A;MYC;MALAT1;SIRT1;DFNA5;E2F1;AKT1;RB1;CDC25A;BBC3;BCL2;BAX;CASP3;CASP9",25,"Limited observational concordance","HCC; malignant cell annotated observational concordance; not causal perturbation validation"
"GSE125449","GSE125449_Set1","S12_P07_LCP30","tumour-cell-intrinsic observational concordance","BAX E1",0.495061508845905,0.459879692459589,-0.242080201612497,19,0.95,TRUE,"BAX","BAX","CASP3","PRKAA1;PPM1D;Mdm2;TP53;TP53INP1;CDKN1A;MYC;MALAT1;SIRT1;DFNA5;E2F1;AKT1;RB1;CDC25A;BBC3;BCL2;BAX;CASP3;CASP9",25,"Limited observational concordance","HCC; malignant cell annotated observational concordance; not causal perturbation validation"
"GSE125449","GSE125449_Set1","S12_P07_LCP30","tumour-cell-intrinsic observational concordance","BAX E1 + GSDME KO",0.532561508845905,0.49359549717579,-0.257415598999715,19,0.95,TRUE,"BAX;DFNA5","BAX;DFNA5","CASP3","PRKAA1;PPM1D;Mdm2;TP53;TP53INP1;CDKN1A;MYC;MALAT1;SIRT1;DFNA5;E2F1;AKT1;RB1;CDC25A;BBC3;BCL2;BAX;CASP3;CASP9",25,"Limited observational concordance","HCC; malignant cell annotated observational concordance; not causal perturbation validation"
"GSE125449","GSE125449_Set1","S12_P07_LCP30","tumour-cell-intrinsic observational concordance","p53 E1",0.732679143015276,0.692213205099576,-0.0154290605394709,19,0.95,TRUE,"TP53","TP53","Mdm2","PRKAA1;PPM1D;Mdm2;TP53;TP53INP1;CDKN1A;MYC;MALAT1;SIRT1;DFNA5;E2F1;AKT1;RB1;CDC25A;BBC3;BCL2;BAX;CASP3;CASP9",25,"Limited observational concordance","HCC; malignant cell annotated observational concordance; not causal perturbation validation"
"GSE125449","GSE125449_Set1","S12_P07_LCP30","tumour-cell-intrinsic observational concordance","p53 KO",0.494870657670525,0.495762717206086,-0.0707686410942324,19,0.95,TRUE,"TP53","TP53","Mdm2","PRKAA1;PPM1D;Mdm2;TP53;TP53INP1;CDKN1A;MYC;MALAT1;SIRT1;DFNA5;E2F1;AKT1;RB1;CDC25A;BBC3;BCL2;BAX;CASP3;CASP9",25,"Limited observational concordance","HCC; malignant cell annotated observational concordance; not causal perturbation validation"
"GSE125449","GSE125449_Set1","S12_P07_LCP30","tumour-cell-intrinsic observational concordance","p21 E1",0.553249028472589,0.512522396036435,-0.269590376656703,19,0.95,TRUE,"CDKN1A","CDKN1A","CASP3","PRKAA1;PPM1D;Mdm2;TP53;TP53INP1;CDKN1A;MYC;MALAT1;SIRT1;DFNA5;E2F1;AKT1;RB1;CDC25A;BBC3;BCL2;BAX;CASP3;CASP9",25,"Limited observational concordance","HCC; malignant cell annotated observational concordance; not causal perturbation validation"
"GSE125449","GSE125449_Set1","S15_P09_LCP38","tumour-cell-intrinsic observational concordance","Reference: DDR ON, GSDME endogenous",0.541067524683346,0.541067524683346,-0.227241883188968,19,0.95,FALSE,"","","","PRKAA1;PPM1D;Mdm2;TP53;TP53INP1;CDKN1A;MYC;MALAT1;SIRT1;DFNA5;E2F1;AKT1;RB1;CDC25A;BBC3;BCL2;BAX;CASP3;CASP9",228,"Indirect only: perturbed node not measured","HCC; malignant cell annotated observational concordance; not causal perturbation validation"
"GSE125449","GSE125449_Set1","S15_P09_LCP38","tumour-cell-intrinsic observational concordance","GSDME KO",0.542054366788609,0.536319680408344,-0.218798133798059,19,0.95,TRUE,"DFNA5","DFNA5","","PRKAA1;PPM1D;Mdm2;TP53;TP53INP1;CDKN1A;MYC;MALAT1;SIRT1;DFNA5;E2F1;AKT1;RB1;CDC25A;BBC3;BCL2;BAX;CASP3;CASP9",228,"Limited observational concordance","HCC; malignant cell annotated observational concordance; not causal perturbation validation"
"GSE125449","GSE125449_Set1","S15_P09_LCP38","tumour-cell-intrinsic observational concordance","CASP3 KO",0.550278050999135,0.536591996799018,-0.204076448494947,19,0.95,TRUE,"CASP3","CASP3","DFNA5;CDKN1A;CASP9","PRKAA1;PPM1D;Mdm2;TP53;TP53INP1;CDKN1A;MYC;MALAT1;SIRT1;DFNA5;E2F1;AKT1;RB1;CDC25A;BBC3;BCL2;BAX;CASP3;CASP9",228,"Limited observational concordance","HCC; malignant cell annotated observational concordance; not causal perturbation validation"
"GSE125449","GSE125449_Set1","S15_P09_LCP38","tumour-cell-intrinsic observational concordance","miR-204-5p OE",0.6298370541838,0.616676161179688,-0.220195708771556,19,0.95,FALSE,"MIR204","","SIRT1;BCL2;MYC;E2F1;CDC25A;AKT1","PRKAA1;PPM1D;Mdm2;TP53;TP53INP1;CDKN1A;MYC;MALAT1;SIRT1;DFNA5;E2F1;AKT1;RB1;CDC25A;BBC3;BCL2;BAX;CASP3;CASP9",228,"Indirect only: perturbed node not measured","HCC; malignant cell annotated observational concordance; not causal perturbation validation"
"GSE125449","GSE125449_Set1","S15_P09_LCP38","tumour-cell-intrinsic observational concordance","miR-204-5p KO",0.496988577314925,0.479711318759343,-0.0471790940628216,19,0.95,FALSE,"MIR204","","SIRT1;BCL2;MYC;E2F1;CDC25A;AKT1","PRKAA1;PPM1D;Mdm2;TP53;TP53INP1;CDKN1A;MYC;MALAT1;SIRT1;DFNA5;E2F1;AKT1;RB1;CDC25A;BBC3;BCL2;BAX;CASP3;CASP9",228,"Indirect only: perturbed node not measured","HCC; malignant cell annotated observational concordance; not causal perturbation validation"
"GSE125449","GSE125449_Set1","S15_P09_LCP38","tumour-cell-intrinsic observational concordance","MALAT1 OE",0.496988577314925,0.551559357512348,-0.0471790940628216,19,0.95,TRUE,"MALAT1","MALAT1","","PRKAA1;PPM1D;Mdm2;TP53;TP53INP1;CDKN1A;MYC;MALAT1;SIRT1;DFNA5;E2F1;AKT1;RB1;CDC25A;BBC3;BCL2;BAX;CASP3;CASP9",228,"Limited observational concordance","HCC; malignant cell annotated observational concordance; not causal perturbation validation"
"GSE125449","GSE125449_Set1","S15_P09_LCP38","tumour-cell-intrinsic observational concordance","MALAT1 KO",0.570970230076746,0.507132339780459,-0.483485614878644,19,0.95,TRUE,"MALAT1","MALAT1","","PRKAA1;PPM1D;Mdm2;TP53;TP53INP1;CDKN1A;MYC;MALAT1;SIRT1;DFNA5;E2F1;AKT1;RB1;CDC25A;BBC3;BCL2;BAX;CASP3;CASP9",228,"Limited observational concordance","HCC; malignant cell annotated observational concordance; not causal perturbation validation"
"GSE125449","GSE125449_Set1","S15_P09_LCP38","tumour-cell-intrinsic observational concordance","SIRT1 OE",0.496988577314925,0.497512302999286,-0.0471790940628216,19,0.95,TRUE,"SIRT1","SIRT1","TP53","PRKAA1;PPM1D;Mdm2;TP53;TP53INP1;CDKN1A;MYC;MALAT1;SIRT1;DFNA5;E2F1;AKT1;RB1;CDC25A;BBC3;BCL2;BAX;CASP3;CASP9",228,"Limited observational concordance","HCC; malignant cell annotated observational concordance; not causal perturbation validation"
"GSE125449","GSE125449_Set1","S15_P09_LCP38","tumour-cell-intrinsic observational concordance","SIRT1 KO",0.500783311969667,0.500647083801029,-0.316032183055549,19,0.95,TRUE,"SIRT1","SIRT1","TP53","PRKAA1;PPM1D;Mdm2;TP53;TP53INP1;CDKN1A;MYC;MALAT1;SIRT1;DFNA5;E2F1;AKT1;RB1;CDC25A;BBC3;BCL2;BAX;CASP3;CASP9",228,"Limited observational concordance","HCC; malignant cell annotated observational concordance; not causal perturbation validation"
"GSE125449","GSE125449_Set1","S15_P09_LCP38","tumour-cell-intrinsic observational concordance","BCL2 KO",0.561462261525451,0.554689313334076,-0.247212101725279,19,0.95,TRUE,"BCL2","BCL2","BAX;CASP3","PRKAA1;PPM1D;Mdm2;TP53;TP53INP1;CDKN1A;MYC;MALAT1;SIRT1;DFNA5;E2F1;AKT1;RB1;CDC25A;BBC3;BCL2;BAX;CASP3;CASP9",228,"Limited observational concordance","HCC; malignant cell annotated observational concordance; not causal perturbation validation"
"GSE125449","GSE125449_Set1","S15_P09_LCP38","tumour-cell-intrinsic observational concordance","GSDME OE",0.55488331415703,0.547399225862889,-0.185639426313985,19,0.95,TRUE,"DFNA5","DFNA5","","PRKAA1;PPM1D;Mdm2;TP53;TP53INP1;CDKN1A;MYC;MALAT1;SIRT1;DFNA5;E2F1;AKT1;RB1;CDC25A;BBC3;BCL2;BAX;CASP3;CASP9",228,"Limited observational concordance","HCC; malignant cell annotated observational concordance; not causal perturbation validation"
"GSE125449","GSE125449_Set1","S15_P09_LCP38","tumour-cell-intrinsic observational concordance","CASP3 OE",0.556199103630714,0.542091996799018,-0.160374889004981,19,0.95,TRUE,"CASP3","CASP3","DFNA5;CDKN1A;CASP9","PRKAA1;PPM1D;Mdm2;TP53;TP53INP1;CDKN1A;MYC;MALAT1;SIRT1;DFNA5;E2F1;AKT1;RB1;CDC25A;BBC3;BCL2;BAX;CASP3;CASP9",228,"Limited observational concordance","HCC; malignant cell annotated observational concordance; not causal perturbation validation"
"GSE125449","GSE125449_Set1","S15_P09_LCP38","tumour-cell-intrinsic observational concordance","miR-204-5p OE + GSDME KO",0.605717522495983,0.58780831883656,-0.315963093784862,19,0.95,TRUE,"MIR204;DFNA5","DFNA5","SIRT1;BCL2;MYC;E2F1;CDC25A;AKT1","PRKAA1;PPM1D;Mdm2;TP53;TP53INP1;CDKN1A;MYC;MALAT1;SIRT1;DFNA5;E2F1;AKT1;RB1;CDC25A;BBC3;BCL2;BAX;CASP3;CASP9",228,"Limited observational concordance","HCC; malignant cell annotated observational concordance; not causal perturbation validation"
"GSE125449","GSE125449_Set1","S15_P09_LCP38","tumour-cell-intrinsic observational concordance","CASP3 OE + GSDME KO",0.553238577314925,0.536196293332424,-0.20130076494436,19,0.95,TRUE,"CASP3;DFNA5","CASP3;DFNA5","DFNA5;CDKN1A;CASP9","PRKAA1;PPM1D;Mdm2;TP53;TP53INP1;CDKN1A;MYC;MALAT1;SIRT1;DFNA5;E2F1;AKT1;RB1;CDC25A;BBC3;BCL2;BAX;CASP3;CASP9",228,"Limited observational concordance","HCC; malignant cell annotated observational concordance; not causal perturbation validation"
"GSE125449","GSE125449_Set1","S15_P09_LCP38","tumour-cell-intrinsic observational concordance","SIRT1 KO + GSDME KO",0.497164890917035,0.497928189516295,-0.315963093784862,19,0.95,TRUE,"SIRT1;DFNA5","SIRT1;DFNA5","TP53","PRKAA1;PPM1D;Mdm2;TP53;TP53INP1;CDKN1A;MYC;MALAT1;SIRT1;DFNA5;E2F1;AKT1;RB1;CDC25A;BBC3;BCL2;BAX;CASP3;CASP9",228,"Limited observational concordance","HCC; malignant cell annotated observational concordance; not causal perturbation validation"
"GSE125449","GSE125449_Set1","S15_P09_LCP38","tumour-cell-intrinsic observational concordance","MALAT1 KO + GSDME KO",0.565378124813589,0.502026459006804,-0.466212772515518,19,0.95,TRUE,"MALAT1;DFNA5","MALAT1;DFNA5","","PRKAA1;PPM1D;Mdm2;TP53;TP53INP1;CDKN1A;MYC;MALAT1;SIRT1;DFNA5;E2F1;AKT1;RB1;CDC25A;BBC3;BCL2;BAX;CASP3;CASP9",228,"Limited observational concordance","HCC; malignant cell annotated observational concordance; not causal perturbation validation"
"GSE125449","GSE125449_Set1","S15_P09_LCP38","tumour-cell-intrinsic observational concordance","miR-204-5p OE + CASP3 KO",0.55802015407493,0.563690318658566,-0.298501514482351,19,0.95,TRUE,"MIR204;CASP3","CASP3","SIRT1;BCL2;MYC;E2F1;CDC25A;AKT1;DFNA5;CDKN1A;CASP9","PRKAA1;PPM1D;Mdm2;TP53;TP53INP1;CDKN1A;MYC;MALAT1;SIRT1;DFNA5;E2F1;AKT1;RB1;CDC25A;BBC3;BCL2;BAX;CASP3;CASP9",228,"Limited observational concordance","HCC; malignant cell annotated observational concordance; not causal perturbation validation"
"GSE125449","GSE125449_Set1","S15_P09_LCP38","tumour-cell-intrinsic observational concordance","GSDME E1 + CASP3 E1",0.54567278784124,0.530640737776868,-0.160374889004981,19,0.95,TRUE,"DFNA5;CASP3","DFNA5;CASP3","DFNA5;CDKN1A;CASP9","PRKAA1;PPM1D;Mdm2;TP53;TP53INP1;CDKN1A;MYC;MALAT1;SIRT1;DFNA5;E2F1;AKT1;RB1;CDC25A;BBC3;BCL2;BAX;CASP3;CASP9",228,"Limited observational concordance","HCC; malignant cell annotated observational concordance; not causal perturbation validation"
"GSE125449","GSE125449_Set1","S15_P09_LCP38","tumour-cell-intrinsic observational concordance","p53 E1 + miR-204-5p E1 + CASP3 KO + p21 E1",0.536623632917891,0.537291842499035,-0.21766303843786,19,0.95,TRUE,"TP53;MIR204;CASP3;CDKN1A","TP53;CASP3;CDKN1A","Mdm2;SIRT1;BCL2;MYC;E2F1;CDC25A;AKT1;CASP3;DFNA5;CDKN1A;CASP9","PRKAA1;PPM1D;Mdm2;TP53;TP53INP1;CDKN1A;MYC;MALAT1;SIRT1;DFNA5;E2F1;AKT1;RB1;CDC25A;BBC3;BCL2;BAX;CASP3;CASP9",228,"Limited observational concordance","HCC; malignant cell annotated observational concordance; not causal perturbation validation"
"GSE125449","GSE125449_Set1","S15_P09_LCP38","tumour-cell-intrinsic observational concordance","MALAT1 E1 + miR-204-5p KO + SIRT1 E1",0.496988577314925,0.522074382750698,-0.0471790940628216,19,0.95,TRUE,"MALAT1;MIR204;SIRT1","MALAT1;SIRT1","SIRT1;BCL2;MYC;E2F1;CDC25A;AKT1;TP53","PRKAA1;PPM1D;Mdm2;TP53;TP53INP1;CDKN1A;MYC;MALAT1;SIRT1;DFNA5;E2F1;AKT1;RB1;CDC25A;BBC3;BCL2;BAX;CASP3;CASP9",228,"Limited observational concordance","HCC; malignant cell annotated observational concordance; not causal perturbation validation"
"GSE125449","GSE125449_Set1","S15_P09_LCP38","tumour-cell-intrinsic observational concordance","SIRT1 KO + GSDME KO + CASP3 E1",0.496835943548614,0.499174189626308,-0.383764778226668,19,0.95,TRUE,"SIRT1;DFNA5;CASP3","SIRT1;DFNA5;CASP3","DFNA5;CDKN1A;CASP9;TP53","PRKAA1;PPM1D;Mdm2;TP53;TP53INP1;CDKN1A;MYC;MALAT1;SIRT1;DFNA5;E2F1;AKT1;RB1;CDC25A;BBC3;BCL2;BAX;CASP3;CASP9",228,"Limited observational concordance","HCC; malignant cell annotated observational concordance; not causal perturbation validation"
"GSE125449","GSE125449_Set1","S15_P09_LCP38","tumour-cell-intrinsic observational concordance","BAX E1",0.524184835100792,0.517401313644011,-0.384480320208084,19,0.95,TRUE,"BAX","BAX","CASP3","PRKAA1;PPM1D;Mdm2;TP53;TP53INP1;CDKN1A;MYC;MALAT1;SIRT1;DFNA5;E2F1;AKT1;RB1;CDC25A;BBC3;BCL2;BAX;CASP3;CASP9",228,"Limited observational concordance","HCC; malignant cell annotated observational concordance; not causal perturbation validation"
"GSE125449","GSE125449_Set1","S15_P09_LCP38","tumour-cell-intrinsic observational concordance","BAX E1 + GSDME KO",0.561324382599456,0.544216600626418,-0.369144922820867,19,0.95,TRUE,"BAX;DFNA5","BAX;DFNA5","CASP3","PRKAA1;PPM1D;Mdm2;TP53;TP53INP1;CDKN1A;MYC;MALAT1;SIRT1;DFNA5;E2F1;AKT1;RB1;CDC25A;BBC3;BCL2;BAX;CASP3;CASP9",228,"Limited observational concordance","HCC; malignant cell annotated observational concordance; not causal perturbation validation"
"GSE125449","GSE125449_Set1","S15_P09_LCP38","tumour-cell-intrinsic observational concordance","p53 E1",0.709442317341695,0.673017566499661,-0.20388401427158,19,0.95,TRUE,"TP53","TP53","Mdm2","PRKAA1;PPM1D;Mdm2;TP53;TP53INP1;CDKN1A;MYC;MALAT1;SIRT1;DFNA5;E2F1;AKT1;RB1;CDC25A;BBC3;BCL2;BAX;CASP3;CASP9",228,"Limited observational concordance","HCC; malignant cell annotated observational concordance; not causal perturbation validation"
"GSE125449","GSE125449_Set1","S15_P09_LCP38","tumour-cell-intrinsic observational concordance","p53 KO",0.496988577314925,0.497512302999286,-0.0471790940628216,19,0.95,TRUE,"TP53","TP53","Mdm2","PRKAA1;PPM1D;Mdm2;TP53;TP53INP1;CDKN1A;MYC;MALAT1;SIRT1;DFNA5;E2F1;AKT1;RB1;CDC25A;BBC3;BCL2;BAX;CASP3;CASP9",228,"Limited observational concordance","HCC; malignant cell annotated observational concordance; not causal perturbation validation"
"GSE125449","GSE125449_Set1","S15_P09_LCP38","tumour-cell-intrinsic observational concordance","p21 E1",0.585757919446023,0.581558678978209,0.0372604585623086,19,0.95,TRUE,"CDKN1A","CDKN1A","CASP3","PRKAA1;PPM1D;Mdm2;TP53;TP53INP1;CDKN1A;MYC;MALAT1;SIRT1;DFNA5;E2F1;AKT1;RB1;CDC25A;BBC3;BCL2;BAX;CASP3;CASP9",228,"Limited observational concordance","HCC; malignant cell annotated observational concordance; not causal perturbation validation"
"GSE125449","GSE125449_Set1","S21_P13_LCP37","tumour-cell-intrinsic observational concordance","Reference: DDR ON, GSDME endogenous",0.475304413444684,0.475304413444684,-0.553764200780882,19,0.95,FALSE,"","","","PRKAA1;PPM1D;Mdm2;TP53;TP53INP1;CDKN1A;MYC;MALAT1;SIRT1;DFNA5;E2F1;AKT1;RB1;CDC25A;BBC3;BCL2;BAX;CASP3;CASP9",60,"Indirect only: perturbed node not measured","HCC; malignant cell annotated observational concordance; not causal perturbation validation"
"GSE125449","GSE125449_Set1","S21_P13_LCP37","tumour-cell-intrinsic observational concordance","GSDME KO",0.476291255549947,0.479524266156772,-0.526654804468696,19,0.95,TRUE,"DFNA5","DFNA5","","PRKAA1;PPM1D;Mdm2;TP53;TP53INP1;CDKN1A;MYC;MALAT1;SIRT1;DFNA5;E2F1;AKT1;RB1;CDC25A;BBC3;BCL2;BAX;CASP3;CASP9",60,"Limited observational concordance","HCC; malignant cell annotated observational concordance; not causal perturbation validation"
"GSE125449","GSE125449_Set1","S21_P13_LCP37","tumour-cell-intrinsic observational concordance","CASP3 KO",0.484514939760473,0.47630122682656,-0.477649201071956,19,0.95,TRUE,"CASP3","CASP3","DFNA5;CDKN1A;CASP9","PRKAA1;PPM1D;Mdm2;TP53;TP53INP1;CDKN1A;MYC;MALAT1;SIRT1;DFNA5;E2F1;AKT1;RB1;CDC25A;BBC3;BCL2;BAX;CASP3;CASP9",60,"Limited observational concordance","HCC; malignant cell annotated observational concordance; not causal perturbation validation"
"GSE125449","GSE125449_Set1","S21_P13_LCP37","tumour-cell-intrinsic observational concordance","miR-204-5p OE",0.642530575293852,0.626323237223328,0.0832864597944227,19,0.95,FALSE,"MIR204","","SIRT1;BCL2;MYC;E2F1;CDC25A;AKT1","PRKAA1;PPM1D;Mdm2;TP53;TP53INP1;CDKN1A;MYC;MALAT1;SIRT1;DFNA5;E2F1;AKT1;RB1;CDC25A;BBC3;BCL2;BAX;CASP3;CASP9",60,"Indirect only: perturbed node not measured","HCC; malignant cell annotated observational concordance; not causal perturbation validation"
"GSE125449","GSE125449_Set1","S21_P13_LCP37","tumour-cell-intrinsic observational concordance","miR-204-5p KO",0.431225466076263,0.42973135421796,-0.448201393596805,19,0.95,FALSE,"MIR204","","SIRT1;BCL2;MYC;E2F1;CDC25A;AKT1","PRKAA1;PPM1D;Mdm2;TP53;TP53INP1;CDKN1A;MYC;MALAT1;SIRT1;DFNA5;E2F1;AKT1;RB1;CDC25A;BBC3;BCL2;BAX;CASP3;CASP9",60,"Indirect only: perturbed node not measured","HCC; malignant cell annotated observational concordance; not causal perturbation validation"
"GSE125449","GSE125449_Set1","S21_P13_LCP37","tumour-cell-intrinsic observational concordance","MALAT1 OE",0.431225466076263,0.403960554416556,-0.448201393596805,19,0.95,TRUE,"MALAT1","MALAT1","","PRKAA1;PPM1D;Mdm2;TP53;TP53INP1;CDKN1A;MYC;MALAT1;SIRT1;DFNA5;E2F1;AKT1;RB1;CDC25A;BBC3;BCL2;BAX;CASP3;CASP9",60,"Limited observational concordance","HCC; malignant cell annotated observational concordance; not causal perturbation validation"
"GSE125449","GSE125449_Set1","S21_P13_LCP37","tumour-cell-intrinsic observational concordance","MALAT1 KO",0.575300962858184,0.601675906935921,-0.286591020584173,19,0.95,TRUE,"MALAT1","MALAT1","","PRKAA1;PPM1D;Mdm2;TP53;TP53INP1;CDKN1A;MYC;MALAT1;SIRT1;DFNA5;E2F1;AKT1;RB1;CDC25A;BBC3;BCL2;BAX;CASP3;CASP9",60,"Limited observational concordance","HCC; malignant cell annotated observational concordance; not causal perturbation validation"
"GSE125449","GSE125449_Set1","S21_P13_LCP37","tumour-cell-intrinsic observational concordance","SIRT1 OE",0.431225466076263,0.443186254584739,-0.448201393596805,19,0.95,TRUE,"SIRT1","SIRT1","TP53","PRKAA1;PPM1D;Mdm2;TP53;TP53INP1;CDKN1A;MYC;MALAT1;SIRT1;DFNA5;E2F1;AKT1;RB1;CDC25A;BBC3;BCL2;BAX;CASP3;CASP9",60,"Limited observational concordance","HCC; malignant cell annotated observational concordance; not causal perturbation validation"
"GSE125449","GSE125449_Set1","S21_P13_LCP37","tumour-cell-intrinsic observational concordance","SIRT1 KO",0.541756473054067,0.534494477740316,0.00798637285699944,19,0.95,TRUE,"SIRT1","SIRT1","TP53","PRKAA1;PPM1D;Mdm2;TP53;TP53INP1;CDKN1A;MYC;MALAT1;SIRT1;DFNA5;E2F1;AKT1;RB1;CDC25A;BBC3;BCL2;BAX;CASP3;CASP9",60,"Limited observational concordance","HCC; malignant cell annotated observational concordance; not causal perturbation validation"
"GSE125449","GSE125449_Set1","S21_P13_LCP37","tumour-cell-intrinsic observational concordance","BCL2 KO",0.495699150286789,0.491432826113623,-0.552398722881708,19,0.95,TRUE,"BCL2","BCL2","BAX;CASP3","PRKAA1;PPM1D;Mdm2;TP53;TP53INP1;CDKN1A;MYC;MALAT1;SIRT1;DFNA5;E2F1;AKT1;RB1;CDC25A;BBC3;BCL2;BAX;CASP3;CASP9",60,"Limited observational concordance","HCC; malignant cell annotated observational concordance; not causal perturbation validation"
"GSE125449","GSE125449_Set1","S21_P13_LCP37","tumour-cell-intrinsic observational concordance","GSDME OE",0.489120202918368,0.490603811611318,-0.49320770659751,19,0.95,TRUE,"DFNA5","DFNA5","","PRKAA1;PPM1D;Mdm2;TP53;TP53INP1;CDKN1A;MYC;MALAT1;SIRT1;DFNA5;E2F1;AKT1;RB1;CDC25A;BBC3;BCL2;BAX;CASP3;CASP9",60,"Limited observational concordance","HCC; malignant cell annotated observational concordance; not causal perturbation validation"
"GSE125449","GSE125449_Set1","S21_P13_LCP37","tumour-cell-intrinsic observational concordance","CASP3 OE",0.490435992392052,0.48180122682656,-0.45256475527433,19,0.95,TRUE,"CASP3","CASP3","DFNA5;CDKN1A;CASP9","PRKAA1;PPM1D;Mdm2;TP53;TP53INP1;CDKN1A;MYC;MALAT1;SIRT1;DFNA5;E2F1;AKT1;RB1;CDC25A;BBC3;BCL2;BAX;CASP3;CASP9",60,"Limited observational concordance","HCC; malignant cell annotated observational concordance; not causal perturbation validation"
"GSE125449","GSE125449_Set1","S21_P13_LCP37","tumour-cell-intrinsic observational concordance","miR-204-5p OE + GSDME KO",0.623780575293852,0.600065390377971,0.0127779192339466,19,0.95,TRUE,"MIR204;DFNA5","DFNA5","SIRT1;BCL2;MYC;E2F1;CDC25A;AKT1","PRKAA1;PPM1D;Mdm2;TP53;TP53INP1;CDKN1A;MYC;MALAT1;SIRT1;DFNA5;E2F1;AKT1;RB1;CDC25A;BBC3;BCL2;BAX;CASP3;CASP9",60,"Limited observational concordance","HCC; malignant cell annotated observational concordance; not causal perturbation validation"
"GSE125449","GSE125449_Set1","S21_P13_LCP37","tumour-cell-intrinsic observational concordance","CASP3 OE + GSDME KO",0.487475466076263,0.480371506320889,-0.495001881010722,19,0.95,TRUE,"CASP3;DFNA5","CASP3;DFNA5","DFNA5;CDKN1A;CASP9","PRKAA1;PPM1D;Mdm2;TP53;TP53INP1;CDKN1A;MYC;MALAT1;SIRT1;DFNA5;E2F1;AKT1;RB1;CDC25A;BBC3;BCL2;BAX;CASP3;CASP9",60,"Limited observational concordance","HCC; malignant cell annotated observational concordance; not causal perturbation validation"
"GSE125449","GSE125449_Set1","S21_P13_LCP37","tumour-cell-intrinsic observational concordance","SIRT1 KO + GSDME KO",0.538138052001435,0.527870114924126,0.0127779192339466,19,0.95,TRUE,"SIRT1;DFNA5","SIRT1;DFNA5","TP53","PRKAA1;PPM1D;Mdm2;TP53;TP53INP1;CDKN1A;MYC;MALAT1;SIRT1;DFNA5;E2F1;AKT1;RB1;CDC25A;BBC3;BCL2;BAX;CASP3;CASP9",60,"Limited observational concordance","HCC; malignant cell annotated observational concordance; not causal perturbation validation"
"GSE125449","GSE125449_Set1","S21_P13_LCP37","tumour-cell-intrinsic observational concordance","MALAT1 KO + GSDME KO",0.569708857595026,0.58522479810361,-0.270774631343908,19,0.95,TRUE,"MALAT1;DFNA5","MALAT1;DFNA5","","PRKAA1;PPM1D;Mdm2;TP53;TP53INP1;CDKN1A;MYC;MALAT1;SIRT1;DFNA5;E2F1;AKT1;RB1;CDC25A;BBC3;BCL2;BAX;CASP3;CASP9",60,"Limited observational concordance","HCC; malignant cell annotated observational concordance; not causal perturbation validation"
"GSE125449","GSE125449_Set1","S21_P13_LCP37","tumour-cell-intrinsic observational concordance","miR-204-5p OE + CASP3 KO",0.574109522662273,0.565236378896716,0.0346806738817669,19,0.95,TRUE,"MIR204;CASP3","CASP3","SIRT1;BCL2;MYC;E2F1;CDC25A;AKT1;DFNA5;CDKN1A;CASP9","PRKAA1;PPM1D;Mdm2;TP53;TP53INP1;CDKN1A;MYC;MALAT1;SIRT1;DFNA5;E2F1;AKT1;RB1;CDC25A;BBC3;BCL2;BAX;CASP3;CASP9",60,"Limited observational concordance","HCC; malignant cell annotated observational concordance; not causal perturbation validation"
"GSE125449","GSE125449_Set1","S21_P13_LCP37","tumour-cell-intrinsic observational concordance","GSDME E1 + CASP3 E1",0.479909676602579,0.474815950765333,-0.45256475527433,19,0.95,TRUE,"DFNA5;CASP3","DFNA5;CASP3","DFNA5;CDKN1A;CASP9","PRKAA1;PPM1D;Mdm2;TP53;TP53INP1;CDKN1A;MYC;MALAT1;SIRT1;DFNA5;E2F1;AKT1;RB1;CDC25A;BBC3;BCL2;BAX;CASP3;CASP9",60,"Limited observational concordance","HCC; malignant cell annotated observational concordance; not causal perturbation validation"
"GSE125449","GSE125449_Set1","S21_P13_LCP37","tumour-cell-intrinsic observational concordance","p53 E1 + miR-204-5p E1 + CASP3 KO + p21 E1",0.583136173692274,0.582076942013735,0.104478258450173,19,0.95,TRUE,"TP53;MIR204;CASP3;CDKN1A","TP53;CASP3;CDKN1A","Mdm2;SIRT1;BCL2;MYC;E2F1;CDC25A;AKT1;CASP3;DFNA5;CDKN1A;CASP9","PRKAA1;PPM1D;Mdm2;TP53;TP53INP1;CDKN1A;MYC;MALAT1;SIRT1;DFNA5;E2F1;AKT1;RB1;CDC25A;BBC3;BCL2;BAX;CASP3;CASP9",60,"Limited observational concordance","HCC; malignant cell annotated observational concordance; not causal perturbation validation"
"GSE125449","GSE125449_Set1","S21_P13_LCP37","tumour-cell-intrinsic observational concordance","MALAT1 E1 + miR-204-5p KO + SIRT1 E1",0.431225466076263,0.417326845069814,-0.448201393596805,19,0.95,TRUE,"MALAT1;MIR204;SIRT1","MALAT1;SIRT1","SIRT1;BCL2;MYC;E2F1;CDC25A;AKT1;TP53","PRKAA1;PPM1D;Mdm2;TP53;TP53INP1;CDKN1A;MYC;MALAT1;SIRT1;DFNA5;E2F1;AKT1;RB1;CDC25A;BBC3;BCL2;BAX;CASP3;CASP9",60,"Limited observational concordance","HCC; malignant cell annotated observational concordance; not causal perturbation validation"
"GSE125449","GSE125449_Set1","S21_P13_LCP37","tumour-cell-intrinsic observational concordance","SIRT1 KO + GSDME KO + CASP3 E1",0.537809104633014,0.515971606556202,-0.095941194556667,19,0.95,TRUE,"SIRT1;DFNA5;CASP3","SIRT1;DFNA5;CASP3","DFNA5;CDKN1A;CASP9;TP53","PRKAA1;PPM1D;Mdm2;TP53;TP53INP1;CDKN1A;MYC;MALAT1;SIRT1;DFNA5;E2F1;AKT1;RB1;CDC25A;BBC3;BCL2;BAX;CASP3;CASP9",60,"Limited observational concordance","HCC; malignant cell annotated observational concordance; not causal perturbation validation"
"GSE125449","GSE125449_Set1","S21_P13_LCP37","tumour-cell-intrinsic observational concordance","BAX E1",0.486701363836477,0.521478869524312,-0.292467935884782,19,0.95,TRUE,"BAX","BAX","CASP3","PRKAA1;PPM1D;Mdm2;TP53;TP53INP1;CDKN1A;MYC;MALAT1;SIRT1;DFNA5;E2F1;AKT1;RB1;CDC25A;BBC3;BCL2;BAX;CASP3;CASP9",60,"Limited observational concordance","HCC; malignant cell annotated observational concordance; not causal perturbation validation"
"GSE125449","GSE125449_Set1","S21_P13_LCP37","tumour-cell-intrinsic observational concordance","BAX E1 + GSDME KO",0.524201363836477,0.548087076886892,-0.274941767442248,19,0.95,TRUE,"BAX;DFNA5","BAX;DFNA5","CASP3","PRKAA1;PPM1D;Mdm2;TP53;TP53INP1;CDKN1A;MYC;MALAT1;SIRT1;DFNA5;E2F1;AKT1;RB1;CDC25A;BBC3;BCL2;BAX;CASP3;CASP9",60,"Limited observational concordance","HCC; malignant cell annotated observational concordance; not causal perturbation validation"
"GSE125449","GSE125449_Set1","S21_P13_LCP37","tumour-cell-intrinsic observational concordance","p53 E1",0.680567571339421,0.649164515454304,-0.494832013015889,19,0.95,TRUE,"TP53","TP53","Mdm2","PRKAA1;PPM1D;Mdm2;TP53;TP53INP1;CDKN1A;MYC;MALAT1;SIRT1;DFNA5;E2F1;AKT1;RB1;CDC25A;BBC3;BCL2;BAX;CASP3;CASP9",60,"Limited observational concordance","HCC; malignant cell annotated observational concordance; not causal perturbation validation"
"GSE125449","GSE125449_Set1","S21_P13_LCP37","tumour-cell-intrinsic observational concordance","p53 KO",0.431225466076263,0.443186254584739,-0.448201393596805,19,0.95,TRUE,"TP53","TP53","Mdm2","PRKAA1;PPM1D;Mdm2;TP53;TP53INP1;CDKN1A;MYC;MALAT1;SIRT1;DFNA5;E2F1;AKT1;RB1;CDC25A;BBC3;BCL2;BAX;CASP3;CASP9",60,"Limited observational concordance","HCC; malignant cell annotated observational concordance; not causal perturbation validation"
"GSE125449","GSE125449_Set1","S21_P13_LCP37","tumour-cell-intrinsic observational concordance","p21 E1",0.550778432895737,0.586284773016261,-0.204932522092697,19,0.95,TRUE,"CDKN1A","CDKN1A","CASP3","PRKAA1;PPM1D;Mdm2;TP53;TP53INP1;CDKN1A;MYC;MALAT1;SIRT1;DFNA5;E2F1;AKT1;RB1;CDC25A;BBC3;BCL2;BAX;CASP3;CASP9",60,"Limited observational concordance","HCC; malignant cell annotated observational concordance; not causal perturbation validation"
"GSE125449","GSE125449_Set2","S351_P10_LCP34","tumour-cell-intrinsic observational concordance","Reference: DDR ON, GSDME endogenous",0.560047704501961,0.560047704501961,0.34450996410239,19,0.95,FALSE,"","","","PRKAA1;PPM1D;Mdm2;TP53;TP53INP1;CDKN1A;MYC;MALAT1;SIRT1;DFNA5;E2F1;AKT1;RB1;CDC25A;BBC3;BCL2;BAX;CASP3;CASP9",43,"Indirect only: perturbed node not measured","HCC; malignant cell annotated observational concordance; not causal perturbation validation"
"GSE125449","GSE125449_Set2","S351_P10_LCP34","tumour-cell-intrinsic observational concordance","GSDME KO",0.561034546607224,0.552711653888057,0.310311040263246,19,0.95,TRUE,"DFNA5","DFNA5","","PRKAA1;PPM1D;Mdm2;TP53;TP53INP1;CDKN1A;MYC;MALAT1;SIRT1;DFNA5;E2F1;AKT1;RB1;CDC25A;BBC3;BCL2;BAX;CASP3;CASP9",43,"Limited observational concordance","HCC; malignant cell annotated observational concordance; not causal perturbation validation"
"GSE125449","GSE125449_Set2","S351_P10_LCP34","tumour-cell-intrinsic observational concordance","CASP3 KO",0.569258230817751,0.568461966958311,0.244984863361699,19,0.95,TRUE,"CASP3","CASP3","DFNA5;CDKN1A;CASP9","PRKAA1;PPM1D;Mdm2;TP53;TP53INP1;CDKN1A;MYC;MALAT1;SIRT1;DFNA5;E2F1;AKT1;RB1;CDC25A;BBC3;BCL2;BAX;CASP3;CASP9",43,"Limited observational concordance","HCC; malignant cell annotated observational concordance; not causal perturbation validation"
"GSE125449","GSE125449_Set2","S351_P10_LCP34","tumour-cell-intrinsic observational concordance","miR-204-5p OE",0.627304019894331,0.596751055119692,-0.0884185133752467,19,0.95,FALSE,"MIR204","","SIRT1;BCL2;MYC;E2F1;CDC25A;AKT1","PRKAA1;PPM1D;Mdm2;TP53;TP53INP1;CDKN1A;MYC;MALAT1;SIRT1;DFNA5;E2F1;AKT1;RB1;CDC25A;BBC3;BCL2;BAX;CASP3;CASP9",43,"Indirect only: perturbed node not measured","HCC; malignant cell annotated observational concordance; not causal perturbation validation"
"GSE125449","GSE125449_Set2","S351_P10_LCP34","tumour-cell-intrinsic observational concordance","miR-204-5p KO",0.51596875713354,0.51213625542149,0.218286286379416,19,0.95,FALSE,"MIR204","","SIRT1;BCL2;MYC;E2F1;CDC25A;AKT1","PRKAA1;PPM1D;Mdm2;TP53;TP53INP1;CDKN1A;MYC;MALAT1;SIRT1;DFNA5;E2F1;AKT1;RB1;CDC25A;BBC3;BCL2;BAX;CASP3;CASP9",43,"Indirect only: perturbed node not measured","HCC; malignant cell annotated observational concordance; not causal perturbation validation"
"GSE125449","GSE125449_Set2","S351_P10_LCP34","tumour-cell-intrinsic observational concordance","MALAT1 OE",0.51596875713354,0.525568998281641,0.218286286379416,19,0.95,TRUE,"MALAT1","MALAT1","","PRKAA1;PPM1D;Mdm2;TP53;TP53INP1;CDKN1A;MYC;MALAT1;SIRT1;DFNA5;E2F1;AKT1;RB1;CDC25A;BBC3;BCL2;BAX;CASP3;CASP9",43,"Limited observational concordance","HCC; malignant cell annotated observational concordance; not causal perturbation validation"
"GSE125449","GSE125449_Set2","S351_P10_LCP34","tumour-cell-intrinsic observational concordance","MALAT1 KO",0.62266659654902,0.594161534444206,0.0582017419744999,19,0.95,TRUE,"MALAT1","MALAT1","","PRKAA1;PPM1D;Mdm2;TP53;TP53INP1;CDKN1A;MYC;MALAT1;SIRT1;DFNA5;E2F1;AKT1;RB1;CDC25A;BBC3;BCL2;BAX;CASP3;CASP9",43,"Limited observational concordance","HCC; malignant cell annotated observational concordance; not causal perturbation validation"
"GSE125449","GSE125449_Set2","S351_P10_LCP34","tumour-cell-intrinsic observational concordance","SIRT1 OE",0.51596875713354,0.513191581979881,0.218286286379416,19,0.95,TRUE,"SIRT1","SIRT1","TP53","PRKAA1;PPM1D;Mdm2;TP53;TP53INP1;CDKN1A;MYC;MALAT1;SIRT1;DFNA5;E2F1;AKT1;RB1;CDC25A;BBC3;BCL2;BAX;CASP3;CASP9",43,"Limited observational concordance","HCC; malignant cell annotated observational concordance; not causal perturbation validation"
"GSE125449","GSE125449_Set2","S351_P10_LCP34","tumour-cell-intrinsic observational concordance","SIRT1 KO",0.54344101006862,0.535886051795817,0.00923775512875712,19,0.95,TRUE,"SIRT1","SIRT1","TP53","PRKAA1;PPM1D;Mdm2;TP53;TP53INP1;CDKN1A;MYC;MALAT1;SIRT1;DFNA5;E2F1;AKT1;RB1;CDC25A;BBC3;BCL2;BAX;CASP3;CASP9",43,"Limited observational concordance","HCC; malignant cell annotated observational concordance; not causal perturbation validation"
"GSE125449","GSE125449_Set2","S351_P10_LCP34","tumour-cell-intrinsic observational concordance","BCL2 KO",0.580442441344066,0.568833240304252,0.331496878202586,19,0.95,TRUE,"BCL2","BCL2","BAX;CASP3","PRKAA1;PPM1D;Mdm2;TP53;TP53INP1;CDKN1A;MYC;MALAT1;SIRT1;DFNA5;E2F1;AKT1;RB1;CDC25A;BBC3;BCL2;BAX;CASP3;CASP9",43,"Limited observational concordance","HCC; malignant cell annotated observational concordance; not causal perturbation validation"
"GSE125449","GSE125449_Set2","S351_P10_LCP34","tumour-cell-intrinsic observational concordance","GSDME OE",0.573863493975645,0.563791199342603,0.310020350700368,19,0.95,TRUE,"DFNA5","DFNA5","","PRKAA1;PPM1D;Mdm2;TP53;TP53INP1;CDKN1A;MYC;MALAT1;SIRT1;DFNA5;E2F1;AKT1;RB1;CDC25A;BBC3;BCL2;BAX;CASP3;CASP9",43,"Limited observational concordance","HCC; malignant cell annotated observational concordance; not causal perturbation validation"
"GSE125449","GSE125449_Set2","S351_P10_LCP34","tumour-cell-intrinsic observational concordance","CASP3 OE",0.57517928344933,0.573961966958311,0.299855749038061,19,0.95,TRUE,"CASP3","CASP3","DFNA5;CDKN1A;CASP9","PRKAA1;PPM1D;Mdm2;TP53;TP53INP1;CDKN1A;MYC;MALAT1;SIRT1;DFNA5;E2F1;AKT1;RB1;CDC25A;BBC3;BCL2;BAX;CASP3;CASP9",43,"Limited observational concordance","HCC; malignant cell annotated observational concordance; not causal perturbation validation"
"GSE125449","GSE125449_Set2","S351_P10_LCP34","tumour-cell-intrinsic observational concordance","miR-204-5p OE + GSDME KO",0.612649663919091,0.576440843373669,-0.0147800874128713,19,0.95,TRUE,"MIR204;DFNA5","DFNA5","SIRT1;BCL2;MYC;E2F1;CDC25A;AKT1","PRKAA1;PPM1D;Mdm2;TP53;TP53INP1;CDKN1A;MYC;MALAT1;SIRT1;DFNA5;E2F1;AKT1;RB1;CDC25A;BBC3;BCL2;BAX;CASP3;CASP9",43,"Limited observational concordance","HCC; malignant cell annotated observational concordance; not causal perturbation validation"
"GSE125449","GSE125449_Set2","S351_P10_LCP34","tumour-cell-intrinsic observational concordance","CASP3 OE + GSDME KO",0.57221875713354,0.565705524961399,0.311729055506977,19,0.95,TRUE,"CASP3;DFNA5","CASP3;DFNA5","DFNA5;CDKN1A;CASP9","PRKAA1;PPM1D;Mdm2;TP53;TP53INP1;CDKN1A;MYC;MALAT1;SIRT1;DFNA5;E2F1;AKT1;RB1;CDC25A;BBC3;BCL2;BAX;CASP3;CASP9",43,"Limited observational concordance","HCC; malignant cell annotated observational concordance; not causal perturbation validation"
"GSE125449","GSE125449_Set2","S351_P10_LCP34","tumour-cell-intrinsic observational concordance","SIRT1 KO + GSDME KO",0.539822589015989,0.529101122742453,-0.0147800874128713,19,0.95,TRUE,"SIRT1;DFNA5","SIRT1;DFNA5","TP53","PRKAA1;PPM1D;Mdm2;TP53;TP53INP1;CDKN1A;MYC;MALAT1;SIRT1;DFNA5;E2F1;AKT1;RB1;CDC25A;BBC3;BCL2;BAX;CASP3;CASP9",43,"Limited observational concordance","HCC; malignant cell annotated observational concordance; not causal perturbation validation"
"GSE125449","GSE125449_Set2","S351_P10_LCP34","tumour-cell-intrinsic observational concordance","MALAT1 KO + GSDME KO",0.617074491285862,0.578612150310902,0.0353615414042147,19,0.95,TRUE,"MALAT1;DFNA5","MALAT1;DFNA5","","PRKAA1;PPM1D;Mdm2;TP53;TP53INP1;CDKN1A;MYC;MALAT1;SIRT1;DFNA5;E2F1;AKT1;RB1;CDC25A;BBC3;BCL2;BAX;CASP3;CASP9",43,"Limited observational concordance","HCC; malignant cell annotated observational concordance; not causal perturbation validation"
"GSE125449","GSE125449_Set2","S351_P10_LCP34","tumour-cell-intrinsic observational concordance","miR-204-5p OE + CASP3 KO",0.562978611287513,0.543175833098136,-0.0816622263462285,19,0.95,TRUE,"MIR204;CASP3","CASP3","SIRT1;BCL2;MYC;E2F1;CDC25A;AKT1;DFNA5;CDKN1A;CASP9","PRKAA1;PPM1D;Mdm2;TP53;TP53INP1;CDKN1A;MYC;MALAT1;SIRT1;DFNA5;E2F1;AKT1;RB1;CDC25A;BBC3;BCL2;BAX;CASP3;CASP9",43,"Limited observational concordance","HCC; malignant cell annotated observational concordance; not causal perturbation validation"
"GSE125449","GSE125449_Set2","S351_P10_LCP34","tumour-cell-intrinsic observational concordance","GSDME E1 + CASP3 E1",0.564652967659856,0.560149969405844,0.299855749038061,19,0.95,TRUE,"DFNA5;CASP3","DFNA5;CASP3","DFNA5;CDKN1A;CASP9","PRKAA1;PPM1D;Mdm2;TP53;TP53INP1;CDKN1A;MYC;MALAT1;SIRT1;DFNA5;E2F1;AKT1;RB1;CDC25A;BBC3;BCL2;BAX;CASP3;CASP9",43,"Limited observational concordance","HCC; malignant cell annotated observational concordance; not causal perturbation validation"
"GSE125449","GSE125449_Set2","S351_P10_LCP34","tumour-cell-intrinsic observational concordance","p53 E1 + miR-204-5p E1 + CASP3 KO + p21 E1",0.533373348129618,0.488099060789221,-0.161131898902152,19,0.95,TRUE,"TP53;MIR204;CASP3;CDKN1A","TP53;CASP3;CDKN1A","Mdm2;SIRT1;BCL2;MYC;E2F1;CDC25A;AKT1;CASP3;DFNA5;CDKN1A;CASP9","PRKAA1;PPM1D;Mdm2;TP53;TP53INP1;CDKN1A;MYC;MALAT1;SIRT1;DFNA5;E2F1;AKT1;RB1;CDC25A;BBC3;BCL2;BAX;CASP3;CASP9",43,"Limited observational concordance","HCC; malignant cell annotated observational concordance; not causal perturbation validation"
"GSE125449","GSE125449_Set2","S351_P10_LCP34","tumour-cell-intrinsic observational concordance","MALAT1 E1 + miR-204-5p KO + SIRT1 E1",0.51596875713354,0.518145740716003,0.218286286379416,19,0.95,TRUE,"MALAT1;MIR204;SIRT1","MALAT1;SIRT1","SIRT1;BCL2;MYC;E2F1;CDC25A;AKT1;TP53","PRKAA1;PPM1D;Mdm2;TP53;TP53INP1;CDKN1A;MYC;MALAT1;SIRT1;DFNA5;E2F1;AKT1;RB1;CDC25A;BBC3;BCL2;BAX;CASP3;CASP9",43,"Limited observational concordance","HCC; malignant cell annotated observational concordance; not causal perturbation validation"
"GSE125449","GSE125449_Set2","S351_P10_LCP34","tumour-cell-intrinsic observational concordance","SIRT1 KO + GSDME KO + CASP3 E1",0.539493641647568,0.539387805797558,0.119297254684965,19,0.95,TRUE,"SIRT1;DFNA5;CASP3","SIRT1;DFNA5;CASP3","DFNA5;CDKN1A;CASP9;TP53","PRKAA1;PPM1D;Mdm2;TP53;TP53INP1;CDKN1A;MYC;MALAT1;SIRT1;DFNA5;E2F1;AKT1;RB1;CDC25A;BBC3;BCL2;BAX;CASP3;CASP9",43,"Limited observational concordance","HCC; malignant cell annotated observational concordance; not causal perturbation validation"
"GSE125449","GSE125449_Set2","S351_P10_LCP34","tumour-cell-intrinsic observational concordance","BAX E1",0.545393348526721,0.53768258594406,0.0456127611948471,19,0.95,TRUE,"BAX","BAX","CASP3","PRKAA1;PPM1D;Mdm2;TP53;TP53INP1;CDKN1A;MYC;MALAT1;SIRT1;DFNA5;E2F1;AKT1;RB1;CDC25A;BBC3;BCL2;BAX;CASP3;CASP9",43,"Limited observational concordance","HCC; malignant cell annotated observational concordance; not causal perturbation validation"
"GSE125449","GSE125449_Set2","S351_P10_LCP34","tumour-cell-intrinsic observational concordance","BAX E1 + GSDME KO",0.582893348526721,0.562421133719745,0.0228063805974235,19,0.95,TRUE,"BAX;DFNA5","BAX;DFNA5","CASP3","PRKAA1;PPM1D;Mdm2;TP53;TP53INP1;CDKN1A;MYC;MALAT1;SIRT1;DFNA5;E2F1;AKT1;RB1;CDC25A;BBC3;BCL2;BAX;CASP3;CASP9",43,"Limited observational concordance","HCC; malignant cell annotated observational concordance; not causal perturbation validation"
"GSE125449","GSE125449_Set2","S351_P10_LCP34","tumour-cell-intrinsic observational concordance","p53 E1",0.764453726773485,0.71846177429114,0.31231611639519,19,0.95,TRUE,"TP53","TP53","Mdm2","PRKAA1;PPM1D;Mdm2;TP53;TP53INP1;CDKN1A;MYC;MALAT1;SIRT1;DFNA5;E2F1;AKT1;RB1;CDC25A;BBC3;BCL2;BAX;CASP3;CASP9",43,"Limited observational concordance","HCC; malignant cell annotated observational concordance; not causal perturbation validation"
"GSE125449","GSE125449_Set2","S351_P10_LCP34","tumour-cell-intrinsic observational concordance","p53 KO",0.51596875713354,0.513191581979881,0.218286286379416,19,0.95,TRUE,"TP53","TP53","Mdm2","PRKAA1;PPM1D;Mdm2;TP53;TP53INP1;CDKN1A;MYC;MALAT1;SIRT1;DFNA5;E2F1;AKT1;RB1;CDC25A;BBC3;BCL2;BAX;CASP3;CASP9",43,"Limited observational concordance","HCC; malignant cell annotated observational concordance; not causal perturbation validation"
"GSE125449","GSE125449_Set2","S351_P10_LCP34","tumour-cell-intrinsic observational concordance","p21 E1",0.562480042562959,0.50544314971455,-0.0646481822875589,19,0.95,TRUE,"CDKN1A","CDKN1A","CASP3","PRKAA1;PPM1D;Mdm2;TP53;TP53INP1;CDKN1A;MYC;MALAT1;SIRT1;DFNA5;E2F1;AKT1;RB1;CDC25A;BBC3;BCL2;BAX;CASP3;CASP9",43,"Limited observational concordance","HCC; malignant cell annotated observational concordance; not causal perturbation validation"
"GSE125449","GSE125449_Set2","S364_P21_LCP65","tumour-cell-intrinsic observational concordance","Reference: DDR ON, GSDME endogenous",0.566215400907083,0.566215400907083,0.193946350161345,19,0.95,FALSE,"","","","PRKAA1;PPM1D;Mdm2;TP53;TP53INP1;CDKN1A;MYC;MALAT1;SIRT1;DFNA5;E2F1;AKT1;RB1;CDC25A;BBC3;BCL2;BAX;CASP3;CASP9",412,"Indirect only: perturbed node not measured","HCC; malignant cell annotated observational concordance; not causal perturbation validation"
"GSE125449","GSE125449_Set2","S364_P21_LCP65","tumour-cell-intrinsic observational concordance","GSDME KO",0.567202243012346,0.55803830078339,0.180590851300742,19,0.95,TRUE,"DFNA5","DFNA5","","PRKAA1;PPM1D;Mdm2;TP53;TP53INP1;CDKN1A;MYC;MALAT1;SIRT1;DFNA5;E2F1;AKT1;RB1;CDC25A;BBC3;BCL2;BAX;CASP3;CASP9",412,"Limited observational concordance","HCC; malignant cell annotated observational concordance; not causal perturbation validation"
"GSE125449","GSE125449_Set2","S364_P21_LCP65","tumour-cell-intrinsic observational concordance","CASP3 KO",0.572794348275504,0.562299096434982,0.15566746526108,19,0.95,TRUE,"CASP3","CASP3","DFNA5;CDKN1A;CASP9","PRKAA1;PPM1D;Mdm2;TP53;TP53INP1;CDKN1A;MYC;MALAT1;SIRT1;DFNA5;E2F1;AKT1;RB1;CDC25A;BBC3;BCL2;BAX;CASP3;CASP9",412,"Limited observational concordance","HCC; malignant cell annotated observational concordance; not causal perturbation validation"
"GSE125449","GSE125449_Set2","S364_P21_LCP65","tumour-cell-intrinsic observational concordance","miR-204-5p OE",0.600416856636813,0.576316811043978,-0.353674053500987,19,0.95,FALSE,"MIR204","","SIRT1;BCL2;MYC;E2F1;CDC25A;AKT1","PRKAA1;PPM1D;Mdm2;TP53;TP53INP1;CDKN1A;MYC;MALAT1;SIRT1;DFNA5;E2F1;AKT1;RB1;CDC25A;BBC3;BCL2;BAX;CASP3;CASP9",412,"Indirect only: perturbed node not measured","HCC; malignant cell annotated observational concordance; not causal perturbation validation"
"GSE125449","GSE125449_Set2","S364_P21_LCP65","tumour-cell-intrinsic observational concordance","miR-204-5p KO",0.52584260631538,0.519640380799689,0.245572072176844,19,0.95,FALSE,"MIR204","","SIRT1;BCL2;MYC;E2F1;CDC25A;AKT1","PRKAA1;PPM1D;Mdm2;TP53;TP53INP1;CDKN1A;MYC;MALAT1;SIRT1;DFNA5;E2F1;AKT1;RB1;CDC25A;BBC3;BCL2;BAX;CASP3;CASP9",412,"Indirect only: perturbed node not measured","HCC; malignant cell annotated observational concordance; not causal perturbation validation"
"GSE125449","GSE125449_Set2","S364_P21_LCP65","tumour-cell-intrinsic observational concordance","MALAT1 OE",0.52584260631538,0.586778857914941,0.245572072176844,19,0.95,TRUE,"MALAT1","MALAT1","","PRKAA1;PPM1D;Mdm2;TP53;TP53INP1;CDKN1A;MYC;MALAT1;SIRT1;DFNA5;E2F1;AKT1;RB1;CDC25A;BBC3;BCL2;BAX;CASP3;CASP9",412,"Limited observational concordance","HCC; malignant cell annotated observational concordance; not causal perturbation validation"
"GSE125449","GSE125449_Set2","S364_P21_LCP65","tumour-cell-intrinsic observational concordance","MALAT1 KO",0.591873295643925,0.514884875595369,-0.126525526031521,19,0.95,TRUE,"MALAT1","MALAT1","","PRKAA1;PPM1D;Mdm2;TP53;TP53INP1;CDKN1A;MYC;MALAT1;SIRT1;DFNA5;E2F1;AKT1;RB1;CDC25A;BBC3;BCL2;BAX;CASP3;CASP9",412,"Limited observational concordance","HCC; malignant cell annotated observational concordance; not causal perturbation validation"
"GSE125449","GSE125449_Set2","S364_P21_LCP65","tumour-cell-intrinsic observational concordance","SIRT1 OE",0.52584260631538,0.521348239999662,0.245572072176844,19,0.95,TRUE,"SIRT1","SIRT1","TP53","PRKAA1;PPM1D;Mdm2;TP53;TP53INP1;CDKN1A;MYC;MALAT1;SIRT1;DFNA5;E2F1;AKT1;RB1;CDC25A;BBC3;BCL2;BAX;CASP3;CASP9",412,"Limited observational concordance","HCC; malignant cell annotated observational concordance; not causal perturbation validation"
"GSE125449","GSE125449_Set2","S364_P21_LCP65","tumour-cell-intrinsic observational concordance","SIRT1 KO",0.510276845646722,0.508489568142944,-0.213788047265522,19,0.95,TRUE,"SIRT1","SIRT1","TP53","PRKAA1;PPM1D;Mdm2;TP53;TP53INP1;CDKN1A;MYC;MALAT1;SIRT1;DFNA5;E2F1;AKT1;RB1;CDC25A;BBC3;BCL2;BAX;CASP3;CASP9",412,"Limited observational concordance","HCC; malignant cell annotated observational concordance; not causal perturbation validation"
"GSE125449","GSE125449_Set2","S364_P21_LCP65","tumour-cell-intrinsic observational concordance","BCL2 KO",0.582662769328136,0.563856563136684,0.180931502225076,19,0.95,TRUE,"BCL2","BCL2","BAX;CASP3","PRKAA1;PPM1D;Mdm2;TP53;TP53INP1;CDKN1A;MYC;MALAT1;SIRT1;DFNA5;E2F1;AKT1;RB1;CDC25A;BBC3;BCL2;BAX;CASP3;CASP9",412,"Limited observational concordance","HCC; malignant cell annotated observational concordance; not causal perturbation validation"
"GSE125449","GSE125449_Set2","S364_P21_LCP65","tumour-cell-intrinsic observational concordance","GSDME OE",0.578057506170241,0.56741330078339,0.180421679505952,19,0.95,TRUE,"DFNA5","DFNA5","","PRKAA1;PPM1D;Mdm2;TP53;TP53INP1;CDKN1A;MYC;MALAT1;SIRT1;DFNA5;E2F1;AKT1;RB1;CDC25A;BBC3;BCL2;BAX;CASP3;CASP9",412,"Limited observational concordance","HCC; malignant cell annotated observational concordance; not causal perturbation validation"
"GSE125449","GSE125449_Set2","S364_P21_LCP65","tumour-cell-intrinsic observational concordance","CASP3 OE",0.578057506170241,0.567299096434982,0.190586281168259,19,0.95,TRUE,"CASP3","CASP3","DFNA5;CDKN1A;CASP9","PRKAA1;PPM1D;Mdm2;TP53;TP53INP1;CDKN1A;MYC;MALAT1;SIRT1;DFNA5;E2F1;AKT1;RB1;CDC25A;BBC3;BCL2;BAX;CASP3;CASP9",412,"Limited observational concordance","HCC; malignant cell annotated observational concordance; not causal perturbation validation"
"GSE125449","GSE125449_Set2","S364_P21_LCP65","tumour-cell-intrinsic observational concordance","miR-204-5p OE + GSDME KO",0.588903698742076,0.560327509860695,-0.219014022572548,19,0.95,TRUE,"MIR204;DFNA5","DFNA5","SIRT1;BCL2;MYC;E2F1;CDC25A;AKT1","PRKAA1;PPM1D;Mdm2;TP53;TP53INP1;CDKN1A;MYC;MALAT1;SIRT1;DFNA5;E2F1;AKT1;RB1;CDC25A;BBC3;BCL2;BAX;CASP3;CASP9",412,"Limited observational concordance","HCC; malignant cell annotated observational concordance; not causal perturbation validation"
"GSE125449","GSE125449_Set2","S364_P21_LCP65","tumour-cell-intrinsic observational concordance","CASP3 OE + GSDME KO",0.575096979854452,0.559536200402761,0.202305795206569,19,0.95,TRUE,"CASP3;DFNA5","CASP3;DFNA5","DFNA5;CDKN1A;CASP9","PRKAA1;PPM1D;Mdm2;TP53;TP53INP1;CDKN1A;MYC;MALAT1;SIRT1;DFNA5;E2F1;AKT1;RB1;CDC25A;BBC3;BCL2;BAX;CASP3;CASP9",412,"Limited observational concordance","HCC; malignant cell annotated observational concordance; not causal perturbation validation"
"GSE125449","GSE125449_Set2","S364_P21_LCP65","tumour-cell-intrinsic observational concordance","SIRT1 KO + GSDME KO",0.50665842459409,0.504865771818758,-0.219014022572548,19,0.95,TRUE,"SIRT1;DFNA5","SIRT1;DFNA5","TP53","PRKAA1;PPM1D;Mdm2;TP53;TP53INP1;CDKN1A;MYC;MALAT1;SIRT1;DFNA5;E2F1;AKT1;RB1;CDC25A;BBC3;BCL2;BAX;CASP3;CASP9",412,"Limited observational concordance","HCC; malignant cell annotated observational concordance; not causal perturbation validation"
"GSE125449","GSE125449_Set2","S364_P21_LCP65","tumour-cell-intrinsic observational concordance","MALAT1 KO + GSDME KO",0.586281190380768,0.508848690523924,-0.127554131493775,19,0.95,TRUE,"MALAT1;DFNA5","MALAT1;DFNA5","","PRKAA1;PPM1D;Mdm2;TP53;TP53INP1;CDKN1A;MYC;MALAT1;SIRT1;DFNA5;E2F1;AKT1;RB1;CDC25A;BBC3;BCL2;BAX;CASP3;CASP9",412,"Limited observational concordance","HCC; malignant cell annotated observational concordance; not causal perturbation validation"
"GSE125449","GSE125449_Set2","S364_P21_LCP65","tumour-cell-intrinsic observational concordance","miR-204-5p OE + CASP3 KO",0.537258961899971,0.534549531692241,-0.273640091791748,19,0.95,TRUE,"MIR204;CASP3","CASP3","SIRT1;BCL2;MYC;E2F1;CDC25A;AKT1;DFNA5;CDKN1A;CASP9","PRKAA1;PPM1D;Mdm2;TP53;TP53INP1;CDKN1A;MYC;MALAT1;SIRT1;DFNA5;E2F1;AKT1;RB1;CDC25A;BBC3;BCL2;BAX;CASP3;CASP9",412,"Limited observational concordance","HCC; malignant cell annotated observational concordance; not causal perturbation validation"
"GSE125449","GSE125449_Set2","S364_P21_LCP65","tumour-cell-intrinsic observational concordance","GSDME E1 + CASP3 E1",0.568846979854452,0.554906570773132,0.190586281168259,19,0.95,TRUE,"DFNA5;CASP3","DFNA5;CASP3","DFNA5;CDKN1A;CASP9","PRKAA1;PPM1D;Mdm2;TP53;TP53INP1;CDKN1A;MYC;MALAT1;SIRT1;DFNA5;E2F1;AKT1;RB1;CDC25A;BBC3;BCL2;BAX;CASP3;CASP9",412,"Limited observational concordance","HCC; malignant cell annotated observational concordance; not causal perturbation validation"
"GSE125449","GSE125449_Set2","S364_P21_LCP65","tumour-cell-intrinsic observational concordance","p53 E1 + miR-204-5p E1 + CASP3 KO + p21 E1",0.510943172426287,0.494520699869717,-0.352476028848458,19,0.95,TRUE,"TP53;MIR204;CASP3;CDKN1A","TP53;CASP3;CDKN1A","Mdm2;SIRT1;BCL2;MYC;E2F1;CDC25A;AKT1;CASP3;DFNA5;CDKN1A;CASP9","PRKAA1;PPM1D;Mdm2;TP53;TP53INP1;CDKN1A;MYC;MALAT1;SIRT1;DFNA5;E2F1;AKT1;RB1;CDC25A;BBC3;BCL2;BAX;CASP3;CASP9",412,"Limited observational concordance","HCC; malignant cell annotated observational concordance; not causal perturbation validation"
"GSE125449","GSE125449_Set2","S364_P21_LCP65","tumour-cell-intrinsic observational concordance","MALAT1 E1 + miR-204-5p KO + SIRT1 E1",0.52584260631538,0.561584995939635,0.245572072176844,19,0.95,TRUE,"MALAT1;MIR204;SIRT1","MALAT1;SIRT1","SIRT1;BCL2;MYC;E2F1;CDC25A;AKT1;TP53","PRKAA1;PPM1D;Mdm2;TP53;TP53INP1;CDKN1A;MYC;MALAT1;SIRT1;DFNA5;E2F1;AKT1;RB1;CDC25A;BBC3;BCL2;BAX;CASP3;CASP9",412,"Limited observational concordance","HCC; malignant cell annotated observational concordance; not causal perturbation validation"
"GSE125449","GSE125449_Set2","S364_P21_LCP65","tumour-cell-intrinsic observational concordance","SIRT1 KO + GSDME KO + CASP3 E1",0.506329477225669,0.511924027771861,-0.088779352323695,19,0.95,TRUE,"SIRT1;DFNA5;CASP3","SIRT1;DFNA5;CASP3","DFNA5;CDKN1A;CASP9;TP53","PRKAA1;PPM1D;Mdm2;TP53;TP53INP1;CDKN1A;MYC;MALAT1;SIRT1;DFNA5;E2F1;AKT1;RB1;CDC25A;BBC3;BCL2;BAX;CASP3;CASP9",412,"Limited observational concordance","HCC; malignant cell annotated observational concordance; not causal perturbation validation"
"GSE125449","GSE125449_Set2","S364_P21_LCP65","tumour-cell-intrinsic observational concordance","BAX E1",0.570548043218047,0.579544266391538,0.443457400505458,19,0.95,TRUE,"BAX","BAX","CASP3","PRKAA1;PPM1D;Mdm2;TP53;TP53INP1;CDKN1A;MYC;MALAT1;SIRT1;DFNA5;E2F1;AKT1;RB1;CDC25A;BBC3;BCL2;BAX;CASP3;CASP9",412,"Limited observational concordance","HCC; malignant cell annotated observational concordance; not causal perturbation validation"
"GSE125449","GSE125449_Set2","S364_P21_LCP65","tumour-cell-intrinsic observational concordance","BAX E1 + GSDME KO",0.601469095849626,0.594644927961745,0.420651019908034,19,0.95,TRUE,"BAX;DFNA5","BAX;DFNA5","CASP3","PRKAA1;PPM1D;Mdm2;TP53;TP53INP1;CDKN1A;MYC;MALAT1;SIRT1;DFNA5;E2F1;AKT1;RB1;CDC25A;BBC3;BCL2;BAX;CASP3;CASP9",412,"Limited observational concordance","HCC; malignant cell annotated observational concordance; not causal perturbation validation"
"GSE125449","GSE125449_Set2","S364_P21_LCP65","tumour-cell-intrinsic observational concordance","p53 E1",0.737925927222873,0.696547505097156,0.181015871543335,19,0.95,TRUE,"TP53","TP53","Mdm2","PRKAA1;PPM1D;Mdm2;TP53;TP53INP1;CDKN1A;MYC;MALAT1;SIRT1;DFNA5;E2F1;AKT1;RB1;CDC25A;BBC3;BCL2;BAX;CASP3;CASP9",412,"Limited observational concordance","HCC; malignant cell annotated observational concordance; not causal perturbation validation"
"GSE125449","GSE125449_Set2","S364_P21_LCP65","tumour-cell-intrinsic observational concordance","p53 KO",0.52584260631538,0.521348239999662,0.245572072176844,19,0.95,TRUE,"TP53","TP53","Mdm2","PRKAA1;PPM1D;Mdm2;TP53;TP53INP1;CDKN1A;MYC;MALAT1;SIRT1;DFNA5;E2F1;AKT1;RB1;CDC25A;BBC3;BCL2;BAX;CASP3;CASP9",412,"Limited observational concordance","HCC; malignant cell annotated observational concordance; not causal perturbation validation"
"GSE125449","GSE125449_Set2","S364_P21_LCP65","tumour-cell-intrinsic observational concordance","p21 E1",0.584043317366034,0.552116028218901,-0.153380981505777,19,0.95,TRUE,"CDKN1A","CDKN1A","CASP3","PRKAA1;PPM1D;Mdm2;TP53;TP53INP1;CDKN1A;MYC;MALAT1;SIRT1;DFNA5;E2F1;AKT1;RB1;CDC25A;BBC3;BCL2;BAX;CASP3;CASP9",412,"Limited observational concordance","HCC; malignant cell annotated observational concordance; not causal perturbation validation"
"GSE189903","GSE189903_HCC","1HT1","HCC tumour-region observational concordance; malignant status annotated separately","Reference: DDR ON, GSDME endogenous",0.581242250637054,0.581242250637054,0.230811588105374,19,0.95,FALSE,"","","","PRKAA1;PPM1D;Mdm2;TP53;TP53INP1;CDKN1A;MYC;MALAT1;SIRT1;DFNA5;E2F1;AKT1;RB1;CDC25A;BBC3;BCL2;BAX;CASP3;CASP9",219,"Indirect only: perturbed node not measured","HCC; malignant cell annotated observational concordance; not causal perturbation validation"
"GSE189903","GSE189903_HCC","1HT1","HCC tumour-region observational concordance; malignant status annotated separately","GSDME KO",0.582229092742317,0.571016034641092,0.212235236632718,19,0.95,TRUE,"DFNA5","DFNA5","","PRKAA1;PPM1D;Mdm2;TP53;TP53INP1;CDKN1A;MYC;MALAT1;SIRT1;DFNA5;E2F1;AKT1;RB1;CDC25A;BBC3;BCL2;BAX;CASP3;CASP9",219,"Limited observational concordance","HCC; malignant cell annotated observational concordance; not causal perturbation validation"
"GSE189903","GSE189903_HCC","1HT1","HCC tumour-region observational concordance; malignant status annotated separately","CASP3 KO",0.590452776952844,0.578697649747724,0.177183383124171,19,0.95,TRUE,"CASP3","CASP3","DFNA5;CDKN1A;CASP9","PRKAA1;PPM1D;Mdm2;TP53;TP53INP1;CDKN1A;MYC;MALAT1;SIRT1;DFNA5;E2F1;AKT1;RB1;CDC25A;BBC3;BCL2;BAX;CASP3;CASP9",219,"Limited observational concordance","HCC; malignant cell annotated observational concordance; not causal perturbation validation"
"GSE189903","GSE189903_HCC","1HT1","HCC tumour-region observational concordance; malignant status annotated separately","miR-204-5p OE",0.602957223112879,0.57568486699144,-0.402397423592461,19,0.95,FALSE,"MIR204","","SIRT1;BCL2;MYC;E2F1;CDC25A;AKT1","PRKAA1;PPM1D;Mdm2;TP53;TP53INP1;CDKN1A;MYC;MALAT1;SIRT1;DFNA5;E2F1;AKT1;RB1;CDC25A;BBC3;BCL2;BAX;CASP3;CASP9",219,"Indirect only: perturbed node not measured","HCC; malignant cell annotated observational concordance; not causal perturbation validation"
"GSE189903","GSE189903_HCC","1HT1","HCC tumour-region observational concordance; malignant status annotated separately","miR-204-5p KO",0.537163303268633,0.53080673305851,0.281081032323344,19,0.95,FALSE,"MIR204","","SIRT1;BCL2;MYC;E2F1;CDC25A;AKT1","PRKAA1;PPM1D;Mdm2;TP53;TP53INP1;CDKN1A;MYC;MALAT1;SIRT1;DFNA5;E2F1;AKT1;RB1;CDC25A;BBC3;BCL2;BAX;CASP3;CASP9",219,"Indirect only: perturbed node not measured","HCC; malignant cell annotated observational concordance; not causal perturbation validation"
"GSE189903","GSE189903_HCC","1HT1","HCC tumour-region observational concordance; malignant status annotated separately","MALAT1 OE",0.537163303268633,0.552472015423918,0.281081032323344,19,0.95,TRUE,"MALAT1","MALAT1","","PRKAA1;PPM1D;Mdm2;TP53;TP53INP1;CDKN1A;MYC;MALAT1;SIRT1;DFNA5;E2F1;AKT1;RB1;CDC25A;BBC3;BCL2;BAX;CASP3;CASP9",219,"Limited observational concordance","HCC; malignant cell annotated observational concordance; not causal perturbation validation"
"GSE189903","GSE189903_HCC","1HT1","HCC tumour-region observational concordance; malignant status annotated separately","MALAT1 KO",0.637223598804698,0.598134854548504,-0.024503666628516,19,0.95,TRUE,"MALAT1","MALAT1","","PRKAA1;PPM1D;Mdm2;TP53;TP53INP1;CDKN1A;MYC;MALAT1;SIRT1;DFNA5;E2F1;AKT1;RB1;CDC25A;BBC3;BCL2;BAX;CASP3;CASP9",219,"Limited observational concordance","HCC; malignant cell annotated observational concordance; not causal perturbation validation"
"GSE189903","GSE189903_HCC","1HT1","HCC tumour-region observational concordance; malignant status annotated separately","SIRT1 OE",0.537163303268633,0.53070012009148,0.281081032323344,19,0.95,TRUE,"SIRT1","SIRT1","TP53","PRKAA1;PPM1D;Mdm2;TP53;TP53INP1;CDKN1A;MYC;MALAT1;SIRT1;DFNA5;E2F1;AKT1;RB1;CDC25A;BBC3;BCL2;BAX;CASP3;CASP9",219,"Limited observational concordance","HCC; malignant cell annotated observational concordance; not causal perturbation validation"
"GSE189903","GSE189903_HCC","1HT1","HCC tumour-region observational concordance; malignant status annotated separately","SIRT1 KO",0.514715522144725,0.512156300902164,-0.293641363162066,19,0.95,TRUE,"SIRT1","SIRT1","TP53","PRKAA1;PPM1D;Mdm2;TP53;TP53INP1;CDKN1A;MYC;MALAT1;SIRT1;DFNA5;E2F1;AKT1;RB1;CDC25A;BBC3;BCL2;BAX;CASP3;CASP9",219,"Limited observational concordance","HCC; malignant cell annotated observational concordance; not causal perturbation validation"
"GSE189903","GSE189903_HCC","1HT1","HCC tumour-region observational concordance; malignant status annotated separately","BCL2 KO",0.60163698747916,0.581228641787107,0.214798098956353,19,0.95,TRUE,"BCL2","BCL2","BAX;CASP3","PRKAA1;PPM1D;Mdm2;TP53;TP53INP1;CDKN1A;MYC;MALAT1;SIRT1;DFNA5;E2F1;AKT1;RB1;CDC25A;BBC3;BCL2;BAX;CASP3;CASP9",219,"Limited observational concordance","HCC; malignant cell annotated observational concordance; not causal perturbation validation"
"GSE189903","GSE189903_HCC","1HT1","HCC tumour-region observational concordance; malignant status annotated separately","GSDME OE",0.595058040110739,0.582095580095638,0.217271888573666,19,0.95,TRUE,"DFNA5","DFNA5","","PRKAA1;PPM1D;Mdm2;TP53;TP53INP1;CDKN1A;MYC;MALAT1;SIRT1;DFNA5;E2F1;AKT1;RB1;CDC25A;BBC3;BCL2;BAX;CASP3;CASP9",219,"Limited observational concordance","HCC; malignant cell annotated observational concordance; not causal perturbation validation"
"GSE189903","GSE189903_HCC","1HT1","HCC tumour-region observational concordance; malignant status annotated separately","CASP3 OE",0.596373829584423,0.584197649747724,0.214654154976393,19,0.95,TRUE,"CASP3","CASP3","DFNA5;CDKN1A;CASP9","PRKAA1;PPM1D;Mdm2;TP53;TP53INP1;CDKN1A;MYC;MALAT1;SIRT1;DFNA5;E2F1;AKT1;RB1;CDC25A;BBC3;BCL2;BAX;CASP3;CASP9",219,"Limited observational concordance","HCC; malignant cell annotated observational concordance; not causal perturbation validation"
"GSE189903","GSE189903_HCC","1HT1","HCC tumour-region observational concordance; malignant status annotated separately","miR-204-5p OE + GSDME KO",0.591444065218143,0.5597632740995,-0.301188428786257,19,0.95,TRUE,"MIR204;DFNA5","DFNA5","SIRT1;BCL2;MYC;E2F1;CDC25A;AKT1","PRKAA1;PPM1D;Mdm2;TP53;TP53INP1;CDKN1A;MYC;MALAT1;SIRT1;DFNA5;E2F1;AKT1;RB1;CDC25A;BBC3;BCL2;BAX;CASP3;CASP9",219,"Limited observational concordance","HCC; malignant cell annotated observational concordance; not causal perturbation validation"
"GSE189903","GSE189903_HCC","1HT1","HCC tumour-region observational concordance; malignant status annotated separately","CASP3 OE + GSDME KO",0.593413303268633,0.57518300902567,0.218626257297665,19,0.95,TRUE,"CASP3;DFNA5","CASP3;DFNA5","DFNA5;CDKN1A;CASP9","PRKAA1;PPM1D;Mdm2;TP53;TP53INP1;CDKN1A;MYC;MALAT1;SIRT1;DFNA5;E2F1;AKT1;RB1;CDC25A;BBC3;BCL2;BAX;CASP3;CASP9",219,"Limited observational concordance","HCC; malignant cell annotated observational concordance; not causal perturbation validation"
"GSE189903","GSE189903_HCC","1HT1","HCC tumour-region observational concordance; malignant status annotated separately","SIRT1 KO + GSDME KO",0.511097101092093,0.508109420028837,-0.301188428786257,19,0.95,TRUE,"SIRT1;DFNA5","SIRT1;DFNA5","TP53","PRKAA1;PPM1D;Mdm2;TP53;TP53INP1;CDKN1A;MYC;MALAT1;SIRT1;DFNA5;E2F1;AKT1;RB1;CDC25A;BBC3;BCL2;BAX;CASP3;CASP9",219,"Limited observational concordance","HCC; malignant cell annotated observational concordance; not causal perturbation validation"
"GSE189903","GSE189903_HCC","1HT1","HCC tumour-region observational concordance; malignant status annotated separately","MALAT1 KO + GSDME KO",0.63163149354154,0.582108672002684,-0.0333049047545915,19,0.95,TRUE,"MALAT1;DFNA5","MALAT1;DFNA5","","PRKAA1;PPM1D;Mdm2;TP53;TP53INP1;CDKN1A;MYC;MALAT1;SIRT1;DFNA5;E2F1;AKT1;RB1;CDC25A;BBC3;BCL2;BAX;CASP3;CASP9",219,"Limited observational concordance","HCC; malignant cell annotated observational concordance; not causal perturbation validation"
"GSE189903","GSE189903_HCC","1HT1","HCC tumour-region observational concordance; malignant status annotated separately","miR-204-5p OE + CASP3 KO",0.539799328376037,0.531638167522482,-0.354793698704713,19,0.95,TRUE,"MIR204;CASP3","CASP3","SIRT1;BCL2;MYC;E2F1;CDC25A;AKT1;DFNA5;CDKN1A;CASP9","PRKAA1;PPM1D;Mdm2;TP53;TP53INP1;CDKN1A;MYC;MALAT1;SIRT1;DFNA5;E2F1;AKT1;RB1;CDC25A;BBC3;BCL2;BAX;CASP3;CASP9",219,"Limited observational concordance","HCC; malignant cell annotated observational concordance; not causal perturbation validation"
"GSE189903","GSE189903_HCC","1HT1","HCC tumour-region observational concordance; malignant status annotated separately","GSDME E1 + CASP3 E1",0.585847513794949,0.569627453470114,0.214654154976393,19,0.95,TRUE,"DFNA5;CASP3","DFNA5;CASP3","DFNA5;CDKN1A;CASP9","PRKAA1;PPM1D;Mdm2;TP53;TP53INP1;CDKN1A;MYC;MALAT1;SIRT1;DFNA5;E2F1;AKT1;RB1;CDC25A;BBC3;BCL2;BAX;CASP3;CASP9",219,"Limited observational concordance","HCC; malignant cell annotated observational concordance; not causal perturbation validation"
"GSE189903","GSE189903_HCC","1HT1","HCC tumour-region observational concordance; malignant status annotated separately","p53 E1 + miR-204-5p E1 + CASP3 KO + p21 E1",0.513483538902353,0.493735051258805,-0.406670513390072,19,0.95,TRUE,"TP53;MIR204;CASP3;CDKN1A","TP53;CASP3;CDKN1A","Mdm2;SIRT1;BCL2;MYC;E2F1;CDC25A;AKT1;CASP3;DFNA5;CDKN1A;CASP9","PRKAA1;PPM1D;Mdm2;TP53;TP53INP1;CDKN1A;MYC;MALAT1;SIRT1;DFNA5;E2F1;AKT1;RB1;CDC25A;BBC3;BCL2;BAX;CASP3;CASP9",219,"Limited observational concordance","HCC; malignant cell annotated observational concordance; not causal perturbation validation"
"GSE189903","GSE189903_HCC","1HT1","HCC tumour-region observational concordance; malignant status annotated separately","MALAT1 E1 + miR-204-5p KO + SIRT1 E1",0.537163303268633,0.539304835602739,0.281081032323344,19,0.95,TRUE,"MALAT1;MIR204;SIRT1","MALAT1;SIRT1","SIRT1;BCL2;MYC;E2F1;CDC25A;AKT1;TP53","PRKAA1;PPM1D;Mdm2;TP53;TP53INP1;CDKN1A;MYC;MALAT1;SIRT1;DFNA5;E2F1;AKT1;RB1;CDC25A;BBC3;BCL2;BAX;CASP3;CASP9",219,"Limited observational concordance","HCC; malignant cell annotated observational concordance; not causal perturbation validation"
"GSE189903","GSE189903_HCC","1HT1","HCC tumour-region observational concordance; malignant status annotated separately","SIRT1 KO + GSDME KO + CASP3 E1",0.510768153723672,0.517046238785124,-0.195484879183261,19,0.95,TRUE,"SIRT1;DFNA5;CASP3","SIRT1;DFNA5;CASP3","DFNA5;CDKN1A;CASP9;TP53","PRKAA1;PPM1D;Mdm2;TP53;TP53INP1;CDKN1A;MYC;MALAT1;SIRT1;DFNA5;E2F1;AKT1;RB1;CDC25A;BBC3;BCL2;BAX;CASP3;CASP9",219,"Limited observational concordance","HCC; malignant cell annotated observational concordance; not causal perturbation validation"
"GSE189903","GSE189903_HCC","1HT1","HCC tumour-region observational concordance; malignant status annotated separately","BAX E1",0.577662288448999,0.578062154703104,0.420276211441468,19,0.95,TRUE,"BAX","BAX","CASP3","PRKAA1;PPM1D;Mdm2;TP53;TP53INP1;CDKN1A;MYC;MALAT1;SIRT1;DFNA5;E2F1;AKT1;RB1;CDC25A;BBC3;BCL2;BAX;CASP3;CASP9",219,"Limited observational concordance","HCC; malignant cell annotated observational concordance; not causal perturbation validation"
"GSE189903","GSE189903_HCC","1HT1","HCC tumour-region observational concordance; malignant status annotated separately","BAX E1 + GSDME KO",0.615162288448999,0.598141521468131,0.394694181179813,19,0.95,TRUE,"BAX;DFNA5","BAX;DFNA5","CASP3","PRKAA1;PPM1D;Mdm2;TP53;TP53INP1;CDKN1A;MYC;MALAT1;SIRT1;DFNA5;E2F1;AKT1;RB1;CDC25A;BBC3;BCL2;BAX;CASP3;CASP9",219,"Limited observational concordance","HCC; malignant cell annotated observational concordance; not causal perturbation validation"
"GSE189903","GSE189903_HCC","1HT1","HCC tumour-region observational concordance; malignant status annotated separately","p53 E1",0.764183964791592,0.727373304243358,0.215886357536544,19,0.95,TRUE,"TP53","TP53","Mdm2","PRKAA1;PPM1D;Mdm2;TP53;TP53INP1;CDKN1A;MYC;MALAT1;SIRT1;DFNA5;E2F1;AKT1;RB1;CDC25A;BBC3;BCL2;BAX;CASP3;CASP9",219,"Limited observational concordance","HCC; malignant cell annotated observational concordance; not causal perturbation validation"
"GSE189903","GSE189903_HCC","1HT1","HCC tumour-region observational concordance; malignant status annotated separately","p53 KO",0.537163303268633,0.539834496898305,0.281081032323344,19,0.95,TRUE,"TP53","TP53","Mdm2","PRKAA1;PPM1D;Mdm2;TP53;TP53INP1;CDKN1A;MYC;MALAT1;SIRT1;DFNA5;E2F1;AKT1;RB1;CDC25A;BBC3;BCL2;BAX;CASP3;CASP9",219,"Limited observational concordance","HCC; malignant cell annotated observational concordance; not causal perturbation validation"
"GSE189903","GSE189903_HCC","1HT1","HCC tumour-region observational concordance; malignant status annotated separately","p21 E1",0.59912767362768,0.554865667572119,-0.0428306889624767,19,0.95,TRUE,"CDKN1A","CDKN1A","CASP3","PRKAA1;PPM1D;Mdm2;TP53;TP53INP1;CDKN1A;MYC;MALAT1;SIRT1;DFNA5;E2F1;AKT1;RB1;CDC25A;BBC3;BCL2;BAX;CASP3;CASP9",219,"Limited observational concordance","HCC; malignant cell annotated observational concordance; not causal perturbation validation"
"GSE189903","GSE189903_HCC","1HT2","HCC tumour-region observational concordance; malignant status annotated separately","Reference: DDR ON, GSDME endogenous",0.589440286041648,0.589440286041648,0.1056791098159,19,0.95,FALSE,"","","","PRKAA1;PPM1D;Mdm2;TP53;TP53INP1;CDKN1A;MYC;MALAT1;SIRT1;DFNA5;E2F1;AKT1;RB1;CDC25A;BBC3;BCL2;BAX;CASP3;CASP9",141,"Indirect only: perturbed node not measured","HCC; malignant cell annotated observational concordance; not causal perturbation validation"
"GSE189903","GSE189903_HCC","1HT2","HCC tumour-region observational concordance; malignant status annotated separately","GSDME KO",0.590427128146911,0.578096156126878,0.0833219817891411,19,0.95,TRUE,"DFNA5","DFNA5","","PRKAA1;PPM1D;Mdm2;TP53;TP53INP1;CDKN1A;MYC;MALAT1;SIRT1;DFNA5;E2F1;AKT1;RB1;CDC25A;BBC3;BCL2;BAX;CASP3;CASP9",141,"Limited observational concordance","HCC; malignant cell annotated observational concordance; not causal perturbation validation"
"GSE189903","GSE189903_HCC","1HT2","HCC tumour-region observational concordance; malignant status annotated separately","CASP3 KO",0.598650812357438,0.588006968486799,0.0394325036626494,19,0.95,TRUE,"CASP3","CASP3","DFNA5;CDKN1A;CASP9","PRKAA1;PPM1D;Mdm2;TP53;TP53INP1;CDKN1A;MYC;MALAT1;SIRT1;DFNA5;E2F1;AKT1;RB1;CDC25A;BBC3;BCL2;BAX;CASP3;CASP9",141,"Limited observational concordance","HCC; malignant cell annotated observational concordance; not causal perturbation validation"
"GSE189903","GSE189903_HCC","1HT2","HCC tumour-region observational concordance; malignant status annotated separately","miR-204-5p OE",0.6011862453461,0.577837965886004,-0.287115999536242,19,0.95,FALSE,"MIR204","","SIRT1;BCL2;MYC;E2F1;CDC25A;AKT1","PRKAA1;PPM1D;Mdm2;TP53;TP53INP1;CDKN1A;MYC;MALAT1;SIRT1;DFNA5;E2F1;AKT1;RB1;CDC25A;BBC3;BCL2;BAX;CASP3;CASP9",141,"Indirect only: perturbed node not measured","HCC; malignant cell annotated observational concordance; not causal perturbation validation"
"GSE189903","GSE189903_HCC","1HT2","HCC tumour-region observational concordance; malignant status annotated separately","miR-204-5p KO",0.545361338673227,0.533538197968684,0.123675654222271,19,0.95,FALSE,"MIR204","","SIRT1;BCL2;MYC;E2F1;CDC25A;AKT1","PRKAA1;PPM1D;Mdm2;TP53;TP53INP1;CDKN1A;MYC;MALAT1;SIRT1;DFNA5;E2F1;AKT1;RB1;CDC25A;BBC3;BCL2;BAX;CASP3;CASP9",141,"Indirect only: perturbed node not measured","HCC; malignant cell annotated observational concordance; not causal perturbation validation"
"GSE189903","GSE189903_HCC","1HT2","HCC tumour-region observational concordance; malignant status annotated separately","MALAT1 OE",0.545361338673227,0.567797731281063,0.123675654222271,19,0.95,TRUE,"MALAT1","MALAT1","","PRKAA1;PPM1D;Mdm2;TP53;TP53INP1;CDKN1A;MYC;MALAT1;SIRT1;DFNA5;E2F1;AKT1;RB1;CDC25A;BBC3;BCL2;BAX;CASP3;CASP9",141,"Limited observational concordance","HCC; malignant cell annotated observational concordance; not causal perturbation validation"
"GSE189903","GSE189903_HCC","1HT2","HCC tumour-region observational concordance; malignant status annotated separately","MALAT1 KO",0.636965012904463,0.589665935990578,-0.14232980828904,19,0.95,TRUE,"MALAT1","MALAT1","","PRKAA1;PPM1D;Mdm2;TP53;TP53INP1;CDKN1A;MYC;MALAT1;SIRT1;DFNA5;E2F1;AKT1;RB1;CDC25A;BBC3;BCL2;BAX;CASP3;CASP9",141,"Limited observational concordance","HCC; malignant cell annotated observational concordance; not causal perturbation validation"
"GSE189903","GSE189903_HCC","1HT2","HCC tumour-region observational concordance; malignant status annotated separately","SIRT1 OE",0.545361338673227,0.537472410208318,0.123675654222271,19,0.95,TRUE,"SIRT1","SIRT1","TP53","PRKAA1;PPM1D;Mdm2;TP53;TP53INP1;CDKN1A;MYC;MALAT1;SIRT1;DFNA5;E2F1;AKT1;RB1;CDC25A;BBC3;BCL2;BAX;CASP3;CASP9",141,"Limited observational concordance","HCC; malignant cell annotated observational concordance; not causal perturbation validation"
"GSE189903","GSE189903_HCC","1HT2","HCC tumour-region observational concordance; malignant status annotated separately","SIRT1 KO",0.520020306707447,0.516538514236586,-0.169659454271416,19,0.95,TRUE,"SIRT1","SIRT1","TP53","PRKAA1;PPM1D;Mdm2;TP53;TP53INP1;CDKN1A;MYC;MALAT1;SIRT1;DFNA5;E2F1;AKT1;RB1;CDC25A;BBC3;BCL2;BAX;CASP3;CASP9",141,"Limited observational concordance","HCC; malignant cell annotated observational concordance; not causal perturbation validation"
"GSE189903","GSE189903_HCC","1HT2","HCC tumour-region observational concordance; malignant status annotated separately","BCL2 KO",0.609835022883754,0.588125026218216,0.0688188084034918,19,0.95,TRUE,"BCL2","BCL2","BAX;CASP3","PRKAA1;PPM1D;Mdm2;TP53;TP53INP1;CDKN1A;MYC;MALAT1;SIRT1;DFNA5;E2F1;AKT1;RB1;CDC25A;BBC3;BCL2;BAX;CASP3;CASP9",141,"Limited observational concordance","HCC; malignant cell annotated observational concordance; not causal perturbation validation"
"GSE189903","GSE189903_HCC","1HT2","HCC tumour-region observational concordance; malignant status annotated separately","GSDME OE",0.603256075515332,0.589175701581424,0.126174759388563,19,0.95,TRUE,"DFNA5","DFNA5","","PRKAA1;PPM1D;Mdm2;TP53;TP53INP1;CDKN1A;MYC;MALAT1;SIRT1;DFNA5;E2F1;AKT1;RB1;CDC25A;BBC3;BCL2;BAX;CASP3;CASP9",141,"Limited observational concordance","HCC; malignant cell annotated observational concordance; not causal perturbation validation"
"GSE189903","GSE189903_HCC","1HT2","HCC tumour-region observational concordance; malignant status annotated separately","CASP3 OE",0.604571864989017,0.593506968486799,0.158111109275295,19,0.95,TRUE,"CASP3","CASP3","DFNA5;CDKN1A;CASP9","PRKAA1;PPM1D;Mdm2;TP53;TP53INP1;CDKN1A;MYC;MALAT1;SIRT1;DFNA5;E2F1;AKT1;RB1;CDC25A;BBC3;BCL2;BAX;CASP3;CASP9",141,"Limited observational concordance","HCC; malignant cell annotated observational concordance; not causal perturbation validation"
"GSE189903","GSE189903_HCC","1HT2","HCC tumour-region observational concordance; malignant status annotated separately","miR-204-5p OE + GSDME KO",0.589673087451363,0.56168568382679,-0.194886630391107,19,0.95,TRUE,"MIR204;DFNA5","DFNA5","SIRT1;BCL2;MYC;E2F1;CDC25A;AKT1","PRKAA1;PPM1D;Mdm2;TP53;TP53INP1;CDKN1A;MYC;MALAT1;SIRT1;DFNA5;E2F1;AKT1;RB1;CDC25A;BBC3;BCL2;BAX;CASP3;CASP9",141,"Limited observational concordance","HCC; malignant cell annotated observational concordance; not causal perturbation validation"
"GSE189903","GSE189903_HCC","1HT2","HCC tumour-region observational concordance; malignant status annotated separately","CASP3 OE + GSDME KO",0.601611338673227,0.583802748598888,0.12530377816341,19,0.95,TRUE,"CASP3;DFNA5","CASP3;DFNA5","DFNA5;CDKN1A;CASP9","PRKAA1;PPM1D;Mdm2;TP53;TP53INP1;CDKN1A;MYC;MALAT1;SIRT1;DFNA5;E2F1;AKT1;RB1;CDC25A;BBC3;BCL2;BAX;CASP3;CASP9",141,"Limited observational concordance","HCC; malignant cell annotated observational concordance; not causal perturbation validation"
"GSE189903","GSE189903_HCC","1HT2","HCC tumour-region observational concordance; malignant status annotated separately","SIRT1 KO + GSDME KO",0.516401885654815,0.511985993363134,-0.194886630391107,19,0.95,TRUE,"SIRT1;DFNA5","SIRT1;DFNA5","TP53","PRKAA1;PPM1D;Mdm2;TP53;TP53INP1;CDKN1A;MYC;MALAT1;SIRT1;DFNA5;E2F1;AKT1;RB1;CDC25A;BBC3;BCL2;BAX;CASP3;CASP9",141,"Limited observational concordance","HCC; malignant cell annotated observational concordance; not causal perturbation validation"
"GSE189903","GSE189903_HCC","1HT2","HCC tumour-region observational concordance; malignant status annotated separately","MALAT1 KO + GSDME KO",0.630715012904463,0.574156023671709,-0.156116741037148,19,0.95,TRUE,"MALAT1;DFNA5","MALAT1;DFNA5","","PRKAA1;PPM1D;Mdm2;TP53;TP53INP1;CDKN1A;MYC;MALAT1;SIRT1;DFNA5;E2F1;AKT1;RB1;CDC25A;BBC3;BCL2;BAX;CASP3;CASP9",141,"Limited observational concordance","HCC; malignant cell annotated observational concordance; not causal perturbation validation"
"GSE189903","GSE189903_HCC","1HT2","HCC tumour-region observational concordance; malignant status annotated separately","miR-204-5p OE + CASP3 KO",0.538028350609258,0.530891624831337,-0.285133704616267,19,0.95,TRUE,"MIR204;CASP3","CASP3","SIRT1;BCL2;MYC;E2F1;CDC25A;AKT1;DFNA5;CDKN1A;CASP9","PRKAA1;PPM1D;Mdm2;TP53;TP53INP1;CDKN1A;MYC;MALAT1;SIRT1;DFNA5;E2F1;AKT1;RB1;CDC25A;BBC3;BCL2;BAX;CASP3;CASP9",141,"Limited observational concordance","HCC; malignant cell annotated observational concordance; not causal perturbation validation"
"GSE189903","GSE189903_HCC","1HT2","HCC tumour-region observational concordance; malignant status annotated separately","GSDME E1 + CASP3 E1",0.594045549199543,0.578247193043333,0.158111109275295,19,0.95,TRUE,"DFNA5;CASP3","DFNA5;CASP3","DFNA5;CDKN1A;CASP9","PRKAA1;PPM1D;Mdm2;TP53;TP53INP1;CDKN1A;MYC;MALAT1;SIRT1;DFNA5;E2F1;AKT1;RB1;CDC25A;BBC3;BCL2;BAX;CASP3;CASP9",141,"Limited observational concordance","HCC; malignant cell annotated observational concordance; not causal perturbation validation"
"GSE189903","GSE189903_HCC","1HT2","HCC tumour-region observational concordance; malignant status annotated separately","p53 E1 + miR-204-5p E1 + CASP3 KO + p21 E1",0.511712561135573,0.490069043515922,-0.340275327530469,19,0.95,TRUE,"TP53;MIR204;CASP3;CDKN1A","TP53;CASP3;CDKN1A","Mdm2;SIRT1;BCL2;MYC;E2F1;CDC25A;AKT1;CASP3;DFNA5;CDKN1A;CASP9","PRKAA1;PPM1D;Mdm2;TP53;TP53INP1;CDKN1A;MYC;MALAT1;SIRT1;DFNA5;E2F1;AKT1;RB1;CDC25A;BBC3;BCL2;BAX;CASP3;CASP9",141,"Limited observational concordance","HCC; malignant cell annotated observational concordance; not causal perturbation validation"
"GSE189903","GSE189903_HCC","1HT2","HCC tumour-region observational concordance; malignant status annotated separately","MALAT1 E1 + miR-204-5p KO + SIRT1 E1",0.545361338673227,0.547359342019651,0.123675654222271,19,0.95,TRUE,"MALAT1;MIR204;SIRT1","MALAT1;SIRT1","SIRT1;BCL2;MYC;E2F1;CDC25A;AKT1;TP53","PRKAA1;PPM1D;Mdm2;TP53;TP53INP1;CDKN1A;MYC;MALAT1;SIRT1;DFNA5;E2F1;AKT1;RB1;CDC25A;BBC3;BCL2;BAX;CASP3;CASP9",141,"Limited observational concordance","HCC; malignant cell annotated observational concordance; not causal perturbation validation"
"GSE189903","GSE189903_HCC","1HT2","HCC tumour-region observational concordance; malignant status annotated separately","SIRT1 KO + GSDME KO + CASP3 E1",0.516072938286394,0.522780471123231,-0.088025354953866,19,0.95,TRUE,"SIRT1;DFNA5;CASP3","SIRT1;DFNA5;CASP3","DFNA5;CDKN1A;CASP9;TP53","PRKAA1;PPM1D;Mdm2;TP53;TP53INP1;CDKN1A;MYC;MALAT1;SIRT1;DFNA5;E2F1;AKT1;RB1;CDC25A;BBC3;BCL2;BAX;CASP3;CASP9",141,"Limited observational concordance","HCC; malignant cell annotated observational concordance; not causal perturbation validation"
"GSE189903","GSE189903_HCC","1HT2","HCC tumour-region observational concordance; malignant status annotated separately","BAX E1",0.584833949784188,0.582714759241825,0.302285622887714,19,0.95,TRUE,"BAX","BAX","CASP3","PRKAA1;PPM1D;Mdm2;TP53;TP53INP1;CDKN1A;MYC;MALAT1;SIRT1;DFNA5;E2F1;AKT1;RB1;CDC25A;BBC3;BCL2;BAX;CASP3;CASP9",141,"Limited observational concordance","HCC; malignant cell annotated observational concordance; not causal perturbation validation"
"GSE189903","GSE189903_HCC","1HT2","HCC tumour-region observational concordance; malignant status annotated separately","BAX E1 + GSDME KO",0.622333949784188,0.602257287021614,0.273571099124632,19,0.95,TRUE,"BAX;DFNA5","BAX;DFNA5","CASP3","PRKAA1;PPM1D;Mdm2;TP53;TP53INP1;CDKN1A;MYC;MALAT1;SIRT1;DFNA5;E2F1;AKT1;RB1;CDC25A;BBC3;BCL2;BAX;CASP3;CASP9",141,"Limited observational concordance","HCC; malignant cell annotated observational concordance; not causal perturbation validation"
"GSE189903","GSE189903_HCC","1HT2","HCC tumour-region observational concordance; malignant status annotated separately","p53 E1",0.761307118167621,0.726798566967817,0.122388129698333,19,0.95,TRUE,"TP53","TP53","Mdm2","PRKAA1;PPM1D;Mdm2;TP53;TP53INP1;CDKN1A;MYC;MALAT1;SIRT1;DFNA5;E2F1;AKT1;RB1;CDC25A;BBC3;BCL2;BAX;CASP3;CASP9",141,"Limited observational concordance","HCC; malignant cell annotated observational concordance; not causal perturbation validation"
"GSE189903","GSE189903_HCC","1HT2","HCC tumour-region observational concordance; malignant status annotated separately","p53 KO",0.545361338673227,0.548408575211579,0.123675654222271,19,0.95,TRUE,"TP53","TP53","Mdm2","PRKAA1;PPM1D;Mdm2;TP53;TP53INP1;CDKN1A;MYC;MALAT1;SIRT1;DFNA5;E2F1;AKT1;RB1;CDC25A;BBC3;BCL2;BAX;CASP3;CASP9",141,"Limited observational concordance","HCC; malignant cell annotated observational concordance; not causal perturbation validation"
"GSE189903","GSE189903_HCC","1HT2","HCC tumour-region observational concordance; malignant status annotated separately","p21 E1",0.599223572633368,0.544905284691217,-0.168188802998994,19,0.95,TRUE,"CDKN1A","CDKN1A","CASP3","PRKAA1;PPM1D;Mdm2;TP53;TP53INP1;CDKN1A;MYC;MALAT1;SIRT1;DFNA5;E2F1;AKT1;RB1;CDC25A;BBC3;BCL2;BAX;CASP3;CASP9",141,"Limited observational concordance","HCC; malignant cell annotated observational concordance; not causal perturbation validation"
"GSE189903","GSE189903_HCC","1HT3","HCC tumour-region observational concordance; malignant status annotated separately","Reference: DDR ON, GSDME endogenous",0.591200466928731,0.591200466928731,0.351737932670832,19,0.95,FALSE,"","","","PRKAA1;PPM1D;Mdm2;TP53;TP53INP1;CDKN1A;MYC;MALAT1;SIRT1;DFNA5;E2F1;AKT1;RB1;CDC25A;BBC3;BCL2;BAX;CASP3;CASP9",276,"Indirect only: perturbed node not measured","HCC; malignant cell annotated observational concordance; not causal perturbation validation"
"GSE189903","GSE189903_HCC","1HT3","HCC tumour-region observational concordance; malignant status annotated separately","GSDME KO",0.592187309033994,0.57961631234754,0.314946610410527,19,0.95,TRUE,"DFNA5","DFNA5","","PRKAA1;PPM1D;Mdm2;TP53;TP53INP1;CDKN1A;MYC;MALAT1;SIRT1;DFNA5;E2F1;AKT1;RB1;CDC25A;BBC3;BCL2;BAX;CASP3;CASP9",276,"Limited observational concordance","HCC; malignant cell annotated observational concordance; not causal perturbation validation"
"GSE189903","GSE189903_HCC","1HT3","HCC tumour-region observational concordance; malignant status annotated separately","CASP3 KO",0.60041099324452,0.59012299203293,0.244481522708426,19,0.95,TRUE,"CASP3","CASP3","DFNA5;CDKN1A;CASP9","PRKAA1;PPM1D;Mdm2;TP53;TP53INP1;CDKN1A;MYC;MALAT1;SIRT1;DFNA5;E2F1;AKT1;RB1;CDC25A;BBC3;BCL2;BAX;CASP3;CASP9",276,"Limited observational concordance","HCC; malignant cell annotated observational concordance; not causal perturbation validation"
"GSE189903","GSE189903_HCC","1HT3","HCC tumour-region observational concordance; malignant status annotated separately","miR-204-5p OE",0.602121375502372,0.576330529283601,-0.485052029519561,19,0.95,FALSE,"MIR204","","SIRT1;BCL2;MYC;E2F1;CDC25A;AKT1","PRKAA1;PPM1D;Mdm2;TP53;TP53INP1;CDKN1A;MYC;MALAT1;SIRT1;DFNA5;E2F1;AKT1;RB1;CDC25A;BBC3;BCL2;BAX;CASP3;CASP9",276,"Indirect only: perturbed node not measured","HCC; malignant cell annotated observational concordance; not causal perturbation validation"
"GSE189903","GSE189903_HCC","1HT3","HCC tumour-region observational concordance; malignant status annotated separately","miR-204-5p KO",0.54712151956031,0.537094070964037,0.415999927838549,19,0.95,FALSE,"MIR204","","SIRT1;BCL2;MYC;E2F1;CDC25A;AKT1","PRKAA1;PPM1D;Mdm2;TP53;TP53INP1;CDKN1A;MYC;MALAT1;SIRT1;DFNA5;E2F1;AKT1;RB1;CDC25A;BBC3;BCL2;BAX;CASP3;CASP9",276,"Indirect only: perturbed node not measured","HCC; malignant cell annotated observational concordance; not causal perturbation validation"
"GSE189903","GSE189903_HCC","1HT3","HCC tumour-region observational concordance; malignant status annotated separately","MALAT1 OE",0.54712151956031,0.560601255391066,0.415999927838549,19,0.95,TRUE,"MALAT1","MALAT1","","PRKAA1;PPM1D;Mdm2;TP53;TP53INP1;CDKN1A;MYC;MALAT1;SIRT1;DFNA5;E2F1;AKT1;RB1;CDC25A;BBC3;BCL2;BAX;CASP3;CASP9",276,"Limited observational concordance","HCC; malignant cell annotated observational concordance; not causal perturbation validation"
"GSE189903","GSE189903_HCC","1HT3","HCC tumour-region observational concordance; malignant status annotated separately","MALAT1 KO",0.645785463042625,0.606000229584196,0.0881089289408343,19,0.95,TRUE,"MALAT1","MALAT1","","PRKAA1;PPM1D;Mdm2;TP53;TP53INP1;CDKN1A;MYC;MALAT1;SIRT1;DFNA5;E2F1;AKT1;RB1;CDC25A;BBC3;BCL2;BAX;CASP3;CASP9",276,"Limited observational concordance","HCC; malignant cell annotated observational concordance; not causal perturbation validation"
"GSE189903","GSE189903_HCC","1HT3","HCC tumour-region observational concordance; malignant status annotated separately","SIRT1 OE",0.54712151956031,0.538926472680256,0.415999927838549,19,0.95,TRUE,"SIRT1","SIRT1","TP53","PRKAA1;PPM1D;Mdm2;TP53;TP53INP1;CDKN1A;MYC;MALAT1;SIRT1;DFNA5;E2F1;AKT1;RB1;CDC25A;BBC3;BCL2;BAX;CASP3;CASP9",276,"Limited observational concordance","HCC; malignant cell annotated observational concordance; not causal perturbation validation"
"GSE189903","GSE189903_HCC","1HT3","HCC tumour-region observational concordance; malignant status annotated separately","SIRT1 KO",0.511597512745806,0.509580554007405,-0.395872059966637,19,0.95,TRUE,"SIRT1","SIRT1","TP53","PRKAA1;PPM1D;Mdm2;TP53;TP53INP1;CDKN1A;MYC;MALAT1;SIRT1;DFNA5;E2F1;AKT1;RB1;CDC25A;BBC3;BCL2;BAX;CASP3;CASP9",276,"Limited observational concordance","HCC; malignant cell annotated observational concordance; not causal perturbation validation"
"GSE189903","GSE189903_HCC","1HT3","HCC tumour-region observational concordance; malignant status annotated separately","BCL2 KO",0.611595203770836,0.594033395708776,0.299257545633366,19,0.95,TRUE,"BCL2","BCL2","BAX;CASP3","PRKAA1;PPM1D;Mdm2;TP53;TP53INP1;CDKN1A;MYC;MALAT1;SIRT1;DFNA5;E2F1;AKT1;RB1;CDC25A;BBC3;BCL2;BAX;CASP3;CASP9",276,"Limited observational concordance","HCC; malignant cell annotated observational concordance; not causal perturbation validation"
"GSE189903","GSE189903_HCC","1HT3","HCC tumour-region observational concordance; malignant status annotated separately","GSDME OE",0.605016256402415,0.590695857802086,0.357582409387504,19,0.95,TRUE,"DFNA5","DFNA5","","PRKAA1;PPM1D;Mdm2;TP53;TP53INP1;CDKN1A;MYC;MALAT1;SIRT1;DFNA5;E2F1;AKT1;RB1;CDC25A;BBC3;BCL2;BAX;CASP3;CASP9",276,"Limited observational concordance","HCC; malignant cell annotated observational concordance; not causal perturbation validation"
"GSE189903","GSE189903_HCC","1HT3","HCC tumour-region observational concordance; malignant status annotated separately","CASP3 OE",0.606332045876099,0.59562299203293,0.375906544568416,19,0.95,TRUE,"CASP3","CASP3","DFNA5;CDKN1A;CASP9","PRKAA1;PPM1D;Mdm2;TP53;TP53INP1;CDKN1A;MYC;MALAT1;SIRT1;DFNA5;E2F1;AKT1;RB1;CDC25A;BBC3;BCL2;BAX;CASP3;CASP9",276,"Limited observational concordance","HCC; malignant cell annotated observational concordance; not causal perturbation validation"
"GSE189903","GSE189903_HCC","1HT3","HCC tumour-region observational concordance; malignant status annotated separately","miR-204-5p OE + GSDME KO",0.586108993885031,0.557286713620019,-0.425207193580598,19,0.95,TRUE,"MIR204;DFNA5","DFNA5","SIRT1;BCL2;MYC;E2F1;CDC25A;AKT1","PRKAA1;PPM1D;Mdm2;TP53;TP53INP1;CDKN1A;MYC;MALAT1;SIRT1;DFNA5;E2F1;AKT1;RB1;CDC25A;BBC3;BCL2;BAX;CASP3;CASP9",276,"Limited observational concordance","HCC; malignant cell annotated observational concordance; not causal perturbation validation"
"GSE189903","GSE189903_HCC","1HT3","HCC tumour-region observational concordance; malignant status annotated separately","CASP3 OE + GSDME KO",0.60337151956031,0.58576202966012,0.343405751870433,19,0.95,TRUE,"CASP3;DFNA5","CASP3;DFNA5","DFNA5;CDKN1A;CASP9","PRKAA1;PPM1D;Mdm2;TP53;TP53INP1;CDKN1A;MYC;MALAT1;SIRT1;DFNA5;E2F1;AKT1;RB1;CDC25A;BBC3;BCL2;BAX;CASP3;CASP9",276,"Limited observational concordance","HCC; malignant cell annotated observational concordance; not causal perturbation validation"
"GSE189903","GSE189903_HCC","1HT3","HCC tumour-region observational concordance; malignant status annotated separately","SIRT1 KO + GSDME KO",0.507979091693174,0.505830874698858,-0.425207193580598,19,0.95,TRUE,"SIRT1;DFNA5","SIRT1;DFNA5","TP53","PRKAA1;PPM1D;Mdm2;TP53;TP53INP1;CDKN1A;MYC;MALAT1;SIRT1;DFNA5;E2F1;AKT1;RB1;CDC25A;BBC3;BCL2;BAX;CASP3;CASP9",276,"Limited observational concordance","HCC; malignant cell annotated observational concordance; not causal perturbation validation"
"GSE189903","GSE189903_HCC","1HT3","HCC tumour-region observational concordance; malignant status annotated separately","MALAT1 KO + GSDME KO",0.639535463042625,0.588530202034093,0.0603651398676971,19,0.95,TRUE,"MALAT1;DFNA5","MALAT1;DFNA5","","PRKAA1;PPM1D;Mdm2;TP53;TP53INP1;CDKN1A;MYC;MALAT1;SIRT1;DFNA5;E2F1;AKT1;RB1;CDC25A;BBC3;BCL2;BAX;CASP3;CASP9",276,"Limited observational concordance","HCC; malignant cell annotated observational concordance; not causal perturbation validation"
"GSE189903","GSE189903_HCC","1HT3","HCC tumour-region observational concordance; malignant status annotated separately","miR-204-5p OE + CASP3 KO",0.536437941253452,0.527500388780102,-0.515365888467912,19,0.95,TRUE,"MIR204;CASP3","CASP3","SIRT1;BCL2;MYC;E2F1;CDC25A;AKT1;DFNA5;CDKN1A;CASP9","PRKAA1;PPM1D;Mdm2;TP53;TP53INP1;CDKN1A;MYC;MALAT1;SIRT1;DFNA5;E2F1;AKT1;RB1;CDC25A;BBC3;BCL2;BAX;CASP3;CASP9",276,"Limited observational concordance","HCC; malignant cell annotated observational concordance; not causal perturbation validation"
"GSE189903","GSE189903_HCC","1HT3","HCC tumour-region observational concordance; malignant status annotated separately","GSDME E1 + CASP3 E1",0.595805730086626,0.580206474104565,0.375906544568416,19,0.95,TRUE,"DFNA5;CASP3","DFNA5;CASP3","DFNA5;CDKN1A;CASP9","PRKAA1;PPM1D;Mdm2;TP53;TP53INP1;CDKN1A;MYC;MALAT1;SIRT1;DFNA5;E2F1;AKT1;RB1;CDC25A;BBC3;BCL2;BAX;CASP3;CASP9",276,"Limited observational concordance","HCC; malignant cell annotated observational concordance; not causal perturbation validation"
"GSE189903","GSE189903_HCC","1HT3","HCC tumour-region observational concordance; malignant status annotated separately","p53 E1 + miR-204-5p E1 + CASP3 KO + p21 E1",0.506832678095557,0.48285102988091,-0.556059681574181,19,0.95,TRUE,"TP53;MIR204;CASP3;CDKN1A","TP53;CASP3;CDKN1A","Mdm2;SIRT1;BCL2;MYC;E2F1;CDC25A;AKT1;CASP3;DFNA5;CDKN1A;CASP9","PRKAA1;PPM1D;Mdm2;TP53;TP53INP1;CDKN1A;MYC;MALAT1;SIRT1;DFNA5;E2F1;AKT1;RB1;CDC25A;BBC3;BCL2;BAX;CASP3;CASP9",276,"Limited observational concordance","HCC; malignant cell annotated observational concordance; not causal perturbation validation"
"GSE189903","GSE189903_HCC","1HT3","HCC tumour-region observational concordance; malignant status annotated separately","MALAT1 E1 + miR-204-5p KO + SIRT1 E1",0.54712151956031,0.544040984550274,0.415999927838549,19,0.95,TRUE,"MALAT1;MIR204;SIRT1","MALAT1;SIRT1","SIRT1;BCL2;MYC;E2F1;CDC25A;AKT1;TP53","PRKAA1;PPM1D;Mdm2;TP53;TP53INP1;CDKN1A;MYC;MALAT1;SIRT1;DFNA5;E2F1;AKT1;RB1;CDC25A;BBC3;BCL2;BAX;CASP3;CASP9",276,"Limited observational concordance","HCC; malignant cell annotated observational concordance; not causal perturbation validation"
"GSE189903","GSE189903_HCC","1HT3","HCC tumour-region observational concordance; malignant status annotated separately","SIRT1 KO + GSDME KO + CASP3 E1",0.507650144324753,0.51824576359186,-0.296085284844822,19,0.95,TRUE,"SIRT1;DFNA5;CASP3","SIRT1;DFNA5;CASP3","DFNA5;CDKN1A;CASP9;TP53","PRKAA1;PPM1D;Mdm2;TP53;TP53INP1;CDKN1A;MYC;MALAT1;SIRT1;DFNA5;E2F1;AKT1;RB1;CDC25A;BBC3;BCL2;BAX;CASP3;CASP9",276,"Limited observational concordance","HCC; malignant cell annotated observational concordance; not causal perturbation validation"
"GSE189903","GSE189903_HCC","1HT3","HCC tumour-region observational concordance; malignant status annotated separately","BAX E1",0.57518808531139,0.56061285847053,0.180118376332058,19,0.95,TRUE,"BAX","BAX","CASP3","PRKAA1;PPM1D;Mdm2;TP53;TP53INP1;CDKN1A;MYC;MALAT1;SIRT1;DFNA5;E2F1;AKT1;RB1;CDC25A;BBC3;BCL2;BAX;CASP3;CASP9",276,"Limited observational concordance","HCC; malignant cell annotated observational concordance; not causal perturbation validation"
"GSE189903","GSE189903_HCC","1HT3","HCC tumour-region observational concordance; malignant status annotated separately","BAX E1 + GSDME KO",0.61268808531139,0.582705605570085,0.151403852568976,19,0.95,TRUE,"BAX;DFNA5","BAX;DFNA5","CASP3","PRKAA1;PPM1D;Mdm2;TP53;TP53INP1;CDKN1A;MYC;MALAT1;SIRT1;DFNA5;E2F1;AKT1;RB1;CDC25A;BBC3;BCL2;BAX;CASP3;CASP9",276,"Limited observational concordance","HCC; malignant cell annotated observational concordance; not causal perturbation validation"
"GSE189903","GSE189903_HCC","1HT3","HCC tumour-region observational concordance; malignant status annotated separately","p53 E1",0.770127568305783,0.731453552590222,0.340900841949433,19,0.95,TRUE,"TP53","TP53","Mdm2","PRKAA1;PPM1D;Mdm2;TP53;TP53INP1;CDKN1A;MYC;MALAT1;SIRT1;DFNA5;E2F1;AKT1;RB1;CDC25A;BBC3;BCL2;BAX;CASP3;CASP9",276,"Limited observational concordance","HCC; malignant cell annotated observational concordance; not causal perturbation validation"
"GSE189903","GSE189903_HCC","1HT3","HCC tumour-region observational concordance; malignant status annotated separately","p53 KO",0.54712151956031,0.547231164496136,0.415999927838549,19,0.95,TRUE,"TP53","TP53","Mdm2","PRKAA1;PPM1D;Mdm2;TP53;TP53INP1;CDKN1A;MYC;MALAT1;SIRT1;DFNA5;E2F1;AKT1;RB1;CDC25A;BBC3;BCL2;BAX;CASP3;CASP9",276,"Limited observational concordance","HCC; malignant cell annotated observational concordance; not causal perturbation validation"
"GSE189903","GSE189903_HCC","1HT3","HCC tumour-region observational concordance; malignant status annotated separately","p21 E1",0.598935632278482,0.542129531554742,0.0355181323103465,19,0.95,TRUE,"CDKN1A","CDKN1A","CASP3","PRKAA1;PPM1D;Mdm2;TP53;TP53INP1;CDKN1A;MYC;MALAT1;SIRT1;DFNA5;E2F1;AKT1;RB1;CDC25A;BBC3;BCL2;BAX;CASP3;CASP9",276,"Limited observational concordance","HCC; malignant cell annotated observational concordance; not causal perturbation validation"
"GSE189903","GSE189903_HCC","2HT2","HCC tumour-region observational concordance; malignant status annotated separately","Reference: DDR ON, GSDME endogenous",0.501776030249315,0.501776030249315,-0.40116000392802,19,0.95,FALSE,"","","","PRKAA1;PPM1D;Mdm2;TP53;TP53INP1;CDKN1A;MYC;MALAT1;SIRT1;DFNA5;E2F1;AKT1;RB1;CDC25A;BBC3;BCL2;BAX;CASP3;CASP9",24,"Indirect only: perturbed node not measured","HCC; malignant cell annotated observational concordance; not causal perturbation validation"
"GSE189903","GSE189903_HCC","2HT2","HCC tumour-region observational concordance; malignant status annotated separately","GSDME KO",0.502762872354578,0.502386117033499,-0.368398447784693,19,0.95,TRUE,"DFNA5","DFNA5","","PRKAA1;PPM1D;Mdm2;TP53;TP53INP1;CDKN1A;MYC;MALAT1;SIRT1;DFNA5;E2F1;AKT1;RB1;CDC25A;BBC3;BCL2;BAX;CASP3;CASP9",24,"Limited observational concordance","HCC; malignant cell annotated observational concordance; not causal perturbation validation"
"GSE189903","GSE189903_HCC","2HT2","HCC tumour-region observational concordance; malignant status annotated separately","CASP3 KO",0.508354977617736,0.50429783354701,-0.306521995137661,19,0.95,TRUE,"CASP3","CASP3","DFNA5;CDKN1A;CASP9","PRKAA1;PPM1D;Mdm2;TP53;TP53INP1;CDKN1A;MYC;MALAT1;SIRT1;DFNA5;E2F1;AKT1;RB1;CDC25A;BBC3;BCL2;BAX;CASP3;CASP9",24,"Limited observational concordance","HCC; malignant cell annotated observational concordance; not causal perturbation validation"
"GSE189903","GSE189903_HCC","2HT2","HCC tumour-region observational concordance; malignant status annotated separately","miR-204-5p OE",0.623553842884756,0.608304443987923,0.0304516969205106,19,0.95,FALSE,"MIR204","","SIRT1;BCL2;MYC;E2F1;CDC25A;AKT1","PRKAA1;PPM1D;Mdm2;TP53;TP53INP1;CDKN1A;MYC;MALAT1;SIRT1;DFNA5;E2F1;AKT1;RB1;CDC25A;BBC3;BCL2;BAX;CASP3;CASP9",24,"Indirect only: perturbed node not measured","HCC; malignant cell annotated observational concordance; not causal perturbation validation"
"GSE189903","GSE189903_HCC","2HT2","HCC tumour-region observational concordance; malignant status annotated separately","miR-204-5p KO",0.46417076709142,0.458366259593971,-0.348540480080946,19,0.95,FALSE,"MIR204","","SIRT1;BCL2;MYC;E2F1;CDC25A;AKT1","PRKAA1;PPM1D;Mdm2;TP53;TP53INP1;CDKN1A;MYC;MALAT1;SIRT1;DFNA5;E2F1;AKT1;RB1;CDC25A;BBC3;BCL2;BAX;CASP3;CASP9",24,"Indirect only: perturbed node not measured","HCC; malignant cell annotated observational concordance; not causal perturbation validation"
"GSE189903","GSE189903_HCC","2HT2","HCC tumour-region observational concordance; malignant status annotated separately","MALAT1 OE",0.46417076709142,0.537102026124408,-0.348540480080946,19,0.95,TRUE,"MALAT1","MALAT1","","PRKAA1;PPM1D;Mdm2;TP53;TP53INP1;CDKN1A;MYC;MALAT1;SIRT1;DFNA5;E2F1;AKT1;RB1;CDC25A;BBC3;BCL2;BAX;CASP3;CASP9",24,"Limited observational concordance","HCC; malignant cell annotated observational concordance; not causal perturbation validation"
"GSE189903","GSE189903_HCC","2HT2","HCC tumour-region observational concordance; malignant status annotated separately","MALAT1 KO",0.527433924986157,0.455647480669863,-0.631360431641126,19,0.95,TRUE,"MALAT1","MALAT1","","PRKAA1;PPM1D;Mdm2;TP53;TP53INP1;CDKN1A;MYC;MALAT1;SIRT1;DFNA5;E2F1;AKT1;RB1;CDC25A;BBC3;BCL2;BAX;CASP3;CASP9",24,"Limited observational concordance","HCC; malignant cell annotated observational concordance; not causal perturbation validation"
"GSE189903","GSE189903_HCC","2HT2","HCC tumour-region observational concordance; malignant status annotated separately","SIRT1 OE",0.46417076709142,0.470401938032042,-0.348540480080946,19,0.95,TRUE,"SIRT1","SIRT1","TP53","PRKAA1;PPM1D;Mdm2;TP53;TP53INP1;CDKN1A;MYC;MALAT1;SIRT1;DFNA5;E2F1;AKT1;RB1;CDC25A;BBC3;BCL2;BAX;CASP3;CASP9",24,"Limited observational concordance","HCC; malignant cell annotated observational concordance; not causal perturbation validation"
"GSE189903","GSE189903_HCC","2HT2","HCC tumour-region observational concordance; malignant status annotated separately","SIRT1 KO",0.524780350596656,0.520470724405933,-0.0195760908774711,19,0.95,TRUE,"SIRT1","SIRT1","TP53","PRKAA1;PPM1D;Mdm2;TP53;TP53INP1;CDKN1A;MYC;MALAT1;SIRT1;DFNA5;E2F1;AKT1;RB1;CDC25A;BBC3;BCL2;BAX;CASP3;CASP9",24,"Limited observational concordance","HCC; malignant cell annotated observational concordance; not causal perturbation validation"
"GSE189903","GSE189903_HCC","2HT2","HCC tumour-region observational concordance; malignant status annotated separately","BCL2 KO",0.518223398670367,0.508472614644747,-0.335752368271581,19,0.95,TRUE,"BCL2","BCL2","BAX;CASP3","PRKAA1;PPM1D;Mdm2;TP53;TP53INP1;CDKN1A;MYC;MALAT1;SIRT1;DFNA5;E2F1;AKT1;RB1;CDC25A;BBC3;BCL2;BAX;CASP3;CASP9",24,"Limited observational concordance","HCC; malignant cell annotated observational concordance; not causal perturbation validation"
"GSE189903","GSE189903_HCC","2HT2","HCC tumour-region observational concordance; malignant status annotated separately","GSDME OE",0.513618135512472,0.511761117033499,-0.426690576355514,19,0.95,TRUE,"DFNA5","DFNA5","","PRKAA1;PPM1D;Mdm2;TP53;TP53INP1;CDKN1A;MYC;MALAT1;SIRT1;DFNA5;E2F1;AKT1;RB1;CDC25A;BBC3;BCL2;BAX;CASP3;CASP9",24,"Limited observational concordance","HCC; malignant cell annotated observational concordance; not causal perturbation validation"
"GSE189903","GSE189903_HCC","2HT2","HCC tumour-region observational concordance; malignant status annotated separately","CASP3 OE",0.513618135512472,0.50929783354701,-0.459674019681155,19,0.95,TRUE,"CASP3","CASP3","DFNA5;CDKN1A;CASP9","PRKAA1;PPM1D;Mdm2;TP53;TP53INP1;CDKN1A;MYC;MALAT1;SIRT1;DFNA5;E2F1;AKT1;RB1;CDC25A;BBC3;BCL2;BAX;CASP3;CASP9",24,"Limited observational concordance","HCC; malignant cell annotated observational concordance; not causal perturbation validation"
"GSE189903","GSE189903_HCC","2HT2","HCC tumour-region observational concordance; malignant status annotated separately","miR-204-5p OE + GSDME KO",0.604803842884756,0.583977182132074,0.0166096559992421,19,0.95,TRUE,"MIR204;DFNA5","DFNA5","SIRT1;BCL2;MYC;E2F1;CDC25A;AKT1","PRKAA1;PPM1D;Mdm2;TP53;TP53INP1;CDKN1A;MYC;MALAT1;SIRT1;DFNA5;E2F1;AKT1;RB1;CDC25A;BBC3;BCL2;BAX;CASP3;CASP9",24,"Limited observational concordance","HCC; malignant cell annotated observational concordance; not causal perturbation validation"
"GSE189903","GSE189903_HCC","2HT2","HCC tumour-region observational concordance; malignant status annotated separately","CASP3 OE + GSDME KO",0.510657609196683,0.505831327358342,-0.408416917110027,19,0.95,TRUE,"CASP3;DFNA5","CASP3;DFNA5","DFNA5;CDKN1A;CASP9","PRKAA1;PPM1D;Mdm2;TP53;TP53INP1;CDKN1A;MYC;MALAT1;SIRT1;DFNA5;E2F1;AKT1;RB1;CDC25A;BBC3;BCL2;BAX;CASP3;CASP9",24,"Limited observational concordance","HCC; malignant cell annotated observational concordance; not causal perturbation validation"
"GSE189903","GSE189903_HCC","2HT2","HCC tumour-region observational concordance; malignant status annotated separately","SIRT1 KO + GSDME KO",0.521161929544025,0.51546448697448,0.0166096559992421,19,0.95,TRUE,"SIRT1;DFNA5","SIRT1;DFNA5","TP53","PRKAA1;PPM1D;Mdm2;TP53;TP53INP1;CDKN1A;MYC;MALAT1;SIRT1;DFNA5;E2F1;AKT1;RB1;CDC25A;BBC3;BCL2;BAX;CASP3;CASP9",24,"Limited observational concordance","HCC; malignant cell annotated observational concordance; not causal perturbation validation"
"GSE189903","GSE189903_HCC","2HT2","HCC tumour-region observational concordance; malignant status annotated separately","MALAT1 KO + GSDME KO",0.521841819722999,0.456719782989479,-0.588039724573256,19,0.95,TRUE,"MALAT1;DFNA5","MALAT1;DFNA5","","PRKAA1;PPM1D;Mdm2;TP53;TP53INP1;CDKN1A;MYC;MALAT1;SIRT1;DFNA5;E2F1;AKT1;RB1;CDC25A;BBC3;BCL2;BAX;CASP3;CASP9",24,"Limited observational concordance","HCC; malignant cell annotated observational concordance; not causal perturbation validation"
"GSE189903","GSE189903_HCC","2HT2","HCC tumour-region observational concordance; malignant status annotated separately","miR-204-5p OE + CASP3 KO",0.555132790253177,0.558671366568914,0.0997672796690459,19,0.95,TRUE,"MIR204;CASP3","CASP3","SIRT1;BCL2;MYC;E2F1;CDC25A;AKT1;DFNA5;CDKN1A;CASP9","PRKAA1;PPM1D;Mdm2;TP53;TP53INP1;CDKN1A;MYC;MALAT1;SIRT1;DFNA5;E2F1;AKT1;RB1;CDC25A;BBC3;BCL2;BAX;CASP3;CASP9",24,"Limited observational concordance","HCC; malignant cell annotated observational concordance; not causal perturbation validation"
"GSE189903","GSE189903_HCC","2HT2","HCC tumour-region observational concordance; malignant status annotated separately","GSDME E1 + CASP3 E1",0.504407609196683,0.501201697728713,-0.459674019681155,19,0.95,TRUE,"DFNA5;CASP3","DFNA5;CASP3","DFNA5;CDKN1A;CASP9","PRKAA1;PPM1D;Mdm2;TP53;TP53INP1;CDKN1A;MYC;MALAT1;SIRT1;DFNA5;E2F1;AKT1;RB1;CDC25A;BBC3;BCL2;BAX;CASP3;CASP9",24,"Limited observational concordance","HCC; malignant cell annotated observational concordance; not causal perturbation validation"
"GSE189903","GSE189903_HCC","2HT2","HCC tumour-region observational concordance; malignant status annotated separately","p53 E1 + miR-204-5p E1 + CASP3 KO + p21 E1",0.538164236154413,0.532355941433773,0.132790371719207,19,0.95,TRUE,"TP53;MIR204;CASP3;CDKN1A","TP53;CASP3;CDKN1A","Mdm2;SIRT1;BCL2;MYC;E2F1;CDC25A;AKT1;CASP3;DFNA5;CDKN1A;CASP9","PRKAA1;PPM1D;Mdm2;TP53;TP53INP1;CDKN1A;MYC;MALAT1;SIRT1;DFNA5;E2F1;AKT1;RB1;CDC25A;BBC3;BCL2;BAX;CASP3;CASP9",24,"Limited observational concordance","HCC; malignant cell annotated observational concordance; not causal perturbation validation"
"GSE189903","GSE189903_HCC","2HT2","HCC tumour-region observational concordance; malignant status annotated separately","MALAT1 E1 + miR-204-5p KO + SIRT1 E1",0.46417076709142,0.514714725479009,-0.348540480080946,19,0.95,TRUE,"MALAT1;MIR204;SIRT1","MALAT1;SIRT1","SIRT1;BCL2;MYC;E2F1;CDC25A;AKT1;TP53","PRKAA1;PPM1D;Mdm2;TP53;TP53INP1;CDKN1A;MYC;MALAT1;SIRT1;DFNA5;E2F1;AKT1;RB1;CDC25A;BBC3;BCL2;BAX;CASP3;CASP9",24,"Limited observational concordance","HCC; malignant cell annotated observational concordance; not causal perturbation validation"
"GSE189903","GSE189903_HCC","2HT2","HCC tumour-region observational concordance; malignant status annotated separately","SIRT1 KO + GSDME KO + CASP3 E1",0.520832982175604,0.51353315887983,-0.0583025078265866,19,0.95,TRUE,"SIRT1;DFNA5;CASP3","SIRT1;DFNA5;CASP3","DFNA5;CDKN1A;CASP9;TP53","PRKAA1;PPM1D;Mdm2;TP53;TP53INP1;CDKN1A;MYC;MALAT1;SIRT1;DFNA5;E2F1;AKT1;RB1;CDC25A;BBC3;BCL2;BAX;CASP3;CASP9",24,"Limited observational concordance","HCC; malignant cell annotated observational concordance; not causal perturbation validation"
"GSE189903","GSE189903_HCC","2HT2","HCC tumour-region observational concordance; malignant status annotated separately","BAX E1",0.51714727480332,0.549108856132706,-0.167588402326349,19,0.95,TRUE,"BAX","BAX","CASP3","PRKAA1;PPM1D;Mdm2;TP53;TP53INP1;CDKN1A;MYC;MALAT1;SIRT1;DFNA5;E2F1;AKT1;RB1;CDC25A;BBC3;BCL2;BAX;CASP3;CASP9",24,"Limited observational concordance","HCC; malignant cell annotated observational concordance; not causal perturbation validation"
"GSE189903","GSE189903_HCC","2HT2","HCC tumour-region observational concordance; malignant status annotated separately","BAX E1 + GSDME KO",0.548068327434899,0.567721295809701,-0.146183030066597,19,0.95,TRUE,"BAX;DFNA5","BAX;DFNA5","CASP3","PRKAA1;PPM1D;Mdm2;TP53;TP53INP1;CDKN1A;MYC;MALAT1;SIRT1;DFNA5;E2F1;AKT1;RB1;CDC25A;BBC3;BCL2;BAX;CASP3;CASP9",24,"Limited observational concordance","HCC; malignant cell annotated observational concordance; not causal perturbation validation"
"GSE189903","GSE189903_HCC","2HT2","HCC tumour-region observational concordance; malignant status annotated separately","p53 E1",0.673486556565104,0.636600418599123,-0.409186064527902,19,0.95,TRUE,"TP53","TP53","Mdm2","PRKAA1;PPM1D;Mdm2;TP53;TP53INP1;CDKN1A;MYC;MALAT1;SIRT1;DFNA5;E2F1;AKT1;RB1;CDC25A;BBC3;BCL2;BAX;CASP3;CASP9",24,"Limited observational concordance","HCC; malignant cell annotated observational concordance; not causal perturbation validation"
"GSE189903","GSE189903_HCC","2HT2","HCC tumour-region observational concordance; malignant status annotated separately","p53 KO",0.46417076709142,0.463687375120862,-0.348540480080946,19,0.95,TRUE,"TP53","TP53","Mdm2","PRKAA1;PPM1D;Mdm2;TP53;TP53INP1;CDKN1A;MYC;MALAT1;SIRT1;DFNA5;E2F1;AKT1;RB1;CDC25A;BBC3;BCL2;BAX;CASP3;CASP9",24,"Limited observational concordance","HCC; malignant cell annotated observational concordance; not causal perturbation validation"
"GSE189903","GSE189903_HCC","2HT2","HCC tumour-region observational concordance; malignant status annotated separately","p21 E1",0.543360107729497,0.547945141523724,-0.195349727706906,19,0.95,TRUE,"CDKN1A","CDKN1A","CASP3","PRKAA1;PPM1D;Mdm2;TP53;TP53INP1;CDKN1A;MYC;MALAT1;SIRT1;DFNA5;E2F1;AKT1;RB1;CDC25A;BBC3;BCL2;BAX;CASP3;CASP9",24,"Limited observational concordance","HCC; malignant cell annotated observational concordance; not causal perturbation validation"
"GSE189903","GSE189903_HCC","3HT2","HCC tumour-region observational concordance; malignant status annotated separately","Reference: DDR ON, GSDME endogenous",0.557021346534352,0.557021346534352,0.0751846403167848,19,0.95,FALSE,"","","","PRKAA1;PPM1D;Mdm2;TP53;TP53INP1;CDKN1A;MYC;MALAT1;SIRT1;DFNA5;E2F1;AKT1;RB1;CDC25A;BBC3;BCL2;BAX;CASP3;CASP9",23,"Indirect only: perturbed node not measured","HCC; malignant cell annotated observational concordance; not causal perturbation validation"
"GSE189903","GSE189903_HCC","3HT2","HCC tumour-region observational concordance; malignant status annotated separately","GSDME KO",0.558008188639615,0.550097981097849,0.0424470473265436,19,0.95,TRUE,"DFNA5","DFNA5","","PRKAA1;PPM1D;Mdm2;TP53;TP53INP1;CDKN1A;MYC;MALAT1;SIRT1;DFNA5;E2F1;AKT1;RB1;CDC25A;BBC3;BCL2;BAX;CASP3;CASP9",23,"Limited observational concordance","HCC; malignant cell annotated observational concordance; not causal perturbation validation"
"GSE189903","GSE189903_HCC","3HT2","HCC tumour-region observational concordance; malignant status annotated separately","CASP3 KO",0.566227200481011,0.555817110163636,-0.0226079687665856,19,0.95,TRUE,"CASP3","CASP3","DFNA5;CDKN1A;CASP9","PRKAA1;PPM1D;Mdm2;TP53;TP53INP1;CDKN1A;MYC;MALAT1;SIRT1;DFNA5;E2F1;AKT1;RB1;CDC25A;BBC3;BCL2;BAX;CASP3;CASP9",23,"Limited observational concordance","HCC; malignant cell annotated observational concordance; not causal perturbation validation"
"GSE189903","GSE189903_HCC","3HT2","HCC tumour-region observational concordance; malignant status annotated separately","miR-204-5p OE",0.614331331404448,0.599374392961277,-0.28929112074485,19,0.95,FALSE,"MIR204","","SIRT1;BCL2;MYC;E2F1;CDC25A;AKT1","PRKAA1;PPM1D;Mdm2;TP53;TP53INP1;CDKN1A;MYC;MALAT1;SIRT1;DFNA5;E2F1;AKT1;RB1;CDC25A;BBC3;BCL2;BAX;CASP3;CASP9",23,"Indirect only: perturbed node not measured","HCC; malignant cell annotated observational concordance; not causal perturbation validation"
"GSE189903","GSE189903_HCC","3HT2","HCC tumour-region observational concordance; malignant status annotated separately","miR-204-5p KO",0.512942399165931,0.497353642272211,0.101189171636404,19,0.95,FALSE,"MIR204","","SIRT1;BCL2;MYC;E2F1;CDC25A;AKT1","PRKAA1;PPM1D;Mdm2;TP53;TP53INP1;CDKN1A;MYC;MALAT1;SIRT1;DFNA5;E2F1;AKT1;RB1;CDC25A;BBC3;BCL2;BAX;CASP3;CASP9",23,"Indirect only: perturbed node not measured","HCC; malignant cell annotated observational concordance; not causal perturbation validation"
"GSE189903","GSE189903_HCC","3HT2","HCC tumour-region observational concordance; malignant status annotated separately","MALAT1 OE",0.512942399165931,0.567433579394223,0.101189171636404,19,0.95,TRUE,"MALAT1","MALAT1","","PRKAA1;PPM1D;Mdm2;TP53;TP53INP1;CDKN1A;MYC;MALAT1;SIRT1;DFNA5;E2F1;AKT1;RB1;CDC25A;BBC3;BCL2;BAX;CASP3;CASP9",23,"Limited observational concordance","HCC; malignant cell annotated observational concordance; not causal perturbation validation"
"GSE189903","GSE189903_HCC","3HT2","HCC tumour-region observational concordance; malignant status annotated separately","MALAT1 KO",0.585306147849432,0.517417438482681,-0.169440247963143,19,0.95,TRUE,"MALAT1","MALAT1","","PRKAA1;PPM1D;Mdm2;TP53;TP53INP1;CDKN1A;MYC;MALAT1;SIRT1;DFNA5;E2F1;AKT1;RB1;CDC25A;BBC3;BCL2;BAX;CASP3;CASP9",23,"Limited observational concordance","HCC; malignant cell annotated observational concordance; not causal perturbation validation"
"GSE189903","GSE189903_HCC","3HT2","HCC tumour-region observational concordance; malignant status annotated separately","SIRT1 OE",0.512942399165931,0.510691547137073,0.101189171636404,19,0.95,TRUE,"SIRT1","SIRT1","TP53","PRKAA1;PPM1D;Mdm2;TP53;TP53INP1;CDKN1A;MYC;MALAT1;SIRT1;DFNA5;E2F1;AKT1;RB1;CDC25A;BBC3;BCL2;BAX;CASP3;CASP9",23,"Limited observational concordance","HCC; malignant cell annotated observational concordance; not causal perturbation validation"
"GSE189903","GSE189903_HCC","3HT2","HCC tumour-region observational concordance; malignant status annotated separately","SIRT1 KO",0.499158799294102,0.49930509506904,-0.221862363278006,19,0.95,TRUE,"SIRT1","SIRT1","TP53","PRKAA1;PPM1D;Mdm2;TP53;TP53INP1;CDKN1A;MYC;MALAT1;SIRT1;DFNA5;E2F1;AKT1;RB1;CDC25A;BBC3;BCL2;BAX;CASP3;CASP9",23,"Limited observational concordance","HCC; malignant cell annotated observational concordance; not causal perturbation validation"
"GSE189903","GSE189903_HCC","3HT2","HCC tumour-region observational concordance; malignant status annotated separately","BCL2 KO",0.576095621533642,0.568851058890345,0.0135552198370514,19,0.95,TRUE,"BCL2","BCL2","BAX;CASP3","PRKAA1;PPM1D;Mdm2;TP53;TP53INP1;CDKN1A;MYC;MALAT1;SIRT1;DFNA5;E2F1;AKT1;RB1;CDC25A;BBC3;BCL2;BAX;CASP3;CASP9",23,"Limited observational concordance","HCC; malignant cell annotated observational concordance; not causal perturbation validation"
"GSE189903","GSE189903_HCC","3HT2","HCC tumour-region observational concordance; malignant status annotated separately","GSDME OE",0.570837136008036,0.561177526552395,0.119892198755107,19,0.95,TRUE,"DFNA5","DFNA5","","PRKAA1;PPM1D;Mdm2;TP53;TP53INP1;CDKN1A;MYC;MALAT1;SIRT1;DFNA5;E2F1;AKT1;RB1;CDC25A;BBC3;BCL2;BAX;CASP3;CASP9",23,"Limited observational concordance","HCC; malignant cell annotated observational concordance; not causal perturbation validation"
"GSE189903","GSE189903_HCC","3HT2","HCC tumour-region observational concordance; malignant status annotated separately","CASP3 OE",0.571490358375747,0.560817110163636,0.170676230542205,19,0.95,TRUE,"CASP3","CASP3","DFNA5;CDKN1A;CASP9","PRKAA1;PPM1D;Mdm2;TP53;TP53INP1;CDKN1A;MYC;MALAT1;SIRT1;DFNA5;E2F1;AKT1;RB1;CDC25A;BBC3;BCL2;BAX;CASP3;CASP9",23,"Limited observational concordance","HCC; malignant cell annotated observational concordance; not causal perturbation validation"
"GSE189903","GSE189903_HCC","3HT2","HCC tumour-region observational concordance; malignant status annotated separately","miR-204-5p OE + GSDME KO",0.595581331404448,0.576003922286854,-0.264647185587924,19,0.95,TRUE,"MIR204;DFNA5","DFNA5","SIRT1;BCL2;MYC;E2F1;CDC25A;AKT1","PRKAA1;PPM1D;Mdm2;TP53;TP53INP1;CDKN1A;MYC;MALAT1;SIRT1;DFNA5;E2F1;AKT1;RB1;CDC25A;BBC3;BCL2;BAX;CASP3;CASP9",23,"Limited observational concordance","HCC; malignant cell annotated observational concordance; not causal perturbation validation"
"GSE189903","GSE189903_HCC","3HT2","HCC tumour-region observational concordance; malignant status annotated separately","CASP3 OE + GSDME KO",0.568529832059958,0.553534361262626,0.101186732993883,19,0.95,TRUE,"CASP3;DFNA5","CASP3;DFNA5","DFNA5;CDKN1A;CASP9","PRKAA1;PPM1D;Mdm2;TP53;TP53INP1;CDKN1A;MYC;MALAT1;SIRT1;DFNA5;E2F1;AKT1;RB1;CDC25A;BBC3;BCL2;BAX;CASP3;CASP9",23,"Limited observational concordance","HCC; malignant cell annotated observational concordance; not causal perturbation validation"
"GSE189903","GSE189903_HCC","3HT2","HCC tumour-region observational concordance; malignant status annotated separately","SIRT1 KO + GSDME KO",0.49554037824147,0.496741045637997,-0.264647185587924,19,0.95,TRUE,"SIRT1;DFNA5","SIRT1;DFNA5","TP53","PRKAA1;PPM1D;Mdm2;TP53;TP53INP1;CDKN1A;MYC;MALAT1;SIRT1;DFNA5;E2F1;AKT1;RB1;CDC25A;BBC3;BCL2;BAX;CASP3;CASP9",23,"Limited observational concordance","HCC; malignant cell annotated observational concordance; not causal perturbation validation"
"GSE189903","GSE189903_HCC","3HT2","HCC tumour-region observational concordance; malignant status annotated separately","MALAT1 KO + GSDME KO",0.579714042586274,0.511077345864759,-0.194625537159644,19,0.95,TRUE,"MALAT1;DFNA5","MALAT1;DFNA5","","PRKAA1;PPM1D;Mdm2;TP53;TP53INP1;CDKN1A;MYC;MALAT1;SIRT1;DFNA5;E2F1;AKT1;RB1;CDC25A;BBC3;BCL2;BAX;CASP3;CASP9",23,"Limited observational concordance","HCC; malignant cell annotated observational concordance; not causal perturbation validation"
"GSE189903","GSE189903_HCC","3HT2","HCC tumour-region observational concordance; malignant status annotated separately","miR-204-5p OE + CASP3 KO",0.545910278772869,0.551120931583233,-0.374865222425113,19,0.95,TRUE,"MIR204;CASP3","CASP3","SIRT1;BCL2;MYC;E2F1;CDC25A;AKT1;DFNA5;CDKN1A;CASP9","PRKAA1;PPM1D;Mdm2;TP53;TP53INP1;CDKN1A;MYC;MALAT1;SIRT1;DFNA5;E2F1;AKT1;RB1;CDC25A;BBC3;BCL2;BAX;CASP3;CASP9",23,"Limited observational concordance","HCC; malignant cell annotated observational concordance; not causal perturbation validation"
"GSE189903","GSE189903_HCC","3HT2","HCC tumour-region observational concordance; malignant status annotated separately","GSDME E1 + CASP3 E1",0.561626609692246,0.548445056633496,0.170676230542205,19,0.95,TRUE,"DFNA5;CASP3","DFNA5;CASP3","DFNA5;CDKN1A;CASP9","PRKAA1;PPM1D;Mdm2;TP53;TP53INP1;CDKN1A;MYC;MALAT1;SIRT1;DFNA5;E2F1;AKT1;RB1;CDC25A;BBC3;BCL2;BAX;CASP3;CASP9",23,"Limited observational concordance","HCC; malignant cell annotated observational concordance; not causal perturbation validation"
"GSE189903","GSE189903_HCC","3HT2","HCC tumour-region observational concordance; malignant status annotated separately","p53 E1 + miR-204-5p E1 + CASP3 KO + p21 E1",0.516305015614975,0.512927460787563,-0.398371115157622,19,0.95,TRUE,"TP53;MIR204;CASP3;CDKN1A","TP53;CASP3;CDKN1A","Mdm2;SIRT1;BCL2;MYC;E2F1;CDC25A;AKT1;CASP3;DFNA5;CDKN1A;CASP9","PRKAA1;PPM1D;Mdm2;TP53;TP53INP1;CDKN1A;MYC;MALAT1;SIRT1;DFNA5;E2F1;AKT1;RB1;CDC25A;BBC3;BCL2;BAX;CASP3;CASP9",23,"Limited observational concordance","HCC; malignant cell annotated observational concordance; not causal perturbation validation"
"GSE189903","GSE189903_HCC","3HT2","HCC tumour-region observational concordance; malignant status annotated separately","MALAT1 E1 + miR-204-5p KO + SIRT1 E1",0.512942399165931,0.537789490945984,0.101189171636404,19,0.95,TRUE,"MALAT1;MIR204;SIRT1","MALAT1;SIRT1","SIRT1;BCL2;MYC;E2F1;CDC25A;AKT1;TP53","PRKAA1;PPM1D;Mdm2;TP53;TP53INP1;CDKN1A;MYC;MALAT1;SIRT1;DFNA5;E2F1;AKT1;RB1;CDC25A;BBC3;BCL2;BAX;CASP3;CASP9",23,"Limited observational concordance","HCC; malignant cell annotated observational concordance; not causal perturbation validation"
"GSE189903","GSE189903_HCC","3HT2","HCC tumour-region observational concordance; malignant status annotated separately","SIRT1 KO + GSDME KO + CASP3 E1",0.495211430873049,0.503907359081924,-0.172621150623815,19,0.95,TRUE,"SIRT1;DFNA5;CASP3","SIRT1;DFNA5;CASP3","DFNA5;CDKN1A;CASP9;TP53","PRKAA1;PPM1D;Mdm2;TP53;TP53INP1;CDKN1A;MYC;MALAT1;SIRT1;DFNA5;E2F1;AKT1;RB1;CDC25A;BBC3;BCL2;BAX;CASP3;CASP9",23,"Limited observational concordance","HCC; malignant cell annotated observational concordance; not causal perturbation validation"
"GSE189903","GSE189903_HCC","3HT2","HCC tumour-region observational concordance; malignant status annotated separately","BAX E1",0.533628335562868,0.517135328826401,-0.0569069652759254,19,0.95,TRUE,"BAX","BAX","CASP3","PRKAA1;PPM1D;Mdm2;TP53;TP53INP1;CDKN1A;MYC;MALAT1;SIRT1;DFNA5;E2F1;AKT1;RB1;CDC25A;BBC3;BCL2;BAX;CASP3;CASP9",23,"Limited observational concordance","HCC; malignant cell annotated observational concordance; not causal perturbation validation"
"GSE189903","GSE189903_HCC","3HT2","HCC tumour-region observational concordance; malignant status annotated separately","BAX E1 + GSDME KO",0.569149978983212,0.542798991845913,-0.08248899553758,19,0.95,TRUE,"BAX;DFNA5","BAX;DFNA5","CASP3","PRKAA1;PPM1D;Mdm2;TP53;TP53INP1;CDKN1A;MYC;MALAT1;SIRT1;DFNA5;E2F1;AKT1;RB1;CDC25A;BBC3;BCL2;BAX;CASP3;CASP9",23,"Limited observational concordance","HCC; malignant cell annotated observational concordance; not causal perturbation validation"
"GSE189903","GSE189903_HCC","3HT2","HCC tumour-region observational concordance; malignant status annotated separately","p53 E1",0.728847649492174,0.695799756535406,0.104528917639348,19,0.95,TRUE,"TP53","TP53","Mdm2","PRKAA1;PPM1D;Mdm2;TP53;TP53INP1;CDKN1A;MYC;MALAT1;SIRT1;DFNA5;E2F1;AKT1;RB1;CDC25A;BBC3;BCL2;BAX;CASP3;CASP9",23,"Limited observational concordance","HCC; malignant cell annotated observational concordance; not causal perturbation validation"
"GSE189903","GSE189903_HCC","3HT2","HCC tumour-region observational concordance; malignant status annotated separately","p53 KO",0.512942399165931,0.517443245396335,0.101189171636404,19,0.95,TRUE,"TP53","TP53","Mdm2","PRKAA1;PPM1D;Mdm2;TP53;TP53INP1;CDKN1A;MYC;MALAT1;SIRT1;DFNA5;E2F1;AKT1;RB1;CDC25A;BBC3;BCL2;BAX;CASP3;CASP9",23,"Limited observational concordance","HCC; malignant cell annotated observational concordance; not causal perturbation validation"
"GSE189903","GSE189903_HCC","3HT2","HCC tumour-region observational concordance; malignant status annotated separately","p21 E1",0.581399732591357,0.554794003668725,-0.136849274489865,19,0.95,TRUE,"CDKN1A","CDKN1A","CASP3","PRKAA1;PPM1D;Mdm2;TP53;TP53INP1;CDKN1A;MYC;MALAT1;SIRT1;DFNA5;E2F1;AKT1;RB1;CDC25A;BBC3;BCL2;BAX;CASP3;CASP9",23,"Limited observational concordance","HCC; malignant cell annotated observational concordance; not causal perturbation validation"
"GSE189903","GSE189903_HCC","3HT3","HCC tumour-region observational concordance; malignant status annotated separately","Reference: DDR ON, GSDME endogenous",0.552003425848976,0.552003425848976,0.065720839437749,19,0.95,FALSE,"","","","PRKAA1;PPM1D;Mdm2;TP53;TP53INP1;CDKN1A;MYC;MALAT1;SIRT1;DFNA5;E2F1;AKT1;RB1;CDC25A;BBC3;BCL2;BAX;CASP3;CASP9",23,"Indirect only: perturbed node not measured","HCC; malignant cell annotated observational concordance; not causal perturbation validation"
"GSE189903","GSE189903_HCC","3HT3","HCC tumour-region observational concordance; malignant status annotated separately","GSDME KO",0.552990267954239,0.545764322324115,0.0340624453854979,19,0.95,TRUE,"DFNA5","DFNA5","","PRKAA1;PPM1D;Mdm2;TP53;TP53INP1;CDKN1A;MYC;MALAT1;SIRT1;DFNA5;E2F1;AKT1;RB1;CDC25A;BBC3;BCL2;BAX;CASP3;CASP9",23,"Limited observational concordance","HCC; malignant cell annotated observational concordance; not causal perturbation validation"
"GSE189903","GSE189903_HCC","3HT3","HCC tumour-region observational concordance; malignant status annotated separately","CASP3 KO",0.558582373217397,0.548296724457713,-0.0289171693526095,19,0.95,TRUE,"CASP3","CASP3","DFNA5;CDKN1A;CASP9","PRKAA1;PPM1D;Mdm2;TP53;TP53INP1;CDKN1A;MYC;MALAT1;SIRT1;DFNA5;E2F1;AKT1;RB1;CDC25A;BBC3;BCL2;BAX;CASP3;CASP9",23,"Limited observational concordance","HCC; malignant cell annotated observational concordance; not causal perturbation validation"
"GSE189903","GSE189903_HCC","3HT3","HCC tumour-region observational concordance; malignant status annotated separately","miR-204-5p OE",0.606816292424225,0.595370467604406,-0.28929112074485,19,0.95,FALSE,"MIR204","","SIRT1;BCL2;MYC;E2F1;CDC25A;AKT1","PRKAA1;PPM1D;Mdm2;TP53;TP53INP1;CDKN1A;MYC;MALAT1;SIRT1;DFNA5;E2F1;AKT1;RB1;CDC25A;BBC3;BCL2;BAX;CASP3;CASP9",23,"Indirect only: perturbed node not measured","HCC; malignant cell annotated observational concordance; not causal perturbation validation"
"GSE189903","GSE189903_HCC","3HT3","HCC tumour-region observational concordance; malignant status annotated separately","miR-204-5p KO",0.509847867296699,0.493294293783495,0.101189171636404,19,0.95,FALSE,"MIR204","","SIRT1;BCL2;MYC;E2F1;CDC25A;AKT1","PRKAA1;PPM1D;Mdm2;TP53;TP53INP1;CDKN1A;MYC;MALAT1;SIRT1;DFNA5;E2F1;AKT1;RB1;CDC25A;BBC3;BCL2;BAX;CASP3;CASP9",23,"Indirect only: perturbed node not measured","HCC; malignant cell annotated observational concordance; not causal perturbation validation"
"GSE189903","GSE189903_HCC","3HT3","HCC tumour-region observational concordance; malignant status annotated separately","MALAT1 OE",0.509847867296699,0.570655729995336,0.101189171636404,19,0.95,TRUE,"MALAT1","MALAT1","","PRKAA1;PPM1D;Mdm2;TP53;TP53INP1;CDKN1A;MYC;MALAT1;SIRT1;DFNA5;E2F1;AKT1;RB1;CDC25A;BBC3;BCL2;BAX;CASP3;CASP9",23,"Limited observational concordance","HCC; malignant cell annotated observational concordance; not causal perturbation validation"
"GSE189903","GSE189903_HCC","3HT3","HCC tumour-region observational concordance; malignant status annotated separately","MALAT1 KO",0.577661320585818,0.504920386812292,-0.180910049363725,19,0.95,TRUE,"MALAT1","MALAT1","","PRKAA1;PPM1D;Mdm2;TP53;TP53INP1;CDKN1A;MYC;MALAT1;SIRT1;DFNA5;E2F1;AKT1;RB1;CDC25A;BBC3;BCL2;BAX;CASP3;CASP9",23,"Limited observational concordance","HCC; malignant cell annotated observational concordance; not causal perturbation validation"
"GSE189903","GSE189903_HCC","3HT3","HCC tumour-region observational concordance; malignant status annotated separately","SIRT1 OE",0.509847867296699,0.50813519472336,0.101189171636404,19,0.95,TRUE,"SIRT1","SIRT1","TP53","PRKAA1;PPM1D;Mdm2;TP53;TP53INP1;CDKN1A;MYC;MALAT1;SIRT1;DFNA5;E2F1;AKT1;RB1;CDC25A;BBC3;BCL2;BAX;CASP3;CASP9",23,"Limited observational concordance","HCC; malignant cell annotated observational concordance; not causal perturbation validation"
"GSE189903","GSE189903_HCC","3HT3","HCC tumour-region observational concordance; malignant status annotated separately","SIRT1 KO",0.49141884154921,0.492911216931956,-0.221862363278006,19,0.95,TRUE,"SIRT1","SIRT1","TP53","PRKAA1;PPM1D;Mdm2;TP53;TP53INP1;CDKN1A;MYC;MALAT1;SIRT1;DFNA5;E2F1;AKT1;RB1;CDC25A;BBC3;BCL2;BAX;CASP3;CASP9",23,"Limited observational concordance","HCC; malignant cell annotated observational concordance; not causal perturbation validation"
"GSE189903","GSE189903_HCC","3HT3","HCC tumour-region observational concordance; malignant status annotated separately","BCL2 KO",0.568450794270028,0.559268495614812,0.00208541843646945,19,0.95,TRUE,"BCL2","BCL2","BAX;CASP3","PRKAA1;PPM1D;Mdm2;TP53;TP53INP1;CDKN1A;MYC;MALAT1;SIRT1;DFNA5;E2F1;AKT1;RB1;CDC25A;BBC3;BCL2;BAX;CASP3;CASP9",23,"Limited observational concordance","HCC; malignant cell annotated observational concordance; not causal perturbation validation"
"GSE189903","GSE189903_HCC","3HT3","HCC tumour-region observational concordance; malignant status annotated separately","GSDME OE",0.563845531112134,0.555139322324115,0.113609638121652,19,0.95,TRUE,"DFNA5","DFNA5","","PRKAA1;PPM1D;Mdm2;TP53;TP53INP1;CDKN1A;MYC;MALAT1;SIRT1;DFNA5;E2F1;AKT1;RB1;CDC25A;BBC3;BCL2;BAX;CASP3;CASP9",23,"Limited observational concordance","HCC; malignant cell annotated observational concordance; not causal perturbation validation"
"GSE189903","GSE189903_HCC","3HT3","HCC tumour-region observational concordance; malignant status annotated separately","CASP3 OE",0.563845531112134,0.553296724457713,0.168582043664387,19,0.95,TRUE,"CASP3","CASP3","DFNA5;CDKN1A;CASP9","PRKAA1;PPM1D;Mdm2;TP53;TP53INP1;CDKN1A;MYC;MALAT1;SIRT1;DFNA5;E2F1;AKT1;RB1;CDC25A;BBC3;BCL2;BAX;CASP3;CASP9",23,"Limited observational concordance","HCC; malignant cell annotated observational concordance; not causal perturbation validation"
"GSE189903","GSE189903_HCC","3HT3","HCC tumour-region observational concordance; malignant status annotated separately","miR-204-5p OE + GSDME KO",0.592342207832126,0.575330502959296,-0.264647185587924,19,0.95,TRUE,"MIR204;DFNA5","DFNA5","SIRT1;BCL2;MYC;E2F1;CDC25A;AKT1","PRKAA1;PPM1D;Mdm2;TP53;TP53INP1;CDKN1A;MYC;MALAT1;SIRT1;DFNA5;E2F1;AKT1;RB1;CDC25A;BBC3;BCL2;BAX;CASP3;CASP9",23,"Limited observational concordance","HCC; malignant cell annotated observational concordance; not causal perturbation validation"
"GSE189903","GSE189903_HCC","3HT3","HCC tumour-region observational concordance; malignant status annotated separately","CASP3 OE + GSDME KO",0.560885004796344,0.546571041164549,0.0969924642687483,19,0.95,TRUE,"CASP3;DFNA5","CASP3;DFNA5","DFNA5;CDKN1A;CASP9","PRKAA1;PPM1D;Mdm2;TP53;TP53INP1;CDKN1A;MYC;MALAT1;SIRT1;DFNA5;E2F1;AKT1;RB1;CDC25A;BBC3;BCL2;BAX;CASP3;CASP9",23,"Limited observational concordance","HCC; malignant cell annotated observational concordance; not causal perturbation validation"
"GSE189903","GSE189903_HCC","3HT3","HCC tumour-region observational concordance; malignant status annotated separately","SIRT1 KO + GSDME KO",0.487800420496578,0.491084922670576,-0.264647185587924,19,0.95,TRUE,"SIRT1;DFNA5","SIRT1;DFNA5","TP53","PRKAA1;PPM1D;Mdm2;TP53;TP53INP1;CDKN1A;MYC;MALAT1;SIRT1;DFNA5;E2F1;AKT1;RB1;CDC25A;BBC3;BCL2;BAX;CASP3;CASP9",23,"Limited observational concordance","HCC; malignant cell annotated observational concordance; not causal perturbation validation"
"GSE189903","GSE189903_HCC","3HT3","HCC tumour-region observational concordance; malignant status annotated separately","MALAT1 KO + GSDME KO",0.57206921532266,0.500079940394817,-0.205033319895454,19,0.95,TRUE,"MALAT1;DFNA5","MALAT1;DFNA5","","PRKAA1;PPM1D;Mdm2;TP53;TP53INP1;CDKN1A;MYC;MALAT1;SIRT1;DFNA5;E2F1;AKT1;RB1;CDC25A;BBC3;BCL2;BAX;CASP3;CASP9",23,"Limited observational concordance","HCC; malignant cell annotated observational concordance; not causal perturbation validation"
"GSE189903","GSE189903_HCC","3HT3","HCC tumour-region observational concordance; malignant status annotated separately","miR-204-5p OE + CASP3 KO",0.542671155200547,0.551891969759613,-0.374865222425113,19,0.95,TRUE,"MIR204;CASP3","CASP3","SIRT1;BCL2;MYC;E2F1;CDC25A;AKT1;DFNA5;CDKN1A;CASP9","PRKAA1;PPM1D;Mdm2;TP53;TP53INP1;CDKN1A;MYC;MALAT1;SIRT1;DFNA5;E2F1;AKT1;RB1;CDC25A;BBC3;BCL2;BAX;CASP3;CASP9",23,"Limited observational concordance","HCC; malignant cell annotated observational concordance; not causal perturbation validation"
"GSE189903","GSE189903_HCC","3HT3","HCC tumour-region observational concordance; malignant status annotated separately","GSDME E1 + CASP3 E1",0.554635004796344,0.54194141153492,0.168582043664387,19,0.95,TRUE,"DFNA5;CASP3","DFNA5;CASP3","DFNA5;CDKN1A;CASP9","PRKAA1;PPM1D;Mdm2;TP53;TP53INP1;CDKN1A;MYC;MALAT1;SIRT1;DFNA5;E2F1;AKT1;RB1;CDC25A;BBC3;BCL2;BAX;CASP3;CASP9",23,"Limited observational concordance","HCC; malignant cell annotated observational concordance; not causal perturbation validation"
"GSE189903","GSE189903_HCC","3HT3","HCC tumour-region observational concordance; malignant status annotated separately","p53 E1 + miR-204-5p E1 + CASP3 KO + p21 E1",0.513065892042652,0.514258496086261,-0.398371115157622,19,0.95,TRUE,"TP53;MIR204;CASP3;CDKN1A","TP53;CASP3;CDKN1A","Mdm2;SIRT1;BCL2;MYC;E2F1;CDC25A;AKT1;CASP3;DFNA5;CDKN1A;CASP9","PRKAA1;PPM1D;Mdm2;TP53;TP53INP1;CDKN1A;MYC;MALAT1;SIRT1;DFNA5;E2F1;AKT1;RB1;CDC25A;BBC3;BCL2;BAX;CASP3;CASP9",23,"Limited observational concordance","HCC; malignant cell annotated observational concordance; not causal perturbation validation"
"GSE189903","GSE189903_HCC","3HT3","HCC tumour-region observational concordance; malignant status annotated separately","MALAT1 E1 + miR-204-5p KO + SIRT1 E1",0.509847867296699,0.538699158898306,0.101189171636404,19,0.95,TRUE,"MALAT1;MIR204;SIRT1","MALAT1;SIRT1","SIRT1;BCL2;MYC;E2F1;CDC25A;AKT1;TP53","PRKAA1;PPM1D;Mdm2;TP53;TP53INP1;CDKN1A;MYC;MALAT1;SIRT1;DFNA5;E2F1;AKT1;RB1;CDC25A;BBC3;BCL2;BAX;CASP3;CASP9",23,"Limited observational concordance","HCC; malignant cell annotated observational concordance; not causal perturbation validation"
"GSE189903","GSE189903_HCC","3HT3","HCC tumour-region observational concordance; malignant status annotated separately","SIRT1 KO + GSDME KO + CASP3 E1",0.487471473128157,0.49778422612088,-0.172621150623815,19,0.95,TRUE,"SIRT1;DFNA5;CASP3","SIRT1;DFNA5;CASP3","DFNA5;CDKN1A;CASP9;TP53","PRKAA1;PPM1D;Mdm2;TP53;TP53INP1;CDKN1A;MYC;MALAT1;SIRT1;DFNA5;E2F1;AKT1;RB1;CDC25A;BBC3;BCL2;BAX;CASP3;CASP9",23,"Limited observational concordance","HCC; malignant cell annotated observational concordance; not causal perturbation validation"
"GSE189903","GSE189903_HCC","3HT3","HCC tumour-region observational concordance; malignant status annotated separately","BAX E1",0.539452730073021,0.532998498283156,-0.0631719522787796,19,0.95,TRUE,"BAX","BAX","CASP3","PRKAA1;PPM1D;Mdm2;TP53;TP53INP1;CDKN1A;MYC;MALAT1;SIRT1;DFNA5;E2F1;AKT1;RB1;CDC25A;BBC3;BCL2;BAX;CASP3;CASP9",23,"Limited observational concordance","HCC; malignant cell annotated observational concordance; not causal perturbation validation"
"GSE189903","GSE189903_HCC","3HT3","HCC tumour-region observational concordance; malignant status annotated separately","BAX E1 + GSDME KO",0.570424078098982,0.553506579730994,-0.0877098180399584,19,0.95,TRUE,"BAX;DFNA5","BAX;DFNA5","CASP3","PRKAA1;PPM1D;Mdm2;TP53;TP53INP1;CDKN1A;MYC;MALAT1;SIRT1;DFNA5;E2F1;AKT1;RB1;CDC25A;BBC3;BCL2;BAX;CASP3;CASP9",23,"Limited observational concordance","HCC; malignant cell annotated observational concordance; not causal perturbation validation"
"GSE189903","GSE189903_HCC","3HT3","HCC tumour-region observational concordance; malignant status annotated separately","p53 E1",0.707695333083425,0.675710028776232,0.0971751244385903,19,0.95,TRUE,"TP53","TP53","Mdm2","PRKAA1;PPM1D;Mdm2;TP53;TP53INP1;CDKN1A;MYC;MALAT1;SIRT1;DFNA5;E2F1;AKT1;RB1;CDC25A;BBC3;BCL2;BAX;CASP3;CASP9",23,"Limited observational concordance","HCC; malignant cell annotated observational concordance; not causal perturbation validation"
"GSE189903","GSE189903_HCC","3HT3","HCC tumour-region observational concordance; malignant status annotated separately","p53 KO",0.509847867296699,0.512270817908937,0.101189171636404,19,0.95,TRUE,"TP53","TP53","Mdm2","PRKAA1;PPM1D;Mdm2;TP53;TP53INP1;CDKN1A;MYC;MALAT1;SIRT1;DFNA5;E2F1;AKT1;RB1;CDC25A;BBC3;BCL2;BAX;CASP3;CASP9",23,"Limited observational concordance","HCC; malignant cell annotated observational concordance; not causal perturbation validation"
"GSE189903","GSE189903_HCC","3HT3","HCC tumour-region observational concordance; malignant status annotated separately","p21 E1",0.578255739500313,0.557773912589959,-0.14311718019169,19,0.95,TRUE,"CDKN1A","CDKN1A","CASP3","PRKAA1;PPM1D;Mdm2;TP53;TP53INP1;CDKN1A;MYC;MALAT1;SIRT1;DFNA5;E2F1;AKT1;RB1;CDC25A;BBC3;BCL2;BAX;CASP3;CASP9",23,"Limited observational concordance","HCC; malignant cell annotated observational concordance; not causal perturbation validation"
"GSE189903","GSE189903_HCC","4HB","HCC tumour-region observational concordance; malignant status annotated separately","Reference: DDR ON, GSDME endogenous",0.557040845617632,0.557040845617632,0.133018979022004,19,0.95,FALSE,"","","","PRKAA1;PPM1D;Mdm2;TP53;TP53INP1;CDKN1A;MYC;MALAT1;SIRT1;DFNA5;E2F1;AKT1;RB1;CDC25A;BBC3;BCL2;BAX;CASP3;CASP9",12,"Indirect only: perturbed node not measured","HCC; malignant cell annotated observational concordance; not causal perturbation validation"
"GSE189903","GSE189903_HCC","4HB","HCC tumour-region observational concordance; malignant status annotated separately","GSDME KO",0.558027687722895,0.550114821215227,0.0948508094580789,19,0.95,TRUE,"DFNA5","DFNA5","","PRKAA1;PPM1D;Mdm2;TP53;TP53INP1;CDKN1A;MYC;MALAT1;SIRT1;DFNA5;E2F1;AKT1;RB1;CDC25A;BBC3;BCL2;BAX;CASP3;CASP9",12,"Limited observational concordance","HCC; malignant cell annotated observational concordance; not causal perturbation validation"
"GSE189903","GSE189903_HCC","4HB","HCC tumour-region observational concordance; malignant status annotated separately","CASP3 KO",0.566251371933421,0.558115903114903,0.0194533684735737,19,0.95,TRUE,"CASP3","CASP3","DFNA5;CDKN1A;CASP9","PRKAA1;PPM1D;Mdm2;TP53;TP53INP1;CDKN1A;MYC;MALAT1;SIRT1;DFNA5;E2F1;AKT1;RB1;CDC25A;BBC3;BCL2;BAX;CASP3;CASP9",12,"Limited observational concordance","HCC; malignant cell annotated observational concordance; not causal perturbation validation"
"GSE189903","GSE189903_HCC","4HB","HCC tumour-region observational concordance; malignant status annotated separately","miR-204-5p OE",0.618776701369191,0.593219308637591,-0.381733772110686,19,0.95,FALSE,"MIR204","","SIRT1;BCL2;MYC;E2F1;CDC25A;AKT1","PRKAA1;PPM1D;Mdm2;TP53;TP53INP1;CDKN1A;MYC;MALAT1;SIRT1;DFNA5;E2F1;AKT1;RB1;CDC25A;BBC3;BCL2;BAX;CASP3;CASP9",12,"Indirect only: perturbed node not measured","HCC; malignant cell annotated observational concordance; not causal perturbation validation"
"GSE189903","GSE189903_HCC","4HB","HCC tumour-region observational concordance; malignant status annotated separately","miR-204-5p KO",0.512961898249211,0.506902027072395,0.168648619394006,19,0.95,FALSE,"MIR204","","SIRT1;BCL2;MYC;E2F1;CDC25A;AKT1","PRKAA1;PPM1D;Mdm2;TP53;TP53INP1;CDKN1A;MYC;MALAT1;SIRT1;DFNA5;E2F1;AKT1;RB1;CDC25A;BBC3;BCL2;BAX;CASP3;CASP9",12,"Indirect only: perturbed node not measured","HCC; malignant cell annotated observational concordance; not causal perturbation validation"
"GSE189903","GSE189903_HCC","4HB","HCC tumour-region observational concordance; malignant status annotated separately","MALAT1 OE",0.512961898249211,0.534047114684659,0.168648619394006,19,0.95,TRUE,"MALAT1","MALAT1","","PRKAA1;PPM1D;Mdm2;TP53;TP53INP1;CDKN1A;MYC;MALAT1;SIRT1;DFNA5;E2F1;AKT1;RB1;CDC25A;BBC3;BCL2;BAX;CASP3;CASP9",12,"Limited observational concordance","HCC; malignant cell annotated observational concordance; not causal perturbation validation"
"GSE189903","GSE189903_HCC","4HB","HCC tumour-region observational concordance; malignant status annotated separately","MALAT1 KO",0.611110654167544,0.573106453311629,-0.116262077833172,19,0.95,TRUE,"MALAT1","MALAT1","","PRKAA1;PPM1D;Mdm2;TP53;TP53INP1;CDKN1A;MYC;MALAT1;SIRT1;DFNA5;E2F1;AKT1;RB1;CDC25A;BBC3;BCL2;BAX;CASP3;CASP9",12,"Limited observational concordance","HCC; malignant cell annotated observational concordance; not causal perturbation validation"
"GSE189903","GSE189903_HCC","4HB","HCC tumour-region observational concordance; malignant status annotated separately","SIRT1 OE",0.512961898249211,0.510707655075435,0.168648619394006,19,0.95,TRUE,"SIRT1","SIRT1","TP53","PRKAA1;PPM1D;Mdm2;TP53;TP53INP1;CDKN1A;MYC;MALAT1;SIRT1;DFNA5;E2F1;AKT1;RB1;CDC25A;BBC3;BCL2;BAX;CASP3;CASP9",12,"Limited observational concordance","HCC; malignant cell annotated observational concordance; not causal perturbation validation"
"GSE189903","GSE189903_HCC","4HB","HCC tumour-region observational concordance; malignant status annotated separately","SIRT1 KO",0.509605281488937,0.50793479775173,-0.281678196514723,19,0.95,TRUE,"SIRT1","SIRT1","TP53","PRKAA1;PPM1D;Mdm2;TP53;TP53INP1;CDKN1A;MYC;MALAT1;SIRT1;DFNA5;E2F1;AKT1;RB1;CDC25A;BBC3;BCL2;BAX;CASP3;CASP9",12,"Limited observational concordance","HCC; malignant cell annotated observational concordance; not causal perturbation validation"
"GSE189903","GSE189903_HCC","4HB","HCC tumour-region observational concordance; malignant status annotated separately","BCL2 KO",0.577435582459737,0.568882158852273,0.0667333899670224,19,0.95,TRUE,"BCL2","BCL2","BAX;CASP3","PRKAA1;PPM1D;Mdm2;TP53;TP53INP1;CDKN1A;MYC;MALAT1;SIRT1;DFNA5;E2F1;AKT1;RB1;CDC25A;BBC3;BCL2;BAX;CASP3;CASP9",12,"Limited observational concordance","HCC; malignant cell annotated observational concordance; not causal perturbation validation"
"GSE189903","GSE189903_HCC","4HB","HCC tumour-region observational concordance; malignant status annotated separately","GSDME OE",0.570856635091316,0.561194366669773,0.173293964139479,19,0.95,TRUE,"DFNA5","DFNA5","","PRKAA1;PPM1D;Mdm2;TP53;TP53INP1;CDKN1A;MYC;MALAT1;SIRT1;DFNA5;E2F1;AKT1;RB1;CDC25A;BBC3;BCL2;BAX;CASP3;CASP9",12,"Limited observational concordance","HCC; malignant cell annotated observational concordance; not causal perturbation validation"
"GSE189903","GSE189903_HCC","4HB","HCC tumour-region observational concordance; malignant status annotated separately","CASP3 OE",0.572172424565,0.563615903114903,0.227219276243304,19,0.95,TRUE,"CASP3","CASP3","DFNA5;CDKN1A;CASP9","PRKAA1;PPM1D;Mdm2;TP53;TP53INP1;CDKN1A;MYC;MALAT1;SIRT1;DFNA5;E2F1;AKT1;RB1;CDC25A;BBC3;BCL2;BAX;CASP3;CASP9",12,"Limited observational concordance","HCC; malignant cell annotated observational concordance; not causal perturbation validation"
"GSE189903","GSE189903_HCC","4HB","HCC tumour-region observational concordance; malignant status annotated separately","miR-204-5p OE + GSDME KO",0.600026701369191,0.570508311283563,-0.327763878385044,19,0.95,TRUE,"MIR204;DFNA5","DFNA5","SIRT1;BCL2;MYC;E2F1;CDC25A;AKT1","PRKAA1;PPM1D;Mdm2;TP53;TP53INP1;CDKN1A;MYC;MALAT1;SIRT1;DFNA5;E2F1;AKT1;RB1;CDC25A;BBC3;BCL2;BAX;CASP3;CASP9",12,"Limited observational concordance","HCC; malignant cell annotated observational concordance; not causal perturbation validation"
"GSE189903","GSE189903_HCC","4HB","HCC tumour-region observational concordance; malignant status annotated separately","CASP3 OE + GSDME KO",0.569211898249211,0.556125836217503,0.159906495145774,19,0.95,TRUE,"CASP3;DFNA5","CASP3;DFNA5","DFNA5;CDKN1A;CASP9","PRKAA1;PPM1D;Mdm2;TP53;TP53INP1;CDKN1A;MYC;MALAT1;SIRT1;DFNA5;E2F1;AKT1;RB1;CDC25A;BBC3;BCL2;BAX;CASP3;CASP9",12,"Limited observational concordance","HCC; malignant cell annotated observational concordance; not causal perturbation validation"
"GSE189903","GSE189903_HCC","4HB","HCC tumour-region observational concordance; malignant status annotated separately","SIRT1 KO + GSDME KO",0.505986860436305,0.504375013395761,-0.327763878385044,19,0.95,TRUE,"SIRT1;DFNA5","SIRT1;DFNA5","TP53","PRKAA1;PPM1D;Mdm2;TP53;TP53INP1;CDKN1A;MYC;MALAT1;SIRT1;DFNA5;E2F1;AKT1;RB1;CDC25A;BBC3;BCL2;BAX;CASP3;CASP9",12,"Limited observational concordance","HCC; malignant cell annotated observational concordance; not causal perturbation validation"
"GSE189903","GSE189903_HCC","4HB","HCC tumour-region observational concordance; malignant status annotated separately","MALAT1 KO + GSDME KO",0.605518548904386,0.560083678914233,-0.146749736574919,19,0.95,TRUE,"MALAT1;DFNA5","MALAT1;DFNA5","","PRKAA1;PPM1D;Mdm2;TP53;TP53INP1;CDKN1A;MYC;MALAT1;SIRT1;DFNA5;E2F1;AKT1;RB1;CDC25A;BBC3;BCL2;BAX;CASP3;CASP9",12,"Limited observational concordance","HCC; malignant cell annotated observational concordance; not causal perturbation validation"
"GSE189903","GSE189903_HCC","4HB","HCC tumour-region observational concordance; malignant status annotated separately","miR-204-5p OE + CASP3 KO",0.550355648737612,0.544318103380716,-0.453970639440806,19,0.95,TRUE,"MIR204;CASP3","CASP3","SIRT1;BCL2;MYC;E2F1;CDC25A;AKT1;DFNA5;CDKN1A;CASP9","PRKAA1;PPM1D;Mdm2;TP53;TP53INP1;CDKN1A;MYC;MALAT1;SIRT1;DFNA5;E2F1;AKT1;RB1;CDC25A;BBC3;BCL2;BAX;CASP3;CASP9",12,"Limited observational concordance","HCC; malignant cell annotated observational concordance; not causal perturbation validation"
"GSE189903","GSE189903_HCC","4HB","HCC tumour-region observational concordance; malignant status annotated separately","GSDME E1 + CASP3 E1",0.561646108775526,0.550570280661948,0.227219276243304,19,0.95,TRUE,"DFNA5;CASP3","DFNA5;CASP3","DFNA5;CDKN1A;CASP9","PRKAA1;PPM1D;Mdm2;TP53;TP53INP1;CDKN1A;MYC;MALAT1;SIRT1;DFNA5;E2F1;AKT1;RB1;CDC25A;BBC3;BCL2;BAX;CASP3;CASP9",12,"Limited observational concordance","HCC; malignant cell annotated observational concordance; not causal perturbation validation"
"GSE189903","GSE189903_HCC","4HB","HCC tumour-region observational concordance; malignant status annotated separately","p53 E1 + miR-204-5p E1 + CASP3 KO + p21 E1",0.520750385579718,0.501942614147351,-0.497963893947027,19,0.95,TRUE,"TP53;MIR204;CASP3;CDKN1A","TP53;CASP3;CDKN1A","Mdm2;SIRT1;BCL2;MYC;E2F1;CDC25A;AKT1;CASP3;DFNA5;CDKN1A;CASP9","PRKAA1;PPM1D;Mdm2;TP53;TP53INP1;CDKN1A;MYC;MALAT1;SIRT1;DFNA5;E2F1;AKT1;RB1;CDC25A;BBC3;BCL2;BAX;CASP3;CASP9",12,"Limited observational concordance","HCC; malignant cell annotated observational concordance; not causal perturbation validation"
"GSE189903","GSE189903_HCC","4HB","HCC tumour-region observational concordance; malignant status annotated separately","MALAT1 E1 + miR-204-5p KO + SIRT1 E1",0.512961898249211,0.521784230101205,0.168648619394006,19,0.95,TRUE,"MALAT1;MIR204;SIRT1","MALAT1;SIRT1","SIRT1;BCL2;MYC;E2F1;CDC25A;AKT1;TP53","PRKAA1;PPM1D;Mdm2;TP53;TP53INP1;CDKN1A;MYC;MALAT1;SIRT1;DFNA5;E2F1;AKT1;RB1;CDC25A;BBC3;BCL2;BAX;CASP3;CASP9",12,"Limited observational concordance","HCC; malignant cell annotated observational concordance; not causal perturbation validation"
"GSE189903","GSE189903_HCC","4HB","HCC tumour-region observational concordance; malignant status annotated separately","SIRT1 KO + GSDME KO + CASP3 E1",0.505657913067884,0.512149092239593,-0.197771252039205,19,0.95,TRUE,"SIRT1;DFNA5;CASP3","SIRT1;DFNA5;CASP3","DFNA5;CDKN1A;CASP9;TP53","PRKAA1;PPM1D;Mdm2;TP53;TP53INP1;CDKN1A;MYC;MALAT1;SIRT1;DFNA5;E2F1;AKT1;RB1;CDC25A;BBC3;BCL2;BAX;CASP3;CASP9",12,"Limited observational concordance","HCC; malignant cell annotated observational concordance; not causal perturbation validation"
"GSE189903","GSE189903_HCC","4HB","HCC tumour-region observational concordance; malignant status annotated separately","BAX E1",0.536249188173469,0.522523797310316,-0.00365457575166494,19,0.95,TRUE,"BAX","BAX","CASP3","PRKAA1;PPM1D;Mdm2;TP53;TP53INP1;CDKN1A;MYC;MALAT1;SIRT1;DFNA5;E2F1;AKT1;RB1;CDC25A;BBC3;BCL2;BAX;CASP3;CASP9",12,"Limited observational concordance","HCC; malignant cell annotated observational concordance; not causal perturbation validation"
"GSE189903","GSE189903_HCC","4HB","HCC tumour-region observational concordance; malignant status annotated separately","BAX E1 + GSDME KO",0.573749188173469,0.549011436082203,-0.034457428515698,19,0.95,TRUE,"BAX;DFNA5","BAX;DFNA5","CASP3","PRKAA1;PPM1D;Mdm2;TP53;TP53INP1;CDKN1A;MYC;MALAT1;SIRT1;DFNA5;E2F1;AKT1;RB1;CDC25A;BBC3;BCL2;BAX;CASP3;CASP9",12,"Limited observational concordance","HCC; malignant cell annotated observational concordance; not causal perturbation validation"
"GSE189903","GSE189903_HCC","4HB","HCC tumour-region observational concordance; malignant status annotated separately","p53 E1",0.757163285746491,0.715646129135143,0.157056011930478,19,0.95,TRUE,"TP53","TP53","Mdm2","PRKAA1;PPM1D;Mdm2;TP53;TP53INP1;CDKN1A;MYC;MALAT1;SIRT1;DFNA5;E2F1;AKT1;RB1;CDC25A;BBC3;BCL2;BAX;CASP3;CASP9",12,"Limited observational concordance","HCC; malignant cell annotated observational concordance; not causal perturbation validation"
"GSE189903","GSE189903_HCC","4HB","HCC tumour-region observational concordance; malignant status annotated separately","p53 KO",0.512961898249211,0.513914548159129,0.168648619394006,19,0.95,TRUE,"TP53","TP53","Mdm2","PRKAA1;PPM1D;Mdm2;TP53;TP53INP1;CDKN1A;MYC;MALAT1;SIRT1;DFNA5;E2F1;AKT1;RB1;CDC25A;BBC3;BCL2;BAX;CASP3;CASP9",12,"Limited observational concordance","HCC; malignant cell annotated observational concordance; not causal perturbation validation"
"GSE189903","GSE189903_HCC","4HB","HCC tumour-region observational concordance; malignant status annotated separately","p21 E1",0.580685949708413,0.546768196132482,-0.180724614402645,19,0.95,TRUE,"CDKN1A","CDKN1A","CASP3","PRKAA1;PPM1D;Mdm2;TP53;TP53INP1;CDKN1A;MYC;MALAT1;SIRT1;DFNA5;E2F1;AKT1;RB1;CDC25A;BBC3;BCL2;BAX;CASP3;CASP9",12,"Limited observational concordance","HCC; malignant cell annotated observational concordance; not causal perturbation validation"
"GSE189903","GSE189903_HCC","4HT1","HCC tumour-region observational concordance; malignant status annotated separately","Reference: DDR ON, GSDME endogenous",0.558678434040853,0.558678434040853,0.0488963045416852,19,0.95,FALSE,"","","","PRKAA1;PPM1D;Mdm2;TP53;TP53INP1;CDKN1A;MYC;MALAT1;SIRT1;DFNA5;E2F1;AKT1;RB1;CDC25A;BBC3;BCL2;BAX;CASP3;CASP9",66,"Indirect only: perturbed node not measured","HCC; malignant cell annotated observational concordance; not causal perturbation validation"
"GSE189903","GSE189903_HCC","4HT1","HCC tumour-region observational concordance; malignant status annotated separately","GSDME KO",0.559665276146116,0.551529102126191,0.0309182196576058,19,0.95,TRUE,"DFNA5","DFNA5","","PRKAA1;PPM1D;Mdm2;TP53;TP53INP1;CDKN1A;MYC;MALAT1;SIRT1;DFNA5;E2F1;AKT1;RB1;CDC25A;BBC3;BCL2;BAX;CASP3;CASP9",66,"Limited observational concordance","HCC; malignant cell annotated observational concordance; not causal perturbation validation"
"GSE189903","GSE189903_HCC","4HT1","HCC tumour-region observational concordance; malignant status annotated separately","CASP3 KO",0.567888960356642,0.559360470316551,-0.00473190043951792,19,0.95,TRUE,"CASP3","CASP3","DFNA5;CDKN1A;CASP9","PRKAA1;PPM1D;Mdm2;TP53;TP53INP1;CDKN1A;MYC;MALAT1;SIRT1;DFNA5;E2F1;AKT1;RB1;CDC25A;BBC3;BCL2;BAX;CASP3;CASP9",66,"Limited observational concordance","HCC; malignant cell annotated observational concordance; not causal perturbation validation"
"GSE189903","GSE189903_HCC","4HT1","HCC tumour-region observational concordance; malignant status annotated separately","miR-204-5p OE",0.623281978754668,0.597053237659941,-0.0152258484602553,19,0.95,FALSE,"MIR204","","SIRT1;BCL2;MYC;E2F1;CDC25A;AKT1","PRKAA1;PPM1D;Mdm2;TP53;TP53INP1;CDKN1A;MYC;MALAT1;SIRT1;DFNA5;E2F1;AKT1;RB1;CDC25A;BBC3;BCL2;BAX;CASP3;CASP9",66,"Indirect only: perturbed node not measured","HCC; malignant cell annotated observational concordance; not causal perturbation validation"
"GSE189903","GSE189903_HCC","4HT1","HCC tumour-region observational concordance; malignant status annotated separately","miR-204-5p KO",0.514599486672432,0.507736676064655,-0.0787026890505362,19,0.95,FALSE,"MIR204","","SIRT1;BCL2;MYC;E2F1;CDC25A;AKT1","PRKAA1;PPM1D;Mdm2;TP53;TP53INP1;CDKN1A;MYC;MALAT1;SIRT1;DFNA5;E2F1;AKT1;RB1;CDC25A;BBC3;BCL2;BAX;CASP3;CASP9",66,"Indirect only: perturbed node not measured","HCC; malignant cell annotated observational concordance; not causal perturbation validation"
"GSE189903","GSE189903_HCC","4HT1","HCC tumour-region observational concordance; malignant status annotated separately","MALAT1 OE",0.514599486672432,0.558057748860907,-0.0787026890505362,19,0.95,TRUE,"MALAT1","MALAT1","","PRKAA1;PPM1D;Mdm2;TP53;TP53INP1;CDKN1A;MYC;MALAT1;SIRT1;DFNA5;E2F1;AKT1;RB1;CDC25A;BBC3;BCL2;BAX;CASP3;CASP9",66,"Limited observational concordance","HCC; malignant cell annotated observational concordance; not causal perturbation validation"
"GSE189903","GSE189903_HCC","4HT1","HCC tumour-region observational concordance; malignant status annotated separately","MALAT1 KO",0.595305443578967,0.536860145447119,-0.184038177018429,19,0.95,TRUE,"MALAT1","MALAT1","","PRKAA1;PPM1D;Mdm2;TP53;TP53INP1;CDKN1A;MYC;MALAT1;SIRT1;DFNA5;E2F1;AKT1;RB1;CDC25A;BBC3;BCL2;BAX;CASP3;CASP9",66,"Limited observational concordance","HCC; malignant cell annotated observational concordance; not causal perturbation validation"
"GSE189903","GSE189903_HCC","4HT1","HCC tumour-region observational concordance; malignant status annotated separately","SIRT1 OE",0.514599486672432,0.512060445512009,-0.0787026890505362,19,0.95,TRUE,"SIRT1","SIRT1","TP53","PRKAA1;PPM1D;Mdm2;TP53;TP53INP1;CDKN1A;MYC;MALAT1;SIRT1;DFNA5;E2F1;AKT1;RB1;CDC25A;BBC3;BCL2;BAX;CASP3;CASP9",66,"Limited observational concordance","HCC; malignant cell annotated observational concordance; not causal perturbation validation"
"GSE189903","GSE189903_HCC","4HT1","HCC tumour-region observational concordance; malignant status annotated separately","SIRT1 KO",0.522170261231145,0.518314563625728,0.0804794847184922,19,0.95,TRUE,"SIRT1","SIRT1","TP53","PRKAA1;PPM1D;Mdm2;TP53;TP53INP1;CDKN1A;MYC;MALAT1;SIRT1;DFNA5;E2F1;AKT1;RB1;CDC25A;BBC3;BCL2;BAX;CASP3;CASP9",66,"Limited observational concordance","HCC; malignant cell annotated observational concordance; not causal perturbation validation"
"GSE189903","GSE189903_HCC","4HT1","HCC tumour-region observational concordance; malignant status annotated separately","BCL2 KO",0.579073170882958,0.566180128099469,0.0552635885664404,19,0.95,TRUE,"BCL2","BCL2","BAX;CASP3","PRKAA1;PPM1D;Mdm2;TP53;TP53INP1;CDKN1A;MYC;MALAT1;SIRT1;DFNA5;E2F1;AKT1;RB1;CDC25A;BBC3;BCL2;BAX;CASP3;CASP9",66,"Limited observational concordance","HCC; malignant cell annotated observational concordance; not causal perturbation validation"
"GSE189903","GSE189903_HCC","4HT1","HCC tumour-region observational concordance; malignant status annotated separately","GSDME OE",0.572494223514537,0.562608647580736,0.0319363498867317,19,0.95,TRUE,"DFNA5","DFNA5","","PRKAA1;PPM1D;Mdm2;TP53;TP53INP1;CDKN1A;MYC;MALAT1;SIRT1;DFNA5;E2F1;AKT1;RB1;CDC25A;BBC3;BCL2;BAX;CASP3;CASP9",66,"Limited observational concordance","HCC; malignant cell annotated observational concordance; not causal perturbation validation"
"GSE189903","GSE189903_HCC","4HT1","HCC tumour-region observational concordance; malignant status annotated separately","CASP3 OE",0.573810012988221,0.564860470316551,0.021988962217094,19,0.95,TRUE,"CASP3","CASP3","DFNA5;CDKN1A;CASP9","PRKAA1;PPM1D;Mdm2;TP53;TP53INP1;CDKN1A;MYC;MALAT1;SIRT1;DFNA5;E2F1;AKT1;RB1;CDC25A;BBC3;BCL2;BAX;CASP3;CASP9",66,"Limited observational concordance","HCC; malignant cell annotated observational concordance; not causal perturbation validation"
"GSE189903","GSE189903_HCC","4HT1","HCC tumour-region observational concordance; malignant status annotated separately","miR-204-5p OE + GSDME KO",0.611768820859931,0.57884217648209,0.0653313135970189,19,0.95,TRUE,"MIR204;DFNA5","DFNA5","SIRT1;BCL2;MYC;E2F1;CDC25A;AKT1","PRKAA1;PPM1D;Mdm2;TP53;TP53INP1;CDKN1A;MYC;MALAT1;SIRT1;DFNA5;E2F1;AKT1;RB1;CDC25A;BBC3;BCL2;BAX;CASP3;CASP9",66,"Limited observational concordance","HCC; malignant cell annotated observational concordance; not causal perturbation validation"
"GSE189903","GSE189903_HCC","4HT1","HCC tumour-region observational concordance; malignant status annotated separately","CASP3 OE + GSDME KO",0.570849486672432,0.557278213256066,0.0288355974853035,19,0.95,TRUE,"CASP3;DFNA5","CASP3;DFNA5","DFNA5;CDKN1A;CASP9","PRKAA1;PPM1D;Mdm2;TP53;TP53INP1;CDKN1A;MYC;MALAT1;SIRT1;DFNA5;E2F1;AKT1;RB1;CDC25A;BBC3;BCL2;BAX;CASP3;CASP9",66,"Limited observational concordance","HCC; malignant cell annotated observational concordance; not causal perturbation validation"
"GSE189903","GSE189903_HCC","4HT1","HCC tumour-region observational concordance; malignant status annotated separately","SIRT1 KO + GSDME KO",0.518551840178513,0.513557113976606,0.0653313135970189,19,0.95,TRUE,"SIRT1;DFNA5","SIRT1;DFNA5","TP53","PRKAA1;PPM1D;Mdm2;TP53;TP53INP1;CDKN1A;MYC;MALAT1;SIRT1;DFNA5;E2F1;AKT1;RB1;CDC25A;BBC3;BCL2;BAX;CASP3;CASP9",66,"Limited observational concordance","HCC; malignant cell annotated observational concordance; not causal perturbation validation"
"GSE189903","GSE189903_HCC","4HT1","HCC tumour-region observational concordance; malignant status annotated separately","MALAT1 KO + GSDME KO",0.589713338315809,0.528186927993465,-0.192543980612482,19,0.95,TRUE,"MALAT1;DFNA5","MALAT1;DFNA5","","PRKAA1;PPM1D;Mdm2;TP53;TP53INP1;CDKN1A;MYC;MALAT1;SIRT1;DFNA5;E2F1;AKT1;RB1;CDC25A;BBC3;BCL2;BAX;CASP3;CASP9",66,"Limited observational concordance","HCC; malignant cell annotated observational concordance; not causal perturbation validation"
"GSE189903","GSE189903_HCC","4HT1","HCC tumour-region observational concordance; malignant status annotated separately","miR-204-5p OE + CASP3 KO",0.560124084017826,0.550635788076159,0.00885508399429401,19,0.95,TRUE,"MIR204;CASP3","CASP3","SIRT1;BCL2;MYC;E2F1;CDC25A;AKT1;DFNA5;CDKN1A;CASP9","PRKAA1;PPM1D;Mdm2;TP53;TP53INP1;CDKN1A;MYC;MALAT1;SIRT1;DFNA5;E2F1;AKT1;RB1;CDC25A;BBC3;BCL2;BAX;CASP3;CASP9",66,"Limited observational concordance","HCC; malignant cell annotated observational concordance; not causal perturbation validation"
"GSE189903","GSE189903_HCC","4HT1","HCC tumour-region observational concordance; malignant status annotated separately","GSDME E1 + CASP3 E1",0.563283697198747,0.55172265770051,0.021988962217094,19,0.95,TRUE,"DFNA5;CASP3","DFNA5;CASP3","DFNA5;CDKN1A;CASP9","PRKAA1;PPM1D;Mdm2;TP53;TP53INP1;CDKN1A;MYC;MALAT1;SIRT1;DFNA5;E2F1;AKT1;RB1;CDC25A;BBC3;BCL2;BAX;CASP3;CASP9",66,"Limited observational concordance","HCC; malignant cell annotated observational concordance; not causal perturbation validation"
"GSE189903","GSE189903_HCC","4HT1","HCC tumour-region observational concordance; malignant status annotated separately","p53 E1 + miR-204-5p E1 + CASP3 KO + p21 E1",0.533315365321926,0.512253383482795,-0.0497963893947027,19,0.95,TRUE,"TP53;MIR204;CASP3;CDKN1A","TP53;CASP3;CDKN1A","Mdm2;SIRT1;BCL2;MYC;E2F1;CDC25A;AKT1;CASP3;DFNA5;CDKN1A;CASP9","PRKAA1;PPM1D;Mdm2;TP53;TP53INP1;CDKN1A;MYC;MALAT1;SIRT1;DFNA5;E2F1;AKT1;RB1;CDC25A;BBC3;BCL2;BAX;CASP3;CASP9",66,"Limited observational concordance","HCC; malignant cell annotated observational concordance; not causal perturbation validation"
"GSE189903","GSE189903_HCC","4HT1","HCC tumour-region observational concordance; malignant status annotated separately","MALAT1 E1 + miR-204-5p KO + SIRT1 E1",0.514599486672432,0.538493455799359,-0.0787026890505362,19,0.95,TRUE,"MALAT1;MIR204;SIRT1","MALAT1;SIRT1","SIRT1;BCL2;MYC;E2F1;CDC25A;AKT1;TP53","PRKAA1;PPM1D;Mdm2;TP53;TP53INP1;CDKN1A;MYC;MALAT1;SIRT1;DFNA5;E2F1;AKT1;RB1;CDC25A;BBC3;BCL2;BAX;CASP3;CASP9",66,"Limited observational concordance","HCC; malignant cell annotated observational concordance; not causal perturbation validation"
"GSE189903","GSE189903_HCC","4HT1","HCC tumour-region observational concordance; malignant status annotated separately","SIRT1 KO + GSDME KO + CASP3 E1",0.518222892810092,0.519850208855785,0.140611930640591,19,0.95,TRUE,"SIRT1;DFNA5;CASP3","SIRT1;DFNA5;CASP3","DFNA5;CDKN1A;CASP9;TP53","PRKAA1;PPM1D;Mdm2;TP53;TP53INP1;CDKN1A;MYC;MALAT1;SIRT1;DFNA5;E2F1;AKT1;RB1;CDC25A;BBC3;BCL2;BAX;CASP3;CASP9",66,"Limited observational concordance","HCC; malignant cell annotated observational concordance; not causal perturbation validation"
"GSE189903","GSE189903_HCC","4HT1","HCC tumour-region observational concordance; malignant status annotated separately","BAX E1",0.547988136397584,0.544738091683519,0.208310817844901,19,0.95,TRUE,"BAX","BAX","CASP3","PRKAA1;PPM1D;Mdm2;TP53;TP53INP1;CDKN1A;MYC;MALAT1;SIRT1;DFNA5;E2F1;AKT1;RB1;CDC25A;BBC3;BCL2;BAX;CASP3;CASP9",66,"Limited observational concordance","HCC; malignant cell annotated observational concordance; not causal perturbation validation"
"GSE189903","GSE189903_HCC","4HT1","HCC tumour-region observational concordance; malignant status annotated separately","BAX E1 + GSDME KO",0.585488136397584,0.568662542643113,0.183772952083722,19,0.95,TRUE,"BAX;DFNA5","BAX;DFNA5","CASP3","PRKAA1;PPM1D;Mdm2;TP53;TP53INP1;CDKN1A;MYC;MALAT1;SIRT1;DFNA5;E2F1;AKT1;RB1;CDC25A;BBC3;BCL2;BAX;CASP3;CASP9",66,"Limited observational concordance","HCC; malignant cell annotated observational concordance; not causal perturbation validation"
"GSE189903","GSE189903_HCC","4HT1","HCC tumour-region observational concordance; malignant status annotated separately","p53 E1",0.741358075157914,0.708351211478266,0.0467491139191056,19,0.95,TRUE,"TP53","TP53","Mdm2","PRKAA1;PPM1D;Mdm2;TP53;TP53INP1;CDKN1A;MYC;MALAT1;SIRT1;DFNA5;E2F1;AKT1;RB1;CDC25A;BBC3;BCL2;BAX;CASP3;CASP9",66,"Limited observational concordance","HCC; malignant cell annotated observational concordance; not causal perturbation validation"
"GSE189903","GSE189903_HCC","4HT1","HCC tumour-region observational concordance; malignant status annotated separately","p53 KO",0.514599486672432,0.521028899251128,-0.0787026890505362,19,0.95,TRUE,"TP53","TP53","Mdm2","PRKAA1;PPM1D;Mdm2;TP53;TP53INP1;CDKN1A;MYC;MALAT1;SIRT1;DFNA5;E2F1;AKT1;RB1;CDC25A;BBC3;BCL2;BAX;CASP3;CASP9",66,"Limited observational concordance","HCC; malignant cell annotated observational concordance; not causal perturbation validation"
"GSE189903","GSE189903_HCC","4HT1","HCC tumour-region observational concordance; malignant status annotated separately","p21 E1",0.582323538131634,0.548120986569056,-0.197439029607514,19,0.95,TRUE,"CDKN1A","CDKN1A","CASP3","PRKAA1;PPM1D;Mdm2;TP53;TP53INP1;CDKN1A;MYC;MALAT1;SIRT1;DFNA5;E2F1;AKT1;RB1;CDC25A;BBC3;BCL2;BAX;CASP3;CASP9",66,"Limited observational concordance","HCC; malignant cell annotated observational concordance; not causal perturbation validation"
"GSE189903","GSE189903_HCC","4HT3","HCC tumour-region observational concordance; malignant status annotated separately","Reference: DDR ON, GSDME endogenous",0.56678009819904,0.56678009819904,0.0783392406097968,19,0.95,FALSE,"","","","PRKAA1;PPM1D;Mdm2;TP53;TP53INP1;CDKN1A;MYC;MALAT1;SIRT1;DFNA5;E2F1;AKT1;RB1;CDC25A;BBC3;BCL2;BAX;CASP3;CASP9",176,"Indirect only: perturbed node not measured","HCC; malignant cell annotated observational concordance; not causal perturbation validation"
"GSE189903","GSE189903_HCC","4HT3","HCC tumour-region observational concordance; malignant status annotated separately","GSDME KO",0.567766940304303,0.558525993899171,0.0560720254807428,19,0.95,TRUE,"DFNA5","DFNA5","","PRKAA1;PPM1D;Mdm2;TP53;TP53INP1;CDKN1A;MYC;MALAT1;SIRT1;DFNA5;E2F1;AKT1;RB1;CDC25A;BBC3;BCL2;BAX;CASP3;CASP9",176,"Limited observational concordance","HCC; malignant cell annotated observational concordance; not causal perturbation validation"
"GSE189903","GSE189903_HCC","4HT3","HCC tumour-region observational concordance; malignant status annotated separately","CASP3 KO",0.57599062451483,0.565935605179049,0.0120926344565458,19,0.95,TRUE,"CASP3","CASP3","DFNA5;CDKN1A;CASP9","PRKAA1;PPM1D;Mdm2;TP53;TP53INP1;CDKN1A;MYC;MALAT1;SIRT1;DFNA5;E2F1;AKT1;RB1;CDC25A;BBC3;BCL2;BAX;CASP3;CASP9",176,"Limited observational concordance","HCC; malignant cell annotated observational concordance; not causal perturbation validation"
"GSE189903","GSE189903_HCC","4HT3","HCC tumour-region observational concordance; malignant status annotated separately","miR-204-5p OE",0.621988643039265,0.596015443643107,-0.210986757234966,19,0.95,FALSE,"MIR204","","SIRT1;BCL2;MYC;E2F1;CDC25A;AKT1","PRKAA1;PPM1D;Mdm2;TP53;TP53INP1;CDKN1A;MYC;MALAT1;SIRT1;DFNA5;E2F1;AKT1;RB1;CDC25A;BBC3;BCL2;BAX;CASP3;CASP9",176,"Indirect only: perturbed node not measured","HCC; malignant cell annotated observational concordance; not causal perturbation validation"
"GSE189903","GSE189903_HCC","4HT3","HCC tumour-region observational concordance; malignant status annotated separately","miR-204-5p KO",0.522701150830619,0.513948799698005,0.0562162064646687,19,0.95,FALSE,"MIR204","","SIRT1;BCL2;MYC;E2F1;CDC25A;AKT1","PRKAA1;PPM1D;Mdm2;TP53;TP53INP1;CDKN1A;MYC;MALAT1;SIRT1;DFNA5;E2F1;AKT1;RB1;CDC25A;BBC3;BCL2;BAX;CASP3;CASP9",176,"Indirect only: perturbed node not measured","HCC; malignant cell annotated observational concordance; not causal perturbation validation"
"GSE189903","GSE189903_HCC","4HT3","HCC tumour-region observational concordance; malignant status annotated separately","MALAT1 OE",0.522701150830619,0.559919105800868,0.0562162064646687,19,0.95,TRUE,"MALAT1","MALAT1","","PRKAA1;PPM1D;Mdm2;TP53;TP53INP1;CDKN1A;MYC;MALAT1;SIRT1;DFNA5;E2F1;AKT1;RB1;CDC25A;BBC3;BCL2;BAX;CASP3;CASP9",176,"Limited observational concordance","HCC; malignant cell annotated observational concordance; not causal perturbation validation"
"GSE189903","GSE189903_HCC","4HT3","HCC tumour-region observational concordance; malignant status annotated separately","MALAT1 KO",0.607371380239836,0.552416261941797,-0.1621412834355,19,0.95,TRUE,"MALAT1","MALAT1","","PRKAA1;PPM1D;Mdm2;TP53;TP53INP1;CDKN1A;MYC;MALAT1;SIRT1;DFNA5;E2F1;AKT1;RB1;CDC25A;BBC3;BCL2;BAX;CASP3;CASP9",176,"Limited observational concordance","HCC; malignant cell annotated observational concordance; not causal perturbation validation"
"GSE189903","GSE189903_HCC","4HT3","HCC tumour-region observational concordance; malignant status annotated separately","SIRT1 OE",0.522701150830619,0.518753124599207,0.0562162064646687,19,0.95,TRUE,"SIRT1","SIRT1","TP53","PRKAA1;PPM1D;Mdm2;TP53;TP53INP1;CDKN1A;MYC;MALAT1;SIRT1;DFNA5;E2F1;AKT1;RB1;CDC25A;BBC3;BCL2;BAX;CASP3;CASP9",176,"Limited observational concordance","HCC; malignant cell annotated observational concordance; not causal perturbation validation"
"GSE189903","GSE189903_HCC","4HT3","HCC tumour-region observational concordance; malignant status annotated separately","SIRT1 KO",0.522170840598873,0.518315042233852,-0.104405818013179,19,0.95,TRUE,"SIRT1","SIRT1","TP53","PRKAA1;PPM1D;Mdm2;TP53;TP53INP1;CDKN1A;MYC;MALAT1;SIRT1;DFNA5;E2F1;AKT1;RB1;CDC25A;BBC3;BCL2;BAX;CASP3;CASP9",176,"Limited observational concordance","HCC; malignant cell annotated observational concordance; not causal perturbation validation"
"GSE189903","GSE189903_HCC","4HT3","HCC tumour-region observational concordance; malignant status annotated separately","BCL2 KO",0.587174835041145,0.572517052194165,0.0490073332570321,19,0.95,TRUE,"BCL2","BCL2","BAX;CASP3","PRKAA1;PPM1D;Mdm2;TP53;TP53INP1;CDKN1A;MYC;MALAT1;SIRT1;DFNA5;E2F1;AKT1;RB1;CDC25A;BBC3;BCL2;BAX;CASP3;CASP9",176,"Limited observational concordance","HCC; malignant cell annotated observational concordance; not causal perturbation validation"
"GSE189903","GSE189903_HCC","4HT3","HCC tumour-region observational concordance; malignant status annotated separately","GSDME OE",0.580595887672724,0.569605539353716,0.0947619562212858,19,0.95,TRUE,"DFNA5","DFNA5","","PRKAA1;PPM1D;Mdm2;TP53;TP53INP1;CDKN1A;MYC;MALAT1;SIRT1;DFNA5;E2F1;AKT1;RB1;CDC25A;BBC3;BCL2;BAX;CASP3;CASP9",176,"Limited observational concordance","HCC; malignant cell annotated observational concordance; not causal perturbation validation"
"GSE189903","GSE189903_HCC","4HT3","HCC tumour-region observational concordance; malignant status annotated separately","CASP3 OE",0.581911677146408,0.571435605179049,0.118321558596744,19,0.95,TRUE,"CASP3","CASP3","DFNA5;CDKN1A;CASP9","PRKAA1;PPM1D;Mdm2;TP53;TP53INP1;CDKN1A;MYC;MALAT1;SIRT1;DFNA5;E2F1;AKT1;RB1;CDC25A;BBC3;BCL2;BAX;CASP3;CASP9",176,"Limited observational concordance","HCC; malignant cell annotated observational concordance; not causal perturbation validation"
"GSE189903","GSE189903_HCC","4HT3","HCC tumour-region observational concordance; malignant status annotated separately","miR-204-5p OE + GSDME KO",0.610475485144528,0.577915574681345,-0.129555316794088,19,0.95,TRUE,"MIR204;DFNA5","DFNA5","SIRT1;BCL2;MYC;E2F1;CDC25A;AKT1","PRKAA1;PPM1D;Mdm2;TP53;TP53INP1;CDKN1A;MYC;MALAT1;SIRT1;DFNA5;E2F1;AKT1;RB1;CDC25A;BBC3;BCL2;BAX;CASP3;CASP9",176,"Limited observational concordance","HCC; malignant cell annotated observational concordance; not causal perturbation validation"
"GSE189903","GSE189903_HCC","4HT3","HCC tumour-region observational concordance; malignant status annotated separately","CASP3 OE + GSDME KO",0.578951150830619,0.563366301091712,0.0886039268184782,19,0.95,TRUE,"CASP3;DFNA5","CASP3;DFNA5","DFNA5;CDKN1A;CASP9","PRKAA1;PPM1D;Mdm2;TP53;TP53INP1;CDKN1A;MYC;MALAT1;SIRT1;DFNA5;E2F1;AKT1;RB1;CDC25A;BBC3;BCL2;BAX;CASP3;CASP9",176,"Limited observational concordance","HCC; malignant cell annotated observational concordance; not causal perturbation validation"
"GSE189903","GSE189903_HCC","4HT3","HCC tumour-region observational concordance; malignant status annotated separately","SIRT1 KO + GSDME KO",0.518552419546242,0.513557537360715,-0.129555316794088,19,0.95,TRUE,"SIRT1;DFNA5","SIRT1;DFNA5","TP53","PRKAA1;PPM1D;Mdm2;TP53;TP53INP1;CDKN1A;MYC;MALAT1;SIRT1;DFNA5;E2F1;AKT1;RB1;CDC25A;BBC3;BCL2;BAX;CASP3;CASP9",176,"Limited observational concordance","HCC; malignant cell annotated observational concordance; not causal perturbation validation"
"GSE189903","GSE189903_HCC","4HT3","HCC tumour-region observational concordance; malignant status annotated separately","MALAT1 KO + GSDME KO",0.601779274976677,0.541876310508782,-0.175891528235186,19,0.95,TRUE,"MALAT1;DFNA5","MALAT1;DFNA5","","PRKAA1;PPM1D;Mdm2;TP53;TP53INP1;CDKN1A;MYC;MALAT1;SIRT1;DFNA5;E2F1;AKT1;RB1;CDC25A;BBC3;BCL2;BAX;CASP3;CASP9",176,"Limited observational concordance","HCC; malignant cell annotated observational concordance; not causal perturbation validation"
"GSE189903","GSE189903_HCC","4HT3","HCC tumour-region observational concordance; malignant status annotated separately","miR-204-5p OE + CASP3 KO",0.558830748302423,0.549461865399458,-0.215473710527821,19,0.95,TRUE,"MIR204;CASP3","CASP3","SIRT1;BCL2;MYC;E2F1;CDC25A;AKT1;DFNA5;CDKN1A;CASP9","PRKAA1;PPM1D;Mdm2;TP53;TP53INP1;CDKN1A;MYC;MALAT1;SIRT1;DFNA5;E2F1;AKT1;RB1;CDC25A;BBC3;BCL2;BAX;CASP3;CASP9",176,"Limited observational concordance","HCC; malignant cell annotated observational concordance; not causal perturbation validation"
"GSE189903","GSE189903_HCC","4HT3","HCC tumour-region observational concordance; malignant status annotated separately","GSDME E1 + CASP3 E1",0.571385361356935,0.557810745536157,0.118321558596744,19,0.95,TRUE,"DFNA5;CASP3","DFNA5;CASP3","DFNA5;CDKN1A;CASP9","PRKAA1;PPM1D;Mdm2;TP53;TP53INP1;CDKN1A;MYC;MALAT1;SIRT1;DFNA5;E2F1;AKT1;RB1;CDC25A;BBC3;BCL2;BAX;CASP3;CASP9",176,"Limited observational concordance","HCC; malignant cell annotated observational concordance; not causal perturbation validation"
"GSE189903","GSE189903_HCC","4HT3","HCC tumour-region observational concordance; malignant status annotated separately","p53 E1 + miR-204-5p E1 + CASP3 KO + p21 E1",0.532216286525771,0.511179309688589,-0.265580743438415,19,0.95,TRUE,"TP53;MIR204;CASP3;CDKN1A","TP53;CASP3;CDKN1A","Mdm2;SIRT1;BCL2;MYC;E2F1;CDC25A;AKT1;CASP3;DFNA5;CDKN1A;CASP9","PRKAA1;PPM1D;Mdm2;TP53;TP53INP1;CDKN1A;MYC;MALAT1;SIRT1;DFNA5;E2F1;AKT1;RB1;CDC25A;BBC3;BCL2;BAX;CASP3;CASP9",176,"Limited observational concordance","HCC; malignant cell annotated observational concordance; not causal perturbation validation"
"GSE189903","GSE189903_HCC","4HT3","HCC tumour-region observational concordance; malignant status annotated separately","MALAT1 E1 + miR-204-5p KO + SIRT1 E1",0.522701150830619,0.539858659815725,0.0562162064646687,19,0.95,TRUE,"MALAT1;MIR204;SIRT1","MALAT1;SIRT1","SIRT1;BCL2;MYC;E2F1;CDC25A;AKT1;TP53","PRKAA1;PPM1D;Mdm2;TP53;TP53INP1;CDKN1A;MYC;MALAT1;SIRT1;DFNA5;E2F1;AKT1;RB1;CDC25A;BBC3;BCL2;BAX;CASP3;CASP9",176,"Limited observational concordance","HCC; malignant cell annotated observational concordance; not causal perturbation validation"
"GSE189903","GSE189903_HCC","4HT3","HCC tumour-region observational concordance; malignant status annotated separately","SIRT1 KO + GSDME KO + CASP3 E1",0.518223472177821,0.520187555970099,-0.0377251521230854,19,0.95,TRUE,"SIRT1;DFNA5;CASP3","SIRT1;DFNA5;CASP3","DFNA5;CDKN1A;CASP9;TP53","PRKAA1;PPM1D;Mdm2;TP53;TP53INP1;CDKN1A;MYC;MALAT1;SIRT1;DFNA5;E2F1;AKT1;RB1;CDC25A;BBC3;BCL2;BAX;CASP3;CASP9",176,"Limited observational concordance","HCC; malignant cell annotated observational concordance; not causal perturbation validation"
"GSE189903","GSE189903_HCC","4HT3","HCC tumour-region observational concordance; malignant status annotated separately","BAX E1",0.556284057475019,0.55183195353873,0.270960687873443,19,0.95,TRUE,"BAX","BAX","CASP3","PRKAA1;PPM1D;Mdm2;TP53;TP53INP1;CDKN1A;MYC;MALAT1;SIRT1;DFNA5;E2F1;AKT1;RB1;CDC25A;BBC3;BCL2;BAX;CASP3;CASP9",176,"Limited observational concordance","HCC; malignant cell annotated observational concordance; not causal perturbation validation"
"GSE189903","GSE189903_HCC","4HT3","HCC tumour-region observational concordance; malignant status annotated separately","BAX E1 + GSDME KO",0.593784057475019,0.574937881976568,0.242246164110361,19,0.95,TRUE,"BAX;DFNA5","BAX;DFNA5","CASP3","PRKAA1;PPM1D;Mdm2;TP53;TP53INP1;CDKN1A;MYC;MALAT1;SIRT1;DFNA5;E2F1;AKT1;RB1;CDC25A;BBC3;BCL2;BAX;CASP3;CASP9",176,"Limited observational concordance","HCC; malignant cell annotated observational concordance; not causal perturbation validation"
"GSE189903","GSE189903_HCC","4HT3","HCC tumour-region observational concordance; malignant status annotated separately","p53 E1",0.753424011818783,0.718921050295513,0.0950740406669451,19,0.95,TRUE,"TP53","TP53","Mdm2","PRKAA1;PPM1D;Mdm2;TP53;TP53INP1;CDKN1A;MYC;MALAT1;SIRT1;DFNA5;E2F1;AKT1;RB1;CDC25A;BBC3;BCL2;BAX;CASP3;CASP9",176,"Limited observational concordance","HCC; malignant cell annotated observational concordance; not causal perturbation validation"
"GSE189903","GSE189903_HCC","4HT3","HCC tumour-region observational concordance; malignant status annotated separately","p53 KO",0.522701150830619,0.528323904261812,0.0562162064646687,19,0.95,TRUE,"TP53","TP53","Mdm2","PRKAA1;PPM1D;Mdm2;TP53;TP53INP1;CDKN1A;MYC;MALAT1;SIRT1;DFNA5;E2F1;AKT1;RB1;CDC25A;BBC3;BCL2;BAX;CASP3;CASP9",176,"Limited observational concordance","HCC; malignant cell annotated observational concordance; not causal perturbation validation"
"GSE189903","GSE189903_HCC","4HT3","HCC tumour-region observational concordance; malignant status annotated separately","p21 E1",0.589325544125938,0.552542632491713,-0.167144152048689,19,0.95,TRUE,"CDKN1A","CDKN1A","CASP3","PRKAA1;PPM1D;Mdm2;TP53;TP53INP1;CDKN1A;MYC;MALAT1;SIRT1;DFNA5;E2F1;AKT1;RB1;CDC25A;BBC3;BCL2;BAX;CASP3;CASP9",176,"Limited observational concordance","HCC; malignant cell annotated observational concordance; not causal perturbation validation"
"GSE189903","GSE189903_HCC","4HT2","HCC tumour-region observational concordance; malignant status annotated separately","Reference: DDR ON, GSDME endogenous",0.554777096681097,0.554777096681097,0.0772877071787928,19,0.95,FALSE,"","","","PRKAA1;PPM1D;Mdm2;TP53;TP53INP1;CDKN1A;MYC;MALAT1;SIRT1;DFNA5;E2F1;AKT1;RB1;CDC25A;BBC3;BCL2;BAX;CASP3;CASP9",153,"Indirect only: perturbed node not measured","HCC; malignant cell annotated observational concordance; not causal perturbation validation"
"GSE189903","GSE189903_HCC","4HT2","HCC tumour-region observational concordance; malignant status annotated separately","GSDME KO",0.55576393878636,0.548159765315493,0.0592162512086349,19,0.95,TRUE,"DFNA5","DFNA5","","PRKAA1;PPM1D;Mdm2;TP53;TP53INP1;CDKN1A;MYC;MALAT1;SIRT1;DFNA5;E2F1;AKT1;RB1;CDC25A;BBC3;BCL2;BAX;CASP3;CASP9",153,"Limited observational concordance","HCC; malignant cell annotated observational concordance; not causal perturbation validation"
"GSE189903","GSE189903_HCC","4HT2","HCC tumour-region observational concordance; malignant status annotated separately","CASP3 KO",0.563987622996887,0.55455338575915,0.0236595021975896,19,0.95,TRUE,"CASP3","CASP3","DFNA5;CDKN1A;CASP9","PRKAA1;PPM1D;Mdm2;TP53;TP53INP1;CDKN1A;MYC;MALAT1;SIRT1;DFNA5;E2F1;AKT1;RB1;CDC25A;BBC3;BCL2;BAX;CASP3;CASP9",153,"Limited observational concordance","HCC; malignant cell annotated observational concordance; not causal perturbation validation"
"GSE189903","GSE189903_HCC","4HT2","HCC tumour-region observational concordance; malignant status annotated separately","miR-204-5p OE",0.631287096648548,0.603374982431995,0,19,0.95,FALSE,"MIR204","","SIRT1;BCL2;MYC;E2F1;CDC25A;AKT1","PRKAA1;PPM1D;Mdm2;TP53;TP53INP1;CDKN1A;MYC;MALAT1;SIRT1;DFNA5;E2F1;AKT1;RB1;CDC25A;BBC3;BCL2;BAX;CASP3;CASP9",153,"Indirect only: perturbed node not measured","HCC; malignant cell annotated observational concordance; not causal perturbation validation"
"GSE189903","GSE189903_HCC","4HT2","HCC tumour-region observational concordance; malignant status annotated separately","miR-204-5p KO",0.510698149312676,0.504533804498535,-0.0562162064646687,19,0.95,FALSE,"MIR204","","SIRT1;BCL2;MYC;E2F1;CDC25A;AKT1","PRKAA1;PPM1D;Mdm2;TP53;TP53INP1;CDKN1A;MYC;MALAT1;SIRT1;DFNA5;E2F1;AKT1;RB1;CDC25A;BBC3;BCL2;BAX;CASP3;CASP9",153,"Indirect only: perturbed node not measured","HCC; malignant cell annotated observational concordance; not causal perturbation validation"
"GSE189903","GSE189903_HCC","4HT2","HCC tumour-region observational concordance; malignant status annotated separately","MALAT1 OE",0.510698149312676,0.540953373790919,-0.0562162064646687,19,0.95,TRUE,"MALAT1","MALAT1","","PRKAA1;PPM1D;Mdm2;TP53;TP53INP1;CDKN1A;MYC;MALAT1;SIRT1;DFNA5;E2F1;AKT1;RB1;CDC25A;BBC3;BCL2;BAX;CASP3;CASP9",153,"Limited observational concordance","HCC; malignant cell annotated observational concordance; not causal perturbation validation"
"GSE189903","GSE189903_HCC","4HT2","HCC tumour-region observational concordance; malignant status annotated separately","MALAT1 KO",0.60200659189305,0.556382539068572,-0.156927737344326,19,0.95,TRUE,"MALAT1","MALAT1","","PRKAA1;PPM1D;Mdm2;TP53;TP53INP1;CDKN1A;MYC;MALAT1;SIRT1;DFNA5;E2F1;AKT1;RB1;CDC25A;BBC3;BCL2;BAX;CASP3;CASP9",153,"Limited observational concordance","HCC; malignant cell annotated observational concordance; not causal perturbation validation"
"GSE189903","GSE189903_HCC","4HT2","HCC tumour-region observational concordance; malignant status annotated separately","SIRT1 OE",0.510698149312676,0.508837601606124,-0.0562162064646687,19,0.95,TRUE,"SIRT1","SIRT1","TP53","PRKAA1;PPM1D;Mdm2;TP53;TP53INP1;CDKN1A;MYC;MALAT1;SIRT1;DFNA5;E2F1;AKT1;RB1;CDC25A;BBC3;BCL2;BAX;CASP3;CASP9",153,"Limited observational concordance","HCC; malignant cell annotated observational concordance; not causal perturbation validation"
"GSE189903","GSE189903_HCC","4HT2","HCC tumour-region observational concordance; malignant status annotated separately","SIRT1 KO",0.528801602116316,0.523792627835217,0.0978804543873554,19,0.95,TRUE,"SIRT1","SIRT1","TP53","PRKAA1;PPM1D;Mdm2;TP53;TP53INP1;CDKN1A;MYC;MALAT1;SIRT1;DFNA5;E2F1;AKT1;RB1;CDC25A;BBC3;BCL2;BAX;CASP3;CASP9",153,"Limited observational concordance","HCC; malignant cell annotated observational concordance; not causal perturbation validation"
"GSE189903","GSE189903_HCC","4HT2","HCC tumour-region observational concordance; malignant status annotated separately","BCL2 KO",0.575171833523203,0.56171653508479,0.0823740282405433,19,0.95,TRUE,"BCL2","BCL2","BAX;CASP3","PRKAA1;PPM1D;Mdm2;TP53;TP53INP1;CDKN1A;MYC;MALAT1;SIRT1;DFNA5;E2F1;AKT1;RB1;CDC25A;BBC3;BCL2;BAX;CASP3;CASP9",153,"Limited observational concordance","HCC; malignant cell annotated observational concordance; not causal perturbation validation"
"GSE189903","GSE189903_HCC","4HT2","HCC tumour-region observational concordance; malignant status annotated separately","GSDME OE",0.568592886154782,0.559239310770039,0.0602078727372811,19,0.95,TRUE,"DFNA5","DFNA5","","PRKAA1;PPM1D;Mdm2;TP53;TP53INP1;CDKN1A;MYC;MALAT1;SIRT1;DFNA5;E2F1;AKT1;RB1;CDC25A;BBC3;BCL2;BAX;CASP3;CASP9",153,"Limited observational concordance","HCC; malignant cell annotated observational concordance; not causal perturbation validation"
"GSE189903","GSE189903_HCC","4HT2","HCC tumour-region observational concordance; malignant status annotated separately","CASP3 OE",0.569908675628466,0.56005338575915,0.0492133916287341,19,0.95,TRUE,"CASP3","CASP3","DFNA5;CDKN1A;CASP9","PRKAA1;PPM1D;Mdm2;TP53;TP53INP1;CDKN1A;MYC;MALAT1;SIRT1;DFNA5;E2F1;AKT1;RB1;CDC25A;BBC3;BCL2;BAX;CASP3;CASP9",153,"Limited observational concordance","HCC; malignant cell annotated observational concordance; not causal perturbation validation"
"GSE189903","GSE189903_HCC","4HT2","HCC tumour-region observational concordance; malignant status annotated separately","miR-204-5p OE + GSDME KO",0.619773938753811,0.584486591457139,0.0830482799962105,19,0.95,TRUE,"MIR204;DFNA5","DFNA5","SIRT1;BCL2;MYC;E2F1;CDC25A;AKT1","PRKAA1;PPM1D;Mdm2;TP53;TP53INP1;CDKN1A;MYC;MALAT1;SIRT1;DFNA5;E2F1;AKT1;RB1;CDC25A;BBC3;BCL2;BAX;CASP3;CASP9",153,"Limited observational concordance","HCC; malignant cell annotated observational concordance; not causal perturbation validation"
"GSE189903","GSE189903_HCC","4HT2","HCC tumour-region observational concordance; malignant status annotated separately","CASP3 OE + GSDME KO",0.566948149312676,0.55282720903625,0.0560983441986814,19,0.95,TRUE,"CASP3;DFNA5","CASP3;DFNA5","DFNA5;CDKN1A;CASP9","PRKAA1;PPM1D;Mdm2;TP53;TP53INP1;CDKN1A;MYC;MALAT1;SIRT1;DFNA5;E2F1;AKT1;RB1;CDC25A;BBC3;BCL2;BAX;CASP3;CASP9",153,"Limited observational concordance","HCC; malignant cell annotated observational concordance; not causal perturbation validation"
"GSE189903","GSE189903_HCC","4HT2","HCC tumour-region observational concordance; malignant status annotated separately","SIRT1 KO + GSDME KO",0.525183181063684,0.518403093854231,0.0830482799962105,19,0.95,TRUE,"SIRT1;DFNA5","SIRT1;DFNA5","TP53","PRKAA1;PPM1D;Mdm2;TP53;TP53INP1;CDKN1A;MYC;MALAT1;SIRT1;DFNA5;E2F1;AKT1;RB1;CDC25A;BBC3;BCL2;BAX;CASP3;CASP9",153,"Limited observational concordance","HCC; malignant cell annotated observational concordance; not causal perturbation validation"
"GSE189903","GSE189903_HCC","4HT2","HCC tumour-region observational concordance; malignant status annotated separately","MALAT1 KO + GSDME KO",0.596414486629891,0.545366634380343,-0.165483745499377,19,0.95,TRUE,"MALAT1;DFNA5","MALAT1;DFNA5","","PRKAA1;PPM1D;Mdm2;TP53;TP53INP1;CDKN1A;MYC;MALAT1;SIRT1;DFNA5;E2F1;AKT1;RB1;CDC25A;BBC3;BCL2;BAX;CASP3;CASP9",153,"Limited observational concordance","HCC; malignant cell annotated observational concordance; not causal perturbation validation"
"GSE189903","GSE189903_HCC","4HT2","HCC tumour-region observational concordance; malignant status annotated separately","miR-204-5p OE + CASP3 KO",0.568129201911706,0.55721950818587,0.026565251982882,19,0.95,TRUE,"MIR204;CASP3","CASP3","SIRT1;BCL2;MYC;E2F1;CDC25A;AKT1;DFNA5;CDKN1A;CASP9","PRKAA1;PPM1D;Mdm2;TP53;TP53INP1;CDKN1A;MYC;MALAT1;SIRT1;DFNA5;E2F1;AKT1;RB1;CDC25A;BBC3;BCL2;BAX;CASP3;CASP9",153,"Limited observational concordance","HCC; malignant cell annotated observational concordance; not causal perturbation validation"
"GSE189903","GSE189903_HCC","4HT2","HCC tumour-region observational concordance; malignant status annotated separately","GSDME E1 + CASP3 E1",0.559382359838992,0.547271653480694,0.0492133916287341,19,0.95,TRUE,"DFNA5;CASP3","DFNA5;CASP3","DFNA5;CDKN1A;CASP9","PRKAA1;PPM1D;Mdm2;TP53;TP53INP1;CDKN1A;MYC;MALAT1;SIRT1;DFNA5;E2F1;AKT1;RB1;CDC25A;BBC3;BCL2;BAX;CASP3;CASP9",153,"Limited observational concordance","HCC; malignant cell annotated observational concordance; not causal perturbation validation"
"GSE189903","GSE189903_HCC","4HT2","HCC tumour-region observational concordance; malignant status annotated separately","p53 E1 + miR-204-5p E1 + CASP3 KO + p21 E1",0.541813412438022,0.521076052360044,-0.0331975929298018,19,0.95,TRUE,"TP53;MIR204;CASP3;CDKN1A","TP53;CASP3;CDKN1A","Mdm2;SIRT1;BCL2;MYC;E2F1;CDC25A;AKT1;CASP3;DFNA5;CDKN1A;CASP9","PRKAA1;PPM1D;Mdm2;TP53;TP53INP1;CDKN1A;MYC;MALAT1;SIRT1;DFNA5;E2F1;AKT1;RB1;CDC25A;BBC3;BCL2;BAX;CASP3;CASP9",153,"Limited observational concordance","HCC; malignant cell annotated observational concordance; not causal perturbation validation"
"GSE189903","GSE189903_HCC","4HT2","HCC tumour-region observational concordance; malignant status annotated separately","MALAT1 E1 + miR-204-5p KO + SIRT1 E1",0.510698149312676,0.526163048352347,-0.0562162064646687,19,0.95,TRUE,"MALAT1;MIR204;SIRT1","MALAT1;SIRT1","SIRT1;BCL2;MYC;E2F1;CDC25A;AKT1;TP53","PRKAA1;PPM1D;Mdm2;TP53;TP53INP1;CDKN1A;MYC;MALAT1;SIRT1;DFNA5;E2F1;AKT1;RB1;CDC25A;BBC3;BCL2;BAX;CASP3;CASP9",153,"Limited observational concordance","HCC; malignant cell annotated observational concordance; not causal perturbation validation"
"GSE189903","GSE189903_HCC","4HT2","HCC tumour-region observational concordance; malignant status annotated separately","SIRT1 KO + GSDME KO + CASP3 E1",0.524854233695263,0.522429040233803,0.156616540632203,19,0.95,TRUE,"SIRT1;DFNA5;CASP3","SIRT1;DFNA5;CASP3","DFNA5;CDKN1A;CASP9;TP53","PRKAA1;PPM1D;Mdm2;TP53;TP53INP1;CDKN1A;MYC;MALAT1;SIRT1;DFNA5;E2F1;AKT1;RB1;CDC25A;BBC3;BCL2;BAX;CASP3;CASP9",153,"Limited observational concordance","HCC; malignant cell annotated observational concordance; not causal perturbation validation"
"GSE189903","GSE189903_HCC","4HT2","HCC tumour-region observational concordance; malignant status annotated separately","BAX E1",0.547560569829086,0.548689339629145,0.263651536370113,19,0.95,TRUE,"BAX","BAX","CASP3","PRKAA1;PPM1D;Mdm2;TP53;TP53INP1;CDKN1A;MYC;MALAT1;SIRT1;DFNA5;E2F1;AKT1;RB1;CDC25A;BBC3;BCL2;BAX;CASP3;CASP9",153,"Limited observational concordance","HCC; malignant cell annotated observational concordance; not causal perturbation validation"
"GSE189903","GSE189903_HCC","4HT2","HCC tumour-region observational concordance; malignant status annotated separately","BAX E1 + GSDME KO",0.585060569829086,0.572157877364244,0.238069506108459,19,0.95,TRUE,"BAX;DFNA5","BAX;DFNA5","CASP3","PRKAA1;PPM1D;Mdm2;TP53;TP53INP1;CDKN1A;MYC;MALAT1;SIRT1;DFNA5;E2F1;AKT1;RB1;CDC25A;BBC3;BCL2;BAX;CASP3;CASP9",153,"Limited observational concordance","HCC; malignant cell annotated observational concordance; not causal perturbation validation"
"GSE189903","GSE189903_HCC","4HT2","HCC tumour-region observational concordance; malignant status annotated separately","p53 E1",0.748059223471997,0.714794523634929,0.0751137448363158,19,0.95,TRUE,"TP53","TP53","Mdm2","PRKAA1;PPM1D;Mdm2;TP53;TP53INP1;CDKN1A;MYC;MALAT1;SIRT1;DFNA5;E2F1;AKT1;RB1;CDC25A;BBC3;BCL2;BAX;CASP3;CASP9",153,"Limited observational concordance","HCC; malignant cell annotated observational concordance; not causal perturbation validation"
"GSE189903","GSE189903_HCC","4HT2","HCC tumour-region observational concordance; malignant status annotated separately","p53 KO",0.510698149312676,0.518713636285925,-0.0562162064646687,19,0.95,TRUE,"TP53","TP53","Mdm2","PRKAA1;PPM1D;Mdm2;TP53;TP53INP1;CDKN1A;MYC;MALAT1;SIRT1;DFNA5;E2F1;AKT1;RB1;CDC25A;BBC3;BCL2;BAX;CASP3;CASP9",153,"Limited observational concordance","HCC; malignant cell annotated observational concordance; not causal perturbation validation"
"GSE189903","GSE189903_HCC","4HT2","HCC tumour-region observational concordance; malignant status annotated separately","p21 E1",0.583269748571845,0.554909382684842,-0.167144152048689,19,0.95,TRUE,"CDKN1A","CDKN1A","CASP3","PRKAA1;PPM1D;Mdm2;TP53;TP53INP1;CDKN1A;MYC;MALAT1;SIRT1;DFNA5;E2F1;AKT1;RB1;CDC25A;BBC3;BCL2;BAX;CASP3;CASP9",153,"Limited observational concordance","HCC; malignant cell annotated observational concordance; not causal perturbation validation"
"GSE189903","GSE189903_HCC","2HT3","HCC tumour-region observational concordance; malignant status annotated separately","Reference: DDR ON, GSDME endogenous",0.517155512022726,0.517155512022726,0.291800527103605,19,0.95,FALSE,"","","","PRKAA1;PPM1D;Mdm2;TP53;TP53INP1;CDKN1A;MYC;MALAT1;SIRT1;DFNA5;E2F1;AKT1;RB1;CDC25A;BBC3;BCL2;BAX;CASP3;CASP9",21,"Indirect only: perturbed node not measured","HCC; malignant cell annotated observational concordance; not causal perturbation validation"
"GSE189903","GSE189903_HCC","2HT3","HCC tumour-region observational concordance; malignant status annotated separately","GSDME KO",0.518142354127989,0.515668396746899,0.278263976918452,19,0.95,TRUE,"DFNA5","DFNA5","","PRKAA1;PPM1D;Mdm2;TP53;TP53INP1;CDKN1A;MYC;MALAT1;SIRT1;DFNA5;E2F1;AKT1;RB1;CDC25A;BBC3;BCL2;BAX;CASP3;CASP9",21,"Limited observational concordance","HCC; malignant cell annotated observational concordance; not causal perturbation validation"
"GSE189903","GSE189903_HCC","2HT3","HCC tumour-region observational concordance; malignant status annotated separately","CASP3 KO",0.523734459391147,0.520464397430453,0.253945323587462,19,0.95,TRUE,"CASP3","CASP3","DFNA5;CDKN1A;CASP9","PRKAA1;PPM1D;Mdm2;TP53;TP53INP1;CDKN1A;MYC;MALAT1;SIRT1;DFNA5;E2F1;AKT1;RB1;CDC25A;BBC3;BCL2;BAX;CASP3;CASP9",21,"Limited observational concordance","HCC; malignant cell annotated observational concordance; not causal perturbation validation"
"GSE189903","GSE189903_HCC","2HT3","HCC tumour-region observational concordance; malignant status annotated separately","miR-204-5p OE",0.645808353563798,0.62729025450564,0.265364787450163,19,0.95,FALSE,"MIR204","","SIRT1;BCL2;MYC;E2F1;CDC25A;AKT1","PRKAA1;PPM1D;Mdm2;TP53;TP53INP1;CDKN1A;MYC;MALAT1;SIRT1;DFNA5;E2F1;AKT1;RB1;CDC25A;BBC3;BCL2;BAX;CASP3;CASP9",21,"Indirect only: perturbed node not measured","HCC; malignant cell annotated observational concordance; not causal perturbation validation"
"GSE189903","GSE189903_HCC","2HT3","HCC tumour-region observational concordance; malignant status annotated separately","miR-204-5p KO",0.479550248864831,0.467982283340118,0.0787026890505362,19,0.95,FALSE,"MIR204","","SIRT1;BCL2;MYC;E2F1;CDC25A;AKT1","PRKAA1;PPM1D;Mdm2;TP53;TP53INP1;CDKN1A;MYC;MALAT1;SIRT1;DFNA5;E2F1;AKT1;RB1;CDC25A;BBC3;BCL2;BAX;CASP3;CASP9",21,"Indirect only: perturbed node not measured","HCC; malignant cell annotated observational concordance; not causal perturbation validation"
"GSE189903","GSE189903_HCC","2HT3","HCC tumour-region observational concordance; malignant status annotated separately","MALAT1 OE",0.479550248864831,0.550384305837809,0.0787026890505362,19,0.95,TRUE,"MALAT1","MALAT1","","PRKAA1;PPM1D;Mdm2;TP53;TP53INP1;CDKN1A;MYC;MALAT1;SIRT1;DFNA5;E2F1;AKT1;RB1;CDC25A;BBC3;BCL2;BAX;CASP3;CASP9",21,"Limited observational concordance","HCC; malignant cell annotated observational concordance; not causal perturbation validation"
"GSE189903","GSE189903_HCC","2HT3","HCC tumour-region observational concordance; malignant status annotated separately","MALAT1 KO",0.542813406759568,0.468929760383263,0.0349307588108633,19,0.95,TRUE,"MALAT1","MALAT1","","PRKAA1;PPM1D;Mdm2;TP53;TP53INP1;CDKN1A;MYC;MALAT1;SIRT1;DFNA5;E2F1;AKT1;RB1;CDC25A;BBC3;BCL2;BAX;CASP3;CASP9",21,"Limited observational concordance","HCC; malignant cell annotated observational concordance; not causal perturbation validation"
"GSE189903","GSE189903_HCC","2HT3","HCC tumour-region observational concordance; malignant status annotated separately","SIRT1 OE",0.479550248864831,0.483106727323121,0.0787026890505362,19,0.95,TRUE,"SIRT1","SIRT1","TP53","PRKAA1;PPM1D;Mdm2;TP53;TP53INP1;CDKN1A;MYC;MALAT1;SIRT1;DFNA5;E2F1;AKT1;RB1;CDC25A;BBC3;BCL2;BAX;CASP3;CASP9",21,"Limited observational concordance","HCC; malignant cell annotated observational concordance; not causal perturbation validation"
"GSE189903","GSE189903_HCC","2HT3","HCC tumour-region observational concordance; malignant status annotated separately","SIRT1 KO",0.570608974817055,0.558329153109741,0.354544757003087,19,0.95,TRUE,"SIRT1","SIRT1","TP53","PRKAA1;PPM1D;Mdm2;TP53;TP53INP1;CDKN1A;MYC;MALAT1;SIRT1;DFNA5;E2F1;AKT1;RB1;CDC25A;BBC3;BCL2;BAX;CASP3;CASP9",21,"Limited observational concordance","HCC; malignant cell annotated observational concordance; not causal perturbation validation"
"GSE189903","GSE189903_HCC","2HT3","HCC tumour-region observational concordance; malignant status annotated separately","BCL2 KO",0.533602880443778,0.514364751410641,0.30238567328807,19,0.95,TRUE,"BCL2","BCL2","BAX;CASP3","PRKAA1;PPM1D;Mdm2;TP53;TP53INP1;CDKN1A;MYC;MALAT1;SIRT1;DFNA5;E2F1;AKT1;RB1;CDC25A;BBC3;BCL2;BAX;CASP3;CASP9",21,"Limited observational concordance","HCC; malignant cell annotated observational concordance; not causal perturbation validation"
"GSE189903","GSE189903_HCC","2HT3","HCC tumour-region observational concordance; malignant status annotated separately","GSDME OE",0.528997617285884,0.525043396746899,0.257061439252217,19,0.95,TRUE,"DFNA5","DFNA5","","PRKAA1;PPM1D;Mdm2;TP53;TP53INP1;CDKN1A;MYC;MALAT1;SIRT1;DFNA5;E2F1;AKT1;RB1;CDC25A;BBC3;BCL2;BAX;CASP3;CASP9",21,"Limited observational concordance","HCC; malignant cell annotated observational concordance; not causal perturbation validation"
"GSE189903","GSE189903_HCC","2HT3","HCC tumour-region observational concordance; malignant status annotated separately","CASP3 OE",0.528997617285884,0.525464397430453,0.229313463121123,19,0.95,TRUE,"CASP3","CASP3","DFNA5;CDKN1A;CASP9","PRKAA1;PPM1D;Mdm2;TP53;TP53INP1;CDKN1A;MYC;MALAT1;SIRT1;DFNA5;E2F1;AKT1;RB1;CDC25A;BBC3;BCL2;BAX;CASP3;CASP9",21,"Limited observational concordance","HCC; malignant cell annotated observational concordance; not causal perturbation validation"
"GSE189903","GSE189903_HCC","2HT3","HCC tumour-region observational concordance; malignant status annotated separately","miR-204-5p OE + GSDME KO",0.634295195669061,0.605839512951464,0.348802775984084,19,0.95,TRUE,"MIR204;DFNA5","DFNA5","SIRT1;BCL2;MYC;E2F1;CDC25A;AKT1","PRKAA1;PPM1D;Mdm2;TP53;TP53INP1;CDKN1A;MYC;MALAT1;SIRT1;DFNA5;E2F1;AKT1;RB1;CDC25A;BBC3;BCL2;BAX;CASP3;CASP9",21,"Limited observational concordance","HCC; malignant cell annotated observational concordance; not causal perturbation validation"
"GSE189903","GSE189903_HCC","2HT3","HCC tumour-region observational concordance; malignant status annotated separately","CASP3 OE + GSDME KO",0.526037090970094,0.52080036799116,0.257423243005164,19,0.95,TRUE,"CASP3;DFNA5","CASP3;DFNA5","DFNA5;CDKN1A;CASP9","PRKAA1;PPM1D;Mdm2;TP53;TP53INP1;CDKN1A;MYC;MALAT1;SIRT1;DFNA5;E2F1;AKT1;RB1;CDC25A;BBC3;BCL2;BAX;CASP3;CASP9",21,"Limited observational concordance","HCC; malignant cell annotated observational concordance; not causal perturbation validation"
"GSE189903","GSE189903_HCC","2HT3","HCC tumour-region observational concordance; malignant status annotated separately","SIRT1 KO + GSDME KO",0.566990553764423,0.548954635443232,0.348802775984084,19,0.95,TRUE,"SIRT1;DFNA5","SIRT1;DFNA5","TP53","PRKAA1;PPM1D;Mdm2;TP53;TP53INP1;CDKN1A;MYC;MALAT1;SIRT1;DFNA5;E2F1;AKT1;RB1;CDC25A;BBC3;BCL2;BAX;CASP3;CASP9",21,"Limited observational concordance","HCC; malignant cell annotated observational concordance; not causal perturbation validation"
"GSE189903","GSE189903_HCC","2HT3","HCC tumour-region observational concordance; malignant status annotated separately","MALAT1 KO + GSDME KO",0.53722130149641,0.468408189137272,0.0322641264810105,19,0.95,TRUE,"MALAT1;DFNA5","MALAT1;DFNA5","","PRKAA1;PPM1D;Mdm2;TP53;TP53INP1;CDKN1A;MYC;MALAT1;SIRT1;DFNA5;E2F1;AKT1;RB1;CDC25A;BBC3;BCL2;BAX;CASP3;CASP9",21,"Limited observational concordance","HCC; malignant cell annotated observational concordance; not causal perturbation validation"
"GSE189903","GSE189903_HCC","2HT3","HCC tumour-region observational concordance; malignant status annotated separately","miR-204-5p OE + CASP3 KO",0.582650458826956,0.579325843719724,0.320554040593443,19,0.95,TRUE,"MIR204;CASP3","CASP3","SIRT1;BCL2;MYC;E2F1;CDC25A;AKT1;DFNA5;CDKN1A;CASP9","PRKAA1;PPM1D;Mdm2;TP53;TP53INP1;CDKN1A;MYC;MALAT1;SIRT1;DFNA5;E2F1;AKT1;RB1;CDC25A;BBC3;BCL2;BAX;CASP3;CASP9",21,"Limited observational concordance","HCC; malignant cell annotated observational concordance; not causal perturbation validation"
"GSE189903","GSE189903_HCC","2HT3","HCC tumour-region observational concordance; malignant status annotated separately","GSDME E1 + CASP3 E1",0.519787090970094,0.516170738361531,0.229313463121123,19,0.95,TRUE,"DFNA5;CASP3","DFNA5;CASP3","DFNA5;CDKN1A;CASP9","PRKAA1;PPM1D;Mdm2;TP53;TP53INP1;CDKN1A;MYC;MALAT1;SIRT1;DFNA5;E2F1;AKT1;RB1;CDC25A;BBC3;BCL2;BAX;CASP3;CASP9",21,"Limited observational concordance","HCC; malignant cell annotated observational concordance; not causal perturbation validation"
"GSE189903","GSE189903_HCC","2HT3","HCC tumour-region observational concordance; malignant status annotated separately","p53 E1 + miR-204-5p E1 + CASP3 KO + p21 E1",0.556334669353271,0.542197019693912,0.248981946973514,19,0.95,TRUE,"TP53;MIR204;CASP3;CDKN1A","TP53;CASP3;CDKN1A","Mdm2;SIRT1;BCL2;MYC;E2F1;CDC25A;AKT1;CASP3;DFNA5;CDKN1A;CASP9","PRKAA1;PPM1D;Mdm2;TP53;TP53INP1;CDKN1A;MYC;MALAT1;SIRT1;DFNA5;E2F1;AKT1;RB1;CDC25A;BBC3;BCL2;BAX;CASP3;CASP9",21,"Limited observational concordance","HCC; malignant cell annotated observational concordance; not causal perturbation validation"
"GSE189903","GSE189903_HCC","2HT3","HCC tumour-region observational concordance; malignant status annotated separately","MALAT1 E1 + miR-204-5p KO + SIRT1 E1",0.479550248864831,0.522469583338805,0.0787026890505362,19,0.95,TRUE,"MALAT1;MIR204;SIRT1","MALAT1;SIRT1","SIRT1;BCL2;MYC;E2F1;CDC25A;AKT1;TP53","PRKAA1;PPM1D;Mdm2;TP53;TP53INP1;CDKN1A;MYC;MALAT1;SIRT1;DFNA5;E2F1;AKT1;RB1;CDC25A;BBC3;BCL2;BAX;CASP3;CASP9",21,"Limited observational concordance","HCC; malignant cell annotated observational concordance; not causal perturbation validation"
"GSE189903","GSE189903_HCC","2HT3","HCC tumour-region observational concordance; malignant status annotated separately","SIRT1 KO + GSDME KO + CASP3 E1",0.564693112230065,0.544026591603251,0.401258436218272,19,0.95,TRUE,"SIRT1;DFNA5;CASP3","SIRT1;DFNA5;CASP3","DFNA5;CDKN1A;CASP9;TP53","PRKAA1;PPM1D;Mdm2;TP53;TP53INP1;CDKN1A;MYC;MALAT1;SIRT1;DFNA5;E2F1;AKT1;RB1;CDC25A;BBC3;BCL2;BAX;CASP3;CASP9",21,"Limited observational concordance","HCC; malignant cell annotated observational concordance; not causal perturbation validation"
"GSE189903","GSE189903_HCC","2HT3","HCC tumour-region observational concordance; malignant status annotated separately","BAX E1",0.548400321978136,0.594596008752774,0.487102739471912,19,0.95,TRUE,"BAX","BAX","CASP3","PRKAA1;PPM1D;Mdm2;TP53;TP53INP1;CDKN1A;MYC;MALAT1;SIRT1;DFNA5;E2F1;AKT1;RB1;CDC25A;BBC3;BCL2;BAX;CASP3;CASP9",21,"Limited observational concordance","HCC; malignant cell annotated observational concordance; not causal perturbation validation"
"GSE189903","GSE189903_HCC","2HT3","HCC tumour-region observational concordance; malignant status annotated separately","BAX E1 + GSDME KO",0.579321374609715,0.607959930819761,0.46569736721216,19,0.95,TRUE,"BAX;DFNA5","BAX;DFNA5","CASP3","PRKAA1;PPM1D;Mdm2;TP53;TP53INP1;CDKN1A;MYC;MALAT1;SIRT1;DFNA5;E2F1;AKT1;RB1;CDC25A;BBC3;BCL2;BAX;CASP3;CASP9",21,"Limited observational concordance","HCC; malignant cell annotated observational concordance; not causal perturbation validation"
"GSE189903","GSE189903_HCC","2HT3","HCC tumour-region observational concordance; malignant status annotated separately","p53 E1",0.688866038338515,0.662476248541486,0.274716703142609,19,0.95,TRUE,"TP53","TP53","Mdm2","PRKAA1;PPM1D;Mdm2;TP53;TP53INP1;CDKN1A;MYC;MALAT1;SIRT1;DFNA5;E2F1;AKT1;RB1;CDC25A;BBC3;BCL2;BAX;CASP3;CASP9",21,"Limited observational concordance","HCC; malignant cell annotated observational concordance; not causal perturbation validation"
"GSE189903","GSE189903_HCC","2HT3","HCC tumour-region observational concordance; malignant status annotated separately","p53 KO",0.479550248864831,0.489563205063225,0.0787026890505362,19,0.95,TRUE,"TP53","TP53","Mdm2","PRKAA1;PPM1D;Mdm2;TP53;TP53INP1;CDKN1A;MYC;MALAT1;SIRT1;DFNA5;E2F1;AKT1;RB1;CDC25A;BBC3;BCL2;BAX;CASP3;CASP9",21,"Limited observational concordance","HCC; malignant cell annotated observational concordance; not causal perturbation validation"
"GSE189903","GSE189903_HCC","2HT3","HCC tumour-region observational concordance; malignant status annotated separately","p21 E1",0.546954963882774,0.536312117034091,0.0637237079685629,19,0.95,TRUE,"CDKN1A","CDKN1A","CASP3","PRKAA1;PPM1D;Mdm2;TP53;TP53INP1;CDKN1A;MYC;MALAT1;SIRT1;DFNA5;E2F1;AKT1;RB1;CDC25A;BBC3;BCL2;BAX;CASP3;CASP9",21,"Limited observational concordance","HCC; malignant cell annotated observational concordance; not causal perturbation validation"
