"accession","experiment","validation_group","validation_scope","perturbation","concordance_score","weighted_concordance_score","spearman_rank_correlation","nodes_compared","node_coverage","direct_target_observed","direct_nodes","observed_direct_nodes","observed_first_order_nodes","compared_nodes","n_cells","evidence_grade","claim_level"
"GSE125449","GSE125449_Set1","S10_P05_LCP23","tumour-cell-intrinsic observational concordance","Reference: DDR ON, GSDME endogenous",0.59762624365752,0.59762624365752,-0.0264747825074525,19,0.95,FALSE,"","","","PRKAA1;PPM1D;Mdm2;TP53;TP53INP1;CDKN1A;MYC;MALAT1;SIRT1;DFNA5;E2F1;AKT1;RB1;CDC25A;BBC3;BCL2;BAX;CASP3;CASP9",46,"Indirect only: perturbed node not measured","HCC; malignant cell annotated observational concordance; not causal perturbation validation"
"GSE125449","GSE125449_Set1","S10_P05_LCP23","tumour-cell-intrinsic observational concordance","GSDME KO",0.551818246542791,0.544752122014229,-0.0729089956691528,19,0.95,TRUE,"DFNA5","DFNA5","","PRKAA1;PPM1D;Mdm2;TP53;TP53INP1;CDKN1A;MYC;MALAT1;SIRT1;DFNA5;E2F1;AKT1;RB1;CDC25A;BBC3;BCL2;BAX;CASP3;CASP9",46,"Limited observational concordance","HCC; malignant cell annotated observational concordance; not causal perturbation validation"
"GSE125449","GSE125449_Set1","S10_P05_LCP23","tumour-cell-intrinsic observational concordance","CASP3 KO",0.587428875236467,0.577546233175497,-0.10589913002981,19,0.95,TRUE,"CASP3","CASP3","DFNA5;CDKN1A;CASP9","PRKAA1;PPM1D;Mdm2;TP53;TP53INP1;CDKN1A;MYC;MALAT1;SIRT1;DFNA5;E2F1;AKT1;RB1;CDC25A;BBC3;BCL2;BAX;CASP3;CASP9",46,"Limited observational concordance","HCC; malignant cell annotated observational concordance; not causal perturbation validation"
"GSE125449","GSE125449_Set1","S10_P05_LCP23","tumour-cell-intrinsic observational concordance","miR-204-5p OE",0.581675389554591,0.580073296061489,-0.370795882646403,19,0.95,FALSE,"MIR204","","SIRT1;BCL2;MYC;E2F1;CDC25A;AKT1","PRKAA1;PPM1D;Mdm2;TP53;TP53INP1;CDKN1A;MYC;MALAT1;SIRT1;DFNA5;E2F1;AKT1;RB1;CDC25A;BBC3;BCL2;BAX;CASP3;CASP9",46,"Indirect only: perturbed node not measured","HCC; malignant cell annotated observational concordance; not causal perturbation validation"
"GSE125449","GSE125449_Set1","S10_P05_LCP23","tumour-cell-intrinsic observational concordance","miR-204-5p KO",0.527147193911212,0.502631867372521,0.0707686410942324,19,0.95,FALSE,"MIR204","","SIRT1;BCL2;MYC;E2F1;CDC25A;AKT1","PRKAA1;PPM1D;Mdm2;TP53;TP53INP1;CDKN1A;MYC;MALAT1;SIRT1;DFNA5;E2F1;AKT1;RB1;CDC25A;BBC3;BCL2;BAX;CASP3;CASP9",46,"Indirect only: perturbed node not measured","HCC; malignant cell annotated observational concordance; not causal perturbation validation"
"GSE125449","GSE125449_Set1","S10_P05_LCP23","tumour-cell-intrinsic observational concordance","MALAT1 OE",0.527147193911212,0.569415769603357,0.0707686410942324,19,0.95,TRUE,"MALAT1","MALAT1","","PRKAA1;PPM1D;Mdm2;TP53;TP53INP1;CDKN1A;MYC;MALAT1;SIRT1;DFNA5;E2F1;AKT1;RB1;CDC25A;BBC3;BCL2;BAX;CASP3;CASP9",46,"Limited observational concordance","HCC; malignant cell annotated observational concordance; not causal perturbation validation"
"GSE125449","GSE125449_Set1","S10_P05_LCP23","tumour-cell-intrinsic observational concordance","MALAT1 KO",0.585886673754018,0.528204388834796,-0.292060314870131,19,0.95,TRUE,"MALAT1","MALAT1","","PRKAA1;PPM1D;Mdm2;TP53;TP53INP1;CDKN1A;MYC;MALAT1;SIRT1;DFNA5;E2F1;AKT1;RB1;CDC25A;BBC3;BCL2;BAX;CASP3;CASP9",46,"Limited observational concordance","HCC; malignant cell annotated observational concordance; not causal perturbation validation"
"GSE125449","GSE125449_Set1","S10_P05_LCP23","tumour-cell-intrinsic observational concordance","SIRT1 OE",0.527147193911212,0.522425942796219,0.0707686410942324,19,0.95,TRUE,"SIRT1","SIRT1","TP53","PRKAA1;PPM1D;Mdm2;TP53;TP53INP1;CDKN1A;MYC;MALAT1;SIRT1;DFNA5;E2F1;AKT1;RB1;CDC25A;BBC3;BCL2;BAX;CASP3;CASP9",46,"Limited observational concordance","HCC; malignant cell annotated observational concordance; not causal perturbation validation"
"GSE125449","GSE125449_Set1","S10_P05_LCP23","tumour-cell-intrinsic observational concordance","SIRT1 KO",0.496412989543491,0.497036817448971,-0.313750362239264,19,0.95,TRUE,"SIRT1","SIRT1","TP53","PRKAA1;PPM1D;Mdm2;TP53;TP53INP1;CDKN1A;MYC;MALAT1;SIRT1;DFNA5;E2F1;AKT1;RB1;CDC25A;BBC3;BCL2;BAX;CASP3;CASP9",46,"Limited observational concordance","HCC; malignant cell annotated observational concordance; not causal perturbation validation"
"GSE125449","GSE125449_Set1","S10_P05_LCP23","tumour-cell-intrinsic observational concordance","BCL2 KO",0.603547296289099,0.605185400086783,-0.0853209908609371,19,0.95,TRUE,"BCL2","BCL2","BAX;CASP3","PRKAA1;PPM1D;Mdm2;TP53;TP53INP1;CDKN1A;MYC;MALAT1;SIRT1;DFNA5;E2F1;AKT1;RB1;CDC25A;BBC3;BCL2;BAX;CASP3;CASP9",46,"Limited observational concordance","HCC; malignant cell annotated observational concordance; not causal perturbation validation"
"GSE125449","GSE125449_Set1","S10_P05_LCP23","tumour-cell-intrinsic observational concordance","GSDME OE",0.607410351805949,0.592763485650593,-0.0186737884457855,19,0.95,TRUE,"DFNA5","DFNA5","","PRKAA1;PPM1D;Mdm2;TP53;TP53INP1;CDKN1A;MYC;MALAT1;SIRT1;DFNA5;E2F1;AKT1;RB1;CDC25A;BBC3;BCL2;BAX;CASP3;CASP9",46,"Limited observational concordance","HCC; malignant cell annotated observational concordance; not causal perturbation validation"
"GSE125449","GSE125449_Set1","S10_P05_LCP23","tumour-cell-intrinsic observational concordance","CASP3 OE",0.590962983384897,0.580982155368304,0.0834828189340997,19,0.95,TRUE,"CASP3","CASP3","DFNA5;CDKN1A;CASP9","PRKAA1;PPM1D;Mdm2;TP53;TP53INP1;CDKN1A;MYC;MALAT1;SIRT1;DFNA5;E2F1;AKT1;RB1;CDC25A;BBC3;BCL2;BAX;CASP3;CASP9",46,"Limited observational concordance","HCC; malignant cell annotated observational concordance; not causal perturbation validation"
"GSE125449","GSE125449_Set1","S10_P05_LCP23","tumour-cell-intrinsic observational concordance","miR-204-5p OE + GSDME KO",0.558649073765117,0.555869014340615,-0.39379223820981,19,0.95,TRUE,"MIR204;DFNA5","DFNA5","SIRT1;BCL2;MYC;E2F1;CDC25A;AKT1","PRKAA1;PPM1D;Mdm2;TP53;TP53INP1;CDKN1A;MYC;MALAT1;SIRT1;DFNA5;E2F1;AKT1;RB1;CDC25A;BBC3;BCL2;BAX;CASP3;CASP9",46,"Limited observational concordance","HCC; malignant cell annotated observational concordance; not causal perturbation validation"
"GSE125449","GSE125449_Set1","S10_P05_LCP23","tumour-cell-intrinsic observational concordance","CASP3 OE + GSDME KO",0.589073612078572,0.574116882569905,0.0176000668803812,19,0.95,TRUE,"CASP3;DFNA5","CASP3;DFNA5","DFNA5;CDKN1A;CASP9","PRKAA1;PPM1D;Mdm2;TP53;TP53INP1;CDKN1A;MYC;MALAT1;SIRT1;DFNA5;E2F1;AKT1;RB1;CDC25A;BBC3;BCL2;BAX;CASP3;CASP9",46,"Limited observational concordance","HCC; malignant cell annotated observational concordance; not causal perturbation validation"
"GSE125449","GSE125449_Set1","S10_P05_LCP23","tumour-cell-intrinsic observational concordance","SIRT1 KO + GSDME KO",0.477662989543492,0.483917184666398,-0.400702781061347,19,0.95,TRUE,"SIRT1;DFNA5","SIRT1;DFNA5","TP53","PRKAA1;PPM1D;Mdm2;TP53;TP53INP1;CDKN1A;MYC;MALAT1;SIRT1;DFNA5;E2F1;AKT1;RB1;CDC25A;BBC3;BCL2;BAX;CASP3;CASP9",46,"Limited observational concordance","HCC; malignant cell annotated observational concordance; not causal perturbation validation"
"GSE125449","GSE125449_Set1","S10_P05_LCP23","tumour-cell-intrinsic observational concordance","MALAT1 KO + GSDME KO",0.550213851912587,0.497708517575133,-0.349386621088913,19,0.95,TRUE,"MALAT1;DFNA5","MALAT1;DFNA5","","PRKAA1;PPM1D;Mdm2;TP53;TP53INP1;CDKN1A;MYC;MALAT1;SIRT1;DFNA5;E2F1;AKT1;RB1;CDC25A;BBC3;BCL2;BAX;CASP3;CASP9",46,"Limited observational concordance","HCC; malignant cell annotated observational concordance; not causal perturbation validation"
"GSE125449","GSE125449_Set1","S10_P05_LCP23","tumour-cell-intrinsic observational concordance","miR-204-5p OE + CASP3 KO",0.507662231659854,0.527599200052989,-0.443863875351163,19,0.95,TRUE,"MIR204;CASP3","CASP3","SIRT1;BCL2;MYC;E2F1;CDC25A;AKT1;DFNA5;CDKN1A;CASP9","PRKAA1;PPM1D;Mdm2;TP53;TP53INP1;CDKN1A;MYC;MALAT1;SIRT1;DFNA5;E2F1;AKT1;RB1;CDC25A;BBC3;BCL2;BAX;CASP3;CASP9",46,"Limited observational concordance","HCC; malignant cell annotated observational concordance; not causal perturbation validation"
"GSE125449","GSE125449_Set1","S10_P05_LCP23","tumour-cell-intrinsic observational concordance","GSDME E1 + CASP3 E1",0.575502457069107,0.564335329044726,0.0834828189340997,19,0.95,TRUE,"DFNA5;CASP3","DFNA5;CASP3","DFNA5;CDKN1A;CASP9","PRKAA1;PPM1D;Mdm2;TP53;TP53INP1;CDKN1A;MYC;MALAT1;SIRT1;DFNA5;E2F1;AKT1;RB1;CDC25A;BBC3;BCL2;BAX;CASP3;CASP9",46,"Limited observational concordance","HCC; malignant cell annotated observational concordance; not causal perturbation validation"
"GSE125449","GSE125449_Set1","S10_P05_LCP23","tumour-cell-intrinsic observational concordance","p53 E1 + miR-204-5p E1 + CASP3 KO + p21 E1",0.47838591587038,0.481096237887934,-0.470152163025777,19,0.95,TRUE,"TP53;MIR204;CASP3;CDKN1A","TP53;CASP3;CDKN1A","Mdm2;SIRT1;BCL2;MYC;E2F1;CDC25A;AKT1;CASP3;DFNA5;CDKN1A;CASP9","PRKAA1;PPM1D;Mdm2;TP53;TP53INP1;CDKN1A;MYC;MALAT1;SIRT1;DFNA5;E2F1;AKT1;RB1;CDC25A;BBC3;BCL2;BAX;CASP3;CASP9",46,"Limited observational concordance","HCC; malignant cell annotated observational concordance; not causal perturbation validation"
"GSE125449","GSE125449_Set1","S10_P05_LCP23","tumour-cell-intrinsic observational concordance","MALAT1 E1 + miR-204-5p KO + SIRT1 E1",0.527147193911212,0.534746675202383,0.0707686410942324,19,0.95,TRUE,"MALAT1;MIR204;SIRT1","MALAT1;SIRT1","SIRT1;BCL2;MYC;E2F1;CDC25A;AKT1;TP53","PRKAA1;PPM1D;Mdm2;TP53;TP53INP1;CDKN1A;MYC;MALAT1;SIRT1;DFNA5;E2F1;AKT1;RB1;CDC25A;BBC3;BCL2;BAX;CASP3;CASP9",46,"Limited observational concordance","HCC; malignant cell annotated observational concordance; not causal perturbation validation"
"GSE125449","GSE125449_Set1","S10_P05_LCP23","tumour-cell-intrinsic observational concordance","SIRT1 KO + GSDME KO + CASP3 E1",0.46779456849086,0.490825935523255,-0.251845635711251,19,0.95,TRUE,"SIRT1;DFNA5;CASP3","SIRT1;DFNA5;CASP3","DFNA5;CDKN1A;CASP9;TP53","PRKAA1;PPM1D;Mdm2;TP53;TP53INP1;CDKN1A;MYC;MALAT1;SIRT1;DFNA5;E2F1;AKT1;RB1;CDC25A;BBC3;BCL2;BAX;CASP3;CASP9",46,"Limited observational concordance","HCC; malignant cell annotated observational concordance; not causal perturbation validation"
"GSE125449","GSE125449_Set1","S10_P05_LCP23","tumour-cell-intrinsic observational concordance","BAX E1",0.528547296289099,0.468523980315767,-0.263987912165665,19,0.95,TRUE,"BAX","BAX","CASP3","PRKAA1;PPM1D;Mdm2;TP53;TP53INP1;CDKN1A;MYC;MALAT1;SIRT1;DFNA5;E2F1;AKT1;RB1;CDC25A;BBC3;BCL2;BAX;CASP3;CASP9",46,"Limited observational concordance","HCC; malignant cell annotated observational concordance; not causal perturbation validation"
"GSE125449","GSE125449_Set1","S10_P05_LCP23","tumour-cell-intrinsic observational concordance","BAX E1 + GSDME KO",0.521310454183836,0.46638659797164,-0.279323309552882,19,0.95,TRUE,"BAX;DFNA5","BAX;DFNA5","CASP3","PRKAA1;PPM1D;Mdm2;TP53;TP53INP1;CDKN1A;MYC;MALAT1;SIRT1;DFNA5;E2F1;AKT1;RB1;CDC25A;BBC3;BCL2;BAX;CASP3;CASP9",46,"Limited observational concordance","HCC; malignant cell annotated observational concordance; not causal perturbation validation"
"GSE125449","GSE125449_Set1","S10_P05_LCP23","tumour-cell-intrinsic observational concordance","p53 E1",0.729965621122439,0.689971600057667,0.00110207575281935,19,0.95,TRUE,"TP53","TP53","Mdm2","PRKAA1;PPM1D;Mdm2;TP53;TP53INP1;CDKN1A;MYC;MALAT1;SIRT1;DFNA5;E2F1;AKT1;RB1;CDC25A;BBC3;BCL2;BAX;CASP3;CASP9",46,"Limited observational concordance","HCC; malignant cell annotated observational concordance; not causal perturbation validation"
"GSE125449","GSE125449_Set1","S10_P05_LCP23","tumour-cell-intrinsic observational concordance","p53 KO",0.527147193911212,0.522425942796219,0.0707686410942324,19,0.95,TRUE,"TP53","TP53","Mdm2","PRKAA1;PPM1D;Mdm2;TP53;TP53INP1;CDKN1A;MYC;MALAT1;SIRT1;DFNA5;E2F1;AKT1;RB1;CDC25A;BBC3;BCL2;BAX;CASP3;CASP9",46,"Limited observational concordance","HCC; malignant cell annotated observational concordance; not causal perturbation validation"
"GSE125449","GSE125449_Set1","S10_P05_LCP23","tumour-cell-intrinsic observational concordance","p21 E1",0.574007064721251,0.529287505653048,-0.238905293134802,19,0.95,TRUE,"CDKN1A","CDKN1A","CASP3","PRKAA1;PPM1D;Mdm2;TP53;TP53INP1;CDKN1A;MYC;MALAT1;SIRT1;DFNA5;E2F1;AKT1;RB1;CDC25A;BBC3;BCL2;BAX;CASP3;CASP9",46,"Limited observational concordance","HCC; malignant cell annotated observational concordance; not causal perturbation validation"
"GSE125449","GSE125449_Set1","S12_P07_LCP30","tumour-cell-intrinsic observational concordance","Reference: DDR ON, GSDME endogenous",0.565923289249472,0.565923289249472,-0.0220623187562105,19,0.95,FALSE,"","","","PRKAA1;PPM1D;Mdm2;TP53;TP53INP1;CDKN1A;MYC;MALAT1;SIRT1;DFNA5;E2F1;AKT1;RB1;CDC25A;BBC3;BCL2;BAX;CASP3;CASP9",25,"Indirect only: perturbed node not measured","HCC; malignant cell annotated observational concordance; not causal perturbation validation"
"GSE125449","GSE125449_Set1","S12_P07_LCP30","tumour-cell-intrinsic observational concordance","GSDME KO",0.519541710302104,0.516876931624544,-0.0684902686589011,19,0.95,TRUE,"DFNA5","DFNA5","","PRKAA1;PPM1D;Mdm2;TP53;TP53INP1;CDKN1A;MYC;MALAT1;SIRT1;DFNA5;E2F1;AKT1;RB1;CDC25A;BBC3;BCL2;BAX;CASP3;CASP9",25,"Limited observational concordance","HCC; malignant cell annotated observational concordance; not causal perturbation validation"
"GSE125449","GSE125449_Set1","S12_P07_LCP30","tumour-cell-intrinsic observational concordance","CASP3 KO",0.556383815565262,0.553917918924814,-0.0948679706517049,19,0.95,TRUE,"CASP3","CASP3","DFNA5;CDKN1A;CASP9","PRKAA1;PPM1D;Mdm2;TP53;TP53INP1;CDKN1A;MYC;MALAT1;SIRT1;DFNA5;E2F1;AKT1;RB1;CDC25A;BBC3;BCL2;BAX;CASP3;CASP9",25,"Limited observational concordance","HCC; malignant cell annotated observational concordance; not causal perturbation validation"
"GSE125449","GSE125449_Set1","S12_P07_LCP30","tumour-cell-intrinsic observational concordance","miR-204-5p OE",0.623719878286947,0.612027107498079,-0.127781965711991,19,0.95,FALSE,"MIR204","","SIRT1;BCL2;MYC;E2F1;CDC25A;AKT1","PRKAA1;PPM1D;Mdm2;TP53;TP53INP1;CDKN1A;MYC;MALAT1;SIRT1;DFNA5;E2F1;AKT1;RB1;CDC25A;BBC3;BCL2;BAX;CASP3;CASP9",25,"Indirect only: perturbed node not measured","HCC; malignant cell annotated observational concordance; not causal perturbation validation"
"GSE125449","GSE125449_Set1","S12_P07_LCP30","tumour-cell-intrinsic observational concordance","miR-204-5p KO",0.494870657670525,0.478101699829599,-0.0707686410942324,19,0.95,FALSE,"MIR204","","SIRT1;BCL2;MYC;E2F1;CDC25A;AKT1","PRKAA1;PPM1D;Mdm2;TP53;TP53INP1;CDKN1A;MYC;MALAT1;SIRT1;DFNA5;E2F1;AKT1;RB1;CDC25A;BBC3;BCL2;BAX;CASP3;CASP9",25,"Indirect only: perturbed node not measured","HCC; malignant cell annotated observational concordance; not causal perturbation validation"
"GSE125449","GSE125449_Set1","S12_P07_LCP30","tumour-cell-intrinsic observational concordance","MALAT1 OE",0.494870657670525,0.52396886008695,-0.0707686410942324,19,0.95,TRUE,"MALAT1","MALAT1","","PRKAA1;PPM1D;Mdm2;TP53;TP53INP1;CDKN1A;MYC;MALAT1;SIRT1;DFNA5;E2F1;AKT1;RB1;CDC25A;BBC3;BCL2;BAX;CASP3;CASP9",25,"Limited observational concordance","HCC; malignant cell annotated observational concordance; not causal perturbation validation"
"GSE125449","GSE125449_Set1","S12_P07_LCP30","tumour-cell-intrinsic observational concordance","MALAT1 KO",0.571633028682001,0.533466141762959,-0.277840149726641,19,0.95,TRUE,"MALAT1","MALAT1","","PRKAA1;PPM1D;Mdm2;TP53;TP53INP1;CDKN1A;MYC;MALAT1;SIRT1;DFNA5;E2F1;AKT1;RB1;CDC25A;BBC3;BCL2;BAX;CASP3;CASP9",25,"Limited observational concordance","HCC; malignant cell annotated observational concordance; not causal perturbation validation"
"GSE125449","GSE125449_Set1","S12_P07_LCP30","tumour-cell-intrinsic observational concordance","SIRT1 OE",0.494870657670525,0.495762717206086,-0.0707686410942324,19,0.95,TRUE,"SIRT1","SIRT1","TP53","PRKAA1;PPM1D;Mdm2;TP53;TP53INP1;CDKN1A;MYC;MALAT1;SIRT1;DFNA5;E2F1;AKT1;RB1;CDC25A;BBC3;BCL2;BAX;CASP3;CASP9",25,"Limited observational concordance","HCC; malignant cell annotated observational concordance; not causal perturbation validation"
"GSE125449","GSE125449_Set1","S12_P07_LCP30","tumour-cell-intrinsic observational concordance","SIRT1 KO",0.538367823274356,0.531695158357077,-0.0661728036722811,19,0.95,TRUE,"SIRT1","SIRT1","TP53","PRKAA1;PPM1D;Mdm2;TP53;TP53INP1;CDKN1A;MYC;MALAT1;SIRT1;DFNA5;E2F1;AKT1;RB1;CDC25A;BBC3;BCL2;BAX;CASP3;CASP9",25,"Limited observational concordance","HCC; malignant cell annotated observational concordance; not causal perturbation validation"
"GSE125449","GSE125449_Set1","S12_P07_LCP30","tumour-cell-intrinsic observational concordance","BCL2 KO",0.573160131354735,0.576202267065577,-0.0415666365732771,19,0.95,TRUE,"BCL2","BCL2","BAX;CASP3","PRKAA1;PPM1D;Mdm2;TP53;TP53INP1;CDKN1A;MYC;MALAT1;SIRT1;DFNA5;E2F1;AKT1;RB1;CDC25A;BBC3;BCL2;BAX;CASP3;CASP9",25,"Limited observational concordance","HCC; malignant cell annotated observational concordance; not causal perturbation validation"
"GSE125449","GSE125449_Set1","S12_P07_LCP30","tumour-cell-intrinsic observational concordance","GSDME OE",0.575133815565262,0.564888295260908,-0.0582182816250958,19,0.95,TRUE,"DFNA5","DFNA5","","PRKAA1;PPM1D;Mdm2;TP53;TP53INP1;CDKN1A;MYC;MALAT1;SIRT1;DFNA5;E2F1;AKT1;RB1;CDC25A;BBC3;BCL2;BAX;CASP3;CASP9",25,"Limited observational concordance","HCC; malignant cell annotated observational concordance; not causal perturbation validation"
"GSE125449","GSE125449_Set1","S12_P07_LCP30","tumour-cell-intrinsic observational concordance","CASP3 OE",0.558686447144209,0.556417918924814,0.00878766515095786,19,0.95,TRUE,"CASP3","CASP3","DFNA5;CDKN1A;CASP9","PRKAA1;PPM1D;Mdm2;TP53;TP53INP1;CDKN1A;MYC;MALAT1;SIRT1;DFNA5;E2F1;AKT1;RB1;CDC25A;BBC3;BCL2;BAX;CASP3;CASP9",25,"Limited observational concordance","HCC; malignant cell annotated observational concordance; not causal perturbation validation"
"GSE125449","GSE125449_Set1","S12_P07_LCP30","tumour-cell-intrinsic observational concordance","miR-204-5p OE + GSDME KO",0.600693562497473,0.584399203123285,-0.141718740594681,19,0.95,TRUE,"MIR204;DFNA5","DFNA5","SIRT1;BCL2;MYC;E2F1;CDC25A;AKT1","PRKAA1;PPM1D;Mdm2;TP53;TP53INP1;CDKN1A;MYC;MALAT1;SIRT1;DFNA5;E2F1;AKT1;RB1;CDC25A;BBC3;BCL2;BAX;CASP3;CASP9",25,"Limited observational concordance","HCC; malignant cell annotated observational concordance; not causal perturbation validation"
"GSE125449","GSE125449_Set1","S12_P07_LCP30","tumour-cell-intrinsic observational concordance","CASP3 OE + GSDME KO",0.557370657670525,0.55177585085631,-0.0154000585203336,19,0.95,TRUE,"CASP3;DFNA5","CASP3;DFNA5","DFNA5;CDKN1A;CASP9","PRKAA1;PPM1D;Mdm2;TP53;TP53INP1;CDKN1A;MYC;MALAT1;SIRT1;DFNA5;E2F1;AKT1;RB1;CDC25A;BBC3;BCL2;BAX;CASP3;CASP9",25,"Limited observational concordance","HCC; malignant cell annotated observational concordance; not causal perturbation validation"
"GSE125449","GSE125449_Set1","S12_P07_LCP30","tumour-cell-intrinsic observational concordance","SIRT1 KO + GSDME KO",0.519617823274356,0.514576486238953,-0.163774978635428,19,0.95,TRUE,"SIRT1;DFNA5","SIRT1;DFNA5","TP53","PRKAA1;PPM1D;Mdm2;TP53;TP53INP1;CDKN1A;MYC;MALAT1;SIRT1;DFNA5;E2F1;AKT1;RB1;CDC25A;BBC3;BCL2;BAX;CASP3;CASP9",25,"Limited observational concordance","HCC; malignant cell annotated observational concordance; not causal perturbation validation"
"GSE125449","GSE125449_Set1","S12_P07_LCP30","tumour-cell-intrinsic observational concordance","MALAT1 KO + GSDME KO",0.531501449734633,0.498950204751404,-0.336284622798079,19,0.95,TRUE,"MALAT1;DFNA5","MALAT1;DFNA5","","PRKAA1;PPM1D;Mdm2;TP53;TP53INP1;CDKN1A;MYC;MALAT1;SIRT1;DFNA5;E2F1;AKT1;RB1;CDC25A;BBC3;BCL2;BAX;CASP3;CASP9",25,"Limited observational concordance","HCC; malignant cell annotated observational concordance; not causal perturbation validation"
"GSE125449","GSE125449_Set1","S12_P07_LCP30","tumour-cell-intrinsic observational concordance","miR-204-5p OE + CASP3 KO",0.54970672039221,0.553395877744245,-0.160730651241368,19,0.95,TRUE,"MIR204;CASP3","CASP3","SIRT1;BCL2;MYC;E2F1;CDC25A;AKT1;DFNA5;CDKN1A;CASP9","PRKAA1;PPM1D;Mdm2;TP53;TP53INP1;CDKN1A;MYC;MALAT1;SIRT1;DFNA5;E2F1;AKT1;RB1;CDC25A;BBC3;BCL2;BAX;CASP3;CASP9",25,"Limited observational concordance","HCC; malignant cell annotated observational concordance; not causal perturbation validation"
"GSE125449","GSE125449_Set1","S12_P07_LCP30","tumour-cell-intrinsic observational concordance","GSDME E1 + CASP3 E1",0.543225920828419,0.541590665671124,0.00878766515095786,19,0.95,TRUE,"DFNA5;CASP3","DFNA5;CASP3","DFNA5;CDKN1A;CASP9","PRKAA1;PPM1D;Mdm2;TP53;TP53INP1;CDKN1A;MYC;MALAT1;SIRT1;DFNA5;E2F1;AKT1;RB1;CDC25A;BBC3;BCL2;BAX;CASP3;CASP9",25,"Limited observational concordance","HCC; malignant cell annotated observational concordance; not causal perturbation validation"
"GSE125449","GSE125449_Set1","S12_P07_LCP30","tumour-cell-intrinsic observational concordance","p53 E1 + miR-204-5p E1 + CASP3 KO + p21 E1",0.520430404602736,0.502755709602995,-0.208956516900345,19,0.95,TRUE,"TP53;MIR204;CASP3;CDKN1A","TP53;CASP3;CDKN1A","Mdm2;SIRT1;BCL2;MYC;E2F1;CDC25A;AKT1;CASP3;DFNA5;CDKN1A;CASP9","PRKAA1;PPM1D;Mdm2;TP53;TP53INP1;CDKN1A;MYC;MALAT1;SIRT1;DFNA5;E2F1;AKT1;RB1;CDC25A;BBC3;BCL2;BAX;CASP3;CASP9",25,"Limited observational concordance","HCC; malignant cell annotated observational concordance; not causal perturbation validation"
"GSE125449","GSE125449_Set1","S12_P07_LCP30","tumour-cell-intrinsic observational concordance","MALAT1 E1 + miR-204-5p KO + SIRT1 E1",0.494870657670525,0.502494029739125,-0.0707686410942324,19,0.95,TRUE,"MALAT1;MIR204;SIRT1","MALAT1;SIRT1","SIRT1;BCL2;MYC;E2F1;CDC25A;AKT1;TP53","PRKAA1;PPM1D;Mdm2;TP53;TP53INP1;CDKN1A;MYC;MALAT1;SIRT1;DFNA5;E2F1;AKT1;RB1;CDC25A;BBC3;BCL2;BAX;CASP3;CASP9",25,"Limited observational concordance","HCC; malignant cell annotated observational concordance; not causal perturbation validation"
"GSE125449","GSE125449_Set1","S12_P07_LCP30","tumour-cell-intrinsic observational concordance","SIRT1 KO + GSDME KO + CASP3 E1",0.509749402221725,0.516512713535263,-0.00479705972783335,19,0.95,TRUE,"SIRT1;DFNA5;CASP3","SIRT1;DFNA5;CASP3","DFNA5;CDKN1A;CASP9;TP53","PRKAA1;PPM1D;Mdm2;TP53;TP53INP1;CDKN1A;MYC;MALAT1;SIRT1;DFNA5;E2F1;AKT1;RB1;CDC25A;BBC3;BCL2;BAX;CASP3;CASP9",25,"Limited observational concordance","HCC; malignant cell annotated observational concordance; not causal perturbation validation"
"GSE125449","GSE125449_Set1","S12_P07_LCP30","tumour-cell-intrinsic observational concordance","BAX E1",0.512495719372221,0.475368822894372,-0.242080201612497,19,0.95,TRUE,"BAX","BAX","CASP3","PRKAA1;PPM1D;Mdm2;TP53;TP53INP1;CDKN1A;MYC;MALAT1;SIRT1;DFNA5;E2F1;AKT1;RB1;CDC25A;BBC3;BCL2;BAX;CASP3;CASP9",25,"Limited observational concordance","HCC; malignant cell annotated observational concordance; not causal perturbation validation"
"GSE125449","GSE125449_Set1","S12_P07_LCP30","tumour-cell-intrinsic observational concordance","BAX E1 + GSDME KO",0.505258877266958,0.472441651021944,-0.257415598999715,19,0.95,TRUE,"BAX;DFNA5","BAX;DFNA5","CASP3","PRKAA1;PPM1D;Mdm2;TP53;TP53INP1;CDKN1A;MYC;MALAT1;SIRT1;DFNA5;E2F1;AKT1;RB1;CDC25A;BBC3;BCL2;BAX;CASP3;CASP9",25,"Limited observational concordance","HCC; malignant cell annotated observational concordance; not causal perturbation validation"
"GSE125449","GSE125449_Set1","S12_P07_LCP30","tumour-cell-intrinsic observational concordance","p53 E1",0.757021248278434,0.71232190075175,-0.0154290605394709,19,0.95,TRUE,"TP53","TP53","Mdm2","PRKAA1;PPM1D;Mdm2;TP53;TP53INP1;CDKN1A;MYC;MALAT1;SIRT1;DFNA5;E2F1;AKT1;RB1;CDC25A;BBC3;BCL2;BAX;CASP3;CASP9",25,"Limited observational concordance","HCC; malignant cell annotated observational concordance; not causal perturbation validation"
"GSE125449","GSE125449_Set1","S12_P07_LCP30","tumour-cell-intrinsic observational concordance","p53 KO",0.494870657670525,0.495762717206086,-0.0707686410942324,19,0.95,TRUE,"TP53","TP53","Mdm2","PRKAA1;PPM1D;Mdm2;TP53;TP53INP1;CDKN1A;MYC;MALAT1;SIRT1;DFNA5;E2F1;AKT1;RB1;CDC25A;BBC3;BCL2;BAX;CASP3;CASP9",25,"Limited observational concordance","HCC; malignant cell annotated observational concordance; not causal perturbation validation"
"GSE125449","GSE125449_Set1","S12_P07_LCP30","tumour-cell-intrinsic observational concordance","p21 E1",0.543051660051536,0.503826743862522,-0.269590376656703,19,0.95,TRUE,"CDKN1A","CDKN1A","CASP3","PRKAA1;PPM1D;Mdm2;TP53;TP53INP1;CDKN1A;MYC;MALAT1;SIRT1;DFNA5;E2F1;AKT1;RB1;CDC25A;BBC3;BCL2;BAX;CASP3;CASP9",25,"Limited observational concordance","HCC; malignant cell annotated observational concordance; not causal perturbation validation"
"GSE125449","GSE125449_Set1","S15_P09_LCP38","tumour-cell-intrinsic observational concordance","Reference: DDR ON, GSDME endogenous",0.568041208893872,0.568041208893872,-0.227241883188968,19,0.95,FALSE,"","","","PRKAA1;PPM1D;Mdm2;TP53;TP53INP1;CDKN1A;MYC;MALAT1;SIRT1;DFNA5;E2F1;AKT1;RB1;CDC25A;BBC3;BCL2;BAX;CASP3;CASP9",228,"Indirect only: perturbed node not measured","HCC; malignant cell annotated observational concordance; not causal perturbation validation"
"GSE125449","GSE125449_Set1","S15_P09_LCP38","tumour-cell-intrinsic observational concordance","GSDME KO",0.521659629946504,0.518706044044708,-0.181167807420319,19,0.95,TRUE,"DFNA5","DFNA5","","PRKAA1;PPM1D;Mdm2;TP53;TP53INP1;CDKN1A;MYC;MALAT1;SIRT1;DFNA5;E2F1;AKT1;RB1;CDC25A;BBC3;BCL2;BAX;CASP3;CASP9",228,"Limited observational concordance","HCC; malignant cell annotated observational concordance; not causal perturbation validation"
"GSE125449","GSE125449_Set1","S15_P09_LCP38","tumour-cell-intrinsic observational concordance","CASP3 KO",0.558501735209662,0.542591996799018,-0.204076448494947,19,0.95,TRUE,"CASP3","CASP3","DFNA5;CDKN1A;CASP9","PRKAA1;PPM1D;Mdm2;TP53;TP53INP1;CDKN1A;MYC;MALAT1;SIRT1;DFNA5;E2F1;AKT1;RB1;CDC25A;BBC3;BCL2;BAX;CASP3;CASP9",228,"Limited observational concordance","HCC; malignant cell annotated observational concordance; not causal perturbation validation"
"GSE125449","GSE125449_Set1","S15_P09_LCP38","tumour-cell-intrinsic observational concordance","miR-204-5p OE",0.634335943548614,0.620095317096947,-0.220195708771556,19,0.95,FALSE,"MIR204","","SIRT1;BCL2;MYC;E2F1;CDC25A;AKT1","PRKAA1;PPM1D;Mdm2;TP53;TP53INP1;CDKN1A;MYC;MALAT1;SIRT1;DFNA5;E2F1;AKT1;RB1;CDC25A;BBC3;BCL2;BAX;CASP3;CASP9",228,"Indirect only: perturbed node not measured","HCC; malignant cell annotated observational concordance; not causal perturbation validation"
"GSE125449","GSE125449_Set1","S15_P09_LCP38","tumour-cell-intrinsic observational concordance","miR-204-5p KO",0.496988577314925,0.479711318759343,-0.0471790940628216,19,0.95,FALSE,"MIR204","","SIRT1;BCL2;MYC;E2F1;CDC25A;AKT1","PRKAA1;PPM1D;Mdm2;TP53;TP53INP1;CDKN1A;MYC;MALAT1;SIRT1;DFNA5;E2F1;AKT1;RB1;CDC25A;BBC3;BCL2;BAX;CASP3;CASP9",228,"Indirect only: perturbed node not measured","HCC; malignant cell annotated observational concordance; not causal perturbation validation"
"GSE125449","GSE125449_Set1","S15_P09_LCP38","tumour-cell-intrinsic observational concordance","MALAT1 OE",0.496988577314925,0.551559357512348,-0.0471790940628216,19,0.95,TRUE,"MALAT1","MALAT1","","PRKAA1;PPM1D;Mdm2;TP53;TP53INP1;CDKN1A;MYC;MALAT1;SIRT1;DFNA5;E2F1;AKT1;RB1;CDC25A;BBC3;BCL2;BAX;CASP3;CASP9",228,"Limited observational concordance","HCC; malignant cell annotated observational concordance; not causal perturbation validation"
"GSE125449","GSE125449_Set1","S15_P09_LCP38","tumour-cell-intrinsic observational concordance","MALAT1 KO",0.553864966918852,0.492359612507732,-0.483485614878644,19,0.95,TRUE,"MALAT1","MALAT1","","PRKAA1;PPM1D;Mdm2;TP53;TP53INP1;CDKN1A;MYC;MALAT1;SIRT1;DFNA5;E2F1;AKT1;RB1;CDC25A;BBC3;BCL2;BAX;CASP3;CASP9",228,"Limited observational concordance","HCC; malignant cell annotated observational concordance; not causal perturbation validation"
"GSE125449","GSE125449_Set1","S15_P09_LCP38","tumour-cell-intrinsic observational concordance","SIRT1 OE",0.496988577314925,0.497512302999286,-0.0471790940628216,19,0.95,TRUE,"SIRT1","SIRT1","TP53","PRKAA1;PPM1D;Mdm2;TP53;TP53INP1;CDKN1A;MYC;MALAT1;SIRT1;DFNA5;E2F1;AKT1;RB1;CDC25A;BBC3;BCL2;BAX;CASP3;CASP9",228,"Limited observational concordance","HCC; malignant cell annotated observational concordance; not causal perturbation validation"
"GSE125449","GSE125449_Set1","S15_P09_LCP38","tumour-cell-intrinsic observational concordance","SIRT1 KO",0.52052015407493,0.516951431627116,-0.316032183055549,19,0.95,TRUE,"SIRT1","SIRT1","TP53","PRKAA1;PPM1D;Mdm2;TP53;TP53INP1;CDKN1A;MYC;MALAT1;SIRT1;DFNA5;E2F1;AKT1;RB1;CDC25A;BBC3;BCL2;BAX;CASP3;CASP9",228,"Limited observational concordance","HCC; malignant cell annotated observational concordance; not causal perturbation validation"
"GSE125449","GSE125449_Set1","S15_P09_LCP38","tumour-cell-intrinsic observational concordance","BCL2 KO",0.573601809024115,0.565862288437185,-0.247212101725279,19,0.95,TRUE,"BCL2","BCL2","BAX;CASP3","PRKAA1;PPM1D;Mdm2;TP53;TP53INP1;CDKN1A;MYC;MALAT1;SIRT1;DFNA5;E2F1;AKT1;RB1;CDC25A;BBC3;BCL2;BAX;CASP3;CASP9",228,"Limited observational concordance","HCC; malignant cell annotated observational concordance; not causal perturbation validation"
"GSE125449","GSE125449_Set1","S15_P09_LCP38","tumour-cell-intrinsic observational concordance","GSDME OE",0.574917598497799,0.564701562339008,-0.108747356243104,19,0.95,TRUE,"DFNA5","DFNA5","","PRKAA1;PPM1D;Mdm2;TP53;TP53INP1;CDKN1A;MYC;MALAT1;SIRT1;DFNA5;E2F1;AKT1;RB1;CDC25A;BBC3;BCL2;BAX;CASP3;CASP9",228,"Limited observational concordance","HCC; malignant cell annotated observational concordance; not causal perturbation validation"
"GSE125449","GSE125449_Set1","S15_P09_LCP38","tumour-cell-intrinsic observational concordance","CASP3 OE",0.560443914287273,0.544818052898002,-0.160374889004981,19,0.95,TRUE,"CASP3","CASP3","DFNA5;CDKN1A;CASP9","PRKAA1;PPM1D;Mdm2;TP53;TP53INP1;CDKN1A;MYC;MALAT1;SIRT1;DFNA5;E2F1;AKT1;RB1;CDC25A;BBC3;BCL2;BAX;CASP3;CASP9",228,"Limited observational concordance","HCC; malignant cell annotated observational concordance; not causal perturbation validation"
"GSE125449","GSE125449_Set1","S15_P09_LCP38","tumour-cell-intrinsic observational concordance","miR-204-5p OE + GSDME KO",0.609993838285456,0.590710104550845,-0.234649062296111,19,0.95,TRUE,"MIR204;DFNA5","DFNA5","SIRT1;BCL2;MYC;E2F1;CDC25A;AKT1","PRKAA1;PPM1D;Mdm2;TP53;TP53INP1;CDKN1A;MYC;MALAT1;SIRT1;DFNA5;E2F1;AKT1;RB1;CDC25A;BBC3;BCL2;BAX;CASP3;CASP9",228,"Limited observational concordance","HCC; malignant cell annotated observational concordance; not causal perturbation validation"
"GSE125449","GSE125449_Set1","S15_P09_LCP38","tumour-cell-intrinsic observational concordance","CASP3 OE + GSDME KO",0.559488577314925,0.541288885925016,-0.20130076494436,19,0.95,TRUE,"CASP3;DFNA5","CASP3;DFNA5","DFNA5;CDKN1A;CASP9","PRKAA1;PPM1D;Mdm2;TP53;TP53INP1;CDKN1A;MYC;MALAT1;SIRT1;DFNA5;E2F1;AKT1;RB1;CDC25A;BBC3;BCL2;BAX;CASP3;CASP9",228,"Limited observational concordance","HCC; malignant cell annotated observational concordance; not causal perturbation validation"
"GSE125449","GSE125449_Set1","S15_P09_LCP38","tumour-cell-intrinsic observational concordance","SIRT1 KO + GSDME KO",0.50177015407493,0.501533958747064,-0.374498784479679,19,0.95,TRUE,"SIRT1;DFNA5","SIRT1;DFNA5","TP53","PRKAA1;PPM1D;Mdm2;TP53;TP53INP1;CDKN1A;MYC;MALAT1;SIRT1;DFNA5;E2F1;AKT1;RB1;CDC25A;BBC3;BCL2;BAX;CASP3;CASP9",228,"Limited observational concordance","HCC; malignant cell annotated observational concordance; not causal perturbation validation"
"GSE125449","GSE125449_Set1","S15_P09_LCP38","tumour-cell-intrinsic observational concordance","MALAT1 KO + GSDME KO",0.513733387971483,0.462776459006804,-0.389784449152319,19,0.95,TRUE,"MALAT1;DFNA5","MALAT1;DFNA5","","PRKAA1;PPM1D;Mdm2;TP53;TP53INP1;CDKN1A;MYC;MALAT1;SIRT1;DFNA5;E2F1;AKT1;RB1;CDC25A;BBC3;BCL2;BAX;CASP3;CASP9",228,"Limited observational concordance","HCC; malignant cell annotated observational concordance; not causal perturbation validation"
"GSE125449","GSE125449_Set1","S15_P09_LCP38","tumour-cell-intrinsic observational concordance","miR-204-5p OE + CASP3 KO",0.557033311969667,0.562883867045663,-0.323934081732604,19,0.95,TRUE,"MIR204;CASP3","CASP3","SIRT1;BCL2;MYC;E2F1;CDC25A;AKT1;DFNA5;CDKN1A;CASP9","PRKAA1;PPM1D;Mdm2;TP53;TP53INP1;CDKN1A;MYC;MALAT1;SIRT1;DFNA5;E2F1;AKT1;RB1;CDC25A;BBC3;BCL2;BAX;CASP3;CASP9",228,"Limited observational concordance","HCC; malignant cell annotated observational concordance; not causal perturbation validation"
"GSE125449","GSE125449_Set1","S15_P09_LCP38","tumour-cell-intrinsic observational concordance","GSDME E1 + CASP3 E1",0.545343840472819,0.531103700739831,-0.160374889004981,19,0.95,TRUE,"DFNA5;CASP3","DFNA5;CASP3","DFNA5;CDKN1A;CASP9","PRKAA1;PPM1D;Mdm2;TP53;TP53INP1;CDKN1A;MYC;MALAT1;SIRT1;DFNA5;E2F1;AKT1;RB1;CDC25A;BBC3;BCL2;BAX;CASP3;CASP9",228,"Limited observational concordance","HCC; malignant cell annotated observational concordance; not causal perturbation validation"
"GSE125449","GSE125449_Set1","S15_P09_LCP38","tumour-cell-intrinsic observational concordance","p53 E1 + miR-204-5p E1 + CASP3 KO + p21 E1",0.536623632917891,0.537291842499035,-0.21766303843786,19,0.95,TRUE,"TP53;MIR204;CASP3;CDKN1A","TP53;CASP3;CDKN1A","Mdm2;SIRT1;BCL2;MYC;E2F1;CDC25A;AKT1;CASP3;DFNA5;CDKN1A;CASP9","PRKAA1;PPM1D;Mdm2;TP53;TP53INP1;CDKN1A;MYC;MALAT1;SIRT1;DFNA5;E2F1;AKT1;RB1;CDC25A;BBC3;BCL2;BAX;CASP3;CASP9",228,"Limited observational concordance","HCC; malignant cell annotated observational concordance; not causal perturbation validation"
"GSE125449","GSE125449_Set1","S15_P09_LCP38","tumour-cell-intrinsic observational concordance","MALAT1 E1 + miR-204-5p KO + SIRT1 E1",0.496988577314925,0.522074382750698,-0.0471790940628216,19,0.95,TRUE,"MALAT1;MIR204;SIRT1","MALAT1;SIRT1","SIRT1;BCL2;MYC;E2F1;CDC25A;AKT1;TP53","PRKAA1;PPM1D;Mdm2;TP53;TP53INP1;CDKN1A;MYC;MALAT1;SIRT1;DFNA5;E2F1;AKT1;RB1;CDC25A;BBC3;BCL2;BAX;CASP3;CASP9",228,"Limited observational concordance","HCC; malignant cell annotated observational concordance; not causal perturbation validation"
"GSE125449","GSE125449_Set1","S15_P09_LCP38","tumour-cell-intrinsic observational concordance","SIRT1 KO + GSDME KO + CASP3 E1",0.491901733022298,0.495141931561792,-0.383764778226668,19,0.95,TRUE,"SIRT1;DFNA5;CASP3","SIRT1;DFNA5;CASP3","DFNA5;CDKN1A;CASP9;TP53","PRKAA1;PPM1D;Mdm2;TP53;TP53INP1;CDKN1A;MYC;MALAT1;SIRT1;DFNA5;E2F1;AKT1;RB1;CDC25A;BBC3;BCL2;BAX;CASP3;CASP9",228,"Limited observational concordance","HCC; malignant cell annotated observational concordance; not causal perturbation validation"
"GSE125449","GSE125449_Set1","S15_P09_LCP38","tumour-cell-intrinsic observational concordance","BAX E1",0.541619045627107,0.532890444078794,-0.384480320208084,19,0.95,TRUE,"BAX","BAX","CASP3","PRKAA1;PPM1D;Mdm2;TP53;TP53INP1;CDKN1A;MYC;MALAT1;SIRT1;DFNA5;E2F1;AKT1;RB1;CDC25A;BBC3;BCL2;BAX;CASP3;CASP9",228,"Limited observational concordance","HCC; malignant cell annotated observational concordance; not causal perturbation validation"
"GSE125449","GSE125449_Set1","S15_P09_LCP38","tumour-cell-intrinsic observational concordance","BAX E1 + GSDME KO",0.534382203521844,0.523326162069702,-0.369144922820867,19,0.95,TRUE,"BAX;DFNA5","BAX;DFNA5","CASP3","PRKAA1;PPM1D;Mdm2;TP53;TP53INP1;CDKN1A;MYC;MALAT1;SIRT1;DFNA5;E2F1;AKT1;RB1;CDC25A;BBC3;BCL2;BAX;CASP3;CASP9",228,"Limited observational concordance","HCC; malignant cell annotated observational concordance; not causal perturbation validation"
"GSE125449","GSE125449_Set1","S15_P09_LCP38","tumour-cell-intrinsic observational concordance","p53 E1",0.735100212078537,0.694213218673574,-0.20388401427158,19,0.95,TRUE,"TP53","TP53","Mdm2","PRKAA1;PPM1D;Mdm2;TP53;TP53INP1;CDKN1A;MYC;MALAT1;SIRT1;DFNA5;E2F1;AKT1;RB1;CDC25A;BBC3;BCL2;BAX;CASP3;CASP9",228,"Limited observational concordance","HCC; malignant cell annotated observational concordance; not causal perturbation validation"
"GSE125449","GSE125449_Set1","S15_P09_LCP38","tumour-cell-intrinsic observational concordance","p53 KO",0.496988577314925,0.497512302999286,-0.0471790940628216,19,0.95,TRUE,"TP53","TP53","Mdm2","PRKAA1;PPM1D;Mdm2;TP53;TP53INP1;CDKN1A;MYC;MALAT1;SIRT1;DFNA5;E2F1;AKT1;RB1;CDC25A;BBC3;BCL2;BAX;CASP3;CASP9",228,"Limited observational concordance","HCC; malignant cell annotated observational concordance; not causal perturbation validation"
"GSE125449","GSE125449_Set1","S15_P09_LCP38","tumour-cell-intrinsic observational concordance","p21 E1",0.576876340498655,0.573949983326036,0.0372604585623086,19,0.95,TRUE,"CDKN1A","CDKN1A","CASP3","PRKAA1;PPM1D;Mdm2;TP53;TP53INP1;CDKN1A;MYC;MALAT1;SIRT1;DFNA5;E2F1;AKT1;RB1;CDC25A;BBC3;BCL2;BAX;CASP3;CASP9",228,"Limited observational concordance","HCC; malignant cell annotated observational concordance; not causal perturbation validation"
"GSE125449","GSE125449_Set1","S21_P13_LCP37","tumour-cell-intrinsic observational concordance","Reference: DDR ON, GSDME endogenous",0.50227809765521,0.50227809765521,-0.553764200780882,19,0.95,FALSE,"","","","PRKAA1;PPM1D;Mdm2;TP53;TP53INP1;CDKN1A;MYC;MALAT1;SIRT1;DFNA5;E2F1;AKT1;RB1;CDC25A;BBC3;BCL2;BAX;CASP3;CASP9",60,"Indirect only: perturbed node not measured","HCC; malignant cell annotated observational concordance; not causal perturbation validation"
"GSE125449","GSE125449_Set1","S21_P13_LCP37","tumour-cell-intrinsic observational concordance","GSDME KO",0.455896518707842,0.461910629793136,-0.501525515663566,19,0.95,TRUE,"DFNA5","DFNA5","","PRKAA1;PPM1D;Mdm2;TP53;TP53INP1;CDKN1A;MYC;MALAT1;SIRT1;DFNA5;E2F1;AKT1;RB1;CDC25A;BBC3;BCL2;BAX;CASP3;CASP9",60,"Limited observational concordance","HCC; malignant cell annotated observational concordance; not causal perturbation validation"
"GSE125449","GSE125449_Set1","S21_P13_LCP37","tumour-cell-intrinsic observational concordance","CASP3 KO",0.492738623971,0.48230122682656,-0.477649201071956,19,0.95,TRUE,"CASP3","CASP3","DFNA5;CDKN1A;CASP9","PRKAA1;PPM1D;Mdm2;TP53;TP53INP1;CDKN1A;MYC;MALAT1;SIRT1;DFNA5;E2F1;AKT1;RB1;CDC25A;BBC3;BCL2;BAX;CASP3;CASP9",60,"Limited observational concordance","HCC; malignant cell annotated observational concordance; not causal perturbation validation"
"GSE125449","GSE125449_Set1","S21_P13_LCP37","tumour-cell-intrinsic observational concordance","miR-204-5p OE",0.647793733188589,0.630323237223328,0.0832864597944227,19,0.95,FALSE,"MIR204","","SIRT1;BCL2;MYC;E2F1;CDC25A;AKT1","PRKAA1;PPM1D;Mdm2;TP53;TP53INP1;CDKN1A;MYC;MALAT1;SIRT1;DFNA5;E2F1;AKT1;RB1;CDC25A;BBC3;BCL2;BAX;CASP3;CASP9",60,"Indirect only: perturbed node not measured","HCC; malignant cell annotated observational concordance; not causal perturbation validation"
"GSE125449","GSE125449_Set1","S21_P13_LCP37","tumour-cell-intrinsic observational concordance","miR-204-5p KO",0.431225466076263,0.42973135421796,-0.448201393596805,19,0.95,FALSE,"MIR204","","SIRT1;BCL2;MYC;E2F1;CDC25A;AKT1","PRKAA1;PPM1D;Mdm2;TP53;TP53INP1;CDKN1A;MYC;MALAT1;SIRT1;DFNA5;E2F1;AKT1;RB1;CDC25A;BBC3;BCL2;BAX;CASP3;CASP9",60,"Indirect only: perturbed node not measured","HCC; malignant cell annotated observational concordance; not causal perturbation validation"
"GSE125449","GSE125449_Set1","S21_P13_LCP37","tumour-cell-intrinsic observational concordance","MALAT1 OE",0.431225466076263,0.403960554416556,-0.448201393596805,19,0.95,TRUE,"MALAT1","MALAT1","","PRKAA1;PPM1D;Mdm2;TP53;TP53INP1;CDKN1A;MYC;MALAT1;SIRT1;DFNA5;E2F1;AKT1;RB1;CDC25A;BBC3;BCL2;BAX;CASP3;CASP9",60,"Limited observational concordance","HCC; malignant cell annotated observational concordance; not causal perturbation validation"
"GSE125449","GSE125449_Set1","S21_P13_LCP37","tumour-cell-intrinsic observational concordance","MALAT1 KO",0.558195699700289,0.586903179663194,-0.286591020584173,19,0.95,TRUE,"MALAT1","MALAT1","","PRKAA1;PPM1D;Mdm2;TP53;TP53INP1;CDKN1A;MYC;MALAT1;SIRT1;DFNA5;E2F1;AKT1;RB1;CDC25A;BBC3;BCL2;BAX;CASP3;CASP9",60,"Limited observational concordance","HCC; malignant cell annotated observational concordance; not causal perturbation validation"
"GSE125449","GSE125449_Set1","S21_P13_LCP37","tumour-cell-intrinsic observational concordance","SIRT1 OE",0.431225466076263,0.443186254584739,-0.448201393596805,19,0.95,TRUE,"SIRT1","SIRT1","TP53","PRKAA1;PPM1D;Mdm2;TP53;TP53INP1;CDKN1A;MYC;MALAT1;SIRT1;DFNA5;E2F1;AKT1;RB1;CDC25A;BBC3;BCL2;BAX;CASP3;CASP9",60,"Limited observational concordance","HCC; malignant cell annotated observational concordance; not causal perturbation validation"
"GSE125449","GSE125449_Set1","S21_P13_LCP37","tumour-cell-intrinsic observational concordance","SIRT1 KO",0.56149331515933,0.550798825566403,0.00798637285699944,19,0.95,TRUE,"SIRT1","SIRT1","TP53","PRKAA1;PPM1D;Mdm2;TP53;TP53INP1;CDKN1A;MYC;MALAT1;SIRT1;DFNA5;E2F1;AKT1;RB1;CDC25A;BBC3;BCL2;BAX;CASP3;CASP9",60,"Limited observational concordance","HCC; malignant cell annotated observational concordance; not causal perturbation validation"
"GSE125449","GSE125449_Set1","S21_P13_LCP37","tumour-cell-intrinsic observational concordance","BCL2 KO",0.509514939760473,0.503932826113623,-0.552398722881708,19,0.95,TRUE,"BCL2","BCL2","BAX;CASP3","PRKAA1;PPM1D;Mdm2;TP53;TP53INP1;CDKN1A;MYC;MALAT1;SIRT1;DFNA5;E2F1;AKT1;RB1;CDC25A;BBC3;BCL2;BAX;CASP3;CASP9",60,"Limited observational concordance","HCC; malignant cell annotated observational concordance; not causal perturbation validation"
"GSE125449","GSE125449_Set1","S21_P13_LCP37","tumour-cell-intrinsic observational concordance","GSDME OE",0.511488623971,0.5099219934295,-0.438284799404023,19,0.95,TRUE,"DFNA5","DFNA5","","PRKAA1;PPM1D;Mdm2;TP53;TP53INP1;CDKN1A;MYC;MALAT1;SIRT1;DFNA5;E2F1;AKT1;RB1;CDC25A;BBC3;BCL2;BAX;CASP3;CASP9",60,"Limited observational concordance","HCC; malignant cell annotated observational concordance; not causal perturbation validation"
"GSE125449","GSE125449_Set1","S21_P13_LCP37","tumour-cell-intrinsic observational concordance","CASP3 OE",0.495041255549947,0.48480122682656,-0.45256475527433,19,0.95,TRUE,"CASP3","CASP3","DFNA5;CDKN1A;CASP9","PRKAA1;PPM1D;Mdm2;TP53;TP53INP1;CDKN1A;MYC;MALAT1;SIRT1;DFNA5;E2F1;AKT1;RB1;CDC25A;BBC3;BCL2;BAX;CASP3;CASP9",60,"Limited observational concordance","HCC; malignant cell annotated observational concordance; not causal perturbation validation"
"GSE125449","GSE125449_Set1","S21_P13_LCP37","tumour-cell-intrinsic observational concordance","miR-204-5p OE + GSDME KO",0.624767417399116,0.600735033235114,0.0708593702973404,19,0.95,TRUE,"MIR204;DFNA5","DFNA5","SIRT1;BCL2;MYC;E2F1;CDC25A;AKT1","PRKAA1;PPM1D;Mdm2;TP53;TP53INP1;CDKN1A;MYC;MALAT1;SIRT1;DFNA5;E2F1;AKT1;RB1;CDC25A;BBC3;BCL2;BAX;CASP3;CASP9",60,"Limited observational concordance","HCC; malignant cell annotated observational concordance; not causal perturbation validation"
"GSE125449","GSE125449_Set1","S21_P13_LCP37","tumour-cell-intrinsic observational concordance","CASP3 OE + GSDME KO",0.493725466076263,0.485464098913481,-0.495001881010722,19,0.95,TRUE,"CASP3;DFNA5","CASP3;DFNA5","DFNA5;CDKN1A;CASP9","PRKAA1;PPM1D;Mdm2;TP53;TP53INP1;CDKN1A;MYC;MALAT1;SIRT1;DFNA5;E2F1;AKT1;RB1;CDC25A;BBC3;BCL2;BAX;CASP3;CASP9",60,"Limited observational concordance","HCC; malignant cell annotated observational concordance; not causal perturbation validation"
"GSE125449","GSE125449_Set1","S21_P13_LCP37","tumour-cell-intrinsic observational concordance","SIRT1 KO + GSDME KO",0.54274331515933,0.531475884154895,-0.037122328490697,19,0.95,TRUE,"SIRT1;DFNA5","SIRT1;DFNA5","TP53","PRKAA1;PPM1D;Mdm2;TP53;TP53INP1;CDKN1A;MYC;MALAT1;SIRT1;DFNA5;E2F1;AKT1;RB1;CDC25A;BBC3;BCL2;BAX;CASP3;CASP9",60,"Limited observational concordance","HCC; malignant cell annotated observational concordance; not causal perturbation validation"
"GSE125449","GSE125449_Set1","S21_P13_LCP37","tumour-cell-intrinsic observational concordance","MALAT1 KO + GSDME KO",0.518064120752921,0.54597479810361,-0.216182971798765,19,0.95,TRUE,"MALAT1;DFNA5","MALAT1;DFNA5","","PRKAA1;PPM1D;Mdm2;TP53;TP53INP1;CDKN1A;MYC;MALAT1;SIRT1;DFNA5;E2F1;AKT1;RB1;CDC25A;BBC3;BCL2;BAX;CASP3;CASP9",60,"Limited observational concordance","HCC; malignant cell annotated observational concordance; not causal perturbation validation"
"GSE125449","GSE125449_Set1","S21_P13_LCP37","tumour-cell-intrinsic observational concordance","miR-204-5p OE + CASP3 KO",0.573780575293852,0.564833153090264,0.0234914028737385,19,0.95,TRUE,"MIR204;CASP3","CASP3","SIRT1;BCL2;MYC;E2F1;CDC25A;AKT1;DFNA5;CDKN1A;CASP9","PRKAA1;PPM1D;Mdm2;TP53;TP53INP1;CDKN1A;MYC;MALAT1;SIRT1;DFNA5;E2F1;AKT1;RB1;CDC25A;BBC3;BCL2;BAX;CASP3;CASP9",60,"Limited observational concordance","HCC; malignant cell annotated observational concordance; not causal perturbation validation"
"GSE125449","GSE125449_Set1","S21_P13_LCP37","tumour-cell-intrinsic observational concordance","GSDME E1 + CASP3 E1",0.479580729234158,0.475278913728296,-0.45256475527433,19,0.95,TRUE,"DFNA5;CASP3","DFNA5;CASP3","DFNA5;CDKN1A;CASP9","PRKAA1;PPM1D;Mdm2;TP53;TP53INP1;CDKN1A;MYC;MALAT1;SIRT1;DFNA5;E2F1;AKT1;RB1;CDC25A;BBC3;BCL2;BAX;CASP3;CASP9",60,"Limited observational concordance","HCC; malignant cell annotated observational concordance; not causal perturbation validation"
"GSE125449","GSE125449_Set1","S21_P13_LCP37","tumour-cell-intrinsic observational concordance","p53 E1 + miR-204-5p E1 + CASP3 KO + p21 E1",0.583136173692274,0.582076942013735,0.104478258450173,19,0.95,TRUE,"TP53;MIR204;CASP3;CDKN1A","TP53;CASP3;CDKN1A","Mdm2;SIRT1;BCL2;MYC;E2F1;CDC25A;AKT1;CASP3;DFNA5;CDKN1A;CASP9","PRKAA1;PPM1D;Mdm2;TP53;TP53INP1;CDKN1A;MYC;MALAT1;SIRT1;DFNA5;E2F1;AKT1;RB1;CDC25A;BBC3;BCL2;BAX;CASP3;CASP9",60,"Limited observational concordance","HCC; malignant cell annotated observational concordance; not causal perturbation validation"
"GSE125449","GSE125449_Set1","S21_P13_LCP37","tumour-cell-intrinsic observational concordance","MALAT1 E1 + miR-204-5p KO + SIRT1 E1",0.431225466076263,0.417326845069814,-0.448201393596805,19,0.95,TRUE,"MALAT1;MIR204;SIRT1","MALAT1;SIRT1","SIRT1;BCL2;MYC;E2F1;CDC25A;AKT1;TP53","PRKAA1;PPM1D;Mdm2;TP53;TP53INP1;CDKN1A;MYC;MALAT1;SIRT1;DFNA5;E2F1;AKT1;RB1;CDC25A;BBC3;BCL2;BAX;CASP3;CASP9",60,"Limited observational concordance","HCC; malignant cell annotated observational concordance; not causal perturbation validation"
"GSE125449","GSE125449_Set1","S21_P13_LCP37","tumour-cell-intrinsic observational concordance","SIRT1 KO + GSDME KO + CASP3 E1",0.532874894106699,0.511939348491686,-0.095941194556667,19,0.95,TRUE,"SIRT1;DFNA5;CASP3","SIRT1;DFNA5;CASP3","DFNA5;CDKN1A;CASP9;TP53","PRKAA1;PPM1D;Mdm2;TP53;TP53INP1;CDKN1A;MYC;MALAT1;SIRT1;DFNA5;E2F1;AKT1;RB1;CDC25A;BBC3;BCL2;BAX;CASP3;CASP9",60,"Limited observational concordance","HCC; malignant cell annotated observational concordance; not causal perturbation validation"
"GSE125449","GSE125449_Set1","S21_P13_LCP37","tumour-cell-intrinsic observational concordance","BAX E1",0.504135574362793,0.536967999959095,-0.292467935884782,19,0.95,TRUE,"BAX","BAX","CASP3","PRKAA1;PPM1D;Mdm2;TP53;TP53INP1;CDKN1A;MYC;MALAT1;SIRT1;DFNA5;E2F1;AKT1;RB1;CDC25A;BBC3;BCL2;BAX;CASP3;CASP9",60,"Limited observational concordance","HCC; malignant cell annotated observational concordance; not causal perturbation validation"
"GSE125449","GSE125449_Set1","S21_P13_LCP37","tumour-cell-intrinsic observational concordance","BAX E1 + GSDME KO",0.49689873225753,0.526933230733046,-0.274941767442248,19,0.95,TRUE,"BAX;DFNA5","BAX;DFNA5","CASP3","PRKAA1;PPM1D;Mdm2;TP53;TP53INP1;CDKN1A;MYC;MALAT1;SIRT1;DFNA5;E2F1;AKT1;RB1;CDC25A;BBC3;BCL2;BAX;CASP3;CASP9",60,"Limited observational concordance","HCC; malignant cell annotated observational concordance; not causal perturbation validation"
"GSE125449","GSE125449_Set1","S21_P13_LCP37","tumour-cell-intrinsic observational concordance","p53 E1",0.711612973248773,0.674810717031595,-0.494832013015889,19,0.95,TRUE,"TP53","TP53","Mdm2","PRKAA1;PPM1D;Mdm2;TP53;TP53INP1;CDKN1A;MYC;MALAT1;SIRT1;DFNA5;E2F1;AKT1;RB1;CDC25A;BBC3;BCL2;BAX;CASP3;CASP9",60,"Limited observational concordance","HCC; malignant cell annotated observational concordance; not causal perturbation validation"
"GSE125449","GSE125449_Set1","S21_P13_LCP37","tumour-cell-intrinsic observational concordance","p53 KO",0.431225466076263,0.443186254584739,-0.448201393596805,19,0.95,TRUE,"TP53","TP53","Mdm2","PRKAA1;PPM1D;Mdm2;TP53;TP53INP1;CDKN1A;MYC;MALAT1;SIRT1;DFNA5;E2F1;AKT1;RB1;CDC25A;BBC3;BCL2;BAX;CASP3;CASP9",60,"Limited observational concordance","HCC; malignant cell annotated observational concordance; not causal perturbation validation"
"GSE125449","GSE125449_Set1","S21_P13_LCP37","tumour-cell-intrinsic observational concordance","p21 E1",0.540581064474684,0.577589120842348,-0.204932522092697,19,0.95,TRUE,"CDKN1A","CDKN1A","CASP3","PRKAA1;PPM1D;Mdm2;TP53;TP53INP1;CDKN1A;MYC;MALAT1;SIRT1;DFNA5;E2F1;AKT1;RB1;CDC25A;BBC3;BCL2;BAX;CASP3;CASP9",60,"Limited observational concordance","HCC; malignant cell annotated observational concordance; not causal perturbation validation"
"GSE125449","GSE125449_Set2","S351_P10_LCP34","tumour-cell-intrinsic observational concordance","Reference: DDR ON, GSDME endogenous",0.587021388712488,0.587021388712488,0.34450996410239,19,0.95,FALSE,"","","","PRKAA1;PPM1D;Mdm2;TP53;TP53INP1;CDKN1A;MYC;MALAT1;SIRT1;DFNA5;E2F1;AKT1;RB1;CDC25A;BBC3;BCL2;BAX;CASP3;CASP9",43,"Indirect only: perturbed node not measured","HCC; malignant cell annotated observational concordance; not causal perturbation validation"
"GSE125449","GSE125449_Set2","S351_P10_LCP34","tumour-cell-intrinsic observational concordance","GSDME KO",0.540639809765119,0.535098017524421,0.275999182225857,19,0.95,TRUE,"DFNA5","DFNA5","","PRKAA1;PPM1D;Mdm2;TP53;TP53INP1;CDKN1A;MYC;MALAT1;SIRT1;DFNA5;E2F1;AKT1;RB1;CDC25A;BBC3;BCL2;BAX;CASP3;CASP9",43,"Limited observational concordance","HCC; malignant cell annotated observational concordance; not causal perturbation validation"
"GSE125449","GSE125449_Set2","S351_P10_LCP34","tumour-cell-intrinsic observational concordance","CASP3 KO",0.577481915028277,0.574461966958311,0.244984863361699,19,0.95,TRUE,"CASP3","CASP3","DFNA5;CDKN1A;CASP9","PRKAA1;PPM1D;Mdm2;TP53;TP53INP1;CDKN1A;MYC;MALAT1;SIRT1;DFNA5;E2F1;AKT1;RB1;CDC25A;BBC3;BCL2;BAX;CASP3;CASP9",43,"Limited observational concordance","HCC; malignant cell annotated observational concordance; not causal perturbation validation"
"GSE125449","GSE125449_Set2","S351_P10_LCP34","tumour-cell-intrinsic observational concordance","miR-204-5p OE",0.635198756736437,0.602751055119692,-0.0884185133752467,19,0.95,FALSE,"MIR204","","SIRT1;BCL2;MYC;E2F1;CDC25A;AKT1","PRKAA1;PPM1D;Mdm2;TP53;TP53INP1;CDKN1A;MYC;MALAT1;SIRT1;DFNA5;E2F1;AKT1;RB1;CDC25A;BBC3;BCL2;BAX;CASP3;CASP9",43,"Indirect only: perturbed node not measured","HCC; malignant cell annotated observational concordance; not causal perturbation validation"
"GSE125449","GSE125449_Set2","S351_P10_LCP34","tumour-cell-intrinsic observational concordance","miR-204-5p KO",0.51596875713354,0.51213625542149,0.218286286379416,19,0.95,FALSE,"MIR204","","SIRT1;BCL2;MYC;E2F1;CDC25A;AKT1","PRKAA1;PPM1D;Mdm2;TP53;TP53INP1;CDKN1A;MYC;MALAT1;SIRT1;DFNA5;E2F1;AKT1;RB1;CDC25A;BBC3;BCL2;BAX;CASP3;CASP9",43,"Indirect only: perturbed node not measured","HCC; malignant cell annotated observational concordance; not causal perturbation validation"
"GSE125449","GSE125449_Set2","S351_P10_LCP34","tumour-cell-intrinsic observational concordance","MALAT1 OE",0.51596875713354,0.525568998281641,0.218286286379416,19,0.95,TRUE,"MALAT1","MALAT1","","PRKAA1;PPM1D;Mdm2;TP53;TP53INP1;CDKN1A;MYC;MALAT1;SIRT1;DFNA5;E2F1;AKT1;RB1;CDC25A;BBC3;BCL2;BAX;CASP3;CASP9",43,"Limited observational concordance","HCC; malignant cell annotated observational concordance; not causal perturbation validation"
"GSE125449","GSE125449_Set2","S351_P10_LCP34","tumour-cell-intrinsic observational concordance","MALAT1 KO",0.605561333391125,0.579388807171479,0.0582017419744999,19,0.95,TRUE,"MALAT1","MALAT1","","PRKAA1;PPM1D;Mdm2;TP53;TP53INP1;CDKN1A;MYC;MALAT1;SIRT1;DFNA5;E2F1;AKT1;RB1;CDC25A;BBC3;BCL2;BAX;CASP3;CASP9",43,"Limited observational concordance","HCC; malignant cell annotated observational concordance; not causal perturbation validation"
"GSE125449","GSE125449_Set2","S351_P10_LCP34","tumour-cell-intrinsic observational concordance","SIRT1 OE",0.51596875713354,0.513191581979881,0.218286286379416,19,0.95,TRUE,"SIRT1","SIRT1","TP53","PRKAA1;PPM1D;Mdm2;TP53;TP53INP1;CDKN1A;MYC;MALAT1;SIRT1;DFNA5;E2F1;AKT1;RB1;CDC25A;BBC3;BCL2;BAX;CASP3;CASP9",43,"Limited observational concordance","HCC; malignant cell annotated observational concordance; not causal perturbation validation"
"GSE125449","GSE125449_Set2","S351_P10_LCP34","tumour-cell-intrinsic observational concordance","SIRT1 KO",0.563177852173883,0.552190399621904,0.00923775512875712,19,0.95,TRUE,"SIRT1","SIRT1","TP53","PRKAA1;PPM1D;Mdm2;TP53;TP53INP1;CDKN1A;MYC;MALAT1;SIRT1;DFNA5;E2F1;AKT1;RB1;CDC25A;BBC3;BCL2;BAX;CASP3;CASP9",43,"Limited observational concordance","HCC; malignant cell annotated observational concordance; not causal perturbation validation"
"GSE125449","GSE125449_Set2","S351_P10_LCP34","tumour-cell-intrinsic observational concordance","BCL2 KO",0.594258230817751,0.581333240304252,0.331496878202586,19,0.95,TRUE,"BCL2","BCL2","BAX;CASP3","PRKAA1;PPM1D;Mdm2;TP53;TP53INP1;CDKN1A;MYC;MALAT1;SIRT1;DFNA5;E2F1;AKT1;RB1;CDC25A;BBC3;BCL2;BAX;CASP3;CASP9",43,"Limited observational concordance","HCC; malignant cell annotated observational concordance; not causal perturbation validation"
"GSE125449","GSE125449_Set2","S351_P10_LCP34","tumour-cell-intrinsic observational concordance","GSDME OE",0.596231915028277,0.583109381160785,0.238868139064218,19,0.95,TRUE,"DFNA5","DFNA5","","PRKAA1;PPM1D;Mdm2;TP53;TP53INP1;CDKN1A;MYC;MALAT1;SIRT1;DFNA5;E2F1;AKT1;RB1;CDC25A;BBC3;BCL2;BAX;CASP3;CASP9",43,"Limited observational concordance","HCC; malignant cell annotated observational concordance; not causal perturbation validation"
"GSE125449","GSE125449_Set2","S351_P10_LCP34","tumour-cell-intrinsic observational concordance","CASP3 OE",0.579784546607224,0.576961966958311,0.299855749038061,19,0.95,TRUE,"CASP3","CASP3","DFNA5;CDKN1A;CASP9","PRKAA1;PPM1D;Mdm2;TP53;TP53INP1;CDKN1A;MYC;MALAT1;SIRT1;DFNA5;E2F1;AKT1;RB1;CDC25A;BBC3;BCL2;BAX;CASP3;CASP9",43,"Limited observational concordance","HCC; malignant cell annotated observational concordance; not causal perturbation validation"
"GSE125449","GSE125449_Set2","S351_P10_LCP34","tumour-cell-intrinsic observational concordance","miR-204-5p OE + GSDME KO",0.613488230420647,0.577009870642582,-0.090024168787489,19,0.95,TRUE,"MIR204;DFNA5","DFNA5","SIRT1;BCL2;MYC;E2F1;CDC25A;AKT1","PRKAA1;PPM1D;Mdm2;TP53;TP53INP1;CDKN1A;MYC;MALAT1;SIRT1;DFNA5;E2F1;AKT1;RB1;CDC25A;BBC3;BCL2;BAX;CASP3;CASP9",43,"Limited observational concordance","HCC; malignant cell annotated observational concordance; not causal perturbation validation"
"GSE125449","GSE125449_Set2","S351_P10_LCP34","tumour-cell-intrinsic observational concordance","CASP3 OE + GSDME KO",0.57846875713354,0.570798117553992,0.311729055506977,19,0.95,TRUE,"CASP3;DFNA5","CASP3;DFNA5","DFNA5;CDKN1A;CASP9","PRKAA1;PPM1D;Mdm2;TP53;TP53INP1;CDKN1A;MYC;MALAT1;SIRT1;DFNA5;E2F1;AKT1;RB1;CDC25A;BBC3;BCL2;BAX;CASP3;CASP9",43,"Limited observational concordance","HCC; malignant cell annotated observational concordance; not causal perturbation validation"
"GSE125449","GSE125449_Set2","S351_P10_LCP34","tumour-cell-intrinsic observational concordance","SIRT1 KO + GSDME KO",0.544427852173883,0.532706891973223,-0.0239953316671457,19,0.95,TRUE,"SIRT1;DFNA5","SIRT1;DFNA5","TP53","PRKAA1;PPM1D;Mdm2;TP53;TP53INP1;CDKN1A;MYC;MALAT1;SIRT1;DFNA5;E2F1;AKT1;RB1;CDC25A;BBC3;BCL2;BAX;CASP3;CASP9",43,"Limited observational concordance","HCC; malignant cell annotated observational concordance; not causal perturbation validation"
"GSE125449","GSE125449_Set2","S351_P10_LCP34","tumour-cell-intrinsic observational concordance","MALAT1 KO + GSDME KO",0.565429754443757,0.539362150310902,-0.0353615414042147,19,0.95,TRUE,"MALAT1;DFNA5","MALAT1;DFNA5","","PRKAA1;PPM1D;Mdm2;TP53;TP53INP1;CDKN1A;MYC;MALAT1;SIRT1;DFNA5;E2F1;AKT1;RB1;CDC25A;BBC3;BCL2;BAX;CASP3;CASP9",43,"Limited observational concordance","HCC; malignant cell annotated observational concordance; not causal perturbation validation"
"GSE125449","GSE125449_Set2","S351_P10_LCP34","tumour-cell-intrinsic observational concordance","miR-204-5p OE + CASP3 KO",0.562649663919091,0.543175833098136,-0.0672155990909609,19,0.95,TRUE,"MIR204;CASP3","CASP3","SIRT1;BCL2;MYC;E2F1;CDC25A;AKT1;DFNA5;CDKN1A;CASP9","PRKAA1;PPM1D;Mdm2;TP53;TP53INP1;CDKN1A;MYC;MALAT1;SIRT1;DFNA5;E2F1;AKT1;RB1;CDC25A;BBC3;BCL2;BAX;CASP3;CASP9",43,"Limited observational concordance","HCC; malignant cell annotated observational concordance; not causal perturbation validation"
"GSE125449","GSE125449_Set2","S351_P10_LCP34","tumour-cell-intrinsic observational concordance","GSDME E1 + CASP3 E1",0.564324020291435,0.560612932368807,0.299855749038061,19,0.95,TRUE,"DFNA5;CASP3","DFNA5;CASP3","DFNA5;CDKN1A;CASP9","PRKAA1;PPM1D;Mdm2;TP53;TP53INP1;CDKN1A;MYC;MALAT1;SIRT1;DFNA5;E2F1;AKT1;RB1;CDC25A;BBC3;BCL2;BAX;CASP3;CASP9",43,"Limited observational concordance","HCC; malignant cell annotated observational concordance; not causal perturbation validation"
"GSE125449","GSE125449_Set2","S351_P10_LCP34","tumour-cell-intrinsic observational concordance","p53 E1 + miR-204-5p E1 + CASP3 KO + p21 E1",0.533373348129618,0.488099060789221,-0.161131898902152,19,0.95,TRUE,"TP53;MIR204;CASP3;CDKN1A","TP53;CASP3;CDKN1A","Mdm2;SIRT1;BCL2;MYC;E2F1;CDC25A;AKT1;CASP3;DFNA5;CDKN1A;CASP9","PRKAA1;PPM1D;Mdm2;TP53;TP53INP1;CDKN1A;MYC;MALAT1;SIRT1;DFNA5;E2F1;AKT1;RB1;CDC25A;BBC3;BCL2;BAX;CASP3;CASP9",43,"Limited observational concordance","HCC; malignant cell annotated observational concordance; not causal perturbation validation"
"GSE125449","GSE125449_Set2","S351_P10_LCP34","tumour-cell-intrinsic observational concordance","MALAT1 E1 + miR-204-5p KO + SIRT1 E1",0.51596875713354,0.518145740716003,0.218286286379416,19,0.95,TRUE,"MALAT1;MIR204;SIRT1","MALAT1;SIRT1","SIRT1;BCL2;MYC;E2F1;CDC25A;AKT1;TP53","PRKAA1;PPM1D;Mdm2;TP53;TP53INP1;CDKN1A;MYC;MALAT1;SIRT1;DFNA5;E2F1;AKT1;RB1;CDC25A;BBC3;BCL2;BAX;CASP3;CASP9",43,"Limited observational concordance","HCC; malignant cell annotated observational concordance; not causal perturbation validation"
"GSE125449","GSE125449_Set2","S351_P10_LCP34","tumour-cell-intrinsic observational concordance","SIRT1 KO + GSDME KO + CASP3 E1",0.534559431121252,0.535355547733042,0.119297254684965,19,0.95,TRUE,"SIRT1;DFNA5;CASP3","SIRT1;DFNA5;CASP3","DFNA5;CDKN1A;CASP9;TP53","PRKAA1;PPM1D;Mdm2;TP53;TP53INP1;CDKN1A;MYC;MALAT1;SIRT1;DFNA5;E2F1;AKT1;RB1;CDC25A;BBC3;BCL2;BAX;CASP3;CASP9",43,"Limited observational concordance","HCC; malignant cell annotated observational concordance; not causal perturbation validation"
"GSE125449","GSE125449_Set2","S351_P10_LCP34","tumour-cell-intrinsic observational concordance","BAX E1",0.562827559053037,0.553171716378842,0.0456127611948471,19,0.95,TRUE,"BAX","BAX","CASP3","PRKAA1;PPM1D;Mdm2;TP53;TP53INP1;CDKN1A;MYC;MALAT1;SIRT1;DFNA5;E2F1;AKT1;RB1;CDC25A;BBC3;BCL2;BAX;CASP3;CASP9",43,"Limited observational concordance","HCC; malignant cell annotated observational concordance; not causal perturbation validation"
"GSE125449","GSE125449_Set2","S351_P10_LCP34","tumour-cell-intrinsic observational concordance","BAX E1 + GSDME KO",0.555590716947774,0.541267287565899,0.0228063805974235,19,0.95,TRUE,"BAX;DFNA5","BAX;DFNA5","CASP3","PRKAA1;PPM1D;Mdm2;TP53;TP53INP1;CDKN1A;MYC;MALAT1;SIRT1;DFNA5;E2F1;AKT1;RB1;CDC25A;BBC3;BCL2;BAX;CASP3;CASP9",43,"Limited observational concordance","HCC; malignant cell annotated observational concordance; not causal perturbation validation"
"GSE125449","GSE125449_Set2","S351_P10_LCP34","tumour-cell-intrinsic observational concordance","p53 E1",0.798982386022704,0.746985449323103,0.31231611639519,19,0.95,TRUE,"TP53","TP53","Mdm2","PRKAA1;PPM1D;Mdm2;TP53;TP53INP1;CDKN1A;MYC;MALAT1;SIRT1;DFNA5;E2F1;AKT1;RB1;CDC25A;BBC3;BCL2;BAX;CASP3;CASP9",43,"Limited observational concordance","HCC; malignant cell annotated observational concordance; not causal perturbation validation"
"GSE125449","GSE125449_Set2","S351_P10_LCP34","tumour-cell-intrinsic observational concordance","p53 KO",0.51596875713354,0.513191581979881,0.218286286379416,19,0.95,TRUE,"TP53","TP53","Mdm2","PRKAA1;PPM1D;Mdm2;TP53;TP53INP1;CDKN1A;MYC;MALAT1;SIRT1;DFNA5;E2F1;AKT1;RB1;CDC25A;BBC3;BCL2;BAX;CASP3;CASP9",43,"Limited observational concordance","HCC; malignant cell annotated observational concordance; not causal perturbation validation"
"GSE125449","GSE125449_Set2","S351_P10_LCP34","tumour-cell-intrinsic observational concordance","p21 E1",0.552282674141906,0.496747497540637,-0.0646481822875589,19,0.95,TRUE,"CDKN1A","CDKN1A","CASP3","PRKAA1;PPM1D;Mdm2;TP53;TP53INP1;CDKN1A;MYC;MALAT1;SIRT1;DFNA5;E2F1;AKT1;RB1;CDC25A;BBC3;BCL2;BAX;CASP3;CASP9",43,"Limited observational concordance","HCC; malignant cell annotated observational concordance; not causal perturbation validation"
"GSE125449","GSE125449_Set2","S364_P21_LCP65","tumour-cell-intrinsic observational concordance","Reference: DDR ON, GSDME endogenous",0.589241716696557,0.589241716696557,0.193946350161345,19,0.95,FALSE,"","","","PRKAA1;PPM1D;Mdm2;TP53;TP53INP1;CDKN1A;MYC;MALAT1;SIRT1;DFNA5;E2F1;AKT1;RB1;CDC25A;BBC3;BCL2;BAX;CASP3;CASP9",412,"Indirect only: perturbed node not measured","HCC; malignant cell annotated observational concordance; not causal perturbation validation"
"GSE125449","GSE125449_Set2","S364_P21_LCP65","tumour-cell-intrinsic observational concordance","GSDME KO",0.54943908511761,0.542697391692481,0.125221851195065,19,0.95,TRUE,"DFNA5","DFNA5","","PRKAA1;PPM1D;Mdm2;TP53;TP53INP1;CDKN1A;MYC;MALAT1;SIRT1;DFNA5;E2F1;AKT1;RB1;CDC25A;BBC3;BCL2;BAX;CASP3;CASP9",412,"Limited observational concordance","HCC; malignant cell annotated observational concordance; not causal perturbation validation"
"GSE125449","GSE125449_Set2","S364_P21_LCP65","tumour-cell-intrinsic observational concordance","CASP3 KO",0.579702243012346,0.567299096434982,0.15566746526108,19,0.95,TRUE,"CASP3","CASP3","DFNA5;CDKN1A;CASP9","PRKAA1;PPM1D;Mdm2;TP53;TP53INP1;CDKN1A;MYC;MALAT1;SIRT1;DFNA5;E2F1;AKT1;RB1;CDC25A;BBC3;BCL2;BAX;CASP3;CASP9",412,"Limited observational concordance","HCC; malignant cell annotated observational concordance; not causal perturbation validation"
"GSE125449","GSE125449_Set2","S364_P21_LCP65","tumour-cell-intrinsic observational concordance","miR-204-5p OE",0.608311593478919,0.582316811043978,-0.353674053500987,19,0.95,FALSE,"MIR204","","SIRT1;BCL2;MYC;E2F1;CDC25A;AKT1","PRKAA1;PPM1D;Mdm2;TP53;TP53INP1;CDKN1A;MYC;MALAT1;SIRT1;DFNA5;E2F1;AKT1;RB1;CDC25A;BBC3;BCL2;BAX;CASP3;CASP9",412,"Indirect only: perturbed node not measured","HCC; malignant cell annotated observational concordance; not causal perturbation validation"
"GSE125449","GSE125449_Set2","S364_P21_LCP65","tumour-cell-intrinsic observational concordance","miR-204-5p KO",0.52584260631538,0.519640380799689,0.245572072176844,19,0.95,FALSE,"MIR204","","SIRT1;BCL2;MYC;E2F1;CDC25A;AKT1","PRKAA1;PPM1D;Mdm2;TP53;TP53INP1;CDKN1A;MYC;MALAT1;SIRT1;DFNA5;E2F1;AKT1;RB1;CDC25A;BBC3;BCL2;BAX;CASP3;CASP9",412,"Indirect only: perturbed node not measured","HCC; malignant cell annotated observational concordance; not causal perturbation validation"
"GSE125449","GSE125449_Set2","S364_P21_LCP65","tumour-cell-intrinsic observational concordance","MALAT1 OE",0.52584260631538,0.586778857914941,0.245572072176844,19,0.95,TRUE,"MALAT1","MALAT1","","PRKAA1;PPM1D;Mdm2;TP53;TP53INP1;CDKN1A;MYC;MALAT1;SIRT1;DFNA5;E2F1;AKT1;RB1;CDC25A;BBC3;BCL2;BAX;CASP3;CASP9",412,"Limited observational concordance","HCC; malignant cell annotated observational concordance; not causal perturbation validation"
"GSE125449","GSE125449_Set2","S364_P21_LCP65","tumour-cell-intrinsic observational concordance","MALAT1 KO",0.574768032486031,0.500112148322642,-0.126525526031521,19,0.95,TRUE,"MALAT1","MALAT1","","PRKAA1;PPM1D;Mdm2;TP53;TP53INP1;CDKN1A;MYC;MALAT1;SIRT1;DFNA5;E2F1;AKT1;RB1;CDC25A;BBC3;BCL2;BAX;CASP3;CASP9",412,"Limited observational concordance","HCC; malignant cell annotated observational concordance; not causal perturbation validation"
"GSE125449","GSE125449_Set2","S364_P21_LCP65","tumour-cell-intrinsic observational concordance","SIRT1 OE",0.52584260631538,0.521348239999662,0.245572072176844,19,0.95,TRUE,"SIRT1","SIRT1","TP53","PRKAA1;PPM1D;Mdm2;TP53;TP53INP1;CDKN1A;MYC;MALAT1;SIRT1;DFNA5;E2F1;AKT1;RB1;CDC25A;BBC3;BCL2;BAX;CASP3;CASP9",412,"Limited observational concordance","HCC; malignant cell annotated observational concordance; not causal perturbation validation"
"GSE125449","GSE125449_Set2","S364_P21_LCP65","tumour-cell-intrinsic observational concordance","SIRT1 KO",0.530013687751985,0.524793915969031,-0.213788047265522,19,0.95,TRUE,"SIRT1","SIRT1","TP53","PRKAA1;PPM1D;Mdm2;TP53;TP53INP1;CDKN1A;MYC;MALAT1;SIRT1;DFNA5;E2F1;AKT1;RB1;CDC25A;BBC3;BCL2;BAX;CASP3;CASP9",412,"Limited observational concordance","HCC; malignant cell annotated observational concordance; not causal perturbation validation"
"GSE125449","GSE125449_Set2","S364_P21_LCP65","tumour-cell-intrinsic observational concordance","BCL2 KO",0.594504874591294,0.574794063136684,0.180931502225076,19,0.95,TRUE,"BCL2","BCL2","BAX;CASP3","PRKAA1;PPM1D;Mdm2;TP53;TP53INP1;CDKN1A;MYC;MALAT1;SIRT1;DFNA5;E2F1;AKT1;RB1;CDC25A;BBC3;BCL2;BAX;CASP3;CASP9",412,"Limited observational concordance","HCC; malignant cell annotated observational concordance; not causal perturbation validation"
"GSE125449","GSE125449_Set2","S364_P21_LCP65","tumour-cell-intrinsic observational concordance","GSDME OE",0.595820664064978,0.582754209874299,0.0686110612205732,19,0.95,TRUE,"DFNA5","DFNA5","","PRKAA1;PPM1D;Mdm2;TP53;TP53INP1;CDKN1A;MYC;MALAT1;SIRT1;DFNA5;E2F1;AKT1;RB1;CDC25A;BBC3;BCL2;BAX;CASP3;CASP9",412,"Limited observational concordance","HCC; malignant cell annotated observational concordance; not causal perturbation validation"
"GSE125449","GSE125449_Set2","S364_P21_LCP65","tumour-cell-intrinsic observational concordance","CASP3 OE",0.581346979854452,0.569299096434982,0.190586281168259,19,0.95,TRUE,"CASP3","CASP3","DFNA5;CDKN1A;CASP9","PRKAA1;PPM1D;Mdm2;TP53;TP53INP1;CDKN1A;MYC;MALAT1;SIRT1;DFNA5;E2F1;AKT1;RB1;CDC25A;BBC3;BCL2;BAX;CASP3;CASP9",412,"Limited observational concordance","HCC; malignant cell annotated observational concordance; not causal perturbation validation"
"GSE125449","GSE125449_Set2","S364_P21_LCP65","tumour-cell-intrinsic observational concordance","miR-204-5p OE + GSDME KO",0.586601067163129,0.558765009860695,-0.337254721875519,19,0.95,TRUE,"MIR204;DFNA5","DFNA5","SIRT1;BCL2;MYC;E2F1;CDC25A;AKT1","PRKAA1;PPM1D;Mdm2;TP53;TP53INP1;CDKN1A;MYC;MALAT1;SIRT1;DFNA5;E2F1;AKT1;RB1;CDC25A;BBC3;BCL2;BAX;CASP3;CASP9",412,"Limited observational concordance","HCC; malignant cell annotated observational concordance; not causal perturbation validation"
"GSE125449","GSE125449_Set2","S364_P21_LCP65","tumour-cell-intrinsic observational concordance","CASP3 OE + GSDME KO",0.58068908511761,0.564165830032391,0.202305795206569,19,0.95,TRUE,"CASP3;DFNA5","CASP3;DFNA5","DFNA5;CDKN1A;CASP9","PRKAA1;PPM1D;Mdm2;TP53;TP53INP1;CDKN1A;MYC;MALAT1;SIRT1;DFNA5;E2F1;AKT1;RB1;CDC25A;BBC3;BCL2;BAX;CASP3;CASP9",412,"Limited observational concordance","HCC; malignant cell annotated observational concordance; not causal perturbation validation"
"GSE125449","GSE125449_Set2","S364_P21_LCP65","tumour-cell-intrinsic observational concordance","SIRT1 KO + GSDME KO",0.511263687751985,0.508471541049527,-0.28162941904071,19,0.95,TRUE,"SIRT1;DFNA5","SIRT1;DFNA5","TP53","PRKAA1;PPM1D;Mdm2;TP53;TP53INP1;CDKN1A;MYC;MALAT1;SIRT1;DFNA5;E2F1;AKT1;RB1;CDC25A;BBC3;BCL2;BAX;CASP3;CASP9",412,"Limited observational concordance","HCC; malignant cell annotated observational concordance; not causal perturbation validation"
"GSE125449","GSE125449_Set2","S364_P21_LCP65","tumour-cell-intrinsic observational concordance","MALAT1 KO + GSDME KO",0.534636453538662,0.469598690523925,-0.238690404478449,19,0.95,TRUE,"MALAT1;DFNA5","MALAT1;DFNA5","","PRKAA1;PPM1D;Mdm2;TP53;TP53INP1;CDKN1A;MYC;MALAT1;SIRT1;DFNA5;E2F1;AKT1;RB1;CDC25A;BBC3;BCL2;BAX;CASP3;CASP9",412,"Limited observational concordance","HCC; malignant cell annotated observational concordance; not causal perturbation validation"
"GSE125449","GSE125449_Set2","S364_P21_LCP65","tumour-cell-intrinsic observational concordance","miR-204-5p OE + CASP3 KO",0.537587909268392,0.534952757498693,-0.235969656383161,19,0.95,TRUE,"MIR204;CASP3","CASP3","SIRT1;BCL2;MYC;E2F1;CDC25A;AKT1;DFNA5;CDKN1A;CASP9","PRKAA1;PPM1D;Mdm2;TP53;TP53INP1;CDKN1A;MYC;MALAT1;SIRT1;DFNA5;E2F1;AKT1;RB1;CDC25A;BBC3;BCL2;BAX;CASP3;CASP9",412,"Limited observational concordance","HCC; malignant cell annotated observational concordance; not causal perturbation validation"
"GSE125449","GSE125449_Set2","S364_P21_LCP65","tumour-cell-intrinsic observational concordance","GSDME E1 + CASP3 E1",0.569175927222873,0.555832496699058,0.190586281168259,19,0.95,TRUE,"DFNA5;CASP3","DFNA5;CASP3","DFNA5;CDKN1A;CASP9","PRKAA1;PPM1D;Mdm2;TP53;TP53INP1;CDKN1A;MYC;MALAT1;SIRT1;DFNA5;E2F1;AKT1;RB1;CDC25A;BBC3;BCL2;BAX;CASP3;CASP9",412,"Limited observational concordance","HCC; malignant cell annotated observational concordance; not causal perturbation validation"
"GSE125449","GSE125449_Set2","S364_P21_LCP65","tumour-cell-intrinsic observational concordance","p53 E1 + miR-204-5p E1 + CASP3 KO + p21 E1",0.510943172426287,0.494520699869717,-0.352476028848458,19,0.95,TRUE,"TP53;MIR204;CASP3;CDKN1A","TP53;CASP3;CDKN1A","Mdm2;SIRT1;BCL2;MYC;E2F1;CDC25A;AKT1;CASP3;DFNA5;CDKN1A;CASP9","PRKAA1;PPM1D;Mdm2;TP53;TP53INP1;CDKN1A;MYC;MALAT1;SIRT1;DFNA5;E2F1;AKT1;RB1;CDC25A;BBC3;BCL2;BAX;CASP3;CASP9",412,"Limited observational concordance","HCC; malignant cell annotated observational concordance; not causal perturbation validation"
"GSE125449","GSE125449_Set2","S364_P21_LCP65","tumour-cell-intrinsic observational concordance","MALAT1 E1 + miR-204-5p KO + SIRT1 E1",0.52584260631538,0.561584995939635,0.245572072176844,19,0.95,TRUE,"MALAT1;MIR204;SIRT1","MALAT1;SIRT1","SIRT1;BCL2;MYC;E2F1;CDC25A;AKT1;TP53","PRKAA1;PPM1D;Mdm2;TP53;TP53INP1;CDKN1A;MYC;MALAT1;SIRT1;DFNA5;E2F1;AKT1;RB1;CDC25A;BBC3;BCL2;BAX;CASP3;CASP9",412,"Limited observational concordance","HCC; malignant cell annotated observational concordance; not causal perturbation validation"
"GSE125449","GSE125449_Set2","S364_P21_LCP65","tumour-cell-intrinsic observational concordance","SIRT1 KO + GSDME KO + CASP3 E1",0.501395266699353,0.507891769707345,-0.088779352323695,19,0.95,TRUE,"SIRT1;DFNA5;CASP3","SIRT1;DFNA5;CASP3","DFNA5;CDKN1A;CASP9;TP53","PRKAA1;PPM1D;Mdm2;TP53;TP53INP1;CDKN1A;MYC;MALAT1;SIRT1;DFNA5;E2F1;AKT1;RB1;CDC25A;BBC3;BCL2;BAX;CASP3;CASP9",412,"Limited observational concordance","HCC; malignant cell annotated observational concordance; not causal perturbation validation"
"GSE125449","GSE125449_Set2","S364_P21_LCP65","tumour-cell-intrinsic observational concordance","BAX E1",0.585350674796995,0.592859483782842,0.443457400505458,19,0.95,TRUE,"BAX","BAX","CASP3","PRKAA1;PPM1D;Mdm2;TP53;TP53INP1;CDKN1A;MYC;MALAT1;SIRT1;DFNA5;E2F1;AKT1;RB1;CDC25A;BBC3;BCL2;BAX;CASP3;CASP9",412,"Limited observational concordance","HCC; malignant cell annotated observational concordance; not causal perturbation validation"
"GSE125449","GSE125449_Set2","S364_P21_LCP65","tumour-cell-intrinsic observational concordance","BAX E1 + GSDME KO",0.578771727428574,0.576856466423284,0.420651019908034,19,0.95,TRUE,"BAX;DFNA5","BAX;DFNA5","CASP3","PRKAA1;PPM1D;Mdm2;TP53;TP53INP1;CDKN1A;MYC;MALAT1;SIRT1;DFNA5;E2F1;AKT1;RB1;CDC25A;BBC3;BCL2;BAX;CASP3;CASP9",412,"Limited observational concordance","HCC; malignant cell annotated observational concordance; not causal perturbation validation"
"GSE125449","GSE125449_Set2","S364_P21_LCP65","tumour-cell-intrinsic observational concordance","p53 E1",0.76818908511761,0.721547505097156,0.181015871543335,19,0.95,TRUE,"TP53","TP53","Mdm2","PRKAA1;PPM1D;Mdm2;TP53;TP53INP1;CDKN1A;MYC;MALAT1;SIRT1;DFNA5;E2F1;AKT1;RB1;CDC25A;BBC3;BCL2;BAX;CASP3;CASP9",412,"Limited observational concordance","HCC; malignant cell annotated observational concordance; not causal perturbation validation"
"GSE125449","GSE125449_Set2","S364_P21_LCP65","tumour-cell-intrinsic observational concordance","p53 KO",0.52584260631538,0.521348239999662,0.245572072176844,19,0.95,TRUE,"TP53","TP53","Mdm2","PRKAA1;PPM1D;Mdm2;TP53;TP53INP1;CDKN1A;MYC;MALAT1;SIRT1;DFNA5;E2F1;AKT1;RB1;CDC25A;BBC3;BCL2;BAX;CASP3;CASP9",412,"Limited observational concordance","HCC; malignant cell annotated observational concordance; not causal perturbation validation"
"GSE125449","GSE125449_Set2","S364_P21_LCP65","tumour-cell-intrinsic observational concordance","p21 E1",0.575161738418665,0.544507332566728,-0.153380981505777,19,0.95,TRUE,"CDKN1A","CDKN1A","CASP3","PRKAA1;PPM1D;Mdm2;TP53;TP53INP1;CDKN1A;MYC;MALAT1;SIRT1;DFNA5;E2F1;AKT1;RB1;CDC25A;BBC3;BCL2;BAX;CASP3;CASP9",412,"Limited observational concordance","HCC; malignant cell annotated observational concordance; not causal perturbation validation"
"GSE189903","GSE189903_HCC","1HT1","HCC tumour-region observational concordance; malignant status annotated separately","Reference: DDR ON, GSDME endogenous",0.608215934847581,0.608215934847581,0.230811588105374,19,0.95,FALSE,"","","","PRKAA1;PPM1D;Mdm2;TP53;TP53INP1;CDKN1A;MYC;MALAT1;SIRT1;DFNA5;E2F1;AKT1;RB1;CDC25A;BBC3;BCL2;BAX;CASP3;CASP9",219,"Indirect only: perturbed node not measured","HCC; malignant cell annotated observational concordance; not causal perturbation validation"
"GSE189903","GSE189903_HCC","1HT1","HCC tumour-region observational concordance; malignant status annotated separately","GSDME KO",0.561834355900212,0.553402398277456,0.169537190365534,19,0.95,TRUE,"DFNA5","DFNA5","","PRKAA1;PPM1D;Mdm2;TP53;TP53INP1;CDKN1A;MYC;MALAT1;SIRT1;DFNA5;E2F1;AKT1;RB1;CDC25A;BBC3;BCL2;BAX;CASP3;CASP9",219,"Limited observational concordance","HCC; malignant cell annotated observational concordance; not causal perturbation validation"
"GSE189903","GSE189903_HCC","1HT1","HCC tumour-region observational concordance; malignant status annotated separately","CASP3 KO",0.59867646116337,0.584697649747724,0.177183383124171,19,0.95,TRUE,"CASP3","CASP3","DFNA5;CDKN1A;CASP9","PRKAA1;PPM1D;Mdm2;TP53;TP53INP1;CDKN1A;MYC;MALAT1;SIRT1;DFNA5;E2F1;AKT1;RB1;CDC25A;BBC3;BCL2;BAX;CASP3;CASP9",219,"Limited observational concordance","HCC; malignant cell annotated observational concordance; not causal perturbation validation"
"GSE189903","GSE189903_HCC","1HT1","HCC tumour-region observational concordance; malignant status annotated separately","miR-204-5p OE",0.610851959954985,0.58168486699144,-0.402397423592461,19,0.95,FALSE,"MIR204","","SIRT1;BCL2;MYC;E2F1;CDC25A;AKT1","PRKAA1;PPM1D;Mdm2;TP53;TP53INP1;CDKN1A;MYC;MALAT1;SIRT1;DFNA5;E2F1;AKT1;RB1;CDC25A;BBC3;BCL2;BAX;CASP3;CASP9",219,"Indirect only: perturbed node not measured","HCC; malignant cell annotated observational concordance; not causal perturbation validation"
"GSE189903","GSE189903_HCC","1HT1","HCC tumour-region observational concordance; malignant status annotated separately","miR-204-5p KO",0.537163303268633,0.53080673305851,0.281081032323344,19,0.95,FALSE,"MIR204","","SIRT1;BCL2;MYC;E2F1;CDC25A;AKT1","PRKAA1;PPM1D;Mdm2;TP53;TP53INP1;CDKN1A;MYC;MALAT1;SIRT1;DFNA5;E2F1;AKT1;RB1;CDC25A;BBC3;BCL2;BAX;CASP3;CASP9",219,"Indirect only: perturbed node not measured","HCC; malignant cell annotated observational concordance; not causal perturbation validation"
"GSE189903","GSE189903_HCC","1HT1","HCC tumour-region observational concordance; malignant status annotated separately","MALAT1 OE",0.537163303268633,0.552472015423918,0.281081032323344,19,0.95,TRUE,"MALAT1","MALAT1","","PRKAA1;PPM1D;Mdm2;TP53;TP53INP1;CDKN1A;MYC;MALAT1;SIRT1;DFNA5;E2F1;AKT1;RB1;CDC25A;BBC3;BCL2;BAX;CASP3;CASP9",219,"Limited observational concordance","HCC; malignant cell annotated observational concordance; not causal perturbation validation"
"GSE189903","GSE189903_HCC","1HT1","HCC tumour-region observational concordance; malignant status annotated separately","MALAT1 KO",0.620118335646803,0.583362127275777,-0.024503666628516,19,0.95,TRUE,"MALAT1","MALAT1","","PRKAA1;PPM1D;Mdm2;TP53;TP53INP1;CDKN1A;MYC;MALAT1;SIRT1;DFNA5;E2F1;AKT1;RB1;CDC25A;BBC3;BCL2;BAX;CASP3;CASP9",219,"Limited observational concordance","HCC; malignant cell annotated observational concordance; not causal perturbation validation"
"GSE189903","GSE189903_HCC","1HT1","HCC tumour-region observational concordance; malignant status annotated separately","SIRT1 OE",0.537163303268633,0.53070012009148,0.281081032323344,19,0.95,TRUE,"SIRT1","SIRT1","TP53","PRKAA1;PPM1D;Mdm2;TP53;TP53INP1;CDKN1A;MYC;MALAT1;SIRT1;DFNA5;E2F1;AKT1;RB1;CDC25A;BBC3;BCL2;BAX;CASP3;CASP9",219,"Limited observational concordance","HCC; malignant cell annotated observational concordance; not causal perturbation validation"
"GSE189903","GSE189903_HCC","1HT1","HCC tumour-region observational concordance; malignant status annotated separately","SIRT1 KO",0.534452364249988,0.528460648728251,-0.293641363162066,19,0.95,TRUE,"SIRT1","SIRT1","TP53","PRKAA1;PPM1D;Mdm2;TP53;TP53INP1;CDKN1A;MYC;MALAT1;SIRT1;DFNA5;E2F1;AKT1;RB1;CDC25A;BBC3;BCL2;BAX;CASP3;CASP9",219,"Limited observational concordance","HCC; malignant cell annotated observational concordance; not causal perturbation validation"
"GSE189903","GSE189903_HCC","1HT1","HCC tumour-region observational concordance; malignant status annotated separately","BCL2 KO",0.615452776952844,0.593728641787107,0.214798098956353,19,0.95,TRUE,"BCL2","BCL2","BAX;CASP3","PRKAA1;PPM1D;Mdm2;TP53;TP53INP1;CDKN1A;MYC;MALAT1;SIRT1;DFNA5;E2F1;AKT1;RB1;CDC25A;BBC3;BCL2;BAX;CASP3;CASP9",219,"Limited observational concordance","HCC; malignant cell annotated observational concordance; not causal perturbation validation"
"GSE189903","GSE189903_HCC","1HT1","HCC tumour-region observational concordance; malignant status annotated separately","GSDME OE",0.61742646116337,0.60141376191382,0.1303631331442,19,0.95,TRUE,"DFNA5","DFNA5","","PRKAA1;PPM1D;Mdm2;TP53;TP53INP1;CDKN1A;MYC;MALAT1;SIRT1;DFNA5;E2F1;AKT1;RB1;CDC25A;BBC3;BCL2;BAX;CASP3;CASP9",219,"Limited observational concordance","HCC; malignant cell annotated observational concordance; not causal perturbation validation"
"GSE189903","GSE189903_HCC","1HT1","HCC tumour-region observational concordance; malignant status annotated separately","CASP3 OE",0.600979092742318,0.587197649747724,0.214654154976393,19,0.95,TRUE,"CASP3","CASP3","DFNA5;CDKN1A;CASP9","PRKAA1;PPM1D;Mdm2;TP53;TP53INP1;CDKN1A;MYC;MALAT1;SIRT1;DFNA5;E2F1;AKT1;RB1;CDC25A;BBC3;BCL2;BAX;CASP3;CASP9",219,"Limited observational concordance","HCC; malignant cell annotated observational concordance; not causal perturbation validation"
"GSE189903","GSE189903_HCC","1HT1","HCC tumour-region observational concordance; malignant status annotated separately","miR-204-5p OE + GSDME KO",0.589141433639195,0.5582007740995,-0.393095191982063,19,0.95,TRUE,"MIR204;DFNA5","DFNA5","SIRT1;BCL2;MYC;E2F1;CDC25A;AKT1","PRKAA1;PPM1D;Mdm2;TP53;TP53INP1;CDKN1A;MYC;MALAT1;SIRT1;DFNA5;E2F1;AKT1;RB1;CDC25A;BBC3;BCL2;BAX;CASP3;CASP9",219,"Limited observational concordance","HCC; malignant cell annotated observational concordance; not causal perturbation validation"
"GSE189903","GSE189903_HCC","1HT1","HCC tumour-region observational concordance; malignant status annotated separately","CASP3 OE + GSDME KO",0.599663303268633,0.580275601618263,0.218626257297665,19,0.95,TRUE,"CASP3;DFNA5","CASP3;DFNA5","DFNA5;CDKN1A;CASP9","PRKAA1;PPM1D;Mdm2;TP53;TP53INP1;CDKN1A;MYC;MALAT1;SIRT1;DFNA5;E2F1;AKT1;RB1;CDC25A;BBC3;BCL2;BAX;CASP3;CASP9",219,"Limited observational concordance","HCC; malignant cell annotated observational concordance; not causal perturbation validation"
"GSE189903","GSE189903_HCC","1HT1","HCC tumour-region observational concordance; malignant status annotated separately","SIRT1 KO + GSDME KO",0.515702364249988,0.511715189259607,-0.337732549777029,19,0.95,TRUE,"SIRT1;DFNA5","SIRT1;DFNA5","TP53","PRKAA1;PPM1D;Mdm2;TP53;TP53INP1;CDKN1A;MYC;MALAT1;SIRT1;DFNA5;E2F1;AKT1;RB1;CDC25A;BBC3;BCL2;BAX;CASP3;CASP9",219,"Limited observational concordance","HCC; malignant cell annotated observational concordance; not causal perturbation validation"
"GSE189903","GSE189903_HCC","1HT1","HCC tumour-region observational concordance; malignant status annotated separately","MALAT1 KO + GSDME KO",0.579986756699435,0.542858672002684,-0.119689501461813,19,0.95,TRUE,"MALAT1;DFNA5","MALAT1;DFNA5","","PRKAA1;PPM1D;Mdm2;TP53;TP53INP1;CDKN1A;MYC;MALAT1;SIRT1;DFNA5;E2F1;AKT1;RB1;CDC25A;BBC3;BCL2;BAX;CASP3;CASP9",219,"Limited observational concordance","HCC; malignant cell annotated observational concordance; not causal perturbation validation"
"GSE189903","GSE189903_HCC","1HT1","HCC tumour-region observational concordance; malignant status annotated separately","miR-204-5p OE + CASP3 KO",0.540128275744458,0.532041393328933,-0.325286739521429,19,0.95,TRUE,"MIR204;CASP3","CASP3","SIRT1;BCL2;MYC;E2F1;CDC25A;AKT1;DFNA5;CDKN1A;CASP9","PRKAA1;PPM1D;Mdm2;TP53;TP53INP1;CDKN1A;MYC;MALAT1;SIRT1;DFNA5;E2F1;AKT1;RB1;CDC25A;BBC3;BCL2;BAX;CASP3;CASP9",219,"Limited observational concordance","HCC; malignant cell annotated observational concordance; not causal perturbation validation"
"GSE189903","GSE189903_HCC","1HT1","HCC tumour-region observational concordance; malignant status annotated separately","GSDME E1 + CASP3 E1",0.585518566426528,0.570090416433077,0.214654154976393,19,0.95,TRUE,"DFNA5;CASP3","DFNA5;CASP3","DFNA5;CDKN1A;CASP9","PRKAA1;PPM1D;Mdm2;TP53;TP53INP1;CDKN1A;MYC;MALAT1;SIRT1;DFNA5;E2F1;AKT1;RB1;CDC25A;BBC3;BCL2;BAX;CASP3;CASP9",219,"Limited observational concordance","HCC; malignant cell annotated observational concordance; not causal perturbation validation"
"GSE189903","GSE189903_HCC","1HT1","HCC tumour-region observational concordance; malignant status annotated separately","p53 E1 + miR-204-5p E1 + CASP3 KO + p21 E1",0.513483538902353,0.493735051258805,-0.406670513390072,19,0.95,TRUE,"TP53;MIR204;CASP3;CDKN1A","TP53;CASP3;CDKN1A","Mdm2;SIRT1;BCL2;MYC;E2F1;CDC25A;AKT1;CASP3;DFNA5;CDKN1A;CASP9","PRKAA1;PPM1D;Mdm2;TP53;TP53INP1;CDKN1A;MYC;MALAT1;SIRT1;DFNA5;E2F1;AKT1;RB1;CDC25A;BBC3;BCL2;BAX;CASP3;CASP9",219,"Limited observational concordance","HCC; malignant cell annotated observational concordance; not causal perturbation validation"
"GSE189903","GSE189903_HCC","1HT1","HCC tumour-region observational concordance; malignant status annotated separately","MALAT1 E1 + miR-204-5p KO + SIRT1 E1",0.537163303268633,0.539304835602739,0.281081032323344,19,0.95,TRUE,"MALAT1;MIR204;SIRT1","MALAT1;SIRT1","SIRT1;BCL2;MYC;E2F1;CDC25A;AKT1;TP53","PRKAA1;PPM1D;Mdm2;TP53;TP53INP1;CDKN1A;MYC;MALAT1;SIRT1;DFNA5;E2F1;AKT1;RB1;CDC25A;BBC3;BCL2;BAX;CASP3;CASP9",219,"Limited observational concordance","HCC; malignant cell annotated observational concordance; not causal perturbation validation"
"GSE189903","GSE189903_HCC","1HT1","HCC tumour-region observational concordance; malignant status annotated separately","SIRT1 KO + GSDME KO + CASP3 E1",0.505833943197356,0.513013980720607,-0.195484879183261,19,0.95,TRUE,"SIRT1;DFNA5;CASP3","SIRT1;DFNA5;CASP3","DFNA5;CDKN1A;CASP9;TP53","PRKAA1;PPM1D;Mdm2;TP53;TP53INP1;CDKN1A;MYC;MALAT1;SIRT1;DFNA5;E2F1;AKT1;RB1;CDC25A;BBC3;BCL2;BAX;CASP3;CASP9",219,"Limited observational concordance","HCC; malignant cell annotated observational concordance; not causal perturbation validation"
"GSE189903","GSE189903_HCC","1HT1","HCC tumour-region observational concordance; malignant status annotated separately","BAX E1",0.595096498975315,0.593551285137887,0.420276211441468,19,0.95,TRUE,"BAX","BAX","CASP3","PRKAA1;PPM1D;Mdm2;TP53;TP53INP1;CDKN1A;MYC;MALAT1;SIRT1;DFNA5;E2F1;AKT1;RB1;CDC25A;BBC3;BCL2;BAX;CASP3;CASP9",219,"Limited observational concordance","HCC; malignant cell annotated observational concordance; not causal perturbation validation"
"GSE189903","GSE189903_HCC","1HT1","HCC tumour-region observational concordance; malignant status annotated separately","BAX E1 + GSDME KO",0.587859656870052,0.576987675314285,0.394694181179813,19,0.95,TRUE,"BAX;DFNA5","BAX;DFNA5","CASP3","PRKAA1;PPM1D;Mdm2;TP53;TP53INP1;CDKN1A;MYC;MALAT1;SIRT1;DFNA5;E2F1;AKT1;RB1;CDC25A;BBC3;BCL2;BAX;CASP3;CASP9",219,"Limited observational concordance","HCC; malignant cell annotated observational concordance; not causal perturbation validation"
"GSE189903","GSE189903_HCC","1HT1","HCC tumour-region observational concordance; malignant status annotated separately","p53 E1",0.789841859528434,0.748568956417271,0.215886357536544,19,0.95,TRUE,"TP53","TP53","Mdm2","PRKAA1;PPM1D;Mdm2;TP53;TP53INP1;CDKN1A;MYC;MALAT1;SIRT1;DFNA5;E2F1;AKT1;RB1;CDC25A;BBC3;BCL2;BAX;CASP3;CASP9",219,"Limited observational concordance","HCC; malignant cell annotated observational concordance; not causal perturbation validation"
"GSE189903","GSE189903_HCC","1HT1","HCC tumour-region observational concordance; malignant status annotated separately","p53 KO",0.537163303268633,0.539834496898305,0.281081032323344,19,0.95,TRUE,"TP53","TP53","Mdm2","PRKAA1;PPM1D;Mdm2;TP53;TP53INP1;CDKN1A;MYC;MALAT1;SIRT1;DFNA5;E2F1;AKT1;RB1;CDC25A;BBC3;BCL2;BAX;CASP3;CASP9",219,"Limited observational concordance","HCC; malignant cell annotated observational concordance; not causal perturbation validation"
"GSE189903","GSE189903_HCC","1HT1","HCC tumour-region observational concordance; malignant status annotated separately","p21 E1",0.588930305206627,0.546170015398206,-0.0428306889624767,19,0.95,TRUE,"CDKN1A","CDKN1A","CASP3","PRKAA1;PPM1D;Mdm2;TP53;TP53INP1;CDKN1A;MYC;MALAT1;SIRT1;DFNA5;E2F1;AKT1;RB1;CDC25A;BBC3;BCL2;BAX;CASP3;CASP9",219,"Limited observational concordance","HCC; malignant cell annotated observational concordance; not causal perturbation validation"
"GSE189903","GSE189903_HCC","1HT2","HCC tumour-region observational concordance; malignant status annotated separately","Reference: DDR ON, GSDME endogenous",0.616413970252175,0.616413970252175,0.1056791098159,19,0.95,FALSE,"","","","PRKAA1;PPM1D;Mdm2;TP53;TP53INP1;CDKN1A;MYC;MALAT1;SIRT1;DFNA5;E2F1;AKT1;RB1;CDC25A;BBC3;BCL2;BAX;CASP3;CASP9",141,"Indirect only: perturbed node not measured","HCC; malignant cell annotated observational concordance; not causal perturbation validation"
"GSE189903","GSE189903_HCC","1HT2","HCC tumour-region observational concordance; malignant status annotated separately","GSDME KO",0.570032391304806,0.560482519763242,0.0368559109490291,19,0.95,TRUE,"DFNA5","DFNA5","","PRKAA1;PPM1D;Mdm2;TP53;TP53INP1;CDKN1A;MYC;MALAT1;SIRT1;DFNA5;E2F1;AKT1;RB1;CDC25A;BBC3;BCL2;BAX;CASP3;CASP9",141,"Limited observational concordance","HCC; malignant cell annotated observational concordance; not causal perturbation validation"
"GSE189903","GSE189903_HCC","1HT2","HCC tumour-region observational concordance; malignant status annotated separately","CASP3 KO",0.606874496567964,0.594006968486799,0.0394325036626494,19,0.95,TRUE,"CASP3","CASP3","DFNA5;CDKN1A;CASP9","PRKAA1;PPM1D;Mdm2;TP53;TP53INP1;CDKN1A;MYC;MALAT1;SIRT1;DFNA5;E2F1;AKT1;RB1;CDC25A;BBC3;BCL2;BAX;CASP3;CASP9",141,"Limited observational concordance","HCC; malignant cell annotated observational concordance; not causal perturbation validation"
"GSE189903","GSE189903_HCC","1HT2","HCC tumour-region observational concordance; malignant status annotated separately","miR-204-5p OE",0.609080982188205,0.583837965886004,-0.287115999536242,19,0.95,FALSE,"MIR204","","SIRT1;BCL2;MYC;E2F1;CDC25A;AKT1","PRKAA1;PPM1D;Mdm2;TP53;TP53INP1;CDKN1A;MYC;MALAT1;SIRT1;DFNA5;E2F1;AKT1;RB1;CDC25A;BBC3;BCL2;BAX;CASP3;CASP9",141,"Indirect only: perturbed node not measured","HCC; malignant cell annotated observational concordance; not causal perturbation validation"
"GSE189903","GSE189903_HCC","1HT2","HCC tumour-region observational concordance; malignant status annotated separately","miR-204-5p KO",0.545361338673227,0.533538197968684,0.123675654222271,19,0.95,FALSE,"MIR204","","SIRT1;BCL2;MYC;E2F1;CDC25A;AKT1","PRKAA1;PPM1D;Mdm2;TP53;TP53INP1;CDKN1A;MYC;MALAT1;SIRT1;DFNA5;E2F1;AKT1;RB1;CDC25A;BBC3;BCL2;BAX;CASP3;CASP9",141,"Indirect only: perturbed node not measured","HCC; malignant cell annotated observational concordance; not causal perturbation validation"
"GSE189903","GSE189903_HCC","1HT2","HCC tumour-region observational concordance; malignant status annotated separately","MALAT1 OE",0.545361338673227,0.567797731281063,0.123675654222271,19,0.95,TRUE,"MALAT1","MALAT1","","PRKAA1;PPM1D;Mdm2;TP53;TP53INP1;CDKN1A;MYC;MALAT1;SIRT1;DFNA5;E2F1;AKT1;RB1;CDC25A;BBC3;BCL2;BAX;CASP3;CASP9",141,"Limited observational concordance","HCC; malignant cell annotated observational concordance; not causal perturbation validation"
"GSE189903","GSE189903_HCC","1HT2","HCC tumour-region observational concordance; malignant status annotated separately","MALAT1 KO",0.621951350834909,0.576699591475963,-0.14232980828904,19,0.95,TRUE,"MALAT1","MALAT1","","PRKAA1;PPM1D;Mdm2;TP53;TP53INP1;CDKN1A;MYC;MALAT1;SIRT1;DFNA5;E2F1;AKT1;RB1;CDC25A;BBC3;BCL2;BAX;CASP3;CASP9",141,"Limited observational concordance","HCC; malignant cell annotated observational concordance; not causal perturbation validation"
"GSE189903","GSE189903_HCC","1HT2","HCC tumour-region observational concordance; malignant status annotated separately","SIRT1 OE",0.545361338673227,0.537472410208318,0.123675654222271,19,0.95,TRUE,"SIRT1","SIRT1","TP53","PRKAA1;PPM1D;Mdm2;TP53;TP53INP1;CDKN1A;MYC;MALAT1;SIRT1;DFNA5;E2F1;AKT1;RB1;CDC25A;BBC3;BCL2;BAX;CASP3;CASP9",141,"Limited observational concordance","HCC; malignant cell annotated observational concordance; not causal perturbation validation"
"GSE189903","GSE189903_HCC","1HT2","HCC tumour-region observational concordance; malignant status annotated separately","SIRT1 KO",0.53975714881271,0.532842862062673,-0.169659454271416,19,0.95,TRUE,"SIRT1","SIRT1","TP53","PRKAA1;PPM1D;Mdm2;TP53;TP53INP1;CDKN1A;MYC;MALAT1;SIRT1;DFNA5;E2F1;AKT1;RB1;CDC25A;BBC3;BCL2;BAX;CASP3;CASP9",141,"Limited observational concordance","HCC; malignant cell annotated observational concordance; not causal perturbation validation"
"GSE189903","GSE189903_HCC","1HT2","HCC tumour-region observational concordance; malignant status annotated separately","BCL2 KO",0.623650812357438,0.600625026218216,0.0688188084034918,19,0.95,TRUE,"BCL2","BCL2","BAX;CASP3","PRKAA1;PPM1D;Mdm2;TP53;TP53INP1;CDKN1A;MYC;MALAT1;SIRT1;DFNA5;E2F1;AKT1;RB1;CDC25A;BBC3;BCL2;BAX;CASP3;CASP9",141,"Limited observational concordance","HCC; malignant cell annotated observational concordance; not causal perturbation validation"
"GSE189903","GSE189903_HCC","1HT2","HCC tumour-region observational concordance; malignant status annotated separately","GSDME OE",0.625624496567964,0.608493883399605,0.0329834433256409,19,0.95,TRUE,"DFNA5","DFNA5","","PRKAA1;PPM1D;Mdm2;TP53;TP53INP1;CDKN1A;MYC;MALAT1;SIRT1;DFNA5;E2F1;AKT1;RB1;CDC25A;BBC3;BCL2;BAX;CASP3;CASP9",141,"Limited observational concordance","HCC; malignant cell annotated observational concordance; not causal perturbation validation"
"GSE189903","GSE189903_HCC","1HT2","HCC tumour-region observational concordance; malignant status annotated separately","CASP3 OE",0.609177128146911,0.596506968486799,0.158111109275295,19,0.95,TRUE,"CASP3","CASP3","DFNA5;CDKN1A;CASP9","PRKAA1;PPM1D;Mdm2;TP53;TP53INP1;CDKN1A;MYC;MALAT1;SIRT1;DFNA5;E2F1;AKT1;RB1;CDC25A;BBC3;BCL2;BAX;CASP3;CASP9",141,"Limited observational concordance","HCC; malignant cell annotated observational concordance; not causal perturbation validation"
"GSE189903","GSE189903_HCC","1HT2","HCC tumour-region observational concordance; malignant status annotated separately","miR-204-5p OE + GSDME KO",0.587370455872415,0.56012318382679,-0.29343725598661,19,0.95,TRUE,"MIR204;DFNA5","DFNA5","SIRT1;BCL2;MYC;E2F1;CDC25A;AKT1","PRKAA1;PPM1D;Mdm2;TP53;TP53INP1;CDKN1A;MYC;MALAT1;SIRT1;DFNA5;E2F1;AKT1;RB1;CDC25A;BBC3;BCL2;BAX;CASP3;CASP9",141,"Limited observational concordance","HCC; malignant cell annotated observational concordance; not causal perturbation validation"
"GSE189903","GSE189903_HCC","1HT2","HCC tumour-region observational concordance; malignant status annotated separately","CASP3 OE + GSDME KO",0.607861338673227,0.588895341191481,0.12530377816341,19,0.95,TRUE,"CASP3;DFNA5","CASP3;DFNA5","DFNA5;CDKN1A;CASP9","PRKAA1;PPM1D;Mdm2;TP53;TP53INP1;CDKN1A;MYC;MALAT1;SIRT1;DFNA5;E2F1;AKT1;RB1;CDC25A;BBC3;BCL2;BAX;CASP3;CASP9",141,"Limited observational concordance","HCC; malignant cell annotated observational concordance; not causal perturbation validation"
"GSE189903","GSE189903_HCC","1HT2","HCC tumour-region observational concordance; malignant status annotated separately","SIRT1 KO + GSDME KO",0.52100714881271,0.515591762593903,-0.172248804277653,19,0.95,TRUE,"SIRT1;DFNA5","SIRT1;DFNA5","TP53","PRKAA1;PPM1D;Mdm2;TP53;TP53INP1;CDKN1A;MYC;MALAT1;SIRT1;DFNA5;E2F1;AKT1;RB1;CDC25A;BBC3;BCL2;BAX;CASP3;CASP9",141,"Limited observational concordance","HCC; malignant cell annotated observational concordance; not causal perturbation validation"
"GSE189903","GSE189903_HCC","1HT2","HCC tumour-region observational concordance; malignant status annotated separately","MALAT1 KO + GSDME KO",0.58181977188754,0.536995640498848,-0.248746007385855,19,0.95,TRUE,"MALAT1;DFNA5","MALAT1;DFNA5","","PRKAA1;PPM1D;Mdm2;TP53;TP53INP1;CDKN1A;MYC;MALAT1;SIRT1;DFNA5;E2F1;AKT1;RB1;CDC25A;BBC3;BCL2;BAX;CASP3;CASP9",141,"Limited observational concordance","HCC; malignant cell annotated observational concordance; not causal perturbation validation"
"GSE189903","GSE189903_HCC","1HT2","HCC tumour-region observational concordance; malignant status annotated separately","miR-204-5p OE + CASP3 KO",0.538357297977679,0.531294850637788,-0.254572230929814,19,0.95,TRUE,"MIR204;CASP3","CASP3","SIRT1;BCL2;MYC;E2F1;CDC25A;AKT1;DFNA5;CDKN1A;CASP9","PRKAA1;PPM1D;Mdm2;TP53;TP53INP1;CDKN1A;MYC;MALAT1;SIRT1;DFNA5;E2F1;AKT1;RB1;CDC25A;BBC3;BCL2;BAX;CASP3;CASP9",141,"Limited observational concordance","HCC; malignant cell annotated observational concordance; not causal perturbation validation"
"GSE189903","GSE189903_HCC","1HT2","HCC tumour-region observational concordance; malignant status annotated separately","GSDME E1 + CASP3 E1",0.593716601831122,0.578710156006296,0.158111109275295,19,0.95,TRUE,"DFNA5;CASP3","DFNA5;CASP3","DFNA5;CDKN1A;CASP9","PRKAA1;PPM1D;Mdm2;TP53;TP53INP1;CDKN1A;MYC;MALAT1;SIRT1;DFNA5;E2F1;AKT1;RB1;CDC25A;BBC3;BCL2;BAX;CASP3;CASP9",141,"Limited observational concordance","HCC; malignant cell annotated observational concordance; not causal perturbation validation"
"GSE189903","GSE189903_HCC","1HT2","HCC tumour-region observational concordance; malignant status annotated separately","p53 E1 + miR-204-5p E1 + CASP3 KO + p21 E1",0.511712561135573,0.490069043515922,-0.340275327530469,19,0.95,TRUE,"TP53;MIR204;CASP3;CDKN1A","TP53;CASP3;CDKN1A","Mdm2;SIRT1;BCL2;MYC;E2F1;CDC25A;AKT1;CASP3;DFNA5;CDKN1A;CASP9","PRKAA1;PPM1D;Mdm2;TP53;TP53INP1;CDKN1A;MYC;MALAT1;SIRT1;DFNA5;E2F1;AKT1;RB1;CDC25A;BBC3;BCL2;BAX;CASP3;CASP9",141,"Limited observational concordance","HCC; malignant cell annotated observational concordance; not causal perturbation validation"
"GSE189903","GSE189903_HCC","1HT2","HCC tumour-region observational concordance; malignant status annotated separately","MALAT1 E1 + miR-204-5p KO + SIRT1 E1",0.545361338673227,0.547359342019651,0.123675654222271,19,0.95,TRUE,"MALAT1;MIR204;SIRT1","MALAT1;SIRT1","SIRT1;BCL2;MYC;E2F1;CDC25A;AKT1;TP53","PRKAA1;PPM1D;Mdm2;TP53;TP53INP1;CDKN1A;MYC;MALAT1;SIRT1;DFNA5;E2F1;AKT1;RB1;CDC25A;BBC3;BCL2;BAX;CASP3;CASP9",141,"Limited observational concordance","HCC; malignant cell annotated observational concordance; not causal perturbation validation"
"GSE189903","GSE189903_HCC","1HT2","HCC tumour-region observational concordance; malignant status annotated separately","SIRT1 KO + GSDME KO + CASP3 E1",0.511138727760078,0.518748213058715,-0.088025354953866,19,0.95,TRUE,"SIRT1;DFNA5;CASP3","SIRT1;DFNA5;CASP3","DFNA5;CDKN1A;CASP9;TP53","PRKAA1;PPM1D;Mdm2;TP53;TP53INP1;CDKN1A;MYC;MALAT1;SIRT1;DFNA5;E2F1;AKT1;RB1;CDC25A;BBC3;BCL2;BAX;CASP3;CASP9",141,"Limited observational concordance","HCC; malignant cell annotated observational concordance; not causal perturbation validation"
"GSE189903","GSE189903_HCC","1HT2","HCC tumour-region observational concordance; malignant status annotated separately","BAX E1",0.602268160310504,0.598203889676607,0.302285622887714,19,0.95,TRUE,"BAX","BAX","CASP3","PRKAA1;PPM1D;Mdm2;TP53;TP53INP1;CDKN1A;MYC;MALAT1;SIRT1;DFNA5;E2F1;AKT1;RB1;CDC25A;BBC3;BCL2;BAX;CASP3;CASP9",141,"Limited observational concordance","HCC; malignant cell annotated observational concordance; not causal perturbation validation"
"GSE189903","GSE189903_HCC","1HT2","HCC tumour-region observational concordance; malignant status annotated separately","BAX E1 + GSDME KO",0.595031318205241,0.581103440867768,0.273571099124632,19,0.95,TRUE,"BAX;DFNA5","BAX;DFNA5","CASP3","PRKAA1;PPM1D;Mdm2;TP53;TP53INP1;CDKN1A;MYC;MALAT1;SIRT1;DFNA5;E2F1;AKT1;RB1;CDC25A;BBC3;BCL2;BAX;CASP3;CASP9",141,"Limited observational concordance","HCC; malignant cell annotated observational concordance; not causal perturbation validation"
"GSE189903","GSE189903_HCC","1HT2","HCC tumour-region observational concordance; malignant status annotated separately","p53 E1",0.786965012904463,0.74799421914173,0.122388129698333,19,0.95,TRUE,"TP53","TP53","Mdm2","PRKAA1;PPM1D;Mdm2;TP53;TP53INP1;CDKN1A;MYC;MALAT1;SIRT1;DFNA5;E2F1;AKT1;RB1;CDC25A;BBC3;BCL2;BAX;CASP3;CASP9",141,"Limited observational concordance","HCC; malignant cell annotated observational concordance; not causal perturbation validation"
"GSE189903","GSE189903_HCC","1HT2","HCC tumour-region observational concordance; malignant status annotated separately","p53 KO",0.545361338673227,0.548408575211579,0.123675654222271,19,0.95,TRUE,"TP53","TP53","Mdm2","PRKAA1;PPM1D;Mdm2;TP53;TP53INP1;CDKN1A;MYC;MALAT1;SIRT1;DFNA5;E2F1;AKT1;RB1;CDC25A;BBC3;BCL2;BAX;CASP3;CASP9",141,"Limited observational concordance","HCC; malignant cell annotated observational concordance; not causal perturbation validation"
"GSE189903","GSE189903_HCC","1HT2","HCC tumour-region observational concordance; malignant status annotated separately","p21 E1",0.589026204212315,0.536209632517304,-0.168188802998994,19,0.95,TRUE,"CDKN1A","CDKN1A","CASP3","PRKAA1;PPM1D;Mdm2;TP53;TP53INP1;CDKN1A;MYC;MALAT1;SIRT1;DFNA5;E2F1;AKT1;RB1;CDC25A;BBC3;BCL2;BAX;CASP3;CASP9",141,"Limited observational concordance","HCC; malignant cell annotated observational concordance; not causal perturbation validation"
"GSE189903","GSE189903_HCC","1HT3","HCC tumour-region observational concordance; malignant status annotated separately","Reference: DDR ON, GSDME endogenous",0.618174151139257,0.618174151139257,0.351737932670832,19,0.95,FALSE,"","","","PRKAA1;PPM1D;Mdm2;TP53;TP53INP1;CDKN1A;MYC;MALAT1;SIRT1;DFNA5;E2F1;AKT1;RB1;CDC25A;BBC3;BCL2;BAX;CASP3;CASP9",276,"Indirect only: perturbed node not measured","HCC; malignant cell annotated observational concordance; not causal perturbation validation"
"GSE189903","GSE189903_HCC","1HT3","HCC tumour-region observational concordance; malignant status annotated separately","GSDME KO",0.571792572191889,0.562002675983904,0.283264001293966,19,0.95,TRUE,"DFNA5","DFNA5","","PRKAA1;PPM1D;Mdm2;TP53;TP53INP1;CDKN1A;MYC;MALAT1;SIRT1;DFNA5;E2F1;AKT1;RB1;CDC25A;BBC3;BCL2;BAX;CASP3;CASP9",276,"Limited observational concordance","HCC; malignant cell annotated observational concordance; not causal perturbation validation"
"GSE189903","GSE189903_HCC","1HT3","HCC tumour-region observational concordance; malignant status annotated separately","CASP3 KO",0.608634677455047,0.59612299203293,0.244481522708426,19,0.95,TRUE,"CASP3","CASP3","DFNA5;CDKN1A;CASP9","PRKAA1;PPM1D;Mdm2;TP53;TP53INP1;CDKN1A;MYC;MALAT1;SIRT1;DFNA5;E2F1;AKT1;RB1;CDC25A;BBC3;BCL2;BAX;CASP3;CASP9",276,"Limited observational concordance","HCC; malignant cell annotated observational concordance; not causal perturbation validation"
"GSE189903","GSE189903_HCC","1HT3","HCC tumour-region observational concordance; malignant status annotated separately","miR-204-5p OE",0.610016112344477,0.582330529283601,-0.485052029519561,19,0.95,FALSE,"MIR204","","SIRT1;BCL2;MYC;E2F1;CDC25A;AKT1","PRKAA1;PPM1D;Mdm2;TP53;TP53INP1;CDKN1A;MYC;MALAT1;SIRT1;DFNA5;E2F1;AKT1;RB1;CDC25A;BBC3;BCL2;BAX;CASP3;CASP9",276,"Indirect only: perturbed node not measured","HCC; malignant cell annotated observational concordance; not causal perturbation validation"
"GSE189903","GSE189903_HCC","1HT3","HCC tumour-region observational concordance; malignant status annotated separately","miR-204-5p KO",0.54712151956031,0.537094070964037,0.415999927838549,19,0.95,FALSE,"MIR204","","SIRT1;BCL2;MYC;E2F1;CDC25A;AKT1","PRKAA1;PPM1D;Mdm2;TP53;TP53INP1;CDKN1A;MYC;MALAT1;SIRT1;DFNA5;E2F1;AKT1;RB1;CDC25A;BBC3;BCL2;BAX;CASP3;CASP9",276,"Indirect only: perturbed node not measured","HCC; malignant cell annotated observational concordance; not causal perturbation validation"
"GSE189903","GSE189903_HCC","1HT3","HCC tumour-region observational concordance; malignant status annotated separately","MALAT1 OE",0.54712151956031,0.560601255391066,0.415999927838549,19,0.95,TRUE,"MALAT1","MALAT1","","PRKAA1;PPM1D;Mdm2;TP53;TP53INP1;CDKN1A;MYC;MALAT1;SIRT1;DFNA5;E2F1;AKT1;RB1;CDC25A;BBC3;BCL2;BAX;CASP3;CASP9",276,"Limited observational concordance","HCC; malignant cell annotated observational concordance; not causal perturbation validation"
"GSE189903","GSE189903_HCC","1HT3","HCC tumour-region observational concordance; malignant status annotated separately","MALAT1 KO",0.630440160017939,0.592747467881059,0.0881089289408343,19,0.95,TRUE,"MALAT1","MALAT1","","PRKAA1;PPM1D;Mdm2;TP53;TP53INP1;CDKN1A;MYC;MALAT1;SIRT1;DFNA5;E2F1;AKT1;RB1;CDC25A;BBC3;BCL2;BAX;CASP3;CASP9",276,"Limited observational concordance","HCC; malignant cell annotated observational concordance; not causal perturbation validation"
"GSE189903","GSE189903_HCC","1HT3","HCC tumour-region observational concordance; malignant status annotated separately","SIRT1 OE",0.54712151956031,0.538926472680256,0.415999927838549,19,0.95,TRUE,"SIRT1","SIRT1","TP53","PRKAA1;PPM1D;Mdm2;TP53;TP53INP1;CDKN1A;MYC;MALAT1;SIRT1;DFNA5;E2F1;AKT1;RB1;CDC25A;BBC3;BCL2;BAX;CASP3;CASP9",276,"Limited observational concordance","HCC; malignant cell annotated observational concordance; not causal perturbation validation"
"GSE189903","GSE189903_HCC","1HT3","HCC tumour-region observational concordance; malignant status annotated separately","SIRT1 KO",0.531334354851069,0.525884901833492,-0.395872059966637,19,0.95,TRUE,"SIRT1","SIRT1","TP53","PRKAA1;PPM1D;Mdm2;TP53;TP53INP1;CDKN1A;MYC;MALAT1;SIRT1;DFNA5;E2F1;AKT1;RB1;CDC25A;BBC3;BCL2;BAX;CASP3;CASP9",276,"Limited observational concordance","HCC; malignant cell annotated observational concordance; not causal perturbation validation"
"GSE189903","GSE189903_HCC","1HT3","HCC tumour-region observational concordance; malignant status annotated separately","BCL2 KO",0.62541099324452,0.606533395708776,0.299257545633366,19,0.95,TRUE,"BCL2","BCL2","BAX;CASP3","PRKAA1;PPM1D;Mdm2;TP53;TP53INP1;CDKN1A;MYC;MALAT1;SIRT1;DFNA5;E2F1;AKT1;RB1;CDC25A;BBC3;BCL2;BAX;CASP3;CASP9",276,"Limited observational concordance","HCC; malignant cell annotated observational concordance; not causal perturbation validation"
"GSE189903","GSE189903_HCC","1HT3","HCC tumour-region observational concordance; malignant status annotated separately","GSDME OE",0.627384677455047,0.610014039620268,0.291615522736222,19,0.95,TRUE,"DFNA5","DFNA5","","PRKAA1;PPM1D;Mdm2;TP53;TP53INP1;CDKN1A;MYC;MALAT1;SIRT1;DFNA5;E2F1;AKT1;RB1;CDC25A;BBC3;BCL2;BAX;CASP3;CASP9",276,"Limited observational concordance","HCC; malignant cell annotated observational concordance; not causal perturbation validation"
"GSE189903","GSE189903_HCC","1HT3","HCC tumour-region observational concordance; malignant status annotated separately","CASP3 OE",0.610937309033994,0.59862299203293,0.375906544568416,19,0.95,TRUE,"CASP3","CASP3","DFNA5;CDKN1A;CASP9","PRKAA1;PPM1D;Mdm2;TP53;TP53INP1;CDKN1A;MYC;MALAT1;SIRT1;DFNA5;E2F1;AKT1;RB1;CDC25A;BBC3;BCL2;BAX;CASP3;CASP9",276,"Limited observational concordance","HCC; malignant cell annotated observational concordance; not causal perturbation validation"
"GSE189903","GSE189903_HCC","1HT3","HCC tumour-region observational concordance; malignant status annotated separately","miR-204-5p OE + GSDME KO",0.587095835990294,0.557956356477162,-0.494967748777414,19,0.95,TRUE,"MIR204;DFNA5","DFNA5","SIRT1;BCL2;MYC;E2F1;CDC25A;AKT1","PRKAA1;PPM1D;Mdm2;TP53;TP53INP1;CDKN1A;MYC;MALAT1;SIRT1;DFNA5;E2F1;AKT1;RB1;CDC25A;BBC3;BCL2;BAX;CASP3;CASP9",276,"Limited observational concordance","HCC; malignant cell annotated observational concordance; not causal perturbation validation"
"GSE189903","GSE189903_HCC","1HT3","HCC tumour-region observational concordance; malignant status annotated separately","CASP3 OE + GSDME KO",0.60962151956031,0.590854622252713,0.343405751870433,19,0.95,TRUE,"CASP3;DFNA5","CASP3;DFNA5","DFNA5;CDKN1A;CASP9","PRKAA1;PPM1D;Mdm2;TP53;TP53INP1;CDKN1A;MYC;MALAT1;SIRT1;DFNA5;E2F1;AKT1;RB1;CDC25A;BBC3;BCL2;BAX;CASP3;CASP9",276,"Limited observational concordance","HCC; malignant cell annotated observational concordance; not causal perturbation validation"
"GSE189903","GSE189903_HCC","1HT3","HCC tumour-region observational concordance; malignant status annotated separately","SIRT1 KO + GSDME KO",0.512584354851069,0.509436643929627,-0.402260802739051,19,0.95,TRUE,"SIRT1;DFNA5","SIRT1;DFNA5","TP53","PRKAA1;PPM1D;Mdm2;TP53;TP53INP1;CDKN1A;MYC;MALAT1;SIRT1;DFNA5;E2F1;AKT1;RB1;CDC25A;BBC3;BCL2;BAX;CASP3;CASP9",276,"Limited observational concordance","HCC; malignant cell annotated observational concordance; not causal perturbation validation"
"GSE189903","GSE189903_HCC","1HT3","HCC tumour-region observational concordance; malignant status annotated separately","MALAT1 KO + GSDME KO",0.590308581070571,0.551117771735331,-0.00520389136790492,19,0.95,TRUE,"MALAT1;DFNA5","MALAT1;DFNA5","","PRKAA1;PPM1D;Mdm2;TP53;TP53INP1;CDKN1A;MYC;MALAT1;SIRT1;DFNA5;E2F1;AKT1;RB1;CDC25A;BBC3;BCL2;BAX;CASP3;CASP9",276,"Limited observational concordance","HCC; malignant cell annotated observational concordance; not causal perturbation validation"
"GSE189903","GSE189903_HCC","1HT3","HCC tumour-region observational concordance; malignant status annotated separately","miR-204-5p OE + CASP3 KO",0.536108993885031,0.527500388780102,-0.499715860714079,19,0.95,TRUE,"MIR204;CASP3","CASP3","SIRT1;BCL2;MYC;E2F1;CDC25A;AKT1;DFNA5;CDKN1A;CASP9","PRKAA1;PPM1D;Mdm2;TP53;TP53INP1;CDKN1A;MYC;MALAT1;SIRT1;DFNA5;E2F1;AKT1;RB1;CDC25A;BBC3;BCL2;BAX;CASP3;CASP9",276,"Limited observational concordance","HCC; malignant cell annotated observational concordance; not causal perturbation validation"
"GSE189903","GSE189903_HCC","1HT3","HCC tumour-region observational concordance; malignant status annotated separately","GSDME E1 + CASP3 E1",0.595476782718204,0.580669437067528,0.375906544568416,19,0.95,TRUE,"DFNA5;CASP3","DFNA5;CASP3","DFNA5;CDKN1A;CASP9","PRKAA1;PPM1D;Mdm2;TP53;TP53INP1;CDKN1A;MYC;MALAT1;SIRT1;DFNA5;E2F1;AKT1;RB1;CDC25A;BBC3;BCL2;BAX;CASP3;CASP9",276,"Limited observational concordance","HCC; malignant cell annotated observational concordance; not causal perturbation validation"
"GSE189903","GSE189903_HCC","1HT3","HCC tumour-region observational concordance; malignant status annotated separately","p53 E1 + miR-204-5p E1 + CASP3 KO + p21 E1",0.506832678095557,0.48285102988091,-0.556059681574181,19,0.95,TRUE,"TP53;MIR204;CASP3;CDKN1A","TP53;CASP3;CDKN1A","Mdm2;SIRT1;BCL2;MYC;E2F1;CDC25A;AKT1;CASP3;DFNA5;CDKN1A;CASP9","PRKAA1;PPM1D;Mdm2;TP53;TP53INP1;CDKN1A;MYC;MALAT1;SIRT1;DFNA5;E2F1;AKT1;RB1;CDC25A;BBC3;BCL2;BAX;CASP3;CASP9",276,"Limited observational concordance","HCC; malignant cell annotated observational concordance; not causal perturbation validation"
"GSE189903","GSE189903_HCC","1HT3","HCC tumour-region observational concordance; malignant status annotated separately","MALAT1 E1 + miR-204-5p KO + SIRT1 E1",0.54712151956031,0.544040984550274,0.415999927838549,19,0.95,TRUE,"MALAT1;MIR204;SIRT1","MALAT1;SIRT1","SIRT1;BCL2;MYC;E2F1;CDC25A;AKT1;TP53","PRKAA1;PPM1D;Mdm2;TP53;TP53INP1;CDKN1A;MYC;MALAT1;SIRT1;DFNA5;E2F1;AKT1;RB1;CDC25A;BBC3;BCL2;BAX;CASP3;CASP9",276,"Limited observational concordance","HCC; malignant cell annotated observational concordance; not causal perturbation validation"
"GSE189903","GSE189903_HCC","1HT3","HCC tumour-region observational concordance; malignant status annotated separately","SIRT1 KO + GSDME KO + CASP3 E1",0.502715933798437,0.514213505527344,-0.296085284844822,19,0.95,TRUE,"SIRT1;DFNA5;CASP3","SIRT1;DFNA5;CASP3","DFNA5;CDKN1A;CASP9;TP53","PRKAA1;PPM1D;Mdm2;TP53;TP53INP1;CDKN1A;MYC;MALAT1;SIRT1;DFNA5;E2F1;AKT1;RB1;CDC25A;BBC3;BCL2;BAX;CASP3;CASP9",276,"Limited observational concordance","HCC; malignant cell annotated observational concordance; not causal perturbation validation"
"GSE189903","GSE189903_HCC","1HT3","HCC tumour-region observational concordance; malignant status annotated separately","BAX E1",0.592622295837706,0.576101988905313,0.180118376332058,19,0.95,TRUE,"BAX","BAX","CASP3","PRKAA1;PPM1D;Mdm2;TP53;TP53INP1;CDKN1A;MYC;MALAT1;SIRT1;DFNA5;E2F1;AKT1;RB1;CDC25A;BBC3;BCL2;BAX;CASP3;CASP9",276,"Limited observational concordance","HCC; malignant cell annotated observational concordance; not causal perturbation validation"
"GSE189903","GSE189903_HCC","1HT3","HCC tumour-region observational concordance; malignant status annotated separately","BAX E1 + GSDME KO",0.585385453732443,0.561551759416238,0.151403852568976,19,0.95,TRUE,"BAX;DFNA5","BAX;DFNA5","CASP3","PRKAA1;PPM1D;Mdm2;TP53;TP53INP1;CDKN1A;MYC;MALAT1;SIRT1;DFNA5;E2F1;AKT1;RB1;CDC25A;BBC3;BCL2;BAX;CASP3;CASP9",276,"Limited observational concordance","HCC; malignant cell annotated observational concordance; not causal perturbation validation"
"GSE189903","GSE189903_HCC","1HT3","HCC tumour-region observational concordance; malignant status annotated separately","p53 E1",0.795785463042625,0.752649204764135,0.340900841949433,19,0.95,TRUE,"TP53","TP53","Mdm2","PRKAA1;PPM1D;Mdm2;TP53;TP53INP1;CDKN1A;MYC;MALAT1;SIRT1;DFNA5;E2F1;AKT1;RB1;CDC25A;BBC3;BCL2;BAX;CASP3;CASP9",276,"Moderate observational concordance","HCC; malignant cell annotated observational concordance; not causal perturbation validation"
"GSE189903","GSE189903_HCC","1HT3","HCC tumour-region observational concordance; malignant status annotated separately","p53 KO",0.54712151956031,0.547231164496136,0.415999927838549,19,0.95,TRUE,"TP53","TP53","Mdm2","PRKAA1;PPM1D;Mdm2;TP53;TP53INP1;CDKN1A;MYC;MALAT1;SIRT1;DFNA5;E2F1;AKT1;RB1;CDC25A;BBC3;BCL2;BAX;CASP3;CASP9",276,"Limited observational concordance","HCC; malignant cell annotated observational concordance; not causal perturbation validation"
"GSE189903","GSE189903_HCC","1HT3","HCC tumour-region observational concordance; malignant status annotated separately","p21 E1",0.588738263857429,0.533433879380829,0.0355181323103465,19,0.95,TRUE,"CDKN1A","CDKN1A","CASP3","PRKAA1;PPM1D;Mdm2;TP53;TP53INP1;CDKN1A;MYC;MALAT1;SIRT1;DFNA5;E2F1;AKT1;RB1;CDC25A;BBC3;BCL2;BAX;CASP3;CASP9",276,"Limited observational concordance","HCC; malignant cell annotated observational concordance; not causal perturbation validation"
"GSE189903","GSE189903_HCC","2HT2","HCC tumour-region observational concordance; malignant status annotated separately","Reference: DDR ON, GSDME endogenous",0.524802346038788,0.524802346038788,-0.40116000392802,19,0.95,FALSE,"","","","PRKAA1;PPM1D;Mdm2;TP53;TP53INP1;CDKN1A;MYC;MALAT1;SIRT1;DFNA5;E2F1;AKT1;RB1;CDC25A;BBC3;BCL2;BAX;CASP3;CASP9",24,"Indirect only: perturbed node not measured","HCC; malignant cell annotated observational concordance; not causal perturbation validation"
"GSE189903","GSE189903_HCC","2HT2","HCC tumour-region observational concordance; malignant status annotated separately","GSDME KO",0.484999714459841,0.48704520794259,-0.352763719083564,19,0.95,TRUE,"DFNA5","DFNA5","","PRKAA1;PPM1D;Mdm2;TP53;TP53INP1;CDKN1A;MYC;MALAT1;SIRT1;DFNA5;E2F1;AKT1;RB1;CDC25A;BBC3;BCL2;BAX;CASP3;CASP9",24,"Limited observational concordance","HCC; malignant cell annotated observational concordance; not causal perturbation validation"
"GSE189903","GSE189903_HCC","2HT2","HCC tumour-region observational concordance; malignant status annotated separately","CASP3 KO",0.515262872354578,0.50929783354701,-0.306521995137661,19,0.95,TRUE,"CASP3","CASP3","DFNA5;CDKN1A;CASP9","PRKAA1;PPM1D;Mdm2;TP53;TP53INP1;CDKN1A;MYC;MALAT1;SIRT1;DFNA5;E2F1;AKT1;RB1;CDC25A;BBC3;BCL2;BAX;CASP3;CASP9",24,"Limited observational concordance","HCC; malignant cell annotated observational concordance; not causal perturbation validation"
"GSE189903","GSE189903_HCC","2HT2","HCC tumour-region observational concordance; malignant status annotated separately","miR-204-5p OE",0.628817000779493,0.612304443987923,0.0304516969205106,19,0.95,FALSE,"MIR204","","SIRT1;BCL2;MYC;E2F1;CDC25A;AKT1","PRKAA1;PPM1D;Mdm2;TP53;TP53INP1;CDKN1A;MYC;MALAT1;SIRT1;DFNA5;E2F1;AKT1;RB1;CDC25A;BBC3;BCL2;BAX;CASP3;CASP9",24,"Indirect only: perturbed node not measured","HCC; malignant cell annotated observational concordance; not causal perturbation validation"
"GSE189903","GSE189903_HCC","2HT2","HCC tumour-region observational concordance; malignant status annotated separately","miR-204-5p KO",0.46417076709142,0.458366259593971,-0.348540480080946,19,0.95,FALSE,"MIR204","","SIRT1;BCL2;MYC;E2F1;CDC25A;AKT1","PRKAA1;PPM1D;Mdm2;TP53;TP53INP1;CDKN1A;MYC;MALAT1;SIRT1;DFNA5;E2F1;AKT1;RB1;CDC25A;BBC3;BCL2;BAX;CASP3;CASP9",24,"Indirect only: perturbed node not measured","HCC; malignant cell annotated observational concordance; not causal perturbation validation"
"GSE189903","GSE189903_HCC","2HT2","HCC tumour-region observational concordance; malignant status annotated separately","MALAT1 OE",0.46417076709142,0.537102026124408,-0.348540480080946,19,0.95,TRUE,"MALAT1","MALAT1","","PRKAA1;PPM1D;Mdm2;TP53;TP53INP1;CDKN1A;MYC;MALAT1;SIRT1;DFNA5;E2F1;AKT1;RB1;CDC25A;BBC3;BCL2;BAX;CASP3;CASP9",24,"Limited observational concordance","HCC; malignant cell annotated observational concordance; not causal perturbation validation"
"GSE189903","GSE189903_HCC","2HT2","HCC tumour-region observational concordance; malignant status annotated separately","MALAT1 KO",0.510328661828262,0.440874753397135,-0.631360431641126,19,0.95,TRUE,"MALAT1","MALAT1","","PRKAA1;PPM1D;Mdm2;TP53;TP53INP1;CDKN1A;MYC;MALAT1;SIRT1;DFNA5;E2F1;AKT1;RB1;CDC25A;BBC3;BCL2;BAX;CASP3;CASP9",24,"Limited observational concordance","HCC; malignant cell annotated observational concordance; not causal perturbation validation"
"GSE189903","GSE189903_HCC","2HT2","HCC tumour-region observational concordance; malignant status annotated separately","SIRT1 OE",0.46417076709142,0.470401938032042,-0.348540480080946,19,0.95,TRUE,"SIRT1","SIRT1","TP53","PRKAA1;PPM1D;Mdm2;TP53;TP53INP1;CDKN1A;MYC;MALAT1;SIRT1;DFNA5;E2F1;AKT1;RB1;CDC25A;BBC3;BCL2;BAX;CASP3;CASP9",24,"Limited observational concordance","HCC; malignant cell annotated observational concordance; not causal perturbation validation"
"GSE189903","GSE189903_HCC","2HT2","HCC tumour-region observational concordance; malignant status annotated separately","SIRT1 KO",0.544517192701919,0.53677507223202,-0.0195760908774711,19,0.95,TRUE,"SIRT1","SIRT1","TP53","PRKAA1;PPM1D;Mdm2;TP53;TP53INP1;CDKN1A;MYC;MALAT1;SIRT1;DFNA5;E2F1;AKT1;RB1;CDC25A;BBC3;BCL2;BAX;CASP3;CASP9",24,"Limited observational concordance","HCC; malignant cell annotated observational concordance; not causal perturbation validation"
"GSE189903","GSE189903_HCC","2HT2","HCC tumour-region observational concordance; malignant status annotated separately","BCL2 KO",0.530065503933525,0.519410114644747,-0.335752368271581,19,0.95,TRUE,"BCL2","BCL2","BAX;CASP3","PRKAA1;PPM1D;Mdm2;TP53;TP53INP1;CDKN1A;MYC;MALAT1;SIRT1;DFNA5;E2F1;AKT1;RB1;CDC25A;BBC3;BCL2;BAX;CASP3;CASP9",24,"Limited observational concordance","HCC; malignant cell annotated observational concordance; not causal perturbation validation"
"GSE189903","GSE189903_HCC","2HT2","HCC tumour-region observational concordance; malignant status annotated separately","GSDME OE",0.531381293407209,0.527102026124408,-0.392136492871509,19,0.95,TRUE,"DFNA5","DFNA5","","PRKAA1;PPM1D;Mdm2;TP53;TP53INP1;CDKN1A;MYC;MALAT1;SIRT1;DFNA5;E2F1;AKT1;RB1;CDC25A;BBC3;BCL2;BAX;CASP3;CASP9",24,"Limited observational concordance","HCC; malignant cell annotated observational concordance; not causal perturbation validation"
"GSE189903","GSE189903_HCC","2HT2","HCC tumour-region observational concordance; malignant status annotated separately","CASP3 OE",0.516907609196683,0.51129783354701,-0.459674019681155,19,0.95,TRUE,"CASP3","CASP3","DFNA5;CDKN1A;CASP9","PRKAA1;PPM1D;Mdm2;TP53;TP53INP1;CDKN1A;MYC;MALAT1;SIRT1;DFNA5;E2F1;AKT1;RB1;CDC25A;BBC3;BCL2;BAX;CASP3;CASP9",24,"Limited observational concordance","HCC; malignant cell annotated observational concordance; not causal perturbation validation"
"GSE189903","GSE189903_HCC","2HT2","HCC tumour-region observational concordance; malignant status annotated separately","miR-204-5p OE + GSDME KO",0.605790684990019,0.584646824989217,0.0531508991975747,19,0.95,TRUE,"MIR204;DFNA5","DFNA5","SIRT1;BCL2;MYC;E2F1;CDC25A;AKT1","PRKAA1;PPM1D;Mdm2;TP53;TP53INP1;CDKN1A;MYC;MALAT1;SIRT1;DFNA5;E2F1;AKT1;RB1;CDC25A;BBC3;BCL2;BAX;CASP3;CASP9",24,"Limited observational concordance","HCC; malignant cell annotated observational concordance; not causal perturbation validation"
"GSE189903","GSE189903_HCC","2HT2","HCC tumour-region observational concordance; malignant status annotated separately","CASP3 OE + GSDME KO",0.516249714459841,0.510460956987972,-0.408416917110027,19,0.95,TRUE,"CASP3;DFNA5","CASP3;DFNA5","DFNA5;CDKN1A;CASP9","PRKAA1;PPM1D;Mdm2;TP53;TP53INP1;CDKN1A;MYC;MALAT1;SIRT1;DFNA5;E2F1;AKT1;RB1;CDC25A;BBC3;BCL2;BAX;CASP3;CASP9",24,"Limited observational concordance","HCC; malignant cell annotated observational concordance; not causal perturbation validation"
"GSE189903","GSE189903_HCC","2HT2","HCC tumour-region observational concordance; malignant status annotated separately","SIRT1 KO + GSDME KO",0.52576719270192,0.519070256205249,-0.0577631941837446,19,0.95,TRUE,"SIRT1;DFNA5","SIRT1;DFNA5","TP53","PRKAA1;PPM1D;Mdm2;TP53;TP53INP1;CDKN1A;MYC;MALAT1;SIRT1;DFNA5;E2F1;AKT1;RB1;CDC25A;BBC3;BCL2;BAX;CASP3;CASP9",24,"Limited observational concordance","HCC; malignant cell annotated observational concordance; not causal perturbation validation"
"GSE189903","GSE189903_HCC","2HT2","HCC tumour-region observational concordance; malignant status annotated separately","MALAT1 KO + GSDME KO",0.470197082880894,0.417469782989479,-0.553694041545084,19,0.95,TRUE,"MALAT1;DFNA5","MALAT1;DFNA5","","PRKAA1;PPM1D;Mdm2;TP53;TP53INP1;CDKN1A;MYC;MALAT1;SIRT1;DFNA5;E2F1;AKT1;RB1;CDC25A;BBC3;BCL2;BAX;CASP3;CASP9",24,"Limited observational concordance","HCC; malignant cell annotated observational concordance; not causal perturbation validation"
"GSE189903","GSE189903_HCC","2HT2","HCC tumour-region observational concordance; malignant status annotated separately","miR-204-5p OE + CASP3 KO",0.554803842884756,0.558268140762463,0.0954645865986801,19,0.95,TRUE,"MIR204;CASP3","CASP3","SIRT1;BCL2;MYC;E2F1;CDC25A;AKT1;DFNA5;CDKN1A;CASP9","PRKAA1;PPM1D;Mdm2;TP53;TP53INP1;CDKN1A;MYC;MALAT1;SIRT1;DFNA5;E2F1;AKT1;RB1;CDC25A;BBC3;BCL2;BAX;CASP3;CASP9",24,"Limited observational concordance","HCC; malignant cell annotated observational concordance; not causal perturbation validation"
"GSE189903","GSE189903_HCC","2HT2","HCC tumour-region observational concordance; malignant status annotated separately","GSDME E1 + CASP3 E1",0.504736556565104,0.502127623654639,-0.459674019681155,19,0.95,TRUE,"DFNA5;CASP3","DFNA5;CASP3","DFNA5;CDKN1A;CASP9","PRKAA1;PPM1D;Mdm2;TP53;TP53INP1;CDKN1A;MYC;MALAT1;SIRT1;DFNA5;E2F1;AKT1;RB1;CDC25A;BBC3;BCL2;BAX;CASP3;CASP9",24,"Limited observational concordance","HCC; malignant cell annotated observational concordance; not causal perturbation validation"
"GSE189903","GSE189903_HCC","2HT2","HCC tumour-region observational concordance; malignant status annotated separately","p53 E1 + miR-204-5p E1 + CASP3 KO + p21 E1",0.538164236154413,0.532355941433773,0.132790371719207,19,0.95,TRUE,"TP53;MIR204;CASP3;CDKN1A","TP53;CASP3;CDKN1A","Mdm2;SIRT1;BCL2;MYC;E2F1;CDC25A;AKT1;CASP3;DFNA5;CDKN1A;CASP9","PRKAA1;PPM1D;Mdm2;TP53;TP53INP1;CDKN1A;MYC;MALAT1;SIRT1;DFNA5;E2F1;AKT1;RB1;CDC25A;BBC3;BCL2;BAX;CASP3;CASP9",24,"Limited observational concordance","HCC; malignant cell annotated observational concordance; not causal perturbation validation"
"GSE189903","GSE189903_HCC","2HT2","HCC tumour-region observational concordance; malignant status annotated separately","MALAT1 E1 + miR-204-5p KO + SIRT1 E1",0.46417076709142,0.514714725479009,-0.348540480080946,19,0.95,TRUE,"MALAT1;MIR204;SIRT1","MALAT1;SIRT1","SIRT1;BCL2;MYC;E2F1;CDC25A;AKT1;TP53","PRKAA1;PPM1D;Mdm2;TP53;TP53INP1;CDKN1A;MYC;MALAT1;SIRT1;DFNA5;E2F1;AKT1;RB1;CDC25A;BBC3;BCL2;BAX;CASP3;CASP9",24,"Limited observational concordance","HCC; malignant cell annotated observational concordance; not causal perturbation validation"
"GSE189903","GSE189903_HCC","2HT2","HCC tumour-region observational concordance; malignant status annotated separately","SIRT1 KO + GSDME KO + CASP3 E1",0.515898771649288,0.509500900815314,-0.0583025078265866,19,0.95,TRUE,"SIRT1;DFNA5;CASP3","SIRT1;DFNA5;CASP3","DFNA5;CDKN1A;CASP9;TP53","PRKAA1;PPM1D;Mdm2;TP53;TP53INP1;CDKN1A;MYC;MALAT1;SIRT1;DFNA5;E2F1;AKT1;RB1;CDC25A;BBC3;BCL2;BAX;CASP3;CASP9",24,"Limited observational concordance","HCC; malignant cell annotated observational concordance; not causal perturbation validation"
"GSE189903","GSE189903_HCC","2HT2","HCC tumour-region observational concordance; malignant status annotated separately","BAX E1",0.531949906382267,0.56242407352401,-0.167588402326349,19,0.95,TRUE,"BAX","BAX","CASP3","PRKAA1;PPM1D;Mdm2;TP53;TP53INP1;CDKN1A;MYC;MALAT1;SIRT1;DFNA5;E2F1;AKT1;RB1;CDC25A;BBC3;BCL2;BAX;CASP3;CASP9",24,"Limited observational concordance","HCC; malignant cell annotated observational concordance; not causal perturbation validation"
"GSE189903","GSE189903_HCC","2HT2","HCC tumour-region observational concordance; malignant status annotated separately","BAX E1 + GSDME KO",0.525370959013846,0.54993283427124,-0.146183030066597,19,0.95,TRUE,"BAX;DFNA5","BAX;DFNA5","CASP3","PRKAA1;PPM1D;Mdm2;TP53;TP53INP1;CDKN1A;MYC;MALAT1;SIRT1;DFNA5;E2F1;AKT1;RB1;CDC25A;BBC3;BCL2;BAX;CASP3;CASP9",24,"Limited observational concordance","HCC; malignant cell annotated observational concordance; not causal perturbation validation"
"GSE189903","GSE189903_HCC","2HT2","HCC tumour-region observational concordance; malignant status annotated separately","p53 E1",0.703749714459841,0.661600418599123,-0.409186064527902,19,0.95,TRUE,"TP53","TP53","Mdm2","PRKAA1;PPM1D;Mdm2;TP53;TP53INP1;CDKN1A;MYC;MALAT1;SIRT1;DFNA5;E2F1;AKT1;RB1;CDC25A;BBC3;BCL2;BAX;CASP3;CASP9",24,"Limited observational concordance","HCC; malignant cell annotated observational concordance; not causal perturbation validation"
"GSE189903","GSE189903_HCC","2HT2","HCC tumour-region observational concordance; malignant status annotated separately","p53 KO",0.46417076709142,0.463687375120862,-0.348540480080946,19,0.95,TRUE,"TP53","TP53","Mdm2","PRKAA1;PPM1D;Mdm2;TP53;TP53INP1;CDKN1A;MYC;MALAT1;SIRT1;DFNA5;E2F1;AKT1;RB1;CDC25A;BBC3;BCL2;BAX;CASP3;CASP9",24,"Limited observational concordance","HCC; malignant cell annotated observational concordance; not causal perturbation validation"
"GSE189903","GSE189903_HCC","2HT2","HCC tumour-region observational concordance; malignant status annotated separately","p21 E1",0.534478528782129,0.54033644587155,-0.195349727706906,19,0.95,TRUE,"CDKN1A","CDKN1A","CASP3","PRKAA1;PPM1D;Mdm2;TP53;TP53INP1;CDKN1A;MYC;MALAT1;SIRT1;DFNA5;E2F1;AKT1;RB1;CDC25A;BBC3;BCL2;BAX;CASP3;CASP9",24,"Limited observational concordance","HCC; malignant cell annotated observational concordance; not causal perturbation validation"
"GSE189903","GSE189903_HCC","3HT2","HCC tumour-region observational concordance; malignant status annotated separately","Reference: DDR ON, GSDME endogenous",0.582674568902063,0.582674568902063,0.0751846403167848,19,0.95,FALSE,"","","","PRKAA1;PPM1D;Mdm2;TP53;TP53INP1;CDKN1A;MYC;MALAT1;SIRT1;DFNA5;E2F1;AKT1;RB1;CDC25A;BBC3;BCL2;BAX;CASP3;CASP9",23,"Indirect only: perturbed node not measured","HCC; malignant cell annotated observational concordance; not causal perturbation validation"
"GSE189903","GSE189903_HCC","3HT2","HCC tumour-region observational concordance; malignant status annotated separately","GSDME KO",0.53761345179751,0.532484344734213,0.017901442460957,19,0.95,TRUE,"DFNA5","DFNA5","","PRKAA1;PPM1D;Mdm2;TP53;TP53INP1;CDKN1A;MYC;MALAT1;SIRT1;DFNA5;E2F1;AKT1;RB1;CDC25A;BBC3;BCL2;BAX;CASP3;CASP9",23,"Limited observational concordance","HCC; malignant cell annotated observational concordance; not causal perturbation validation"
"GSE189903","GSE189903_HCC","3HT2","HCC tumour-region observational concordance; malignant status annotated separately","CASP3 KO",0.573135095217853,0.560817110163636,-0.0226079687665856,19,0.95,TRUE,"CASP3","CASP3","DFNA5;CDKN1A;CASP9","PRKAA1;PPM1D;Mdm2;TP53;TP53INP1;CDKN1A;MYC;MALAT1;SIRT1;DFNA5;E2F1;AKT1;RB1;CDC25A;BBC3;BCL2;BAX;CASP3;CASP9",23,"Limited observational concordance","HCC; malignant cell annotated observational concordance; not causal perturbation validation"
"GSE189903","GSE189903_HCC","3HT2","HCC tumour-region observational concordance; malignant status annotated separately","miR-204-5p OE",0.619594489299185,0.603374392961277,-0.28929112074485,19,0.95,FALSE,"MIR204","","SIRT1;BCL2;MYC;E2F1;CDC25A;AKT1","PRKAA1;PPM1D;Mdm2;TP53;TP53INP1;CDKN1A;MYC;MALAT1;SIRT1;DFNA5;E2F1;AKT1;RB1;CDC25A;BBC3;BCL2;BAX;CASP3;CASP9",23,"Indirect only: perturbed node not measured","HCC; malignant cell annotated observational concordance; not causal perturbation validation"
"GSE189903","GSE189903_HCC","3HT2","HCC tumour-region observational concordance; malignant status annotated separately","miR-204-5p KO",0.512942399165931,0.497353642272211,0.101189171636404,19,0.95,FALSE,"MIR204","","SIRT1;BCL2;MYC;E2F1;CDC25A;AKT1","PRKAA1;PPM1D;Mdm2;TP53;TP53INP1;CDKN1A;MYC;MALAT1;SIRT1;DFNA5;E2F1;AKT1;RB1;CDC25A;BBC3;BCL2;BAX;CASP3;CASP9",23,"Indirect only: perturbed node not measured","HCC; malignant cell annotated observational concordance; not causal perturbation validation"
"GSE189903","GSE189903_HCC","3HT2","HCC tumour-region observational concordance; malignant status annotated separately","MALAT1 OE",0.512942399165931,0.567433579394223,0.101189171636404,19,0.95,TRUE,"MALAT1","MALAT1","","PRKAA1;PPM1D;Mdm2;TP53;TP53INP1;CDKN1A;MYC;MALAT1;SIRT1;DFNA5;E2F1;AKT1;RB1;CDC25A;BBC3;BCL2;BAX;CASP3;CASP9",23,"Limited observational concordance","HCC; malignant cell annotated observational concordance; not causal perturbation validation"
"GSE189903","GSE189903_HCC","3HT2","HCC tumour-region observational concordance; malignant status annotated separately","MALAT1 KO",0.568200884691537,0.502644711209954,-0.169440247963143,19,0.95,TRUE,"MALAT1","MALAT1","","PRKAA1;PPM1D;Mdm2;TP53;TP53INP1;CDKN1A;MYC;MALAT1;SIRT1;DFNA5;E2F1;AKT1;RB1;CDC25A;BBC3;BCL2;BAX;CASP3;CASP9",23,"Limited observational concordance","HCC; malignant cell annotated observational concordance; not causal perturbation validation"
"GSE189903","GSE189903_HCC","3HT2","HCC tumour-region observational concordance; malignant status annotated separately","SIRT1 OE",0.512942399165931,0.510691547137073,0.101189171636404,19,0.95,TRUE,"SIRT1","SIRT1","TP53","PRKAA1;PPM1D;Mdm2;TP53;TP53INP1;CDKN1A;MYC;MALAT1;SIRT1;DFNA5;E2F1;AKT1;RB1;CDC25A;BBC3;BCL2;BAX;CASP3;CASP9",23,"Limited observational concordance","HCC; malignant cell annotated observational concordance; not causal perturbation validation"
"GSE189903","GSE189903_HCC","3HT2","HCC tumour-region observational concordance; malignant status annotated separately","SIRT1 KO",0.518895641399365,0.515609442895127,-0.221862363278006,19,0.95,TRUE,"SIRT1","SIRT1","TP53","PRKAA1;PPM1D;Mdm2;TP53;TP53INP1;CDKN1A;MYC;MALAT1;SIRT1;DFNA5;E2F1;AKT1;RB1;CDC25A;BBC3;BCL2;BAX;CASP3;CASP9",23,"Limited observational concordance","HCC; malignant cell annotated observational concordance; not causal perturbation validation"
"GSE189903","GSE189903_HCC","3HT2","HCC tumour-region observational concordance; malignant status annotated separately","BCL2 KO",0.5879377267968,0.579788558890346,0.0135552198370514,19,0.95,TRUE,"BCL2","BCL2","BAX;CASP3","PRKAA1;PPM1D;Mdm2;TP53;TP53INP1;CDKN1A;MYC;MALAT1;SIRT1;DFNA5;E2F1;AKT1;RB1;CDC25A;BBC3;BCL2;BAX;CASP3;CASP9",23,"Limited observational concordance","HCC; malignant cell annotated observational concordance; not causal perturbation validation"
"GSE189903","GSE189903_HCC","3HT2","HCC tumour-region observational concordance; malignant status annotated separately","GSDME OE",0.589253516270484,0.5770825822336,0.0706788071263734,19,0.95,TRUE,"DFNA5","DFNA5","","PRKAA1;PPM1D;Mdm2;TP53;TP53INP1;CDKN1A;MYC;MALAT1;SIRT1;DFNA5;E2F1;AKT1;RB1;CDC25A;BBC3;BCL2;BAX;CASP3;CASP9",23,"Limited observational concordance","HCC; malignant cell annotated observational concordance; not causal perturbation validation"
"GSE189903","GSE189903_HCC","3HT2","HCC tumour-region observational concordance; malignant status annotated separately","CASP3 OE",0.574779832059958,0.562817110163636,0.170676230542205,19,0.95,TRUE,"CASP3","CASP3","DFNA5;CDKN1A;CASP9","PRKAA1;PPM1D;Mdm2;TP53;TP53INP1;CDKN1A;MYC;MALAT1;SIRT1;DFNA5;E2F1;AKT1;RB1;CDC25A;BBC3;BCL2;BAX;CASP3;CASP9",23,"Limited observational concordance","HCC; malignant cell annotated observational concordance; not causal perturbation validation"
"GSE189903","GSE189903_HCC","3HT2","HCC tumour-region observational concordance; malignant status annotated separately","miR-204-5p OE + GSDME KO",0.596568173509712,0.576673565143997,-0.316690774385549,19,0.95,TRUE,"MIR204;DFNA5","DFNA5","SIRT1;BCL2;MYC;E2F1;CDC25A;AKT1","PRKAA1;PPM1D;Mdm2;TP53;TP53INP1;CDKN1A;MYC;MALAT1;SIRT1;DFNA5;E2F1;AKT1;RB1;CDC25A;BBC3;BCL2;BAX;CASP3;CASP9",23,"Limited observational concordance","HCC; malignant cell annotated observational concordance; not causal perturbation validation"
"GSE189903","GSE189903_HCC","3HT2","HCC tumour-region observational concordance; malignant status annotated separately","CASP3 OE + GSDME KO",0.574121937323116,0.558163990892256,0.101186732993883,19,0.95,TRUE,"CASP3;DFNA5","CASP3;DFNA5","DFNA5;CDKN1A;CASP9","PRKAA1;PPM1D;Mdm2;TP53;TP53INP1;CDKN1A;MYC;MALAT1;SIRT1;DFNA5;E2F1;AKT1;RB1;CDC25A;BBC3;BCL2;BAX;CASP3;CASP9",23,"Limited observational concordance","HCC; malignant cell annotated observational concordance; not causal perturbation validation"
"GSE189903","GSE189903_HCC","3HT2","HCC tumour-region observational concordance; malignant status annotated separately","SIRT1 KO + GSDME KO",0.500145641399365,0.500346814868767,-0.172248804277653,19,0.95,TRUE,"SIRT1;DFNA5","SIRT1;DFNA5","TP53","PRKAA1;PPM1D;Mdm2;TP53;TP53INP1;CDKN1A;MYC;MALAT1;SIRT1;DFNA5;E2F1;AKT1;RB1;CDC25A;BBC3;BCL2;BAX;CASP3;CASP9",23,"Limited observational concordance","HCC; malignant cell annotated observational concordance; not causal perturbation validation"
"GSE189903","GSE189903_HCC","3HT2","HCC tumour-region observational concordance; malignant status annotated separately","MALAT1 KO + GSDME KO",0.528069305744169,0.471827345864759,-0.24354211601795,19,0.95,TRUE,"MALAT1;DFNA5","MALAT1;DFNA5","","PRKAA1;PPM1D;Mdm2;TP53;TP53INP1;CDKN1A;MYC;MALAT1;SIRT1;DFNA5;E2F1;AKT1;RB1;CDC25A;BBC3;BCL2;BAX;CASP3;CASP9",23,"Limited observational concordance","HCC; malignant cell annotated observational concordance; not causal perturbation validation"
"GSE189903","GSE189903_HCC","3HT2","HCC tumour-region observational concordance; malignant status annotated separately","miR-204-5p OE + CASP3 KO",0.545581331404448,0.551120931583233,-0.364179719246817,19,0.95,TRUE,"MIR204;CASP3","CASP3","SIRT1;BCL2;MYC;E2F1;CDC25A;AKT1;DFNA5;CDKN1A;CASP9","PRKAA1;PPM1D;Mdm2;TP53;TP53INP1;CDKN1A;MYC;MALAT1;SIRT1;DFNA5;E2F1;AKT1;RB1;CDC25A;BBC3;BCL2;BAX;CASP3;CASP9",23,"Limited observational concordance","HCC; malignant cell annotated observational concordance; not causal perturbation validation"
"GSE189903","GSE189903_HCC","3HT2","HCC tumour-region observational concordance; malignant status annotated separately","GSDME E1 + CASP3 E1",0.561297662323825,0.548908019596459,0.170676230542205,19,0.95,TRUE,"DFNA5;CASP3","DFNA5;CASP3","DFNA5;CDKN1A;CASP9","PRKAA1;PPM1D;Mdm2;TP53;TP53INP1;CDKN1A;MYC;MALAT1;SIRT1;DFNA5;E2F1;AKT1;RB1;CDC25A;BBC3;BCL2;BAX;CASP3;CASP9",23,"Limited observational concordance","HCC; malignant cell annotated observational concordance; not causal perturbation validation"
"GSE189903","GSE189903_HCC","3HT2","HCC tumour-region observational concordance; malignant status annotated separately","p53 E1 + miR-204-5p E1 + CASP3 KO + p21 E1",0.516305015614975,0.512927460787563,-0.398371115157622,19,0.95,TRUE,"TP53;MIR204;CASP3;CDKN1A","TP53;CASP3;CDKN1A","Mdm2;SIRT1;BCL2;MYC;E2F1;CDC25A;AKT1;CASP3;DFNA5;CDKN1A;CASP9","PRKAA1;PPM1D;Mdm2;TP53;TP53INP1;CDKN1A;MYC;MALAT1;SIRT1;DFNA5;E2F1;AKT1;RB1;CDC25A;BBC3;BCL2;BAX;CASP3;CASP9",23,"Limited observational concordance","HCC; malignant cell annotated observational concordance; not causal perturbation validation"
"GSE189903","GSE189903_HCC","3HT2","HCC tumour-region observational concordance; malignant status annotated separately","MALAT1 E1 + miR-204-5p KO + SIRT1 E1",0.512942399165931,0.537789490945984,0.101189171636404,19,0.95,TRUE,"MALAT1;MIR204;SIRT1","MALAT1;SIRT1","SIRT1;BCL2;MYC;E2F1;CDC25A;AKT1;TP53","PRKAA1;PPM1D;Mdm2;TP53;TP53INP1;CDKN1A;MYC;MALAT1;SIRT1;DFNA5;E2F1;AKT1;RB1;CDC25A;BBC3;BCL2;BAX;CASP3;CASP9",23,"Limited observational concordance","HCC; malignant cell annotated observational concordance; not causal perturbation validation"
"GSE189903","GSE189903_HCC","3HT2","HCC tumour-region observational concordance; malignant status annotated separately","SIRT1 KO + GSDME KO + CASP3 E1",0.490277220346733,0.499875101017408,-0.172621150623815,19,0.95,TRUE,"SIRT1;DFNA5;CASP3","SIRT1;DFNA5;CASP3","DFNA5;CDKN1A;CASP9;TP53","PRKAA1;PPM1D;Mdm2;TP53;TP53INP1;CDKN1A;MYC;MALAT1;SIRT1;DFNA5;E2F1;AKT1;RB1;CDC25A;BBC3;BCL2;BAX;CASP3;CASP9",23,"Limited observational concordance","HCC; malignant cell annotated observational concordance; not causal perturbation validation"
"GSE189903","GSE189903_HCC","3HT2","HCC tumour-region observational concordance; malignant status annotated separately","BAX E1",0.551062546089184,0.532624459261184,-0.0569069652759254,19,0.95,TRUE,"BAX","BAX","CASP3","PRKAA1;PPM1D;Mdm2;TP53;TP53INP1;CDKN1A;MYC;MALAT1;SIRT1;DFNA5;E2F1;AKT1;RB1;CDC25A;BBC3;BCL2;BAX;CASP3;CASP9",23,"Limited observational concordance","HCC; malignant cell annotated observational concordance; not causal perturbation validation"
"GSE189903","GSE189903_HCC","3HT2","HCC tumour-region observational concordance; malignant status annotated separately","BAX E1 + GSDME KO",0.543825703983921,0.52309086780797,-0.08248899553758,19,0.95,TRUE,"BAX;DFNA5","BAX;DFNA5","CASP3","PRKAA1;PPM1D;Mdm2;TP53;TP53INP1;CDKN1A;MYC;MALAT1;SIRT1;DFNA5;E2F1;AKT1;RB1;CDC25A;BBC3;BCL2;BAX;CASP3;CASP9",23,"Limited observational concordance","HCC; malignant cell annotated observational concordance; not causal perturbation validation"
"GSE189903","GSE189903_HCC","3HT2","HCC tumour-region observational concordance; malignant status annotated separately","p53 E1",0.754505544229017,0.716995408709319,0.104528917639348,19,0.95,TRUE,"TP53","TP53","Mdm2","PRKAA1;PPM1D;Mdm2;TP53;TP53INP1;CDKN1A;MYC;MALAT1;SIRT1;DFNA5;E2F1;AKT1;RB1;CDC25A;BBC3;BCL2;BAX;CASP3;CASP9",23,"Limited observational concordance","HCC; malignant cell annotated observational concordance; not causal perturbation validation"
"GSE189903","GSE189903_HCC","3HT2","HCC tumour-region observational concordance; malignant status annotated separately","p53 KO",0.512942399165931,0.517443245396335,0.101189171636404,19,0.95,TRUE,"TP53","TP53","Mdm2","PRKAA1;PPM1D;Mdm2;TP53;TP53INP1;CDKN1A;MYC;MALAT1;SIRT1;DFNA5;E2F1;AKT1;RB1;CDC25A;BBC3;BCL2;BAX;CASP3;CASP9",23,"Limited observational concordance","HCC; malignant cell annotated observational concordance; not causal perturbation validation"
"GSE189903","GSE189903_HCC","3HT2","HCC tumour-region observational concordance; malignant status annotated separately","p21 E1",0.572518153643989,0.547185308016551,-0.136849274489865,19,0.95,TRUE,"CDKN1A","CDKN1A","CASP3","PRKAA1;PPM1D;Mdm2;TP53;TP53INP1;CDKN1A;MYC;MALAT1;SIRT1;DFNA5;E2F1;AKT1;RB1;CDC25A;BBC3;BCL2;BAX;CASP3;CASP9",23,"Limited observational concordance","HCC; malignant cell annotated observational concordance; not causal perturbation validation"
"GSE189903","GSE189903_HCC","3HT3","HCC tumour-region observational concordance; malignant status annotated separately","Reference: DDR ON, GSDME endogenous",0.575029741638449,0.575029741638449,0.065720839437749,19,0.95,FALSE,"","","","PRKAA1;PPM1D;Mdm2;TP53;TP53INP1;CDKN1A;MYC;MALAT1;SIRT1;DFNA5;E2F1;AKT1;RB1;CDC25A;BBC3;BCL2;BAX;CASP3;CASP9",23,"Indirect only: perturbed node not measured","HCC; malignant cell annotated observational concordance; not causal perturbation validation"
"GSE189903","GSE189903_HCC","3HT3","HCC tumour-region observational concordance; malignant status annotated separately","GSDME KO",0.534518919928278,0.529811794483513,0.00947723424403605,19,0.95,TRUE,"DFNA5","DFNA5","","PRKAA1;PPM1D;Mdm2;TP53;TP53INP1;CDKN1A;MYC;MALAT1;SIRT1;DFNA5;E2F1;AKT1;RB1;CDC25A;BBC3;BCL2;BAX;CASP3;CASP9",23,"Limited observational concordance","HCC; malignant cell annotated observational concordance; not causal perturbation validation"
"GSE189903","GSE189903_HCC","3HT3","HCC tumour-region observational concordance; malignant status annotated separately","CASP3 KO",0.565490267954239,0.553296724457713,-0.0289171693526095,19,0.95,TRUE,"CASP3","CASP3","DFNA5;CDKN1A;CASP9","PRKAA1;PPM1D;Mdm2;TP53;TP53INP1;CDKN1A;MYC;MALAT1;SIRT1;DFNA5;E2F1;AKT1;RB1;CDC25A;BBC3;BCL2;BAX;CASP3;CASP9",23,"Limited observational concordance","HCC; malignant cell annotated observational concordance; not causal perturbation validation"
"GSE189903","GSE189903_HCC","3HT3","HCC tumour-region observational concordance; malignant status annotated separately","miR-204-5p OE",0.61471102926633,0.601370467604406,-0.28929112074485,19,0.95,FALSE,"MIR204","","SIRT1;BCL2;MYC;E2F1;CDC25A;AKT1","PRKAA1;PPM1D;Mdm2;TP53;TP53INP1;CDKN1A;MYC;MALAT1;SIRT1;DFNA5;E2F1;AKT1;RB1;CDC25A;BBC3;BCL2;BAX;CASP3;CASP9",23,"Indirect only: perturbed node not measured","HCC; malignant cell annotated observational concordance; not causal perturbation validation"
"GSE189903","GSE189903_HCC","3HT3","HCC tumour-region observational concordance; malignant status annotated separately","miR-204-5p KO",0.509847867296699,0.493294293783495,0.101189171636404,19,0.95,FALSE,"MIR204","","SIRT1;BCL2;MYC;E2F1;CDC25A;AKT1","PRKAA1;PPM1D;Mdm2;TP53;TP53INP1;CDKN1A;MYC;MALAT1;SIRT1;DFNA5;E2F1;AKT1;RB1;CDC25A;BBC3;BCL2;BAX;CASP3;CASP9",23,"Indirect only: perturbed node not measured","HCC; malignant cell annotated observational concordance; not causal perturbation validation"
"GSE189903","GSE189903_HCC","3HT3","HCC tumour-region observational concordance; malignant status annotated separately","MALAT1 OE",0.509847867296699,0.570655729995336,0.101189171636404,19,0.95,TRUE,"MALAT1","MALAT1","","PRKAA1;PPM1D;Mdm2;TP53;TP53INP1;CDKN1A;MYC;MALAT1;SIRT1;DFNA5;E2F1;AKT1;RB1;CDC25A;BBC3;BCL2;BAX;CASP3;CASP9",23,"Limited observational concordance","HCC; malignant cell annotated observational concordance; not causal perturbation validation"
"GSE189903","GSE189903_HCC","3HT3","HCC tumour-region observational concordance; malignant status annotated separately","MALAT1 KO",0.560556057427923,0.490147659539565,-0.180910049363725,19,0.95,TRUE,"MALAT1","MALAT1","","PRKAA1;PPM1D;Mdm2;TP53;TP53INP1;CDKN1A;MYC;MALAT1;SIRT1;DFNA5;E2F1;AKT1;RB1;CDC25A;BBC3;BCL2;BAX;CASP3;CASP9",23,"Limited observational concordance","HCC; malignant cell annotated observational concordance; not causal perturbation validation"
"GSE189903","GSE189903_HCC","3HT3","HCC tumour-region observational concordance; malignant status annotated separately","SIRT1 OE",0.509847867296699,0.50813519472336,0.101189171636404,19,0.95,TRUE,"SIRT1","SIRT1","TP53","PRKAA1;PPM1D;Mdm2;TP53;TP53INP1;CDKN1A;MYC;MALAT1;SIRT1;DFNA5;E2F1;AKT1;RB1;CDC25A;BBC3;BCL2;BAX;CASP3;CASP9",23,"Limited observational concordance","HCC; malignant cell annotated observational concordance; not causal perturbation validation"
"GSE189903","GSE189903_HCC","3HT3","HCC tumour-region observational concordance; malignant status annotated separately","SIRT1 KO",0.511155683654473,0.509215564758043,-0.221862363278006,19,0.95,TRUE,"SIRT1","SIRT1","TP53","PRKAA1;PPM1D;Mdm2;TP53;TP53INP1;CDKN1A;MYC;MALAT1;SIRT1;DFNA5;E2F1;AKT1;RB1;CDC25A;BBC3;BCL2;BAX;CASP3;CASP9",23,"Limited observational concordance","HCC; malignant cell annotated observational concordance; not causal perturbation validation"
"GSE189903","GSE189903_HCC","3HT3","HCC tumour-region observational concordance; malignant status annotated separately","BCL2 KO",0.580292899533186,0.570205995614811,0.00208541843646945,19,0.95,TRUE,"BCL2","BCL2","BAX;CASP3","PRKAA1;PPM1D;Mdm2;TP53;TP53INP1;CDKN1A;MYC;MALAT1;SIRT1;DFNA5;E2F1;AKT1;RB1;CDC25A;BBC3;BCL2;BAX;CASP3;CASP9",23,"Limited observational concordance","HCC; malignant cell annotated observational concordance; not causal perturbation validation"
"GSE189903","GSE189903_HCC","3HT3","HCC tumour-region observational concordance; malignant status annotated separately","GSDME OE",0.58160868900687,0.570480231415024,0.064396246492918,19,0.95,TRUE,"DFNA5","DFNA5","","PRKAA1;PPM1D;Mdm2;TP53;TP53INP1;CDKN1A;MYC;MALAT1;SIRT1;DFNA5;E2F1;AKT1;RB1;CDC25A;BBC3;BCL2;BAX;CASP3;CASP9",23,"Limited observational concordance","HCC; malignant cell annotated observational concordance; not causal perturbation validation"
"GSE189903","GSE189903_HCC","3HT3","HCC tumour-region observational concordance; malignant status annotated separately","CASP3 OE",0.567135004796344,0.555296724457713,0.168582043664387,19,0.95,TRUE,"CASP3","CASP3","DFNA5;CDKN1A;CASP9","PRKAA1;PPM1D;Mdm2;TP53;TP53INP1;CDKN1A;MYC;MALAT1;SIRT1;DFNA5;E2F1;AKT1;RB1;CDC25A;BBC3;BCL2;BAX;CASP3;CASP9",23,"Limited observational concordance","HCC; malignant cell annotated observational concordance; not causal perturbation validation"
"GSE189903","GSE189903_HCC","3HT3","HCC tumour-region observational concordance; malignant status annotated separately","miR-204-5p OE + GSDME KO",0.59300050295054,0.57577720321822,-0.316690774385549,19,0.95,TRUE,"MIR204;DFNA5","DFNA5","SIRT1;BCL2;MYC;E2F1;CDC25A;AKT1","PRKAA1;PPM1D;Mdm2;TP53;TP53INP1;CDKN1A;MYC;MALAT1;SIRT1;DFNA5;E2F1;AKT1;RB1;CDC25A;BBC3;BCL2;BAX;CASP3;CASP9",23,"Limited observational concordance","HCC; malignant cell annotated observational concordance; not causal perturbation validation"
"GSE189903","GSE189903_HCC","3HT3","HCC tumour-region observational concordance; malignant status annotated separately","CASP3 OE + GSDME KO",0.566477110059502,0.551200670794179,0.0969924642687483,19,0.95,TRUE,"CASP3;DFNA5","CASP3;DFNA5","DFNA5;CDKN1A;CASP9","PRKAA1;PPM1D;Mdm2;TP53;TP53INP1;CDKN1A;MYC;MALAT1;SIRT1;DFNA5;E2F1;AKT1;RB1;CDC25A;BBC3;BCL2;BAX;CASP3;CASP9",23,"Limited observational concordance","HCC; malignant cell annotated observational concordance; not causal perturbation validation"
"GSE189903","GSE189903_HCC","3HT3","HCC tumour-region observational concordance; malignant status annotated separately","SIRT1 KO + GSDME KO",0.492405683654473,0.494690691901346,-0.172248804277653,19,0.95,TRUE,"SIRT1;DFNA5","SIRT1;DFNA5","TP53","PRKAA1;PPM1D;Mdm2;TP53;TP53INP1;CDKN1A;MYC;MALAT1;SIRT1;DFNA5;E2F1;AKT1;RB1;CDC25A;BBC3;BCL2;BAX;CASP3;CASP9",23,"Limited observational concordance","HCC; malignant cell annotated observational concordance; not causal perturbation validation"
"GSE189903","GSE189903_HCC","3HT3","HCC tumour-region observational concordance; malignant status annotated separately","MALAT1 KO + GSDME KO",0.520424478480555,0.460829940394817,-0.25394989875376,19,0.95,TRUE,"MALAT1;DFNA5","MALAT1;DFNA5","","PRKAA1;PPM1D;Mdm2;TP53;TP53INP1;CDKN1A;MYC;MALAT1;SIRT1;DFNA5;E2F1;AKT1;RB1;CDC25A;BBC3;BCL2;BAX;CASP3;CASP9",23,"Limited observational concordance","HCC; malignant cell annotated observational concordance; not causal perturbation validation"
"GSE189903","GSE189903_HCC","3HT3","HCC tumour-region observational concordance; malignant status annotated separately","miR-204-5p OE + CASP3 KO",0.542342207832126,0.551891969759613,-0.364179719246817,19,0.95,TRUE,"MIR204;CASP3","CASP3","SIRT1;BCL2;MYC;E2F1;CDC25A;AKT1;DFNA5;CDKN1A;CASP9","PRKAA1;PPM1D;Mdm2;TP53;TP53INP1;CDKN1A;MYC;MALAT1;SIRT1;DFNA5;E2F1;AKT1;RB1;CDC25A;BBC3;BCL2;BAX;CASP3;CASP9",23,"Limited observational concordance","HCC; malignant cell annotated observational concordance; not causal perturbation validation"
"GSE189903","GSE189903_HCC","3HT3","HCC tumour-region observational concordance; malignant status annotated separately","GSDME E1 + CASP3 E1",0.554963952164765,0.542867337460846,0.168582043664387,19,0.95,TRUE,"DFNA5;CASP3","DFNA5;CASP3","DFNA5;CDKN1A;CASP9","PRKAA1;PPM1D;Mdm2;TP53;TP53INP1;CDKN1A;MYC;MALAT1;SIRT1;DFNA5;E2F1;AKT1;RB1;CDC25A;BBC3;BCL2;BAX;CASP3;CASP9",23,"Limited observational concordance","HCC; malignant cell annotated observational concordance; not causal perturbation validation"
"GSE189903","GSE189903_HCC","3HT3","HCC tumour-region observational concordance; malignant status annotated separately","p53 E1 + miR-204-5p E1 + CASP3 KO + p21 E1",0.513065892042652,0.514258496086261,-0.398371115157622,19,0.95,TRUE,"TP53;MIR204;CASP3;CDKN1A","TP53;CASP3;CDKN1A","Mdm2;SIRT1;BCL2;MYC;E2F1;CDC25A;AKT1;CASP3;DFNA5;CDKN1A;CASP9","PRKAA1;PPM1D;Mdm2;TP53;TP53INP1;CDKN1A;MYC;MALAT1;SIRT1;DFNA5;E2F1;AKT1;RB1;CDC25A;BBC3;BCL2;BAX;CASP3;CASP9",23,"Limited observational concordance","HCC; malignant cell annotated observational concordance; not causal perturbation validation"
"GSE189903","GSE189903_HCC","3HT3","HCC tumour-region observational concordance; malignant status annotated separately","MALAT1 E1 + miR-204-5p KO + SIRT1 E1",0.509847867296699,0.538699158898306,0.101189171636404,19,0.95,TRUE,"MALAT1;MIR204;SIRT1","MALAT1;SIRT1","SIRT1;BCL2;MYC;E2F1;CDC25A;AKT1;TP53","PRKAA1;PPM1D;Mdm2;TP53;TP53INP1;CDKN1A;MYC;MALAT1;SIRT1;DFNA5;E2F1;AKT1;RB1;CDC25A;BBC3;BCL2;BAX;CASP3;CASP9",23,"Limited observational concordance","HCC; malignant cell annotated observational concordance; not causal perturbation validation"
"GSE189903","GSE189903_HCC","3HT3","HCC tumour-region observational concordance; malignant status annotated separately","SIRT1 KO + GSDME KO + CASP3 E1",0.482537262601842,0.493751968056364,-0.172621150623815,19,0.95,TRUE,"SIRT1;DFNA5;CASP3","SIRT1;DFNA5;CASP3","DFNA5;CDKN1A;CASP9;TP53","PRKAA1;PPM1D;Mdm2;TP53;TP53INP1;CDKN1A;MYC;MALAT1;SIRT1;DFNA5;E2F1;AKT1;RB1;CDC25A;BBC3;BCL2;BAX;CASP3;CASP9",23,"Limited observational concordance","HCC; malignant cell annotated observational concordance; not causal perturbation validation"
"GSE189903","GSE189903_HCC","3HT3","HCC tumour-region observational concordance; malignant status annotated separately","BAX E1",0.554305657046351,0.546355264043733,-0.0631719522787796,19,0.95,TRUE,"BAX","BAX","CASP3","PRKAA1;PPM1D;Mdm2;TP53;TP53INP1;CDKN1A;MYC;MALAT1;SIRT1;DFNA5;E2F1;AKT1;RB1;CDC25A;BBC3;BCL2;BAX;CASP3;CASP9",23,"Limited observational concordance","HCC; malignant cell annotated observational concordance; not causal perturbation validation"
"GSE189903","GSE189903_HCC","3HT3","HCC tumour-region observational concordance; malignant status annotated separately","BAX E1 + GSDME KO",0.54772670967793,0.535718118192533,-0.0877098180399584,19,0.95,TRUE,"BAX;DFNA5","BAX;DFNA5","CASP3","PRKAA1;PPM1D;Mdm2;TP53;TP53INP1;CDKN1A;MYC;MALAT1;SIRT1;DFNA5;E2F1;AKT1;RB1;CDC25A;BBC3;BCL2;BAX;CASP3;CASP9",23,"Limited observational concordance","HCC; malignant cell annotated observational concordance; not causal perturbation validation"
"GSE189903","GSE189903_HCC","3HT3","HCC tumour-region observational concordance; malignant status annotated separately","p53 E1",0.733353227820267,0.696905680950145,0.0971751244385903,19,0.95,TRUE,"TP53","TP53","Mdm2","PRKAA1;PPM1D;Mdm2;TP53;TP53INP1;CDKN1A;MYC;MALAT1;SIRT1;DFNA5;E2F1;AKT1;RB1;CDC25A;BBC3;BCL2;BAX;CASP3;CASP9",23,"Limited observational concordance","HCC; malignant cell annotated observational concordance; not causal perturbation validation"
"GSE189903","GSE189903_HCC","3HT3","HCC tumour-region observational concordance; malignant status annotated separately","p53 KO",0.509847867296699,0.512270817908937,0.101189171636404,19,0.95,TRUE,"TP53","TP53","Mdm2","PRKAA1;PPM1D;Mdm2;TP53;TP53INP1;CDKN1A;MYC;MALAT1;SIRT1;DFNA5;E2F1;AKT1;RB1;CDC25A;BBC3;BCL2;BAX;CASP3;CASP9",23,"Limited observational concordance","HCC; malignant cell annotated observational concordance; not causal perturbation validation"
"GSE189903","GSE189903_HCC","3HT3","HCC tumour-region observational concordance; malignant status annotated separately","p21 E1",0.569374160552944,0.550165216937785,-0.14311718019169,19,0.95,TRUE,"CDKN1A","CDKN1A","CASP3","PRKAA1;PPM1D;Mdm2;TP53;TP53INP1;CDKN1A;MYC;MALAT1;SIRT1;DFNA5;E2F1;AKT1;RB1;CDC25A;BBC3;BCL2;BAX;CASP3;CASP9",23,"Limited observational concordance","HCC; malignant cell annotated observational concordance; not causal perturbation validation"
"GSE189903","GSE189903_HCC","4HB","HCC tumour-region observational concordance; malignant status annotated separately","Reference: DDR ON, GSDME endogenous",0.584014529828158,0.584014529828158,0.133018979022004,19,0.95,FALSE,"","","","PRKAA1;PPM1D;Mdm2;TP53;TP53INP1;CDKN1A;MYC;MALAT1;SIRT1;DFNA5;E2F1;AKT1;RB1;CDC25A;BBC3;BCL2;BAX;CASP3;CASP9",12,"Indirect only: perturbed node not measured","HCC; malignant cell annotated observational concordance; not causal perturbation validation"
"GSE189903","GSE189903_HCC","4HB","HCC tumour-region observational concordance; malignant status annotated separately","GSDME KO",0.53763295088079,0.532501184851591,0.0579164314913314,19,0.95,TRUE,"DFNA5","DFNA5","","PRKAA1;PPM1D;Mdm2;TP53;TP53INP1;CDKN1A;MYC;MALAT1;SIRT1;DFNA5;E2F1;AKT1;RB1;CDC25A;BBC3;BCL2;BAX;CASP3;CASP9",12,"Limited observational concordance","HCC; malignant cell annotated observational concordance; not causal perturbation validation"
"GSE189903","GSE189903_HCC","4HB","HCC tumour-region observational concordance; malignant status annotated separately","CASP3 KO",0.574475056143948,0.564115903114903,0.0194533684735737,19,0.95,TRUE,"CASP3","CASP3","DFNA5;CDKN1A;CASP9","PRKAA1;PPM1D;Mdm2;TP53;TP53INP1;CDKN1A;MYC;MALAT1;SIRT1;DFNA5;E2F1;AKT1;RB1;CDC25A;BBC3;BCL2;BAX;CASP3;CASP9",12,"Limited observational concordance","HCC; malignant cell annotated observational concordance; not causal perturbation validation"
"GSE189903","GSE189903_HCC","4HB","HCC tumour-region observational concordance; malignant status annotated separately","miR-204-5p OE",0.624039859263928,0.597219308637591,-0.381733772110686,19,0.95,FALSE,"MIR204","","SIRT1;BCL2;MYC;E2F1;CDC25A;AKT1","PRKAA1;PPM1D;Mdm2;TP53;TP53INP1;CDKN1A;MYC;MALAT1;SIRT1;DFNA5;E2F1;AKT1;RB1;CDC25A;BBC3;BCL2;BAX;CASP3;CASP9",12,"Indirect only: perturbed node not measured","HCC; malignant cell annotated observational concordance; not causal perturbation validation"
"GSE189903","GSE189903_HCC","4HB","HCC tumour-region observational concordance; malignant status annotated separately","miR-204-5p KO",0.512961898249211,0.506902027072395,0.168648619394006,19,0.95,FALSE,"MIR204","","SIRT1;BCL2;MYC;E2F1;CDC25A;AKT1","PRKAA1;PPM1D;Mdm2;TP53;TP53INP1;CDKN1A;MYC;MALAT1;SIRT1;DFNA5;E2F1;AKT1;RB1;CDC25A;BBC3;BCL2;BAX;CASP3;CASP9",12,"Indirect only: perturbed node not measured","HCC; malignant cell annotated observational concordance; not causal perturbation validation"
"GSE189903","GSE189903_HCC","4HB","HCC tumour-region observational concordance; malignant status annotated separately","MALAT1 OE",0.512961898249211,0.534047114684659,0.168648619394006,19,0.95,TRUE,"MALAT1","MALAT1","","PRKAA1;PPM1D;Mdm2;TP53;TP53INP1;CDKN1A;MYC;MALAT1;SIRT1;DFNA5;E2F1;AKT1;RB1;CDC25A;BBC3;BCL2;BAX;CASP3;CASP9",12,"Limited observational concordance","HCC; malignant cell annotated observational concordance; not causal perturbation validation"
"GSE189903","GSE189903_HCC","4HB","HCC tumour-region observational concordance; malignant status annotated separately","MALAT1 KO",0.594005391009649,0.558333726038901,-0.116262077833172,19,0.95,TRUE,"MALAT1","MALAT1","","PRKAA1;PPM1D;Mdm2;TP53;TP53INP1;CDKN1A;MYC;MALAT1;SIRT1;DFNA5;E2F1;AKT1;RB1;CDC25A;BBC3;BCL2;BAX;CASP3;CASP9",12,"Limited observational concordance","HCC; malignant cell annotated observational concordance; not causal perturbation validation"
"GSE189903","GSE189903_HCC","4HB","HCC tumour-region observational concordance; malignant status annotated separately","SIRT1 OE",0.512961898249211,0.510707655075435,0.168648619394006,19,0.95,TRUE,"SIRT1","SIRT1","TP53","PRKAA1;PPM1D;Mdm2;TP53;TP53INP1;CDKN1A;MYC;MALAT1;SIRT1;DFNA5;E2F1;AKT1;RB1;CDC25A;BBC3;BCL2;BAX;CASP3;CASP9",12,"Limited observational concordance","HCC; malignant cell annotated observational concordance; not causal perturbation validation"
"GSE189903","GSE189903_HCC","4HB","HCC tumour-region observational concordance; malignant status annotated separately","SIRT1 KO",0.5293421235942,0.524239145577817,-0.281678196514723,19,0.95,TRUE,"SIRT1","SIRT1","TP53","PRKAA1;PPM1D;Mdm2;TP53;TP53INP1;CDKN1A;MYC;MALAT1;SIRT1;DFNA5;E2F1;AKT1;RB1;CDC25A;BBC3;BCL2;BAX;CASP3;CASP9",12,"Limited observational concordance","HCC; malignant cell annotated observational concordance; not causal perturbation validation"
"GSE189903","GSE189903_HCC","4HB","HCC tumour-region observational concordance; malignant status annotated separately","BCL2 KO",0.591251371933421,0.581382158852273,0.0667333899670224,19,0.95,TRUE,"BCL2","BCL2","BAX;CASP3","PRKAA1;PPM1D;Mdm2;TP53;TP53INP1;CDKN1A;MYC;MALAT1;SIRT1;DFNA5;E2F1;AKT1;RB1;CDC25A;BBC3;BCL2;BAX;CASP3;CASP9",12,"Limited observational concordance","HCC; malignant cell annotated observational concordance; not causal perturbation validation"
"GSE189903","GSE189903_HCC","4HB","HCC tumour-region observational concordance; malignant status annotated separately","GSDME OE",0.593225056143948,0.580512548487955,0.0989503299769228,19,0.95,TRUE,"DFNA5","DFNA5","","PRKAA1;PPM1D;Mdm2;TP53;TP53INP1;CDKN1A;MYC;MALAT1;SIRT1;DFNA5;E2F1;AKT1;RB1;CDC25A;BBC3;BCL2;BAX;CASP3;CASP9",12,"Limited observational concordance","HCC; malignant cell annotated observational concordance; not causal perturbation validation"
"GSE189903","GSE189903_HCC","4HB","HCC tumour-region observational concordance; malignant status annotated separately","CASP3 OE",0.576777687722895,0.566615903114903,0.227219276243304,19,0.95,TRUE,"CASP3","CASP3","DFNA5;CDKN1A;CASP9","PRKAA1;PPM1D;Mdm2;TP53;TP53INP1;CDKN1A;MYC;MALAT1;SIRT1;DFNA5;E2F1;AKT1;RB1;CDC25A;BBC3;BCL2;BAX;CASP3;CASP9",12,"Limited observational concordance","HCC; malignant cell annotated observational concordance; not causal perturbation validation"
"GSE189903","GSE189903_HCC","4HB","HCC tumour-region observational concordance; malignant status annotated separately","miR-204-5p OE + GSDME KO",0.601013543474454,0.571177954140706,-0.406382916781457,19,0.95,TRUE,"MIR204;DFNA5","DFNA5","SIRT1;BCL2;MYC;E2F1;CDC25A;AKT1","PRKAA1;PPM1D;Mdm2;TP53;TP53INP1;CDKN1A;MYC;MALAT1;SIRT1;DFNA5;E2F1;AKT1;RB1;CDC25A;BBC3;BCL2;BAX;CASP3;CASP9",12,"Limited observational concordance","HCC; malignant cell annotated observational concordance; not causal perturbation validation"
"GSE189903","GSE189903_HCC","4HB","HCC tumour-region observational concordance; malignant status annotated separately","CASP3 OE + GSDME KO",0.575461898249211,0.561218428810096,0.159906495145774,19,0.95,TRUE,"CASP3;DFNA5","CASP3;DFNA5","DFNA5;CDKN1A;CASP9","PRKAA1;PPM1D;Mdm2;TP53;TP53INP1;CDKN1A;MYC;MALAT1;SIRT1;DFNA5;E2F1;AKT1;RB1;CDC25A;BBC3;BCL2;BAX;CASP3;CASP9",12,"Limited observational concordance","HCC; malignant cell annotated observational concordance; not causal perturbation validation"
"GSE189903","GSE189903_HCC","4HB","HCC tumour-region observational concordance; malignant status annotated separately","SIRT1 KO + GSDME KO",0.5105921235942,0.507980782626531,-0.248225618249065,19,0.95,TRUE,"SIRT1;DFNA5","SIRT1;DFNA5","TP53","PRKAA1;PPM1D;Mdm2;TP53;TP53INP1;CDKN1A;MYC;MALAT1;SIRT1;DFNA5;E2F1;AKT1;RB1;CDC25A;BBC3;BCL2;BAX;CASP3;CASP9",12,"Limited observational concordance","HCC; malignant cell annotated observational concordance; not causal perturbation validation"
"GSE189903","GSE189903_HCC","4HB","HCC tumour-region observational concordance; malignant status annotated separately","MALAT1 KO + GSDME KO",0.553873812062281,0.520833678914233,-0.220644993999169,19,0.95,TRUE,"MALAT1;DFNA5","MALAT1;DFNA5","","PRKAA1;PPM1D;Mdm2;TP53;TP53INP1;CDKN1A;MYC;MALAT1;SIRT1;DFNA5;E2F1;AKT1;RB1;CDC25A;BBC3;BCL2;BAX;CASP3;CASP9",12,"Limited observational concordance","HCC; malignant cell annotated observational concordance; not causal perturbation validation"
"GSE189903","GSE189903_HCC","4HB","HCC tumour-region observational concordance; malignant status annotated separately","miR-204-5p OE + CASP3 KO",0.550026701369191,0.544318103380716,-0.436072802981625,19,0.95,TRUE,"MIR204;CASP3","CASP3","SIRT1;BCL2;MYC;E2F1;CDC25A;AKT1;DFNA5;CDKN1A;CASP9","PRKAA1;PPM1D;Mdm2;TP53;TP53INP1;CDKN1A;MYC;MALAT1;SIRT1;DFNA5;E2F1;AKT1;RB1;CDC25A;BBC3;BCL2;BAX;CASP3;CASP9",12,"Limited observational concordance","HCC; malignant cell annotated observational concordance; not causal perturbation validation"
"GSE189903","GSE189903_HCC","4HB","HCC tumour-region observational concordance; malignant status annotated separately","GSDME E1 + CASP3 E1",0.561317161407105,0.551033243624911,0.227219276243304,19,0.95,TRUE,"DFNA5;CASP3","DFNA5;CASP3","DFNA5;CDKN1A;CASP9","PRKAA1;PPM1D;Mdm2;TP53;TP53INP1;CDKN1A;MYC;MALAT1;SIRT1;DFNA5;E2F1;AKT1;RB1;CDC25A;BBC3;BCL2;BAX;CASP3;CASP9",12,"Limited observational concordance","HCC; malignant cell annotated observational concordance; not causal perturbation validation"
"GSE189903","GSE189903_HCC","4HB","HCC tumour-region observational concordance; malignant status annotated separately","p53 E1 + miR-204-5p E1 + CASP3 KO + p21 E1",0.520750385579718,0.501942614147351,-0.497963893947027,19,0.95,TRUE,"TP53;MIR204;CASP3;CDKN1A","TP53;CASP3;CDKN1A","Mdm2;SIRT1;BCL2;MYC;E2F1;CDC25A;AKT1;CASP3;DFNA5;CDKN1A;CASP9","PRKAA1;PPM1D;Mdm2;TP53;TP53INP1;CDKN1A;MYC;MALAT1;SIRT1;DFNA5;E2F1;AKT1;RB1;CDC25A;BBC3;BCL2;BAX;CASP3;CASP9",12,"Limited observational concordance","HCC; malignant cell annotated observational concordance; not causal perturbation validation"
"GSE189903","GSE189903_HCC","4HB","HCC tumour-region observational concordance; malignant status annotated separately","MALAT1 E1 + miR-204-5p KO + SIRT1 E1",0.512961898249211,0.521784230101205,0.168648619394006,19,0.95,TRUE,"MALAT1;MIR204;SIRT1","MALAT1;SIRT1","SIRT1;BCL2;MYC;E2F1;CDC25A;AKT1;TP53","PRKAA1;PPM1D;Mdm2;TP53;TP53INP1;CDKN1A;MYC;MALAT1;SIRT1;DFNA5;E2F1;AKT1;RB1;CDC25A;BBC3;BCL2;BAX;CASP3;CASP9",12,"Limited observational concordance","HCC; malignant cell annotated observational concordance; not causal perturbation validation"
"GSE189903","GSE189903_HCC","4HB","HCC tumour-region observational concordance; malignant status annotated separately","SIRT1 KO + GSDME KO + CASP3 E1",0.500723702541568,0.508116834175077,-0.197771252039205,19,0.95,TRUE,"SIRT1;DFNA5;CASP3","SIRT1;DFNA5;CASP3","DFNA5;CDKN1A;CASP9;TP53","PRKAA1;PPM1D;Mdm2;TP53;TP53INP1;CDKN1A;MYC;MALAT1;SIRT1;DFNA5;E2F1;AKT1;RB1;CDC25A;BBC3;BCL2;BAX;CASP3;CASP9",12,"Limited observational concordance","HCC; malignant cell annotated observational concordance; not causal perturbation validation"
"GSE189903","GSE189903_HCC","4HB","HCC tumour-region observational concordance; malignant status annotated separately","BAX E1",0.553683398699785,0.538012927745099,-0.00365457575166494,19,0.95,TRUE,"BAX","BAX","CASP3","PRKAA1;PPM1D;Mdm2;TP53;TP53INP1;CDKN1A;MYC;MALAT1;SIRT1;DFNA5;E2F1;AKT1;RB1;CDC25A;BBC3;BCL2;BAX;CASP3;CASP9",12,"Limited observational concordance","HCC; malignant cell annotated observational concordance; not causal perturbation validation"
"GSE189903","GSE189903_HCC","4HB","HCC tumour-region observational concordance; malignant status annotated separately","BAX E1 + GSDME KO",0.546446556594522,0.527857589928357,-0.034457428515698,19,0.95,TRUE,"BAX;DFNA5","BAX;DFNA5","CASP3","PRKAA1;PPM1D;Mdm2;TP53;TP53INP1;CDKN1A;MYC;MALAT1;SIRT1;DFNA5;E2F1;AKT1;RB1;CDC25A;BBC3;BCL2;BAX;CASP3;CASP9",12,"Limited observational concordance","HCC; malignant cell annotated observational concordance; not causal perturbation validation"
"GSE189903","GSE189903_HCC","4HB","HCC tumour-region observational concordance; malignant status annotated separately","p53 E1",0.787426443641228,0.740646129135143,0.157056011930478,19,0.95,TRUE,"TP53","TP53","Mdm2","PRKAA1;PPM1D;Mdm2;TP53;TP53INP1;CDKN1A;MYC;MALAT1;SIRT1;DFNA5;E2F1;AKT1;RB1;CDC25A;BBC3;BCL2;BAX;CASP3;CASP9",12,"Limited observational concordance","HCC; malignant cell annotated observational concordance; not causal perturbation validation"
"GSE189903","GSE189903_HCC","4HB","HCC tumour-region observational concordance; malignant status annotated separately","p53 KO",0.512961898249211,0.513914548159129,0.168648619394006,19,0.95,TRUE,"TP53","TP53","Mdm2","PRKAA1;PPM1D;Mdm2;TP53;TP53INP1;CDKN1A;MYC;MALAT1;SIRT1;DFNA5;E2F1;AKT1;RB1;CDC25A;BBC3;BCL2;BAX;CASP3;CASP9",12,"Limited observational concordance","HCC; malignant cell annotated observational concordance; not causal perturbation validation"
"GSE189903","GSE189903_HCC","4HB","HCC tumour-region observational concordance; malignant status annotated separately","p21 E1",0.57048858128736,0.538072543958569,-0.180724614402645,19,0.95,TRUE,"CDKN1A","CDKN1A","CASP3","PRKAA1;PPM1D;Mdm2;TP53;TP53INP1;CDKN1A;MYC;MALAT1;SIRT1;DFNA5;E2F1;AKT1;RB1;CDC25A;BBC3;BCL2;BAX;CASP3;CASP9",12,"Limited observational concordance","HCC; malignant cell annotated observational concordance; not causal perturbation validation"
"GSE189903","GSE189903_HCC","4HT1","HCC tumour-region observational concordance; malignant status annotated separately","Reference: DDR ON, GSDME endogenous",0.585652118251379,0.585652118251379,0.0488963045416852,19,0.95,FALSE,"","","","PRKAA1;PPM1D;Mdm2;TP53;TP53INP1;CDKN1A;MYC;MALAT1;SIRT1;DFNA5;E2F1;AKT1;RB1;CDC25A;BBC3;BCL2;BAX;CASP3;CASP9",66,"Indirect only: perturbed node not measured","HCC; malignant cell annotated observational concordance; not causal perturbation validation"
"GSE189903","GSE189903_HCC","4HT1","HCC tumour-region observational concordance; malignant status annotated separately","GSDME KO",0.53927053930401,0.533915465762555,-0.00737118218980582,19,0.95,TRUE,"DFNA5","DFNA5","","PRKAA1;PPM1D;Mdm2;TP53;TP53INP1;CDKN1A;MYC;MALAT1;SIRT1;DFNA5;E2F1;AKT1;RB1;CDC25A;BBC3;BCL2;BAX;CASP3;CASP9",66,"Limited observational concordance","HCC; malignant cell annotated observational concordance; not causal perturbation validation"
"GSE189903","GSE189903_HCC","4HT1","HCC tumour-region observational concordance; malignant status annotated separately","CASP3 KO",0.576112644567168,0.565360470316551,-0.00473190043951792,19,0.95,TRUE,"CASP3","CASP3","DFNA5;CDKN1A;CASP9","PRKAA1;PPM1D;Mdm2;TP53;TP53INP1;CDKN1A;MYC;MALAT1;SIRT1;DFNA5;E2F1;AKT1;RB1;CDC25A;BBC3;BCL2;BAX;CASP3;CASP9",66,"Limited observational concordance","HCC; malignant cell annotated observational concordance; not causal perturbation validation"
"GSE189903","GSE189903_HCC","4HT1","HCC tumour-region observational concordance; malignant status annotated separately","miR-204-5p OE",0.631176715596773,0.603053237659941,-0.0152258484602553,19,0.95,FALSE,"MIR204","","SIRT1;BCL2;MYC;E2F1;CDC25A;AKT1","PRKAA1;PPM1D;Mdm2;TP53;TP53INP1;CDKN1A;MYC;MALAT1;SIRT1;DFNA5;E2F1;AKT1;RB1;CDC25A;BBC3;BCL2;BAX;CASP3;CASP9",66,"Indirect only: perturbed node not measured","HCC; malignant cell annotated observational concordance; not causal perturbation validation"
"GSE189903","GSE189903_HCC","4HT1","HCC tumour-region observational concordance; malignant status annotated separately","miR-204-5p KO",0.514599486672432,0.507736676064655,-0.0787026890505362,19,0.95,FALSE,"MIR204","","SIRT1;BCL2;MYC;E2F1;CDC25A;AKT1","PRKAA1;PPM1D;Mdm2;TP53;TP53INP1;CDKN1A;MYC;MALAT1;SIRT1;DFNA5;E2F1;AKT1;RB1;CDC25A;BBC3;BCL2;BAX;CASP3;CASP9",66,"Indirect only: perturbed node not measured","HCC; malignant cell annotated observational concordance; not causal perturbation validation"
"GSE189903","GSE189903_HCC","4HT1","HCC tumour-region observational concordance; malignant status annotated separately","MALAT1 OE",0.514599486672432,0.558057748860907,-0.0787026890505362,19,0.95,TRUE,"MALAT1","MALAT1","","PRKAA1;PPM1D;Mdm2;TP53;TP53INP1;CDKN1A;MYC;MALAT1;SIRT1;DFNA5;E2F1;AKT1;RB1;CDC25A;BBC3;BCL2;BAX;CASP3;CASP9",66,"Limited observational concordance","HCC; malignant cell annotated observational concordance; not causal perturbation validation"
"GSE189903","GSE189903_HCC","4HT1","HCC tumour-region observational concordance; malignant status annotated separately","MALAT1 KO",0.578200180421072,0.522087418174392,-0.184038177018429,19,0.95,TRUE,"MALAT1","MALAT1","","PRKAA1;PPM1D;Mdm2;TP53;TP53INP1;CDKN1A;MYC;MALAT1;SIRT1;DFNA5;E2F1;AKT1;RB1;CDC25A;BBC3;BCL2;BAX;CASP3;CASP9",66,"Limited observational concordance","HCC; malignant cell annotated observational concordance; not causal perturbation validation"
"GSE189903","GSE189903_HCC","4HT1","HCC tumour-region observational concordance; malignant status annotated separately","SIRT1 OE",0.514599486672432,0.512060445512009,-0.0787026890505362,19,0.95,TRUE,"SIRT1","SIRT1","TP53","PRKAA1;PPM1D;Mdm2;TP53;TP53INP1;CDKN1A;MYC;MALAT1;SIRT1;DFNA5;E2F1;AKT1;RB1;CDC25A;BBC3;BCL2;BAX;CASP3;CASP9",66,"Limited observational concordance","HCC; malignant cell annotated observational concordance; not causal perturbation validation"
"GSE189903","GSE189903_HCC","4HT1","HCC tumour-region observational concordance; malignant status annotated separately","SIRT1 KO",0.541907103336408,0.534618911451815,0.0804794847184922,19,0.95,TRUE,"SIRT1","SIRT1","TP53","PRKAA1;PPM1D;Mdm2;TP53;TP53INP1;CDKN1A;MYC;MALAT1;SIRT1;DFNA5;E2F1;AKT1;RB1;CDC25A;BBC3;BCL2;BAX;CASP3;CASP9",66,"Limited observational concordance","HCC; malignant cell annotated observational concordance; not causal perturbation validation"
"GSE189903","GSE189903_HCC","4HT1","HCC tumour-region observational concordance; malignant status annotated separately","BCL2 KO",0.592888960356642,0.578680128099469,0.0552635885664404,19,0.95,TRUE,"BCL2","BCL2","BAX;CASP3","PRKAA1;PPM1D;Mdm2;TP53;TP53INP1;CDKN1A;MYC;MALAT1;SIRT1;DFNA5;E2F1;AKT1;RB1;CDC25A;BBC3;BCL2;BAX;CASP3;CASP9",66,"Limited observational concordance","HCC; malignant cell annotated observational concordance; not causal perturbation validation"
"GSE189903","GSE189903_HCC","4HT1","HCC tumour-region observational concordance; malignant status annotated separately","GSDME OE",0.594862644567168,0.581926829398918,-0.0445014711536425,19,0.95,TRUE,"DFNA5","DFNA5","","PRKAA1;PPM1D;Mdm2;TP53;TP53INP1;CDKN1A;MYC;MALAT1;SIRT1;DFNA5;E2F1;AKT1;RB1;CDC25A;BBC3;BCL2;BAX;CASP3;CASP9",66,"Limited observational concordance","HCC; malignant cell annotated observational concordance; not causal perturbation validation"
"GSE189903","GSE189903_HCC","4HT1","HCC tumour-region observational concordance; malignant status annotated separately","CASP3 OE",0.578415276146116,0.567860470316551,0.021988962217094,19,0.95,TRUE,"CASP3","CASP3","DFNA5;CDKN1A;CASP9","PRKAA1;PPM1D;Mdm2;TP53;TP53INP1;CDKN1A;MYC;MALAT1;SIRT1;DFNA5;E2F1;AKT1;RB1;CDC25A;BBC3;BCL2;BAX;CASP3;CASP9",66,"Limited observational concordance","HCC; malignant cell annotated observational concordance; not causal perturbation validation"
"GSE189903","GSE189903_HCC","4HT1","HCC tumour-region observational concordance; malignant status annotated separately","miR-204-5p OE + GSDME KO",0.609466189280984,0.57727967648209,-0.0155023455992926,19,0.95,TRUE,"MIR204;DFNA5","DFNA5","SIRT1;BCL2;MYC;E2F1;CDC25A;AKT1","PRKAA1;PPM1D;Mdm2;TP53;TP53INP1;CDKN1A;MYC;MALAT1;SIRT1;DFNA5;E2F1;AKT1;RB1;CDC25A;BBC3;BCL2;BAX;CASP3;CASP9",66,"Limited observational concordance","HCC; malignant cell annotated observational concordance; not causal perturbation validation"
"GSE189903","GSE189903_HCC","4HT1","HCC tumour-region observational concordance; malignant status annotated separately","CASP3 OE + GSDME KO",0.577099486672432,0.562370805848659,0.0288355974853035,19,0.95,TRUE,"CASP3;DFNA5","CASP3;DFNA5","DFNA5;CDKN1A;CASP9","PRKAA1;PPM1D;Mdm2;TP53;TP53INP1;CDKN1A;MYC;MALAT1;SIRT1;DFNA5;E2F1;AKT1;RB1;CDC25A;BBC3;BCL2;BAX;CASP3;CASP9",66,"Limited observational concordance","HCC; malignant cell annotated observational concordance; not causal perturbation validation"
"GSE189903","GSE189903_HCC","4HT1","HCC tumour-region observational concordance; malignant status annotated separately","SIRT1 KO + GSDME KO",0.523157103336408,0.517162883207375,0.0681709769195545,19,0.95,TRUE,"SIRT1;DFNA5","SIRT1;DFNA5","TP53","PRKAA1;PPM1D;Mdm2;TP53;TP53INP1;CDKN1A;MYC;MALAT1;SIRT1;DFNA5;E2F1;AKT1;RB1;CDC25A;BBC3;BCL2;BAX;CASP3;CASP9",66,"Limited observational concordance","HCC; malignant cell annotated observational concordance; not causal perturbation validation"
"GSE189903","GSE189903_HCC","4HT1","HCC tumour-region observational concordance; malignant status annotated separately","MALAT1 KO + GSDME KO",0.538068601473704,0.488936927993465,-0.268520794583894,19,0.95,TRUE,"MALAT1;DFNA5","MALAT1;DFNA5","","PRKAA1;PPM1D;Mdm2;TP53;TP53INP1;CDKN1A;MYC;MALAT1;SIRT1;DFNA5;E2F1;AKT1;RB1;CDC25A;BBC3;BCL2;BAX;CASP3;CASP9",66,"Limited observational concordance","HCC; malignant cell annotated observational concordance; not causal perturbation validation"
"GSE189903","GSE189903_HCC","4HT1","HCC tumour-region observational concordance; malignant status annotated separately","miR-204-5p OE + CASP3 KO",0.560453031386247,0.551039013882611,0.0341786791526139,19,0.95,TRUE,"MIR204;CASP3","CASP3","SIRT1;BCL2;MYC;E2F1;CDC25A;AKT1;DFNA5;CDKN1A;CASP9","PRKAA1;PPM1D;Mdm2;TP53;TP53INP1;CDKN1A;MYC;MALAT1;SIRT1;DFNA5;E2F1;AKT1;RB1;CDC25A;BBC3;BCL2;BAX;CASP3;CASP9",66,"Limited observational concordance","HCC; malignant cell annotated observational concordance; not causal perturbation validation"
"GSE189903","GSE189903_HCC","4HT1","HCC tumour-region observational concordance; malignant status annotated separately","GSDME E1 + CASP3 E1",0.562954749830326,0.552185620663473,0.021988962217094,19,0.95,TRUE,"DFNA5;CASP3","DFNA5;CASP3","DFNA5;CDKN1A;CASP9","PRKAA1;PPM1D;Mdm2;TP53;TP53INP1;CDKN1A;MYC;MALAT1;SIRT1;DFNA5;E2F1;AKT1;RB1;CDC25A;BBC3;BCL2;BAX;CASP3;CASP9",66,"Limited observational concordance","HCC; malignant cell annotated observational concordance; not causal perturbation validation"
"GSE189903","GSE189903_HCC","4HT1","HCC tumour-region observational concordance; malignant status annotated separately","p53 E1 + miR-204-5p E1 + CASP3 KO + p21 E1",0.533315365321926,0.512253383482795,-0.0497963893947027,19,0.95,TRUE,"TP53;MIR204;CASP3;CDKN1A","TP53;CASP3;CDKN1A","Mdm2;SIRT1;BCL2;MYC;E2F1;CDC25A;AKT1;CASP3;DFNA5;CDKN1A;CASP9","PRKAA1;PPM1D;Mdm2;TP53;TP53INP1;CDKN1A;MYC;MALAT1;SIRT1;DFNA5;E2F1;AKT1;RB1;CDC25A;BBC3;BCL2;BAX;CASP3;CASP9",66,"Limited observational concordance","HCC; malignant cell annotated observational concordance; not causal perturbation validation"
"GSE189903","GSE189903_HCC","4HT1","HCC tumour-region observational concordance; malignant status annotated separately","MALAT1 E1 + miR-204-5p KO + SIRT1 E1",0.514599486672432,0.538493455799359,-0.0787026890505362,19,0.95,TRUE,"MALAT1;MIR204;SIRT1","MALAT1;SIRT1","SIRT1;BCL2;MYC;E2F1;CDC25A;AKT1;TP53","PRKAA1;PPM1D;Mdm2;TP53;TP53INP1;CDKN1A;MYC;MALAT1;SIRT1;DFNA5;E2F1;AKT1;RB1;CDC25A;BBC3;BCL2;BAX;CASP3;CASP9",66,"Limited observational concordance","HCC; malignant cell annotated observational concordance; not causal perturbation validation"
"GSE189903","GSE189903_HCC","4HT1","HCC tumour-region observational concordance; malignant status annotated separately","SIRT1 KO + GSDME KO + CASP3 E1",0.513288682283776,0.515817950791269,0.140611930640591,19,0.95,TRUE,"SIRT1;DFNA5;CASP3","SIRT1;DFNA5;CASP3","DFNA5;CDKN1A;CASP9;TP53","PRKAA1;PPM1D;Mdm2;TP53;TP53INP1;CDKN1A;MYC;MALAT1;SIRT1;DFNA5;E2F1;AKT1;RB1;CDC25A;BBC3;BCL2;BAX;CASP3;CASP9",66,"Limited observational concordance","HCC; malignant cell annotated observational concordance; not causal perturbation validation"
"GSE189903","GSE189903_HCC","4HT1","HCC tumour-region observational concordance; malignant status annotated separately","BAX E1",0.5654223469239,0.560227222118302,0.208310817844901,19,0.95,TRUE,"BAX","BAX","CASP3","PRKAA1;PPM1D;Mdm2;TP53;TP53INP1;CDKN1A;MYC;MALAT1;SIRT1;DFNA5;E2F1;AKT1;RB1;CDC25A;BBC3;BCL2;BAX;CASP3;CASP9",66,"Limited observational concordance","HCC; malignant cell annotated observational concordance; not causal perturbation validation"
"GSE189903","GSE189903_HCC","4HT1","HCC tumour-region observational concordance; malignant status annotated separately","BAX E1 + GSDME KO",0.558185504818637,0.547508696489267,0.183772952083722,19,0.95,TRUE,"BAX;DFNA5","BAX;DFNA5","CASP3","PRKAA1;PPM1D;Mdm2;TP53;TP53INP1;CDKN1A;MYC;MALAT1;SIRT1;DFNA5;E2F1;AKT1;RB1;CDC25A;BBC3;BCL2;BAX;CASP3;CASP9",66,"Limited observational concordance","HCC; malignant cell annotated observational concordance; not causal perturbation validation"
"GSE189903","GSE189903_HCC","4HT1","HCC tumour-region observational concordance; malignant status annotated separately","p53 E1",0.771621233052651,0.733351211478266,0.0467491139191056,19,0.95,TRUE,"TP53","TP53","Mdm2","PRKAA1;PPM1D;Mdm2;TP53;TP53INP1;CDKN1A;MYC;MALAT1;SIRT1;DFNA5;E2F1;AKT1;RB1;CDC25A;BBC3;BCL2;BAX;CASP3;CASP9",66,"Limited observational concordance","HCC; malignant cell annotated observational concordance; not causal perturbation validation"
"GSE189903","GSE189903_HCC","4HT1","HCC tumour-region observational concordance; malignant status annotated separately","p53 KO",0.514599486672432,0.521028899251128,-0.0787026890505362,19,0.95,TRUE,"TP53","TP53","Mdm2","PRKAA1;PPM1D;Mdm2;TP53;TP53INP1;CDKN1A;MYC;MALAT1;SIRT1;DFNA5;E2F1;AKT1;RB1;CDC25A;BBC3;BCL2;BAX;CASP3;CASP9",66,"Limited observational concordance","HCC; malignant cell annotated observational concordance; not causal perturbation validation"
"GSE189903","GSE189903_HCC","4HT1","HCC tumour-region observational concordance; malignant status annotated separately","p21 E1",0.572126169710581,0.539425334395143,-0.197439029607514,19,0.95,TRUE,"CDKN1A","CDKN1A","CASP3","PRKAA1;PPM1D;Mdm2;TP53;TP53INP1;CDKN1A;MYC;MALAT1;SIRT1;DFNA5;E2F1;AKT1;RB1;CDC25A;BBC3;BCL2;BAX;CASP3;CASP9",66,"Limited observational concordance","HCC; malignant cell annotated observational concordance; not causal perturbation validation"
"GSE189903","GSE189903_HCC","4HT3","HCC tumour-region observational concordance; malignant status annotated separately","Reference: DDR ON, GSDME endogenous",0.593753782409566,0.593753782409566,0.0783392406097968,19,0.95,FALSE,"","","","PRKAA1;PPM1D;Mdm2;TP53;TP53INP1;CDKN1A;MYC;MALAT1;SIRT1;DFNA5;E2F1;AKT1;RB1;CDC25A;BBC3;BCL2;BAX;CASP3;CASP9",176,"Indirect only: perturbed node not measured","HCC; malignant cell annotated observational concordance; not causal perturbation validation"
"GSE189903","GSE189903_HCC","4HT3","HCC tumour-region observational concordance; malignant status annotated separately","GSDME KO",0.547372203462198,0.540912357535535,0.0136893383524965,19,0.95,TRUE,"DFNA5","DFNA5","","PRKAA1;PPM1D;Mdm2;TP53;TP53INP1;CDKN1A;MYC;MALAT1;SIRT1;DFNA5;E2F1;AKT1;RB1;CDC25A;BBC3;BCL2;BAX;CASP3;CASP9",176,"Limited observational concordance","HCC; malignant cell annotated observational concordance; not causal perturbation validation"
"GSE189903","GSE189903_HCC","4HT3","HCC tumour-region observational concordance; malignant status annotated separately","CASP3 KO",0.584214308725356,0.571935605179049,0.0120926344565458,19,0.95,TRUE,"CASP3","CASP3","DFNA5;CDKN1A;CASP9","PRKAA1;PPM1D;Mdm2;TP53;TP53INP1;CDKN1A;MYC;MALAT1;SIRT1;DFNA5;E2F1;AKT1;RB1;CDC25A;BBC3;BCL2;BAX;CASP3;CASP9",176,"Limited observational concordance","HCC; malignant cell annotated observational concordance; not causal perturbation validation"
"GSE189903","GSE189903_HCC","4HT3","HCC tumour-region observational concordance; malignant status annotated separately","miR-204-5p OE",0.629883379881371,0.602015443643107,-0.210986757234966,19,0.95,FALSE,"MIR204","","SIRT1;BCL2;MYC;E2F1;CDC25A;AKT1","PRKAA1;PPM1D;Mdm2;TP53;TP53INP1;CDKN1A;MYC;MALAT1;SIRT1;DFNA5;E2F1;AKT1;RB1;CDC25A;BBC3;BCL2;BAX;CASP3;CASP9",176,"Indirect only: perturbed node not measured","HCC; malignant cell annotated observational concordance; not causal perturbation validation"
"GSE189903","GSE189903_HCC","4HT3","HCC tumour-region observational concordance; malignant status annotated separately","miR-204-5p KO",0.522701150830619,0.513948799698005,0.0562162064646687,19,0.95,FALSE,"MIR204","","SIRT1;BCL2;MYC;E2F1;CDC25A;AKT1","PRKAA1;PPM1D;Mdm2;TP53;TP53INP1;CDKN1A;MYC;MALAT1;SIRT1;DFNA5;E2F1;AKT1;RB1;CDC25A;BBC3;BCL2;BAX;CASP3;CASP9",176,"Indirect only: perturbed node not measured","HCC; malignant cell annotated observational concordance; not causal perturbation validation"
"GSE189903","GSE189903_HCC","4HT3","HCC tumour-region observational concordance; malignant status annotated separately","MALAT1 OE",0.522701150830619,0.559919105800868,0.0562162064646687,19,0.95,TRUE,"MALAT1","MALAT1","","PRKAA1;PPM1D;Mdm2;TP53;TP53INP1;CDKN1A;MYC;MALAT1;SIRT1;DFNA5;E2F1;AKT1;RB1;CDC25A;BBC3;BCL2;BAX;CASP3;CASP9",176,"Limited observational concordance","HCC; malignant cell annotated observational concordance; not causal perturbation validation"
"GSE189903","GSE189903_HCC","4HT3","HCC tumour-region observational concordance; malignant status annotated separately","MALAT1 KO",0.590266117081941,0.53764353466907,-0.1621412834355,19,0.95,TRUE,"MALAT1","MALAT1","","PRKAA1;PPM1D;Mdm2;TP53;TP53INP1;CDKN1A;MYC;MALAT1;SIRT1;DFNA5;E2F1;AKT1;RB1;CDC25A;BBC3;BCL2;BAX;CASP3;CASP9",176,"Limited observational concordance","HCC; malignant cell annotated observational concordance; not causal perturbation validation"
"GSE189903","GSE189903_HCC","4HT3","HCC tumour-region observational concordance; malignant status annotated separately","SIRT1 OE",0.522701150830619,0.518753124599207,0.0562162064646687,19,0.95,TRUE,"SIRT1","SIRT1","TP53","PRKAA1;PPM1D;Mdm2;TP53;TP53INP1;CDKN1A;MYC;MALAT1;SIRT1;DFNA5;E2F1;AKT1;RB1;CDC25A;BBC3;BCL2;BAX;CASP3;CASP9",176,"Limited observational concordance","HCC; malignant cell annotated observational concordance; not causal perturbation validation"
"GSE189903","GSE189903_HCC","4HT3","HCC tumour-region observational concordance; malignant status annotated separately","SIRT1 KO",0.541907682704136,0.534619390059939,-0.104405818013179,19,0.95,TRUE,"SIRT1","SIRT1","TP53","PRKAA1;PPM1D;Mdm2;TP53;TP53INP1;CDKN1A;MYC;MALAT1;SIRT1;DFNA5;E2F1;AKT1;RB1;CDC25A;BBC3;BCL2;BAX;CASP3;CASP9",176,"Limited observational concordance","HCC; malignant cell annotated observational concordance; not causal perturbation validation"
"GSE189903","GSE189903_HCC","4HT3","HCC tumour-region observational concordance; malignant status annotated separately","BCL2 KO",0.60099062451483,0.585017052194165,0.0490073332570321,19,0.95,TRUE,"BCL2","BCL2","BAX;CASP3","PRKAA1;PPM1D;Mdm2;TP53;TP53INP1;CDKN1A;MYC;MALAT1;SIRT1;DFNA5;E2F1;AKT1;RB1;CDC25A;BBC3;BCL2;BAX;CASP3;CASP9",176,"Limited observational concordance","HCC; malignant cell annotated observational concordance; not causal perturbation validation"
"GSE189903","GSE189903_HCC","4HT3","HCC tumour-region observational concordance; malignant status annotated separately","GSDME OE",0.602964308725356,0.588923721171898,0.00994738766963774,19,0.95,TRUE,"DFNA5","DFNA5","","PRKAA1;PPM1D;Mdm2;TP53;TP53INP1;CDKN1A;MYC;MALAT1;SIRT1;DFNA5;E2F1;AKT1;RB1;CDC25A;BBC3;BCL2;BAX;CASP3;CASP9",176,"Limited observational concordance","HCC; malignant cell annotated observational concordance; not causal perturbation validation"
"GSE189903","GSE189903_HCC","4HT3","HCC tumour-region observational concordance; malignant status annotated separately","CASP3 OE",0.586516940304303,0.574435605179049,0.118321558596744,19,0.95,TRUE,"CASP3","CASP3","DFNA5;CDKN1A;CASP9","PRKAA1;PPM1D;Mdm2;TP53;TP53INP1;CDKN1A;MYC;MALAT1;SIRT1;DFNA5;E2F1;AKT1;RB1;CDC25A;BBC3;BCL2;BAX;CASP3;CASP9",176,"Limited observational concordance","HCC; malignant cell annotated observational concordance; not causal perturbation validation"
"GSE189903","GSE189903_HCC","4HT3","HCC tumour-region observational concordance; malignant status annotated separately","miR-204-5p OE + GSDME KO",0.608172853565581,0.576353074681345,-0.219247459189996,19,0.95,TRUE,"MIR204;DFNA5","DFNA5","SIRT1;BCL2;MYC;E2F1;CDC25A;AKT1","PRKAA1;PPM1D;Mdm2;TP53;TP53INP1;CDKN1A;MYC;MALAT1;SIRT1;DFNA5;E2F1;AKT1;RB1;CDC25A;BBC3;BCL2;BAX;CASP3;CASP9",176,"Limited observational concordance","HCC; malignant cell annotated observational concordance; not causal perturbation validation"
"GSE189903","GSE189903_HCC","4HT3","HCC tumour-region observational concordance; malignant status annotated separately","CASP3 OE + GSDME KO",0.585201150830619,0.568458893684305,0.0886039268184782,19,0.95,TRUE,"CASP3;DFNA5","CASP3;DFNA5","DFNA5;CDKN1A;CASP9","PRKAA1;PPM1D;Mdm2;TP53;TP53INP1;CDKN1A;MYC;MALAT1;SIRT1;DFNA5;E2F1;AKT1;RB1;CDC25A;BBC3;BCL2;BAX;CASP3;CASP9",176,"Limited observational concordance","HCC; malignant cell annotated observational concordance; not causal perturbation validation"
"GSE189903","GSE189903_HCC","4HT3","HCC tumour-region observational concordance; malignant status annotated separately","SIRT1 KO + GSDME KO",0.523157682704136,0.517163306591484,-0.098353546853403,19,0.95,TRUE,"SIRT1;DFNA5","SIRT1;DFNA5","TP53","PRKAA1;PPM1D;Mdm2;TP53;TP53INP1;CDKN1A;MYC;MALAT1;SIRT1;DFNA5;E2F1;AKT1;RB1;CDC25A;BBC3;BCL2;BAX;CASP3;CASP9",176,"Limited observational concordance","HCC; malignant cell annotated observational concordance; not causal perturbation validation"
"GSE189903","GSE189903_HCC","4HT3","HCC tumour-region observational concordance; malignant status annotated separately","MALAT1 KO + GSDME KO",0.550134538134572,0.502626310508782,-0.260194568395246,19,0.95,TRUE,"MALAT1;DFNA5","MALAT1;DFNA5","","PRKAA1;PPM1D;Mdm2;TP53;TP53INP1;CDKN1A;MYC;MALAT1;SIRT1;DFNA5;E2F1;AKT1;RB1;CDC25A;BBC3;BCL2;BAX;CASP3;CASP9",176,"Limited observational concordance","HCC; malignant cell annotated observational concordance; not causal perturbation validation"
"GSE189903","GSE189903_HCC","4HT3","HCC tumour-region observational concordance; malignant status annotated separately","miR-204-5p OE + CASP3 KO",0.559159695670844,0.54986509120591,-0.18739344776778,19,0.95,TRUE,"MIR204;CASP3","CASP3","SIRT1;BCL2;MYC;E2F1;CDC25A;AKT1;DFNA5;CDKN1A;CASP9","PRKAA1;PPM1D;Mdm2;TP53;TP53INP1;CDKN1A;MYC;MALAT1;SIRT1;DFNA5;E2F1;AKT1;RB1;CDC25A;BBC3;BCL2;BAX;CASP3;CASP9",176,"Limited observational concordance","HCC; malignant cell annotated observational concordance; not causal perturbation validation"
"GSE189903","GSE189903_HCC","4HT3","HCC tumour-region observational concordance; malignant status annotated separately","GSDME E1 + CASP3 E1",0.571056413988514,0.55827370849912,0.118321558596744,19,0.95,TRUE,"DFNA5;CASP3","DFNA5;CASP3","DFNA5;CDKN1A;CASP9","PRKAA1;PPM1D;Mdm2;TP53;TP53INP1;CDKN1A;MYC;MALAT1;SIRT1;DFNA5;E2F1;AKT1;RB1;CDC25A;BBC3;BCL2;BAX;CASP3;CASP9",176,"Limited observational concordance","HCC; malignant cell annotated observational concordance; not causal perturbation validation"
"GSE189903","GSE189903_HCC","4HT3","HCC tumour-region observational concordance; malignant status annotated separately","p53 E1 + miR-204-5p E1 + CASP3 KO + p21 E1",0.532216286525771,0.511179309688589,-0.265580743438415,19,0.95,TRUE,"TP53;MIR204;CASP3;CDKN1A","TP53;CASP3;CDKN1A","Mdm2;SIRT1;BCL2;MYC;E2F1;CDC25A;AKT1;CASP3;DFNA5;CDKN1A;CASP9","PRKAA1;PPM1D;Mdm2;TP53;TP53INP1;CDKN1A;MYC;MALAT1;SIRT1;DFNA5;E2F1;AKT1;RB1;CDC25A;BBC3;BCL2;BAX;CASP3;CASP9",176,"Limited observational concordance","HCC; malignant cell annotated observational concordance; not causal perturbation validation"
"GSE189903","GSE189903_HCC","4HT3","HCC tumour-region observational concordance; malignant status annotated separately","MALAT1 E1 + miR-204-5p KO + SIRT1 E1",0.522701150830619,0.539858659815725,0.0562162064646687,19,0.95,TRUE,"MALAT1;MIR204;SIRT1","MALAT1;SIRT1","SIRT1;BCL2;MYC;E2F1;CDC25A;AKT1;TP53","PRKAA1;PPM1D;Mdm2;TP53;TP53INP1;CDKN1A;MYC;MALAT1;SIRT1;DFNA5;E2F1;AKT1;RB1;CDC25A;BBC3;BCL2;BAX;CASP3;CASP9",176,"Limited observational concordance","HCC; malignant cell annotated observational concordance; not causal perturbation validation"
"GSE189903","GSE189903_HCC","4HT3","HCC tumour-region observational concordance; malignant status annotated separately","SIRT1 KO + GSDME KO + CASP3 E1",0.513289261651505,0.516155297905583,-0.0377251521230854,19,0.95,TRUE,"SIRT1;DFNA5;CASP3","SIRT1;DFNA5;CASP3","DFNA5;CDKN1A;CASP9;TP53","PRKAA1;PPM1D;Mdm2;TP53;TP53INP1;CDKN1A;MYC;MALAT1;SIRT1;DFNA5;E2F1;AKT1;RB1;CDC25A;BBC3;BCL2;BAX;CASP3;CASP9",176,"Limited observational concordance","HCC; malignant cell annotated observational concordance; not causal perturbation validation"
"GSE189903","GSE189903_HCC","4HT3","HCC tumour-region observational concordance; malignant status annotated separately","BAX E1",0.573718268001335,0.567321083973512,0.270960687873443,19,0.95,TRUE,"BAX","BAX","CASP3","PRKAA1;PPM1D;Mdm2;TP53;TP53INP1;CDKN1A;MYC;MALAT1;SIRT1;DFNA5;E2F1;AKT1;RB1;CDC25A;BBC3;BCL2;BAX;CASP3;CASP9",176,"Limited observational concordance","HCC; malignant cell annotated observational concordance; not causal perturbation validation"
"GSE189903","GSE189903_HCC","4HT3","HCC tumour-region observational concordance; malignant status annotated separately","BAX E1 + GSDME KO",0.566481425896072,0.553784035822722,0.242246164110361,19,0.95,TRUE,"BAX;DFNA5","BAX;DFNA5","CASP3","PRKAA1;PPM1D;Mdm2;TP53;TP53INP1;CDKN1A;MYC;MALAT1;SIRT1;DFNA5;E2F1;AKT1;RB1;CDC25A;BBC3;BCL2;BAX;CASP3;CASP9",176,"Limited observational concordance","HCC; malignant cell annotated observational concordance; not causal perturbation validation"
"GSE189903","GSE189903_HCC","4HT3","HCC tumour-region observational concordance; malignant status annotated separately","p53 E1",0.78368716971352,0.743921050295513,0.0950740406669451,19,0.95,TRUE,"TP53","TP53","Mdm2","PRKAA1;PPM1D;Mdm2;TP53;TP53INP1;CDKN1A;MYC;MALAT1;SIRT1;DFNA5;E2F1;AKT1;RB1;CDC25A;BBC3;BCL2;BAX;CASP3;CASP9",176,"Limited observational concordance","HCC; malignant cell annotated observational concordance; not causal perturbation validation"
"GSE189903","GSE189903_HCC","4HT3","HCC tumour-region observational concordance; malignant status annotated separately","p53 KO",0.522701150830619,0.528323904261812,0.0562162064646687,19,0.95,TRUE,"TP53","TP53","Mdm2","PRKAA1;PPM1D;Mdm2;TP53;TP53INP1;CDKN1A;MYC;MALAT1;SIRT1;DFNA5;E2F1;AKT1;RB1;CDC25A;BBC3;BCL2;BAX;CASP3;CASP9",176,"Limited observational concordance","HCC; malignant cell annotated observational concordance; not causal perturbation validation"
"GSE189903","GSE189903_HCC","4HT3","HCC tumour-region observational concordance; malignant status annotated separately","p21 E1",0.579128175704885,0.5438469803178,-0.167144152048689,19,0.95,TRUE,"CDKN1A","CDKN1A","CASP3","PRKAA1;PPM1D;Mdm2;TP53;TP53INP1;CDKN1A;MYC;MALAT1;SIRT1;DFNA5;E2F1;AKT1;RB1;CDC25A;BBC3;BCL2;BAX;CASP3;CASP9",176,"Limited observational concordance","HCC; malignant cell annotated observational concordance; not causal perturbation validation"
"GSE189903","GSE189903_HCC","4HT2","HCC tumour-region observational concordance; malignant status annotated separately","Reference: DDR ON, GSDME endogenous",0.581750780891624,0.581750780891624,0.0772877071787928,19,0.95,FALSE,"","","","PRKAA1;PPM1D;Mdm2;TP53;TP53INP1;CDKN1A;MYC;MALAT1;SIRT1;DFNA5;E2F1;AKT1;RB1;CDC25A;BBC3;BCL2;BAX;CASP3;CASP9",153,"Indirect only: perturbed node not measured","HCC; malignant cell annotated observational concordance; not causal perturbation validation"
"GSE189903","GSE189903_HCC","4HT2","HCC tumour-region observational concordance; malignant status annotated separately","GSDME KO",0.535369201944255,0.530546128951857,0.0200074945151872,19,0.95,TRUE,"DFNA5","DFNA5","","PRKAA1;PPM1D;Mdm2;TP53;TP53INP1;CDKN1A;MYC;MALAT1;SIRT1;DFNA5;E2F1;AKT1;RB1;CDC25A;BBC3;BCL2;BAX;CASP3;CASP9",153,"Limited observational concordance","HCC; malignant cell annotated observational concordance; not causal perturbation validation"
"GSE189903","GSE189903_HCC","4HT2","HCC tumour-region observational concordance; malignant status annotated separately","CASP3 KO",0.572211307207413,0.56055338575915,0.0236595021975896,19,0.95,TRUE,"CASP3","CASP3","DFNA5;CDKN1A;CASP9","PRKAA1;PPM1D;Mdm2;TP53;TP53INP1;CDKN1A;MYC;MALAT1;SIRT1;DFNA5;E2F1;AKT1;RB1;CDC25A;BBC3;BCL2;BAX;CASP3;CASP9",153,"Limited observational concordance","HCC; malignant cell annotated observational concordance; not causal perturbation validation"
"GSE189903","GSE189903_HCC","4HT2","HCC tumour-region observational concordance; malignant status annotated separately","miR-204-5p OE",0.639181833490653,0.609374982431995,0,19,0.95,FALSE,"MIR204","","SIRT1;BCL2;MYC;E2F1;CDC25A;AKT1","PRKAA1;PPM1D;Mdm2;TP53;TP53INP1;CDKN1A;MYC;MALAT1;SIRT1;DFNA5;E2F1;AKT1;RB1;CDC25A;BBC3;BCL2;BAX;CASP3;CASP9",153,"Indirect only: perturbed node not measured","HCC; malignant cell annotated observational concordance; not causal perturbation validation"
"GSE189903","GSE189903_HCC","4HT2","HCC tumour-region observational concordance; malignant status annotated separately","miR-204-5p KO",0.510698149312676,0.504533804498535,-0.0562162064646687,19,0.95,FALSE,"MIR204","","SIRT1;BCL2;MYC;E2F1;CDC25A;AKT1","PRKAA1;PPM1D;Mdm2;TP53;TP53INP1;CDKN1A;MYC;MALAT1;SIRT1;DFNA5;E2F1;AKT1;RB1;CDC25A;BBC3;BCL2;BAX;CASP3;CASP9",153,"Indirect only: perturbed node not measured","HCC; malignant cell annotated observational concordance; not causal perturbation validation"
"GSE189903","GSE189903_HCC","4HT2","HCC tumour-region observational concordance; malignant status annotated separately","MALAT1 OE",0.510698149312676,0.540953373790919,-0.0562162064646687,19,0.95,TRUE,"MALAT1","MALAT1","","PRKAA1;PPM1D;Mdm2;TP53;TP53INP1;CDKN1A;MYC;MALAT1;SIRT1;DFNA5;E2F1;AKT1;RB1;CDC25A;BBC3;BCL2;BAX;CASP3;CASP9",153,"Limited observational concordance","HCC; malignant cell annotated observational concordance; not causal perturbation validation"
"GSE189903","GSE189903_HCC","4HT2","HCC tumour-region observational concordance; malignant status annotated separately","MALAT1 KO",0.584901328735155,0.541609811795844,-0.156927737344326,19,0.95,TRUE,"MALAT1","MALAT1","","PRKAA1;PPM1D;Mdm2;TP53;TP53INP1;CDKN1A;MYC;MALAT1;SIRT1;DFNA5;E2F1;AKT1;RB1;CDC25A;BBC3;BCL2;BAX;CASP3;CASP9",153,"Limited observational concordance","HCC; malignant cell annotated observational concordance; not causal perturbation validation"
"GSE189903","GSE189903_HCC","4HT2","HCC tumour-region observational concordance; malignant status annotated separately","SIRT1 OE",0.510698149312676,0.508837601606124,-0.0562162064646687,19,0.95,TRUE,"SIRT1","SIRT1","TP53","PRKAA1;PPM1D;Mdm2;TP53;TP53INP1;CDKN1A;MYC;MALAT1;SIRT1;DFNA5;E2F1;AKT1;RB1;CDC25A;BBC3;BCL2;BAX;CASP3;CASP9",153,"Limited observational concordance","HCC; malignant cell annotated observational concordance; not causal perturbation validation"
"GSE189903","GSE189903_HCC","4HT2","HCC tumour-region observational concordance; malignant status annotated separately","SIRT1 KO",0.548538444221579,0.540096975661304,0.0978804543873554,19,0.95,TRUE,"SIRT1","SIRT1","TP53","PRKAA1;PPM1D;Mdm2;TP53;TP53INP1;CDKN1A;MYC;MALAT1;SIRT1;DFNA5;E2F1;AKT1;RB1;CDC25A;BBC3;BCL2;BAX;CASP3;CASP9",153,"Limited observational concordance","HCC; malignant cell annotated observational concordance; not causal perturbation validation"
"GSE189903","GSE189903_HCC","4HT2","HCC tumour-region observational concordance; malignant status annotated separately","BCL2 KO",0.588987622996887,0.57421653508479,0.0823740282405433,19,0.95,TRUE,"BCL2","BCL2","BAX;CASP3","PRKAA1;PPM1D;Mdm2;TP53;TP53INP1;CDKN1A;MYC;MALAT1;SIRT1;DFNA5;E2F1;AKT1;RB1;CDC25A;BBC3;BCL2;BAX;CASP3;CASP9",153,"Limited observational concordance","HCC; malignant cell annotated observational concordance; not causal perturbation validation"
"GSE189903","GSE189903_HCC","4HT2","HCC tumour-region observational concordance; malignant status annotated separately","GSDME OE",0.590961307207413,0.57855749258822,-0.0183241351809116,19,0.95,TRUE,"DFNA5","DFNA5","","PRKAA1;PPM1D;Mdm2;TP53;TP53INP1;CDKN1A;MYC;MALAT1;SIRT1;DFNA5;E2F1;AKT1;RB1;CDC25A;BBC3;BCL2;BAX;CASP3;CASP9",153,"Limited observational concordance","HCC; malignant cell annotated observational concordance; not causal perturbation validation"
"GSE189903","GSE189903_HCC","4HT2","HCC tumour-region observational concordance; malignant status annotated separately","CASP3 OE",0.57451393878636,0.56305338575915,0.0492133916287341,19,0.95,TRUE,"CASP3","CASP3","DFNA5;CDKN1A;CASP9","PRKAA1;PPM1D;Mdm2;TP53;TP53INP1;CDKN1A;MYC;MALAT1;SIRT1;DFNA5;E2F1;AKT1;RB1;CDC25A;BBC3;BCL2;BAX;CASP3;CASP9",153,"Limited observational concordance","HCC; malignant cell annotated observational concordance; not causal perturbation validation"
"GSE189903","GSE189903_HCC","4HT2","HCC tumour-region observational concordance; malignant status annotated separately","miR-204-5p OE + GSDME KO",0.617471307174864,0.582924091457139,0,19,0.95,TRUE,"MIR204;DFNA5","DFNA5","SIRT1;BCL2;MYC;E2F1;CDC25A;AKT1","PRKAA1;PPM1D;Mdm2;TP53;TP53INP1;CDKN1A;MYC;MALAT1;SIRT1;DFNA5;E2F1;AKT1;RB1;CDC25A;BBC3;BCL2;BAX;CASP3;CASP9",153,"Limited observational concordance","HCC; malignant cell annotated observational concordance; not causal perturbation validation"
"GSE189903","GSE189903_HCC","4HT2","HCC tumour-region observational concordance; malignant status annotated separately","CASP3 OE + GSDME KO",0.573198149312676,0.557919801628842,0.0560983441986814,19,0.95,TRUE,"CASP3;DFNA5","CASP3;DFNA5","DFNA5;CDKN1A;CASP9","PRKAA1;PPM1D;Mdm2;TP53;TP53INP1;CDKN1A;MYC;MALAT1;SIRT1;DFNA5;E2F1;AKT1;RB1;CDC25A;BBC3;BCL2;BAX;CASP3;CASP9",153,"Limited observational concordance","HCC; malignant cell annotated observational concordance; not causal perturbation validation"
"GSE189903","GSE189903_HCC","4HT2","HCC tumour-region observational concordance; malignant status annotated separately","SIRT1 KO + GSDME KO",0.529788444221579,0.522008863085,0.0858642075704312,19,0.95,TRUE,"SIRT1;DFNA5","SIRT1;DFNA5","TP53","PRKAA1;PPM1D;Mdm2;TP53;TP53INP1;CDKN1A;MYC;MALAT1;SIRT1;DFNA5;E2F1;AKT1;RB1;CDC25A;BBC3;BCL2;BAX;CASP3;CASP9",153,"Limited observational concordance","HCC; malignant cell annotated observational concordance; not causal perturbation validation"
"GSE189903","GSE189903_HCC","4HT2","HCC tumour-region observational concordance; malignant status annotated separately","MALAT1 KO + GSDME KO",0.544769749787786,0.506116634380343,-0.24354211601795,19,0.95,TRUE,"MALAT1;DFNA5","MALAT1;DFNA5","","PRKAA1;PPM1D;Mdm2;TP53;TP53INP1;CDKN1A;MYC;MALAT1;SIRT1;DFNA5;E2F1;AKT1;RB1;CDC25A;BBC3;BCL2;BAX;CASP3;CASP9",153,"Limited observational concordance","HCC; malignant cell annotated observational concordance; not causal perturbation validation"
"GSE189903","GSE189903_HCC","4HT2","HCC tumour-region observational concordance; malignant status annotated separately","miR-204-5p OE + CASP3 KO",0.568458149280127,0.557622733992322,0.0530358814437112,19,0.95,TRUE,"MIR204;CASP3","CASP3","SIRT1;BCL2;MYC;E2F1;CDC25A;AKT1;DFNA5;CDKN1A;CASP9","PRKAA1;PPM1D;Mdm2;TP53;TP53INP1;CDKN1A;MYC;MALAT1;SIRT1;DFNA5;E2F1;AKT1;RB1;CDC25A;BBC3;BCL2;BAX;CASP3;CASP9",153,"Limited observational concordance","HCC; malignant cell annotated observational concordance; not causal perturbation validation"
"GSE189903","GSE189903_HCC","4HT2","HCC tumour-region observational concordance; malignant status annotated separately","GSDME E1 + CASP3 E1",0.559053412470571,0.547734616443657,0.0492133916287341,19,0.95,TRUE,"DFNA5;CASP3","DFNA5;CASP3","DFNA5;CDKN1A;CASP9","PRKAA1;PPM1D;Mdm2;TP53;TP53INP1;CDKN1A;MYC;MALAT1;SIRT1;DFNA5;E2F1;AKT1;RB1;CDC25A;BBC3;BCL2;BAX;CASP3;CASP9",153,"Limited observational concordance","HCC; malignant cell annotated observational concordance; not causal perturbation validation"
"GSE189903","GSE189903_HCC","4HT2","HCC tumour-region observational concordance; malignant status annotated separately","p53 E1 + miR-204-5p E1 + CASP3 KO + p21 E1",0.541813412438022,0.521076052360044,-0.0331975929298018,19,0.95,TRUE,"TP53;MIR204;CASP3;CDKN1A","TP53;CASP3;CDKN1A","Mdm2;SIRT1;BCL2;MYC;E2F1;CDC25A;AKT1;CASP3;DFNA5;CDKN1A;CASP9","PRKAA1;PPM1D;Mdm2;TP53;TP53INP1;CDKN1A;MYC;MALAT1;SIRT1;DFNA5;E2F1;AKT1;RB1;CDC25A;BBC3;BCL2;BAX;CASP3;CASP9",153,"Limited observational concordance","HCC; malignant cell annotated observational concordance; not causal perturbation validation"
"GSE189903","GSE189903_HCC","4HT2","HCC tumour-region observational concordance; malignant status annotated separately","MALAT1 E1 + miR-204-5p KO + SIRT1 E1",0.510698149312676,0.526163048352347,-0.0562162064646687,19,0.95,TRUE,"MALAT1;MIR204;SIRT1","MALAT1;SIRT1","SIRT1;BCL2;MYC;E2F1;CDC25A;AKT1;TP53","PRKAA1;PPM1D;Mdm2;TP53;TP53INP1;CDKN1A;MYC;MALAT1;SIRT1;DFNA5;E2F1;AKT1;RB1;CDC25A;BBC3;BCL2;BAX;CASP3;CASP9",153,"Limited observational concordance","HCC; malignant cell annotated observational concordance; not causal perturbation validation"
"GSE189903","GSE189903_HCC","4HT2","HCC tumour-region observational concordance; malignant status annotated separately","SIRT1 KO + GSDME KO + CASP3 E1",0.519920023168947,0.518396782169287,0.156616540632203,19,0.95,TRUE,"SIRT1;DFNA5;CASP3","SIRT1;DFNA5;CASP3","DFNA5;CDKN1A;CASP9;TP53","PRKAA1;PPM1D;Mdm2;TP53;TP53INP1;CDKN1A;MYC;MALAT1;SIRT1;DFNA5;E2F1;AKT1;RB1;CDC25A;BBC3;BCL2;BAX;CASP3;CASP9",153,"Limited observational concordance","HCC; malignant cell annotated observational concordance; not causal perturbation validation"
"GSE189903","GSE189903_HCC","4HT2","HCC tumour-region observational concordance; malignant status annotated separately","BAX E1",0.564994780355402,0.564178470063928,0.263651536370113,19,0.95,TRUE,"BAX","BAX","CASP3","PRKAA1;PPM1D;Mdm2;TP53;TP53INP1;CDKN1A;MYC;MALAT1;SIRT1;DFNA5;E2F1;AKT1;RB1;CDC25A;BBC3;BCL2;BAX;CASP3;CASP9",153,"Limited observational concordance","HCC; malignant cell annotated observational concordance; not causal perturbation validation"
"GSE189903","GSE189903_HCC","4HT2","HCC tumour-region observational concordance; malignant status annotated separately","BAX E1 + GSDME KO",0.557757938250139,0.551004031210397,0.238069506108459,19,0.95,TRUE,"BAX;DFNA5","BAX;DFNA5","CASP3","PRKAA1;PPM1D;Mdm2;TP53;TP53INP1;CDKN1A;MYC;MALAT1;SIRT1;DFNA5;E2F1;AKT1;RB1;CDC25A;BBC3;BCL2;BAX;CASP3;CASP9",153,"Limited observational concordance","HCC; malignant cell annotated observational concordance; not causal perturbation validation"
"GSE189903","GSE189903_HCC","4HT2","HCC tumour-region observational concordance; malignant status annotated separately","p53 E1",0.778322381366734,0.739794523634929,0.0751137448363158,19,0.95,TRUE,"TP53","TP53","Mdm2","PRKAA1;PPM1D;Mdm2;TP53;TP53INP1;CDKN1A;MYC;MALAT1;SIRT1;DFNA5;E2F1;AKT1;RB1;CDC25A;BBC3;BCL2;BAX;CASP3;CASP9",153,"Limited observational concordance","HCC; malignant cell annotated observational concordance; not causal perturbation validation"
"GSE189903","GSE189903_HCC","4HT2","HCC tumour-region observational concordance; malignant status annotated separately","p53 KO",0.510698149312676,0.518713636285925,-0.0562162064646687,19,0.95,TRUE,"TP53","TP53","Mdm2","PRKAA1;PPM1D;Mdm2;TP53;TP53INP1;CDKN1A;MYC;MALAT1;SIRT1;DFNA5;E2F1;AKT1;RB1;CDC25A;BBC3;BCL2;BAX;CASP3;CASP9",153,"Limited observational concordance","HCC; malignant cell annotated observational concordance; not causal perturbation validation"
"GSE189903","GSE189903_HCC","4HT2","HCC tumour-region observational concordance; malignant status annotated separately","p21 E1",0.573072380150793,0.546213730510929,-0.167144152048689,19,0.95,TRUE,"CDKN1A","CDKN1A","CASP3","PRKAA1;PPM1D;Mdm2;TP53;TP53INP1;CDKN1A;MYC;MALAT1;SIRT1;DFNA5;E2F1;AKT1;RB1;CDC25A;BBC3;BCL2;BAX;CASP3;CASP9",153,"Limited observational concordance","HCC; malignant cell annotated observational concordance; not causal perturbation validation"
"GSE189903","GSE189903_HCC","2HT3","HCC tumour-region observational concordance; malignant status annotated separately","Reference: DDR ON, GSDME endogenous",0.540181827812199,0.540181827812199,0.291800527103605,19,0.95,FALSE,"","","","PRKAA1;PPM1D;Mdm2;TP53;TP53INP1;CDKN1A;MYC;MALAT1;SIRT1;DFNA5;E2F1;AKT1;RB1;CDC25A;BBC3;BCL2;BAX;CASP3;CASP9",21,"Indirect only: perturbed node not measured","HCC; malignant cell annotated observational concordance; not causal perturbation validation"
"GSE189903","GSE189903_HCC","2HT3","HCC tumour-region observational concordance; malignant status annotated separately","GSDME KO",0.500379196233252,0.50032748765599,0.243249012263592,19,0.95,TRUE,"DFNA5","DFNA5","","PRKAA1;PPM1D;Mdm2;TP53;TP53INP1;CDKN1A;MYC;MALAT1;SIRT1;DFNA5;E2F1;AKT1;RB1;CDC25A;BBC3;BCL2;BAX;CASP3;CASP9",21,"Limited observational concordance","HCC; malignant cell annotated observational concordance; not causal perturbation validation"
"GSE189903","GSE189903_HCC","2HT3","HCC tumour-region observational concordance; malignant status annotated separately","CASP3 KO",0.530642354127989,0.525464397430453,0.253945323587462,19,0.95,TRUE,"CASP3","CASP3","DFNA5;CDKN1A;CASP9","PRKAA1;PPM1D;Mdm2;TP53;TP53INP1;CDKN1A;MYC;MALAT1;SIRT1;DFNA5;E2F1;AKT1;RB1;CDC25A;BBC3;BCL2;BAX;CASP3;CASP9",21,"Limited observational concordance","HCC; malignant cell annotated observational concordance; not causal perturbation validation"
"GSE189903","GSE189903_HCC","2HT3","HCC tumour-region observational concordance; malignant status annotated separately","miR-204-5p OE",0.653703090405903,0.63329025450564,0.265364787450163,19,0.95,FALSE,"MIR204","","SIRT1;BCL2;MYC;E2F1;CDC25A;AKT1","PRKAA1;PPM1D;Mdm2;TP53;TP53INP1;CDKN1A;MYC;MALAT1;SIRT1;DFNA5;E2F1;AKT1;RB1;CDC25A;BBC3;BCL2;BAX;CASP3;CASP9",21,"Indirect only: perturbed node not measured","HCC; malignant cell annotated observational concordance; not causal perturbation validation"
"GSE189903","GSE189903_HCC","2HT3","HCC tumour-region observational concordance; malignant status annotated separately","miR-204-5p KO",0.479550248864831,0.467982283340118,0.0787026890505362,19,0.95,FALSE,"MIR204","","SIRT1;BCL2;MYC;E2F1;CDC25A;AKT1","PRKAA1;PPM1D;Mdm2;TP53;TP53INP1;CDKN1A;MYC;MALAT1;SIRT1;DFNA5;E2F1;AKT1;RB1;CDC25A;BBC3;BCL2;BAX;CASP3;CASP9",21,"Indirect only: perturbed node not measured","HCC; malignant cell annotated observational concordance; not causal perturbation validation"
"GSE189903","GSE189903_HCC","2HT3","HCC tumour-region observational concordance; malignant status annotated separately","MALAT1 OE",0.479550248864831,0.550384305837809,0.0787026890505362,19,0.95,TRUE,"MALAT1","MALAT1","","PRKAA1;PPM1D;Mdm2;TP53;TP53INP1;CDKN1A;MYC;MALAT1;SIRT1;DFNA5;E2F1;AKT1;RB1;CDC25A;BBC3;BCL2;BAX;CASP3;CASP9",21,"Limited observational concordance","HCC; malignant cell annotated observational concordance; not causal perturbation validation"
"GSE189903","GSE189903_HCC","2HT3","HCC tumour-region observational concordance; malignant status annotated separately","MALAT1 KO",0.525708143601673,0.454157033110536,0.0349307588108633,19,0.95,TRUE,"MALAT1","MALAT1","","PRKAA1;PPM1D;Mdm2;TP53;TP53INP1;CDKN1A;MYC;MALAT1;SIRT1;DFNA5;E2F1;AKT1;RB1;CDC25A;BBC3;BCL2;BAX;CASP3;CASP9",21,"Limited observational concordance","HCC; malignant cell annotated observational concordance; not causal perturbation validation"
"GSE189903","GSE189903_HCC","2HT3","HCC tumour-region observational concordance; malignant status annotated separately","SIRT1 OE",0.479550248864831,0.483106727323121,0.0787026890505362,19,0.95,TRUE,"SIRT1","SIRT1","TP53","PRKAA1;PPM1D;Mdm2;TP53;TP53INP1;CDKN1A;MYC;MALAT1;SIRT1;DFNA5;E2F1;AKT1;RB1;CDC25A;BBC3;BCL2;BAX;CASP3;CASP9",21,"Limited observational concordance","HCC; malignant cell annotated observational concordance; not causal perturbation validation"
"GSE189903","GSE189903_HCC","2HT3","HCC tumour-region observational concordance; malignant status annotated separately","SIRT1 KO",0.586403638545855,0.571376918798749,0.354544757003087,19,0.95,TRUE,"SIRT1","SIRT1","TP53","PRKAA1;PPM1D;Mdm2;TP53;TP53INP1;CDKN1A;MYC;MALAT1;SIRT1;DFNA5;E2F1;AKT1;RB1;CDC25A;BBC3;BCL2;BAX;CASP3;CASP9",21,"Limited observational concordance","HCC; malignant cell annotated observational concordance; not causal perturbation validation"
"GSE189903","GSE189903_HCC","2HT3","HCC tumour-region observational concordance; malignant status annotated separately","BCL2 KO",0.545444985706936,0.525302251410641,0.30238567328807,19,0.95,TRUE,"BCL2","BCL2","BAX;CASP3","PRKAA1;PPM1D;Mdm2;TP53;TP53INP1;CDKN1A;MYC;MALAT1;SIRT1;DFNA5;E2F1;AKT1;RB1;CDC25A;BBC3;BCL2;BAX;CASP3;CASP9",21,"Limited observational concordance","HCC; malignant cell annotated observational concordance; not causal perturbation validation"
"GSE189903","GSE189903_HCC","2HT3","HCC tumour-region observational concordance; malignant status annotated separately","GSDME OE",0.54676077518062,0.540384305837809,0.18481199196748,19,0.95,TRUE,"DFNA5","DFNA5","","PRKAA1;PPM1D;Mdm2;TP53;TP53INP1;CDKN1A;MYC;MALAT1;SIRT1;DFNA5;E2F1;AKT1;RB1;CDC25A;BBC3;BCL2;BAX;CASP3;CASP9",21,"Limited observational concordance","HCC; malignant cell annotated observational concordance; not causal perturbation validation"
"GSE189903","GSE189903_HCC","2HT3","HCC tumour-region observational concordance; malignant status annotated separately","CASP3 OE",0.532287090970094,0.527464397430453,0.229313463121123,19,0.95,TRUE,"CASP3","CASP3","DFNA5;CDKN1A;CASP9","PRKAA1;PPM1D;Mdm2;TP53;TP53INP1;CDKN1A;MYC;MALAT1;SIRT1;DFNA5;E2F1;AKT1;RB1;CDC25A;BBC3;BCL2;BAX;CASP3;CASP9",21,"Limited observational concordance","HCC; malignant cell annotated observational concordance; not causal perturbation validation"
"GSE189903","GSE189903_HCC","2HT3","HCC tumour-region observational concordance; malignant status annotated separately","miR-204-5p OE + GSDME KO",0.631992564090113,0.604277012951464,0.27239835838757,19,0.95,TRUE,"MIR204;DFNA5","DFNA5","SIRT1;BCL2;MYC;E2F1;CDC25A;AKT1","PRKAA1;PPM1D;Mdm2;TP53;TP53INP1;CDKN1A;MYC;MALAT1;SIRT1;DFNA5;E2F1;AKT1;RB1;CDC25A;BBC3;BCL2;BAX;CASP3;CASP9",21,"Limited observational concordance","HCC; malignant cell annotated observational concordance; not causal perturbation validation"
"GSE189903","GSE189903_HCC","2HT3","HCC tumour-region observational concordance; malignant status annotated separately","CASP3 OE + GSDME KO",0.531629196233252,0.52542999762079,0.257423243005164,19,0.95,TRUE,"CASP3;DFNA5","CASP3;DFNA5","DFNA5;CDKN1A;CASP9","PRKAA1;PPM1D;Mdm2;TP53;TP53INP1;CDKN1A;MYC;MALAT1;SIRT1;DFNA5;E2F1;AKT1;RB1;CDC25A;BBC3;BCL2;BAX;CASP3;CASP9",21,"Limited observational concordance","HCC; malignant cell annotated observational concordance; not causal perturbation validation"
"GSE189903","GSE189903_HCC","2HT3","HCC tumour-region observational concordance; malignant status annotated separately","SIRT1 KO + GSDME KO",0.571595816922318,0.552560404674001,0.328365545314801,19,0.95,TRUE,"SIRT1;DFNA5","SIRT1;DFNA5","TP53","PRKAA1;PPM1D;Mdm2;TP53;TP53INP1;CDKN1A;MYC;MALAT1;SIRT1;DFNA5;E2F1;AKT1;RB1;CDC25A;BBC3;BCL2;BAX;CASP3;CASP9",21,"Limited observational concordance","HCC; malignant cell annotated observational concordance; not causal perturbation validation"
"GSE189903","GSE189903_HCC","2HT3","HCC tumour-region observational concordance; malignant status annotated separately","MALAT1 KO + GSDME KO",0.485576564654305,0.429158189137272,-0.0395495743960774,19,0.95,TRUE,"MALAT1;DFNA5","MALAT1;DFNA5","","PRKAA1;PPM1D;Mdm2;TP53;TP53INP1;CDKN1A;MYC;MALAT1;SIRT1;DFNA5;E2F1;AKT1;RB1;CDC25A;BBC3;BCL2;BAX;CASP3;CASP9",21,"Limited observational concordance","HCC; malignant cell annotated observational concordance; not causal perturbation validation"
"GSE189903","GSE189903_HCC","2HT3","HCC tumour-region observational concordance; malignant status annotated separately","miR-204-5p OE + CASP3 KO",0.582979406195377,0.579729069526176,0.34532251695572,19,0.95,TRUE,"MIR204;CASP3","CASP3","SIRT1;BCL2;MYC;E2F1;CDC25A;AKT1;DFNA5;CDKN1A;CASP9","PRKAA1;PPM1D;Mdm2;TP53;TP53INP1;CDKN1A;MYC;MALAT1;SIRT1;DFNA5;E2F1;AKT1;RB1;CDC25A;BBC3;BCL2;BAX;CASP3;CASP9",21,"Limited observational concordance","HCC; malignant cell annotated observational concordance; not causal perturbation validation"
"GSE189903","GSE189903_HCC","2HT3","HCC tumour-region observational concordance; malignant status annotated separately","GSDME E1 + CASP3 E1",0.520116038338515,0.517096664287457,0.229313463121123,19,0.95,TRUE,"DFNA5;CASP3","DFNA5;CASP3","DFNA5;CDKN1A;CASP9","PRKAA1;PPM1D;Mdm2;TP53;TP53INP1;CDKN1A;MYC;MALAT1;SIRT1;DFNA5;E2F1;AKT1;RB1;CDC25A;BBC3;BCL2;BAX;CASP3;CASP9",21,"Limited observational concordance","HCC; malignant cell annotated observational concordance; not causal perturbation validation"
"GSE189903","GSE189903_HCC","2HT3","HCC tumour-region observational concordance; malignant status annotated separately","p53 E1 + miR-204-5p E1 + CASP3 KO + p21 E1",0.556334669353271,0.542197019693912,0.248981946973514,19,0.95,TRUE,"TP53;MIR204;CASP3;CDKN1A","TP53;CASP3;CDKN1A","Mdm2;SIRT1;BCL2;MYC;E2F1;CDC25A;AKT1;CASP3;DFNA5;CDKN1A;CASP9","PRKAA1;PPM1D;Mdm2;TP53;TP53INP1;CDKN1A;MYC;MALAT1;SIRT1;DFNA5;E2F1;AKT1;RB1;CDC25A;BBC3;BCL2;BAX;CASP3;CASP9",21,"Limited observational concordance","HCC; malignant cell annotated observational concordance; not causal perturbation validation"
"GSE189903","GSE189903_HCC","2HT3","HCC tumour-region observational concordance; malignant status annotated separately","MALAT1 E1 + miR-204-5p KO + SIRT1 E1",0.479550248864831,0.522469583338805,0.0787026890505362,19,0.95,TRUE,"MALAT1;MIR204;SIRT1","MALAT1;SIRT1","SIRT1;BCL2;MYC;E2F1;CDC25A;AKT1;TP53","PRKAA1;PPM1D;Mdm2;TP53;TP53INP1;CDKN1A;MYC;MALAT1;SIRT1;DFNA5;E2F1;AKT1;RB1;CDC25A;BBC3;BCL2;BAX;CASP3;CASP9",21,"Limited observational concordance","HCC; malignant cell annotated observational concordance; not causal perturbation validation"
"GSE189903","GSE189903_HCC","2HT3","HCC tumour-region observational concordance; malignant status annotated separately","SIRT1 KO + GSDME KO + CASP3 E1",0.561727395869686,0.541200829963019,0.401258436218272,19,0.95,TRUE,"SIRT1;DFNA5;CASP3","SIRT1;DFNA5;CASP3","DFNA5;CDKN1A;CASP9;TP53","PRKAA1;PPM1D;Mdm2;TP53;TP53INP1;CDKN1A;MYC;MALAT1;SIRT1;DFNA5;E2F1;AKT1;RB1;CDC25A;BBC3;BCL2;BAX;CASP3;CASP9",21,"Limited observational concordance","HCC; malignant cell annotated observational concordance; not causal perturbation validation"
"GSE189903","GSE189903_HCC","2HT3","HCC tumour-region observational concordance; malignant status annotated separately","BAX E1",0.563202953557084,0.607911226144078,0.487102739471912,19,0.95,TRUE,"BAX","BAX","CASP3","PRKAA1;PPM1D;Mdm2;TP53;TP53INP1;CDKN1A;MYC;MALAT1;SIRT1;DFNA5;E2F1;AKT1;RB1;CDC25A;BBC3;BCL2;BAX;CASP3;CASP9",21,"Limited observational concordance","HCC; malignant cell annotated observational concordance; not causal perturbation validation"
"GSE189903","GSE189903_HCC","2HT3","HCC tumour-region observational concordance; malignant status annotated separately","BAX E1 + GSDME KO",0.556624006188663,0.5901714692813,0.46569736721216,19,0.95,TRUE,"BAX;DFNA5","BAX;DFNA5","CASP3","PRKAA1;PPM1D;Mdm2;TP53;TP53INP1;CDKN1A;MYC;MALAT1;SIRT1;DFNA5;E2F1;AKT1;RB1;CDC25A;BBC3;BCL2;BAX;CASP3;CASP9",21,"Limited observational concordance","HCC; malignant cell annotated observational concordance; not causal perturbation validation"
"GSE189903","GSE189903_HCC","2HT3","HCC tumour-region observational concordance; malignant status annotated separately","p53 E1",0.719129196233252,0.687476248541486,0.274716703142609,19,0.95,TRUE,"TP53","TP53","Mdm2","PRKAA1;PPM1D;Mdm2;TP53;TP53INP1;CDKN1A;MYC;MALAT1;SIRT1;DFNA5;E2F1;AKT1;RB1;CDC25A;BBC3;BCL2;BAX;CASP3;CASP9",21,"Limited observational concordance","HCC; malignant cell annotated observational concordance; not causal perturbation validation"
"GSE189903","GSE189903_HCC","2HT3","HCC tumour-region observational concordance; malignant status annotated separately","p53 KO",0.479550248864831,0.489563205063225,0.0787026890505362,19,0.95,TRUE,"TP53","TP53","Mdm2","PRKAA1;PPM1D;Mdm2;TP53;TP53INP1;CDKN1A;MYC;MALAT1;SIRT1;DFNA5;E2F1;AKT1;RB1;CDC25A;BBC3;BCL2;BAX;CASP3;CASP9",21,"Limited observational concordance","HCC; malignant cell annotated observational concordance; not causal perturbation validation"
"GSE189903","GSE189903_HCC","2HT3","HCC tumour-region observational concordance; malignant status annotated separately","p21 E1",0.538073384935406,0.528703421381917,0.0637237079685629,19,0.95,TRUE,"CDKN1A","CDKN1A","CASP3","PRKAA1;PPM1D;Mdm2;TP53;TP53INP1;CDKN1A;MYC;MALAT1;SIRT1;DFNA5;E2F1;AKT1;RB1;CDC25A;BBC3;BCL2;BAX;CASP3;CASP9",21,"Limited observational concordance","HCC; malignant cell annotated observational concordance; not causal perturbation validation"
