"accession","experiment","validation_group","validation_scope","perturbation","concordance_score","weighted_concordance_score","spearman_rank_correlation","nodes_compared","node_coverage","direct_target_observed","direct_nodes","observed_direct_nodes","observed_first_order_nodes","compared_nodes","n_cells","evidence_grade","claim_level"
"GSE125449","GSE125449_Set1","S10_P05_LCP23","tumour-cell-intrinsic observational concordance","Reference: DDR ON, GSDME endogenous",0.572212983384897,0.572212983384897,-0.0816305793979787,19,0.95,FALSE,"","","","PRKAA1;PPM1D;Mdm2;TP53;TP53INP1;CDKN1A;MYC;MALAT1;SIRT1;DFNA5;E2F1;AKT1;RB1;CDC25A;BBC3;BCL2;BAX;CASP3;CASP9",46,"Indirect only: perturbed node not measured","HCC; malignant cell annotated observational concordance; not causal perturbation validation"
"GSE125449","GSE125449_Set1","S10_P05_LCP23","tumour-cell-intrinsic observational concordance","GSDME KO",0.589318246542791,0.577138485650593,-0.0527754292578234,19,0.95,TRUE,"DFNA5","DFNA5","","PRKAA1;PPM1D;Mdm2;TP53;TP53INP1;CDKN1A;MYC;MALAT1;SIRT1;DFNA5;E2F1;AKT1;RB1;CDC25A;BBC3;BCL2;BAX;CASP3;CASP9",46,"Limited observational concordance","HCC; malignant cell annotated observational concordance; not causal perturbation validation"
"GSE125449","GSE125449_Set1","S10_P05_LCP23","tumour-cell-intrinsic observational concordance","CASP3 KO",0.584384036016476,0.575482155368304,-0.10589913002981,19,0.95,TRUE,"CASP3","CASP3","DFNA5;CDKN1A;CASP9","PRKAA1;PPM1D;Mdm2;TP53;TP53INP1;CDKN1A;MYC;MALAT1;SIRT1;DFNA5;E2F1;AKT1;RB1;CDC25A;BBC3;BCL2;BAX;CASP3;CASP9",46,"Limited observational concordance","HCC; malignant cell annotated observational concordance; not causal perturbation validation"
"GSE125449","GSE125449_Set1","S10_P05_LCP23","tumour-cell-intrinsic observational concordance","miR-204-5p OE",0.584306968501959,0.582073296061489,-0.370795882646403,19,0.95,FALSE,"MIR204","","SIRT1;BCL2;MYC;E2F1;CDC25A;AKT1","PRKAA1;PPM1D;Mdm2;TP53;TP53INP1;CDKN1A;MYC;MALAT1;SIRT1;DFNA5;E2F1;AKT1;RB1;CDC25A;BBC3;BCL2;BAX;CASP3;CASP9",46,"Indirect only: perturbed node not measured","HCC; malignant cell annotated observational concordance; not causal perturbation validation"
"GSE125449","GSE125449_Set1","S10_P05_LCP23","tumour-cell-intrinsic observational concordance","miR-204-5p KO",0.527147193911212,0.502631867372521,0.0707686410942324,19,0.95,FALSE,"MIR204","","SIRT1;BCL2;MYC;E2F1;CDC25A;AKT1","PRKAA1;PPM1D;Mdm2;TP53;TP53INP1;CDKN1A;MYC;MALAT1;SIRT1;DFNA5;E2F1;AKT1;RB1;CDC25A;BBC3;BCL2;BAX;CASP3;CASP9",46,"Indirect only: perturbed node not measured","HCC; malignant cell annotated observational concordance; not causal perturbation validation"
"GSE125449","GSE125449_Set1","S10_P05_LCP23","tumour-cell-intrinsic observational concordance","MALAT1 OE",0.527147193911212,0.569415769603357,0.0707686410942324,19,0.95,TRUE,"MALAT1","MALAT1","","PRKAA1;PPM1D;Mdm2;TP53;TP53INP1;CDKN1A;MYC;MALAT1;SIRT1;DFNA5;E2F1;AKT1;RB1;CDC25A;BBC3;BCL2;BAX;CASP3;CASP9",46,"Limited observational concordance","HCC; malignant cell annotated observational concordance; not causal perturbation validation"
"GSE125449","GSE125449_Set1","S10_P05_LCP23","tumour-cell-intrinsic observational concordance","MALAT1 KO",0.574555957175745,0.518418769971742,-0.346753257729706,19,0.95,TRUE,"MALAT1","MALAT1","","PRKAA1;PPM1D;Mdm2;TP53;TP53INP1;CDKN1A;MYC;MALAT1;SIRT1;DFNA5;E2F1;AKT1;RB1;CDC25A;BBC3;BCL2;BAX;CASP3;CASP9",46,"Limited observational concordance","HCC; malignant cell annotated observational concordance; not causal perturbation validation"
"GSE125449","GSE125449_Set1","S10_P05_LCP23","tumour-cell-intrinsic observational concordance","SIRT1 OE",0.527147193911212,0.522425942796219,0.0707686410942324,19,0.95,TRUE,"SIRT1","SIRT1","TP53","PRKAA1;PPM1D;Mdm2;TP53;TP53INP1;CDKN1A;MYC;MALAT1;SIRT1;DFNA5;E2F1;AKT1;RB1;CDC25A;BBC3;BCL2;BAX;CASP3;CASP9",46,"Limited observational concordance","HCC; malignant cell annotated observational concordance; not causal perturbation validation"
"GSE125449","GSE125449_Set1","S10_P05_LCP23","tumour-cell-intrinsic observational concordance","SIRT1 KO",0.468781410596123,0.47421073049245,-0.313750362239264,19,0.95,TRUE,"SIRT1","SIRT1","TP53","PRKAA1;PPM1D;Mdm2;TP53;TP53INP1;CDKN1A;MYC;MALAT1;SIRT1;DFNA5;E2F1;AKT1;RB1;CDC25A;BBC3;BCL2;BAX;CASP3;CASP9",46,"Limited observational concordance","HCC; malignant cell annotated observational concordance; not causal perturbation validation"
"GSE125449","GSE125449_Set1","S10_P05_LCP23","tumour-cell-intrinsic observational concordance","BCL2 KO",0.595652559446993,0.598935400086783,-0.0853209908609371,19,0.95,TRUE,"BCL2","BCL2","BAX;CASP3","PRKAA1;PPM1D;Mdm2;TP53;TP53INP1;CDKN1A;MYC;MALAT1;SIRT1;DFNA5;E2F1;AKT1;RB1;CDC25A;BBC3;BCL2;BAX;CASP3;CASP9",46,"Limited observational concordance","HCC; malignant cell annotated observational concordance; not causal perturbation validation"
"GSE125449","GSE125449_Set1","S10_P05_LCP23","tumour-cell-intrinsic observational concordance","GSDME OE",0.601573612078572,0.587722664976949,0.0208707047335249,19,0.95,TRUE,"DFNA5","DFNA5","","PRKAA1;PPM1D;Mdm2;TP53;TP53INP1;CDKN1A;MYC;MALAT1;SIRT1;DFNA5;E2F1;AKT1;RB1;CDC25A;BBC3;BCL2;BAX;CASP3;CASP9",46,"Limited observational concordance","HCC; malignant cell annotated observational concordance; not causal perturbation validation"
"GSE125449","GSE125449_Set1","S10_P05_LCP23","tumour-cell-intrinsic observational concordance","CASP3 OE",0.571226141279633,0.565982155368304,0.0834828189340997,19,0.95,TRUE,"CASP3","CASP3","DFNA5;CDKN1A;CASP9","PRKAA1;PPM1D;Mdm2;TP53;TP53INP1;CDKN1A;MYC;MALAT1;SIRT1;DFNA5;E2F1;AKT1;RB1;CDC25A;BBC3;BCL2;BAX;CASP3;CASP9",46,"Limited observational concordance","HCC; malignant cell annotated observational concordance; not causal perturbation validation"
"GSE125449","GSE125449_Set1","S10_P05_LCP23","tumour-cell-intrinsic observational concordance","miR-204-5p OE + GSDME KO",0.557662231659854,0.555199371483472,-0.39379223820981,19,0.95,TRUE,"MIR204;DFNA5","DFNA5","SIRT1;BCL2;MYC;E2F1;CDC25A;AKT1","PRKAA1;PPM1D;Mdm2;TP53;TP53INP1;CDKN1A;MYC;MALAT1;SIRT1;DFNA5;E2F1;AKT1;RB1;CDC25A;BBC3;BCL2;BAX;CASP3;CASP9",46,"Limited observational concordance","HCC; malignant cell annotated observational concordance; not causal perturbation validation"
"GSE125449","GSE125449_Set1","S10_P05_LCP23","tumour-cell-intrinsic observational concordance","CASP3 OE + GSDME KO",0.57023929917437,0.560168662378059,0.0176000668803812,19,0.95,TRUE,"CASP3;DFNA5","CASP3;DFNA5","DFNA5;CDKN1A;CASP9","PRKAA1;PPM1D;Mdm2;TP53;TP53INP1;CDKN1A;MYC;MALAT1;SIRT1;DFNA5;E2F1;AKT1;RB1;CDC25A;BBC3;BCL2;BAX;CASP3;CASP9",46,"Limited observational concordance","HCC; malignant cell annotated observational concordance; not causal perturbation validation"
"GSE125449","GSE125449_Set1","S10_P05_LCP23","tumour-cell-intrinsic observational concordance","SIRT1 KO + GSDME KO",0.479636673754018,0.485119107743321,-0.351973593444166,19,0.95,TRUE,"SIRT1;DFNA5","SIRT1;DFNA5","TP53","PRKAA1;PPM1D;Mdm2;TP53;TP53INP1;CDKN1A;MYC;MALAT1;SIRT1;DFNA5;E2F1;AKT1;RB1;CDC25A;BBC3;BCL2;BAX;CASP3;CASP9",46,"Limited observational concordance","HCC; malignant cell annotated observational concordance; not causal perturbation validation"
"GSE125449","GSE125449_Set1","S10_P05_LCP23","tumour-cell-intrinsic observational concordance","MALAT1 KO + GSDME KO",0.581281410596123,0.521319862174621,-0.31008062621641,19,0.95,TRUE,"MALAT1;DFNA5","MALAT1;DFNA5","","PRKAA1;PPM1D;Mdm2;TP53;TP53INP1;CDKN1A;MYC;MALAT1;SIRT1;DFNA5;E2F1;AKT1;RB1;CDC25A;BBC3;BCL2;BAX;CASP3;CASP9",46,"Limited observational concordance","HCC; malignant cell annotated observational concordance; not causal perturbation validation"
"GSE125449","GSE125449_Set1","S10_P05_LCP23","tumour-cell-intrinsic observational concordance","miR-204-5p OE + CASP3 KO",0.50338591587038,0.527599200052989,-0.443863875351163,19,0.95,TRUE,"MIR204;CASP3","CASP3","SIRT1;BCL2;MYC;E2F1;CDC25A;AKT1;DFNA5;CDKN1A;CASP9","PRKAA1;PPM1D;Mdm2;TP53;TP53INP1;CDKN1A;MYC;MALAT1;SIRT1;DFNA5;E2F1;AKT1;RB1;CDC25A;BBC3;BCL2;BAX;CASP3;CASP9",46,"Limited observational concordance","HCC; malignant cell annotated observational concordance; not causal perturbation validation"
"GSE125449","GSE125449_Set1","S10_P05_LCP23","tumour-cell-intrinsic observational concordance","GSDME E1 + CASP3 E1",0.598942033131204,0.581061327014349,0.0834828189340997,19,0.95,TRUE,"DFNA5;CASP3","DFNA5;CASP3","DFNA5;CDKN1A;CASP9","PRKAA1;PPM1D;Mdm2;TP53;TP53INP1;CDKN1A;MYC;MALAT1;SIRT1;DFNA5;E2F1;AKT1;RB1;CDC25A;BBC3;BCL2;BAX;CASP3;CASP9",46,"Limited observational concordance","HCC; malignant cell annotated observational concordance; not causal perturbation validation"
"GSE125449","GSE125449_Set1","S10_P05_LCP23","tumour-cell-intrinsic observational concordance","p53 E1 + miR-204-5p E1 + CASP3 KO + p21 E1",0.472464863238801,0.478055697347394,-0.470152163025777,19,0.95,TRUE,"TP53;MIR204;CASP3;CDKN1A","TP53;CASP3;CDKN1A","Mdm2;SIRT1;BCL2;MYC;E2F1;CDC25A;AKT1;CASP3;DFNA5;CDKN1A;CASP9","PRKAA1;PPM1D;Mdm2;TP53;TP53INP1;CDKN1A;MYC;MALAT1;SIRT1;DFNA5;E2F1;AKT1;RB1;CDC25A;BBC3;BCL2;BAX;CASP3;CASP9",46,"Limited observational concordance","HCC; malignant cell annotated observational concordance; not causal perturbation validation"
"GSE125449","GSE125449_Set1","S10_P05_LCP23","tumour-cell-intrinsic observational concordance","MALAT1 E1 + miR-204-5p KO + SIRT1 E1",0.527147193911212,0.534746675202383,0.0707686410942324,19,0.95,TRUE,"MALAT1;MIR204;SIRT1","MALAT1;SIRT1","SIRT1;BCL2;MYC;E2F1;CDC25A;AKT1;TP53","PRKAA1;PPM1D;Mdm2;TP53;TP53INP1;CDKN1A;MYC;MALAT1;SIRT1;DFNA5;E2F1;AKT1;RB1;CDC25A;BBC3;BCL2;BAX;CASP3;CASP9",46,"Limited observational concordance","HCC; malignant cell annotated observational concordance; not causal perturbation validation"
"GSE125449","GSE125449_Set1","S10_P05_LCP23","tumour-cell-intrinsic observational concordance","SIRT1 KO + GSDME KO + CASP3 E1",0.46483404217507,0.488406580684545,-0.251845635711251,19,0.95,TRUE,"SIRT1;DFNA5;CASP3","SIRT1;DFNA5;CASP3","DFNA5;CDKN1A;CASP9;TP53","PRKAA1;PPM1D;Mdm2;TP53;TP53INP1;CDKN1A;MYC;MALAT1;SIRT1;DFNA5;E2F1;AKT1;RB1;CDC25A;BBC3;BCL2;BAX;CASP3;CASP9",46,"Limited observational concordance","HCC; malignant cell annotated observational concordance; not causal perturbation validation"
"GSE125449","GSE125449_Set1","S10_P05_LCP23","tumour-cell-intrinsic observational concordance","BAX E1",0.545323612078572,0.483197893359245,-0.263987912165665,19,0.95,TRUE,"BAX","BAX","CASP3","PRKAA1;PPM1D;Mdm2;TP53;TP53INP1;CDKN1A;MYC;MALAT1;SIRT1;DFNA5;E2F1;AKT1;RB1;CDC25A;BBC3;BCL2;BAX;CASP3;CASP9",46,"Limited observational concordance","HCC; malignant cell annotated observational concordance; not causal perturbation validation"
"GSE125449","GSE125449_Set1","S10_P05_LCP23","tumour-cell-intrinsic observational concordance","BAX E1 + GSDME KO",0.546968348920678,0.486819290279332,-0.279323309552882,19,0.95,TRUE,"BAX;DFNA5","BAX;DFNA5","CASP3","PRKAA1;PPM1D;Mdm2;TP53;TP53INP1;CDKN1A;MYC;MALAT1;SIRT1;DFNA5;E2F1;AKT1;RB1;CDC25A;BBC3;BCL2;BAX;CASP3;CASP9",46,"Limited observational concordance","HCC; malignant cell annotated observational concordance; not causal perturbation validation"
"GSE125449","GSE125449_Set1","S10_P05_LCP23","tumour-cell-intrinsic observational concordance","p53 E1",0.702991936911913,0.667688991362015,0.00110207575281935,19,0.95,TRUE,"TP53","TP53","Mdm2","PRKAA1;PPM1D;Mdm2;TP53;TP53INP1;CDKN1A;MYC;MALAT1;SIRT1;DFNA5;E2F1;AKT1;RB1;CDC25A;BBC3;BCL2;BAX;CASP3;CASP9",46,"Limited observational concordance","HCC; malignant cell annotated observational concordance; not causal perturbation validation"
"GSE125449","GSE125449_Set1","S10_P05_LCP23","tumour-cell-intrinsic observational concordance","p53 KO",0.527147193911212,0.522425942796219,0.0707686410942324,19,0.95,TRUE,"TP53","TP53","Mdm2","PRKAA1;PPM1D;Mdm2;TP53;TP53INP1;CDKN1A;MYC;MALAT1;SIRT1;DFNA5;E2F1;AKT1;RB1;CDC25A;BBC3;BCL2;BAX;CASP3;CASP9",46,"Limited observational concordance","HCC; malignant cell annotated observational concordance; not causal perturbation validation"
"GSE125449","GSE125449_Set1","S10_P05_LCP23","tumour-cell-intrinsic observational concordance","p21 E1",0.543659593922312,0.50421785586262,-0.238905293134802,19,0.95,TRUE,"CDKN1A","CDKN1A","CASP3","PRKAA1;PPM1D;Mdm2;TP53;TP53INP1;CDKN1A;MYC;MALAT1;SIRT1;DFNA5;E2F1;AKT1;RB1;CDC25A;BBC3;BCL2;BAX;CASP3;CASP9",46,"Limited observational concordance","HCC; malignant cell annotated observational concordance; not causal perturbation validation"
"GSE125449","GSE125449_Set1","S12_P07_LCP30","tumour-cell-intrinsic observational concordance","Reference: DDR ON, GSDME endogenous",0.539936447144209,0.539936447144209,-0.0816305793979787,19,0.95,FALSE,"","","","PRKAA1;PPM1D;Mdm2;TP53;TP53INP1;CDKN1A;MYC;MALAT1;SIRT1;DFNA5;E2F1;AKT1;RB1;CDC25A;BBC3;BCL2;BAX;CASP3;CASP9",25,"Indirect only: perturbed node not measured","HCC; malignant cell annotated observational concordance; not causal perturbation validation"
"GSE125449","GSE125449_Set1","S12_P07_LCP30","tumour-cell-intrinsic observational concordance","GSDME KO",0.557041710302104,0.549263295260908,-0.0461785006005954,19,0.95,TRUE,"DFNA5","DFNA5","","PRKAA1;PPM1D;Mdm2;TP53;TP53INP1;CDKN1A;MYC;MALAT1;SIRT1;DFNA5;E2F1;AKT1;RB1;CDC25A;BBC3;BCL2;BAX;CASP3;CASP9",25,"Limited observational concordance","HCC; malignant cell annotated observational concordance; not causal perturbation validation"
"GSE125449","GSE125449_Set1","S12_P07_LCP30","tumour-cell-intrinsic observational concordance","CASP3 KO",0.552107499775788,0.550917918924814,-0.0948679706517049,19,0.95,TRUE,"CASP3","CASP3","DFNA5;CDKN1A;CASP9","PRKAA1;PPM1D;Mdm2;TP53;TP53INP1;CDKN1A;MYC;MALAT1;SIRT1;DFNA5;E2F1;AKT1;RB1;CDC25A;BBC3;BCL2;BAX;CASP3;CASP9",25,"Limited observational concordance","HCC; malignant cell annotated observational concordance; not causal perturbation validation"
"GSE125449","GSE125449_Set1","S12_P07_LCP30","tumour-cell-intrinsic observational concordance","miR-204-5p OE",0.626351457234315,0.614027107498079,-0.127781965711991,19,0.95,FALSE,"MIR204","","SIRT1;BCL2;MYC;E2F1;CDC25A;AKT1","PRKAA1;PPM1D;Mdm2;TP53;TP53INP1;CDKN1A;MYC;MALAT1;SIRT1;DFNA5;E2F1;AKT1;RB1;CDC25A;BBC3;BCL2;BAX;CASP3;CASP9",25,"Indirect only: perturbed node not measured","HCC; malignant cell annotated observational concordance; not causal perturbation validation"
"GSE125449","GSE125449_Set1","S12_P07_LCP30","tumour-cell-intrinsic observational concordance","miR-204-5p KO",0.494870657670525,0.478101699829599,-0.0707686410942324,19,0.95,FALSE,"MIR204","","SIRT1;BCL2;MYC;E2F1;CDC25A;AKT1","PRKAA1;PPM1D;Mdm2;TP53;TP53INP1;CDKN1A;MYC;MALAT1;SIRT1;DFNA5;E2F1;AKT1;RB1;CDC25A;BBC3;BCL2;BAX;CASP3;CASP9",25,"Indirect only: perturbed node not measured","HCC; malignant cell annotated observational concordance; not causal perturbation validation"
"GSE125449","GSE125449_Set1","S12_P07_LCP30","tumour-cell-intrinsic observational concordance","MALAT1 OE",0.494870657670525,0.52396886008695,-0.0707686410942324,19,0.95,TRUE,"MALAT1","MALAT1","","PRKAA1;PPM1D;Mdm2;TP53;TP53INP1;CDKN1A;MYC;MALAT1;SIRT1;DFNA5;E2F1;AKT1;RB1;CDC25A;BBC3;BCL2;BAX;CASP3;CASP9",25,"Limited observational concordance","HCC; malignant cell annotated observational concordance; not causal perturbation validation"
"GSE125449","GSE125449_Set1","S12_P07_LCP30","tumour-cell-intrinsic observational concordance","MALAT1 KO",0.555843554997791,0.519829778126595,-0.336908528014982,19,0.95,TRUE,"MALAT1","MALAT1","","PRKAA1;PPM1D;Mdm2;TP53;TP53INP1;CDKN1A;MYC;MALAT1;SIRT1;DFNA5;E2F1;AKT1;RB1;CDC25A;BBC3;BCL2;BAX;CASP3;CASP9",25,"Limited observational concordance","HCC; malignant cell annotated observational concordance; not causal perturbation validation"
"GSE125449","GSE125449_Set1","S12_P07_LCP30","tumour-cell-intrinsic observational concordance","SIRT1 OE",0.494870657670525,0.495762717206086,-0.0707686410942324,19,0.95,TRUE,"SIRT1","SIRT1","TP53","PRKAA1;PPM1D;Mdm2;TP53;TP53INP1;CDKN1A;MYC;MALAT1;SIRT1;DFNA5;E2F1;AKT1;RB1;CDC25A;BBC3;BCL2;BAX;CASP3;CASP9",25,"Limited observational concordance","HCC; malignant cell annotated observational concordance; not causal perturbation validation"
"GSE125449","GSE125449_Set1","S12_P07_LCP30","tumour-cell-intrinsic observational concordance","SIRT1 KO",0.510736244326988,0.508869071400555,-0.0661728036722811,19,0.95,TRUE,"SIRT1","SIRT1","TP53","PRKAA1;PPM1D;Mdm2;TP53;TP53INP1;CDKN1A;MYC;MALAT1;SIRT1;DFNA5;E2F1;AKT1;RB1;CDC25A;BBC3;BCL2;BAX;CASP3;CASP9",25,"Limited observational concordance","HCC; malignant cell annotated observational concordance; not causal perturbation validation"
"GSE125449","GSE125449_Set1","S12_P07_LCP30","tumour-cell-intrinsic observational concordance","BCL2 KO",0.563949605038946,0.567868933732244,-0.0415666365732771,19,0.95,TRUE,"BCL2","BCL2","BAX;CASP3","PRKAA1;PPM1D;Mdm2;TP53;TP53INP1;CDKN1A;MYC;MALAT1;SIRT1;DFNA5;E2F1;AKT1;RB1;CDC25A;BBC3;BCL2;BAX;CASP3;CASP9",25,"Limited observational concordance","HCC; malignant cell annotated observational concordance; not causal perturbation validation"
"GSE125449","GSE125449_Set1","S12_P07_LCP30","tumour-cell-intrinsic observational concordance","GSDME OE",0.569870657670525,0.560342840715453,-0.0142799558703065,19,0.95,TRUE,"DFNA5","DFNA5","","PRKAA1;PPM1D;Mdm2;TP53;TP53INP1;CDKN1A;MYC;MALAT1;SIRT1;DFNA5;E2F1;AKT1;RB1;CDC25A;BBC3;BCL2;BAX;CASP3;CASP9",25,"Limited observational concordance","HCC; malignant cell annotated observational concordance; not causal perturbation validation"
"GSE125449","GSE125449_Set1","S12_P07_LCP30","tumour-cell-intrinsic observational concordance","CASP3 OE",0.538949605038946,0.541417918924814,0.00878766515095786,19,0.95,TRUE,"CASP3","CASP3","DFNA5;CDKN1A;CASP9","PRKAA1;PPM1D;Mdm2;TP53;TP53INP1;CDKN1A;MYC;MALAT1;SIRT1;DFNA5;E2F1;AKT1;RB1;CDC25A;BBC3;BCL2;BAX;CASP3;CASP9",25,"Limited observational concordance","HCC; malignant cell annotated observational concordance; not causal perturbation validation"
"GSE125449","GSE125449_Set1","S12_P07_LCP30","tumour-cell-intrinsic observational concordance","miR-204-5p OE + GSDME KO",0.59970672039221,0.583729560266142,-0.141718740594681,19,0.95,TRUE,"MIR204;DFNA5","DFNA5","SIRT1;BCL2;MYC;E2F1;CDC25A;AKT1","PRKAA1;PPM1D;Mdm2;TP53;TP53INP1;CDKN1A;MYC;MALAT1;SIRT1;DFNA5;E2F1;AKT1;RB1;CDC25A;BBC3;BCL2;BAX;CASP3;CASP9",25,"Limited observational concordance","HCC; malignant cell annotated observational concordance; not causal perturbation validation"
"GSE125449","GSE125449_Set1","S12_P07_LCP30","tumour-cell-intrinsic observational concordance","CASP3 OE + GSDME KO",0.537962762933683,0.537423999004458,-0.0154000585203336,19,0.95,TRUE,"CASP3;DFNA5","CASP3;DFNA5","DFNA5;CDKN1A;CASP9","PRKAA1;PPM1D;Mdm2;TP53;TP53INP1;CDKN1A;MYC;MALAT1;SIRT1;DFNA5;E2F1;AKT1;RB1;CDC25A;BBC3;BCL2;BAX;CASP3;CASP9",25,"Limited observational concordance","HCC; malignant cell annotated observational concordance; not causal perturbation validation"
"GSE125449","GSE125449_Set1","S12_P07_LCP30","tumour-cell-intrinsic observational concordance","SIRT1 KO + GSDME KO",0.521591507484882,0.515778409315876,-0.0952535797439658,19,0.95,TRUE,"SIRT1;DFNA5","SIRT1;DFNA5","TP53","PRKAA1;PPM1D;Mdm2;TP53;TP53INP1;CDKN1A;MYC;MALAT1;SIRT1;DFNA5;E2F1;AKT1;RB1;CDC25A;BBC3;BCL2;BAX;CASP3;CASP9",25,"Limited observational concordance","HCC; malignant cell annotated observational concordance; not causal perturbation validation"
"GSE125449","GSE125449_Set1","S12_P07_LCP30","tumour-cell-intrinsic observational concordance","MALAT1 KO + GSDME KO",0.567685660260949,0.526450204751404,-0.292611295161965,19,0.95,TRUE,"MALAT1;DFNA5","MALAT1;DFNA5","","PRKAA1;PPM1D;Mdm2;TP53;TP53INP1;CDKN1A;MYC;MALAT1;SIRT1;DFNA5;E2F1;AKT1;RB1;CDC25A;BBC3;BCL2;BAX;CASP3;CASP9",25,"Limited observational concordance","HCC; malignant cell annotated observational concordance; not causal perturbation validation"
"GSE125449","GSE125449_Set1","S12_P07_LCP30","tumour-cell-intrinsic observational concordance","miR-204-5p OE + CASP3 KO",0.545430404602736,0.553395877744245,-0.160730651241368,19,0.95,TRUE,"MIR204;CASP3","CASP3","SIRT1;BCL2;MYC;E2F1;CDC25A;AKT1;DFNA5;CDKN1A;CASP9","PRKAA1;PPM1D;Mdm2;TP53;TP53INP1;CDKN1A;MYC;MALAT1;SIRT1;DFNA5;E2F1;AKT1;RB1;CDC25A;BBC3;BCL2;BAX;CASP3;CASP9",25,"Limited observational concordance","HCC; malignant cell annotated observational concordance; not causal perturbation validation"
"GSE125449","GSE125449_Set1","S12_P07_LCP30","tumour-cell-intrinsic observational concordance","GSDME E1 + CASP3 E1",0.567239078723156,0.558720295300754,0.00878766515095786,19,0.95,TRUE,"DFNA5;CASP3","DFNA5;CASP3","DFNA5;CDKN1A;CASP9","PRKAA1;PPM1D;Mdm2;TP53;TP53INP1;CDKN1A;MYC;MALAT1;SIRT1;DFNA5;E2F1;AKT1;RB1;CDC25A;BBC3;BCL2;BAX;CASP3;CASP9",25,"Limited observational concordance","HCC; malignant cell annotated observational concordance; not causal perturbation validation"
"GSE125449","GSE125449_Set1","S12_P07_LCP30","tumour-cell-intrinsic observational concordance","p53 E1 + miR-204-5p E1 + CASP3 KO + p21 E1",0.514509351971157,0.499715169062455,-0.208956516900345,19,0.95,TRUE,"TP53;MIR204;CASP3;CDKN1A","TP53;CASP3;CDKN1A","Mdm2;SIRT1;BCL2;MYC;E2F1;CDC25A;AKT1;CASP3;DFNA5;CDKN1A;CASP9","PRKAA1;PPM1D;Mdm2;TP53;TP53INP1;CDKN1A;MYC;MALAT1;SIRT1;DFNA5;E2F1;AKT1;RB1;CDC25A;BBC3;BCL2;BAX;CASP3;CASP9",25,"Limited observational concordance","HCC; malignant cell annotated observational concordance; not causal perturbation validation"
"GSE125449","GSE125449_Set1","S12_P07_LCP30","tumour-cell-intrinsic observational concordance","MALAT1 E1 + miR-204-5p KO + SIRT1 E1",0.494870657670525,0.502494029739125,-0.0707686410942324,19,0.95,TRUE,"MALAT1;MIR204;SIRT1","MALAT1;SIRT1","SIRT1;BCL2;MYC;E2F1;CDC25A;AKT1;TP53","PRKAA1;PPM1D;Mdm2;TP53;TP53INP1;CDKN1A;MYC;MALAT1;SIRT1;DFNA5;E2F1;AKT1;RB1;CDC25A;BBC3;BCL2;BAX;CASP3;CASP9",25,"Limited observational concordance","HCC; malignant cell annotated observational concordance; not causal perturbation validation"
"GSE125449","GSE125449_Set1","S12_P07_LCP30","tumour-cell-intrinsic observational concordance","SIRT1 KO + GSDME KO + CASP3 E1",0.506788875905935,0.514093358696553,-0.00479705972783335,19,0.95,TRUE,"SIRT1;DFNA5;CASP3","SIRT1;DFNA5;CASP3","DFNA5;CDKN1A;CASP9;TP53","PRKAA1;PPM1D;Mdm2;TP53;TP53INP1;CDKN1A;MYC;MALAT1;SIRT1;DFNA5;E2F1;AKT1;RB1;CDC25A;BBC3;BCL2;BAX;CASP3;CASP9",25,"Limited observational concordance","HCC; malignant cell annotated observational concordance; not causal perturbation validation"
"GSE125449","GSE125449_Set1","S12_P07_LCP30","tumour-cell-intrinsic observational concordance","BAX E1",0.529272035161695,0.49004273593785,-0.242080201612497,19,0.95,TRUE,"BAX","BAX","CASP3","PRKAA1;PPM1D;Mdm2;TP53;TP53INP1;CDKN1A;MYC;MALAT1;SIRT1;DFNA5;E2F1;AKT1;RB1;CDC25A;BBC3;BCL2;BAX;CASP3;CASP9",25,"Limited observational concordance","HCC; malignant cell annotated observational concordance; not causal perturbation validation"
"GSE125449","GSE125449_Set1","S12_P07_LCP30","tumour-cell-intrinsic observational concordance","BAX E1 + GSDME KO",0.5309167720038,0.492874343329636,-0.257415598999715,19,0.95,TRUE,"BAX;DFNA5","BAX;DFNA5","CASP3","PRKAA1;PPM1D;Mdm2;TP53;TP53INP1;CDKN1A;MYC;MALAT1;SIRT1;DFNA5;E2F1;AKT1;RB1;CDC25A;BBC3;BCL2;BAX;CASP3;CASP9",25,"Limited observational concordance","HCC; malignant cell annotated observational concordance; not causal perturbation validation"
"GSE125449","GSE125449_Set1","S12_P07_LCP30","tumour-cell-intrinsic observational concordance","p53 E1",0.722948818155685,0.684175110650349,-0.0154290605394709,19,0.95,TRUE,"TP53","TP53","Mdm2","PRKAA1;PPM1D;Mdm2;TP53;TP53INP1;CDKN1A;MYC;MALAT1;SIRT1;DFNA5;E2F1;AKT1;RB1;CDC25A;BBC3;BCL2;BAX;CASP3;CASP9",25,"Limited observational concordance","HCC; malignant cell annotated observational concordance; not causal perturbation validation"
"GSE125449","GSE125449_Set1","S12_P07_LCP30","tumour-cell-intrinsic observational concordance","p53 KO",0.494870657670525,0.495762717206086,-0.0707686410942324,19,0.95,TRUE,"TP53","TP53","Mdm2","PRKAA1;PPM1D;Mdm2;TP53;TP53INP1;CDKN1A;MYC;MALAT1;SIRT1;DFNA5;E2F1;AKT1;RB1;CDC25A;BBC3;BCL2;BAX;CASP3;CASP9",25,"Limited observational concordance","HCC; malignant cell annotated observational concordance; not causal perturbation validation"
"GSE125449","GSE125449_Set1","S12_P07_LCP30","tumour-cell-intrinsic observational concordance","p21 E1",0.511472712683115,0.477739787340783,-0.269590376656703,19,0.95,TRUE,"CDKN1A","CDKN1A","CASP3","PRKAA1;PPM1D;Mdm2;TP53;TP53INP1;CDKN1A;MYC;MALAT1;SIRT1;DFNA5;E2F1;AKT1;RB1;CDC25A;BBC3;BCL2;BAX;CASP3;CASP9",25,"Limited observational concordance","HCC; malignant cell annotated observational concordance; not causal perturbation validation"
"GSE125449","GSE125449_Set1","S15_P09_LCP38","tumour-cell-intrinsic observational concordance","Reference: DDR ON, GSDME endogenous",0.542054366788609,0.542054366788609,-0.134580144412884,19,0.95,FALSE,"","","","PRKAA1;PPM1D;Mdm2;TP53;TP53INP1;CDKN1A;MYC;MALAT1;SIRT1;DFNA5;E2F1;AKT1;RB1;CDC25A;BBC3;BCL2;BAX;CASP3;CASP9",228,"Indirect only: perturbed node not measured","HCC; malignant cell annotated observational concordance; not causal perturbation validation"
"GSE125449","GSE125449_Set1","S15_P09_LCP38","tumour-cell-intrinsic observational concordance","GSDME KO",0.559159629946504,0.551092407681071,-0.218798133798059,19,0.95,TRUE,"DFNA5","DFNA5","","PRKAA1;PPM1D;Mdm2;TP53;TP53INP1;CDKN1A;MYC;MALAT1;SIRT1;DFNA5;E2F1;AKT1;RB1;CDC25A;BBC3;BCL2;BAX;CASP3;CASP9",228,"Limited observational concordance","HCC; malignant cell annotated observational concordance; not causal perturbation validation"
"GSE125449","GSE125449_Set1","S15_P09_LCP38","tumour-cell-intrinsic observational concordance","CASP3 KO",0.554225419420188,0.539591996799018,-0.204076448494947,19,0.95,TRUE,"CASP3","CASP3","DFNA5;CDKN1A;CASP9","PRKAA1;PPM1D;Mdm2;TP53;TP53INP1;CDKN1A;MYC;MALAT1;SIRT1;DFNA5;E2F1;AKT1;RB1;CDC25A;BBC3;BCL2;BAX;CASP3;CASP9",228,"Limited observational concordance","HCC; malignant cell annotated observational concordance; not causal perturbation validation"
"GSE125449","GSE125449_Set1","S15_P09_LCP38","tumour-cell-intrinsic observational concordance","miR-204-5p OE",0.635651733022298,0.621095317096947,-0.220195708771556,19,0.95,FALSE,"MIR204","","SIRT1;BCL2;MYC;E2F1;CDC25A;AKT1","PRKAA1;PPM1D;Mdm2;TP53;TP53INP1;CDKN1A;MYC;MALAT1;SIRT1;DFNA5;E2F1;AKT1;RB1;CDC25A;BBC3;BCL2;BAX;CASP3;CASP9",228,"Indirect only: perturbed node not measured","HCC; malignant cell annotated observational concordance; not causal perturbation validation"
"GSE125449","GSE125449_Set1","S15_P09_LCP38","tumour-cell-intrinsic observational concordance","miR-204-5p KO",0.496988577314925,0.479711318759343,-0.0471790940628216,19,0.95,FALSE,"MIR204","","SIRT1;BCL2;MYC;E2F1;CDC25A;AKT1","PRKAA1;PPM1D;Mdm2;TP53;TP53INP1;CDKN1A;MYC;MALAT1;SIRT1;DFNA5;E2F1;AKT1;RB1;CDC25A;BBC3;BCL2;BAX;CASP3;CASP9",228,"Indirect only: perturbed node not measured","HCC; malignant cell annotated observational concordance; not causal perturbation validation"
"GSE125449","GSE125449_Set1","S15_P09_LCP38","tumour-cell-intrinsic observational concordance","MALAT1 OE",0.496988577314925,0.551559357512348,-0.0471790940628216,19,0.95,TRUE,"MALAT1","MALAT1","","PRKAA1;PPM1D;Mdm2;TP53;TP53INP1;CDKN1A;MYC;MALAT1;SIRT1;DFNA5;E2F1;AKT1;RB1;CDC25A;BBC3;BCL2;BAX;CASP3;CASP9",228,"Limited observational concordance","HCC; malignant cell annotated observational concordance; not causal perturbation validation"
"GSE125449","GSE125449_Set1","S15_P09_LCP38","tumour-cell-intrinsic observational concordance","MALAT1 KO",0.538075493234641,0.478723248871368,-0.391601470874558,19,0.95,TRUE,"MALAT1","MALAT1","","PRKAA1;PPM1D;Mdm2;TP53;TP53INP1;CDKN1A;MYC;MALAT1;SIRT1;DFNA5;E2F1;AKT1;RB1;CDC25A;BBC3;BCL2;BAX;CASP3;CASP9",228,"Limited observational concordance","HCC; malignant cell annotated observational concordance; not causal perturbation validation"
"GSE125449","GSE125449_Set1","S15_P09_LCP38","tumour-cell-intrinsic observational concordance","SIRT1 OE",0.496988577314925,0.497512302999286,-0.0471790940628216,19,0.95,TRUE,"SIRT1","SIRT1","TP53","PRKAA1;PPM1D;Mdm2;TP53;TP53INP1;CDKN1A;MYC;MALAT1;SIRT1;DFNA5;E2F1;AKT1;RB1;CDC25A;BBC3;BCL2;BAX;CASP3;CASP9",228,"Limited observational concordance","HCC; malignant cell annotated observational concordance; not causal perturbation validation"
"GSE125449","GSE125449_Set1","S15_P09_LCP38","tumour-cell-intrinsic observational concordance","SIRT1 KO",0.492888575127562,0.494125344670594,-0.316032183055549,19,0.95,TRUE,"SIRT1","SIRT1","TP53","PRKAA1;PPM1D;Mdm2;TP53;TP53INP1;CDKN1A;MYC;MALAT1;SIRT1;DFNA5;E2F1;AKT1;RB1;CDC25A;BBC3;BCL2;BAX;CASP3;CASP9",228,"Limited observational concordance","HCC; malignant cell annotated observational concordance; not causal perturbation validation"
"GSE125449","GSE125449_Set1","S15_P09_LCP38","tumour-cell-intrinsic observational concordance","BCL2 KO",0.565707072182009,0.558570621770518,-0.247212101725279,19,0.95,TRUE,"BCL2","BCL2","BAX;CASP3","PRKAA1;PPM1D;Mdm2;TP53;TP53INP1;CDKN1A;MYC;MALAT1;SIRT1;DFNA5;E2F1;AKT1;RB1;CDC25A;BBC3;BCL2;BAX;CASP3;CASP9",228,"Limited observational concordance","HCC; malignant cell annotated observational concordance; not causal perturbation validation"
"GSE125449","GSE125449_Set1","S15_P09_LCP38","tumour-cell-intrinsic observational concordance","GSDME OE",0.570970230076746,0.561292471429917,-0.185639426313985,19,0.95,TRUE,"DFNA5","DFNA5","","PRKAA1;PPM1D;Mdm2;TP53;TP53INP1;CDKN1A;MYC;MALAT1;SIRT1;DFNA5;E2F1;AKT1;RB1;CDC25A;BBC3;BCL2;BAX;CASP3;CASP9",228,"Limited observational concordance","HCC; malignant cell annotated observational concordance; not causal perturbation validation"
"GSE125449","GSE125449_Set1","S15_P09_LCP38","tumour-cell-intrinsic observational concordance","CASP3 OE",0.541067524683346,0.530091996799018,-0.160374889004981,19,0.95,TRUE,"CASP3","CASP3","DFNA5;CDKN1A;CASP9","PRKAA1;PPM1D;Mdm2;TP53;TP53INP1;CDKN1A;MYC;MALAT1;SIRT1;DFNA5;E2F1;AKT1;RB1;CDC25A;BBC3;BCL2;BAX;CASP3;CASP9",228,"Limited observational concordance","HCC; malignant cell annotated observational concordance; not causal perturbation validation"
"GSE125449","GSE125449_Set1","S15_P09_LCP38","tumour-cell-intrinsic observational concordance","miR-204-5p OE + GSDME KO",0.609664890917035,0.590486890265131,-0.234649062296111,19,0.95,TRUE,"MIR204;DFNA5","DFNA5","SIRT1;BCL2;MYC;E2F1;CDC25A;AKT1","PRKAA1;PPM1D;Mdm2;TP53;TP53INP1;CDKN1A;MYC;MALAT1;SIRT1;DFNA5;E2F1;AKT1;RB1;CDC25A;BBC3;BCL2;BAX;CASP3;CASP9",228,"Limited observational concordance","HCC; malignant cell annotated observational concordance; not causal perturbation validation"
"GSE125449","GSE125449_Set1","S15_P09_LCP38","tumour-cell-intrinsic observational concordance","CASP3 OE + GSDME KO",0.540080682578083,0.526937034073165,-0.20130076494436,19,0.95,TRUE,"CASP3;DFNA5","CASP3;DFNA5","DFNA5;CDKN1A;CASP9","PRKAA1;PPM1D;Mdm2;TP53;TP53INP1;CDKN1A;MYC;MALAT1;SIRT1;DFNA5;E2F1;AKT1;RB1;CDC25A;BBC3;BCL2;BAX;CASP3;CASP9",228,"Limited observational concordance","HCC; malignant cell annotated observational concordance; not causal perturbation validation"
"GSE125449","GSE125449_Set1","S15_P09_LCP38","tumour-cell-intrinsic observational concordance","SIRT1 KO + GSDME KO",0.503743838285456,0.502735881823987,-0.315963093784862,19,0.95,TRUE,"SIRT1;DFNA5","SIRT1;DFNA5","TP53","PRKAA1;PPM1D;Mdm2;TP53;TP53INP1;CDKN1A;MYC;MALAT1;SIRT1;DFNA5;E2F1;AKT1;RB1;CDC25A;BBC3;BCL2;BAX;CASP3;CASP9",228,"Limited observational concordance","HCC; malignant cell annotated observational concordance; not causal perturbation validation"
"GSE125449","GSE125449_Set1","S15_P09_LCP38","tumour-cell-intrinsic observational concordance","MALAT1 KO + GSDME KO",0.549917598497799,0.490276459006804,-0.466212772515518,19,0.95,TRUE,"MALAT1;DFNA5","MALAT1;DFNA5","","PRKAA1;PPM1D;Mdm2;TP53;TP53INP1;CDKN1A;MYC;MALAT1;SIRT1;DFNA5;E2F1;AKT1;RB1;CDC25A;BBC3;BCL2;BAX;CASP3;CASP9",228,"Limited observational concordance","HCC; malignant cell annotated observational concordance; not causal perturbation validation"
"GSE125449","GSE125449_Set1","S15_P09_LCP38","tumour-cell-intrinsic observational concordance","miR-204-5p OE + CASP3 KO",0.544204364601246,0.552399996077921,-0.323934081732604,19,0.95,TRUE,"MIR204;CASP3","CASP3","SIRT1;BCL2;MYC;E2F1;CDC25A;AKT1;DFNA5;CDKN1A;CASP9","PRKAA1;PPM1D;Mdm2;TP53;TP53INP1;CDKN1A;MYC;MALAT1;SIRT1;DFNA5;E2F1;AKT1;RB1;CDC25A;BBC3;BCL2;BAX;CASP3;CASP9",228,"Limited observational concordance","HCC; malignant cell annotated observational concordance; not causal perturbation validation"
"GSE125449","GSE125449_Set1","S15_P09_LCP38","tumour-cell-intrinsic observational concordance","GSDME E1 + CASP3 E1",0.567680756392536,0.547053752683335,-0.160374889004981,19,0.95,TRUE,"DFNA5;CASP3","DFNA5;CASP3","DFNA5;CDKN1A;CASP9","PRKAA1;PPM1D;Mdm2;TP53;TP53INP1;CDKN1A;MYC;MALAT1;SIRT1;DFNA5;E2F1;AKT1;RB1;CDC25A;BBC3;BCL2;BAX;CASP3;CASP9",228,"Limited observational concordance","HCC; malignant cell annotated observational concordance; not causal perturbation validation"
"GSE125449","GSE125449_Set1","S15_P09_LCP38","tumour-cell-intrinsic observational concordance","p53 E1 + miR-204-5p E1 + CASP3 KO + p21 E1",0.530702580286312,0.534251301958495,-0.21766303843786,19,0.95,TRUE,"TP53;MIR204;CASP3;CDKN1A","TP53;CASP3;CDKN1A","Mdm2;SIRT1;BCL2;MYC;E2F1;CDC25A;AKT1;CASP3;DFNA5;CDKN1A;CASP9","PRKAA1;PPM1D;Mdm2;TP53;TP53INP1;CDKN1A;MYC;MALAT1;SIRT1;DFNA5;E2F1;AKT1;RB1;CDC25A;BBC3;BCL2;BAX;CASP3;CASP9",228,"Limited observational concordance","HCC; malignant cell annotated observational concordance; not causal perturbation validation"
"GSE125449","GSE125449_Set1","S15_P09_LCP38","tumour-cell-intrinsic observational concordance","MALAT1 E1 + miR-204-5p KO + SIRT1 E1",0.496988577314925,0.522074382750698,-0.0471790940628216,19,0.95,TRUE,"MALAT1;MIR204;SIRT1","MALAT1;SIRT1","SIRT1;BCL2;MYC;E2F1;CDC25A;AKT1;TP53","PRKAA1;PPM1D;Mdm2;TP53;TP53INP1;CDKN1A;MYC;MALAT1;SIRT1;DFNA5;E2F1;AKT1;RB1;CDC25A;BBC3;BCL2;BAX;CASP3;CASP9",228,"Limited observational concordance","HCC; malignant cell annotated observational concordance; not causal perturbation validation"
"GSE125449","GSE125449_Set1","S15_P09_LCP38","tumour-cell-intrinsic observational concordance","SIRT1 KO + GSDME KO + CASP3 E1",0.488941206706509,0.492722576723082,-0.383764778226668,19,0.95,TRUE,"SIRT1;DFNA5;CASP3","SIRT1;DFNA5;CASP3","DFNA5;CDKN1A;CASP9;TP53","PRKAA1;PPM1D;Mdm2;TP53;TP53INP1;CDKN1A;MYC;MALAT1;SIRT1;DFNA5;E2F1;AKT1;RB1;CDC25A;BBC3;BCL2;BAX;CASP3;CASP9",228,"Limited observational concordance","HCC; malignant cell annotated observational concordance; not causal perturbation validation"
"GSE125449","GSE125449_Set1","S15_P09_LCP38","tumour-cell-intrinsic observational concordance","BAX E1",0.558395361416581,0.547564357122272,-0.384480320208084,19,0.95,TRUE,"BAX","BAX","CASP3","PRKAA1;PPM1D;Mdm2;TP53;TP53INP1;CDKN1A;MYC;MALAT1;SIRT1;DFNA5;E2F1;AKT1;RB1;CDC25A;BBC3;BCL2;BAX;CASP3;CASP9",228,"Limited observational concordance","HCC; malignant cell annotated observational concordance; not causal perturbation validation"
"GSE125449","GSE125449_Set1","S15_P09_LCP38","tumour-cell-intrinsic observational concordance","BAX E1 + GSDME KO",0.560040098258686,0.543758854377394,-0.369144922820867,19,0.95,TRUE,"BAX;DFNA5","BAX;DFNA5","CASP3","PRKAA1;PPM1D;Mdm2;TP53;TP53INP1;CDKN1A;MYC;MALAT1;SIRT1;DFNA5;E2F1;AKT1;RB1;CDC25A;BBC3;BCL2;BAX;CASP3;CASP9",228,"Limited observational concordance","HCC; malignant cell annotated observational concordance; not causal perturbation validation"
"GSE125449","GSE125449_Set1","S15_P09_LCP38","tumour-cell-intrinsic observational concordance","p53 E1",0.698916001552221,0.664321914325748,-0.20388401427158,19,0.95,TRUE,"TP53","TP53","Mdm2","PRKAA1;PPM1D;Mdm2;TP53;TP53INP1;CDKN1A;MYC;MALAT1;SIRT1;DFNA5;E2F1;AKT1;RB1;CDC25A;BBC3;BCL2;BAX;CASP3;CASP9",228,"Limited observational concordance","HCC; malignant cell annotated observational concordance; not causal perturbation validation"
"GSE125449","GSE125449_Set1","S15_P09_LCP38","tumour-cell-intrinsic observational concordance","p53 KO",0.496988577314925,0.497512302999286,-0.0471790940628216,19,0.95,TRUE,"TP53","TP53","Mdm2","PRKAA1;PPM1D;Mdm2;TP53;TP53INP1;CDKN1A;MYC;MALAT1;SIRT1;DFNA5;E2F1;AKT1;RB1;CDC25A;BBC3;BCL2;BAX;CASP3;CASP9",228,"Limited observational concordance","HCC; malignant cell annotated observational concordance; not causal perturbation validation"
"GSE125449","GSE125449_Set1","S15_P09_LCP38","tumour-cell-intrinsic observational concordance","p21 E1",0.547631529842096,0.549791226696705,0.0372604585623086,19,0.95,TRUE,"CDKN1A","CDKN1A","CASP3","PRKAA1;PPM1D;Mdm2;TP53;TP53INP1;CDKN1A;MYC;MALAT1;SIRT1;DFNA5;E2F1;AKT1;RB1;CDC25A;BBC3;BCL2;BAX;CASP3;CASP9",228,"Limited observational concordance","HCC; malignant cell annotated observational concordance; not causal perturbation validation"
"GSE125449","GSE125449_Set1","S21_P13_LCP37","tumour-cell-intrinsic observational concordance","Reference: DDR ON, GSDME endogenous",0.476291255549947,0.476291255549947,-0.480958548885388,19,0.95,FALSE,"","","","PRKAA1;PPM1D;Mdm2;TP53;TP53INP1;CDKN1A;MYC;MALAT1;SIRT1;DFNA5;E2F1;AKT1;RB1;CDC25A;BBC3;BCL2;BAX;CASP3;CASP9",60,"Indirect only: perturbed node not measured","HCC; malignant cell annotated observational concordance; not causal perturbation validation"
"GSE125449","GSE125449_Set1","S21_P13_LCP37","tumour-cell-intrinsic observational concordance","GSDME KO",0.493396518707842,0.4942969934295,-0.526654804468696,19,0.95,TRUE,"DFNA5","DFNA5","","PRKAA1;PPM1D;Mdm2;TP53;TP53INP1;CDKN1A;MYC;MALAT1;SIRT1;DFNA5;E2F1;AKT1;RB1;CDC25A;BBC3;BCL2;BAX;CASP3;CASP9",60,"Limited observational concordance","HCC; malignant cell annotated observational concordance; not causal perturbation validation"
"GSE125449","GSE125449_Set1","S21_P13_LCP37","tumour-cell-intrinsic observational concordance","CASP3 KO",0.488462308181526,0.47930122682656,-0.477649201071956,19,0.95,TRUE,"CASP3","CASP3","DFNA5;CDKN1A;CASP9","PRKAA1;PPM1D;Mdm2;TP53;TP53INP1;CDKN1A;MYC;MALAT1;SIRT1;DFNA5;E2F1;AKT1;RB1;CDC25A;BBC3;BCL2;BAX;CASP3;CASP9",60,"Limited observational concordance","HCC; malignant cell annotated observational concordance; not causal perturbation validation"
"GSE125449","GSE125449_Set1","S21_P13_LCP37","tumour-cell-intrinsic observational concordance","miR-204-5p OE",0.650425312135958,0.632323237223328,0.0832864597944227,19,0.95,FALSE,"MIR204","","SIRT1;BCL2;MYC;E2F1;CDC25A;AKT1","PRKAA1;PPM1D;Mdm2;TP53;TP53INP1;CDKN1A;MYC;MALAT1;SIRT1;DFNA5;E2F1;AKT1;RB1;CDC25A;BBC3;BCL2;BAX;CASP3;CASP9",60,"Indirect only: perturbed node not measured","HCC; malignant cell annotated observational concordance; not causal perturbation validation"
"GSE125449","GSE125449_Set1","S21_P13_LCP37","tumour-cell-intrinsic observational concordance","miR-204-5p KO",0.431225466076263,0.42973135421796,-0.448201393596805,19,0.95,FALSE,"MIR204","","SIRT1;BCL2;MYC;E2F1;CDC25A;AKT1","PRKAA1;PPM1D;Mdm2;TP53;TP53INP1;CDKN1A;MYC;MALAT1;SIRT1;DFNA5;E2F1;AKT1;RB1;CDC25A;BBC3;BCL2;BAX;CASP3;CASP9",60,"Indirect only: perturbed node not measured","HCC; malignant cell annotated observational concordance; not causal perturbation validation"
"GSE125449","GSE125449_Set1","S21_P13_LCP37","tumour-cell-intrinsic observational concordance","MALAT1 OE",0.431225466076263,0.403960554416556,-0.448201393596805,19,0.95,TRUE,"MALAT1","MALAT1","","PRKAA1;PPM1D;Mdm2;TP53;TP53INP1;CDKN1A;MYC;MALAT1;SIRT1;DFNA5;E2F1;AKT1;RB1;CDC25A;BBC3;BCL2;BAX;CASP3;CASP9",60,"Limited observational concordance","HCC; malignant cell annotated observational concordance; not causal perturbation validation"
"GSE125449","GSE125449_Set1","S21_P13_LCP37","tumour-cell-intrinsic observational concordance","MALAT1 KO",0.542406226016079,0.57326681602683,-0.214396336009534,19,0.95,TRUE,"MALAT1","MALAT1","","PRKAA1;PPM1D;Mdm2;TP53;TP53INP1;CDKN1A;MYC;MALAT1;SIRT1;DFNA5;E2F1;AKT1;RB1;CDC25A;BBC3;BCL2;BAX;CASP3;CASP9",60,"Limited observational concordance","HCC; malignant cell annotated observational concordance; not causal perturbation validation"
"GSE125449","GSE125449_Set1","S21_P13_LCP37","tumour-cell-intrinsic observational concordance","SIRT1 OE",0.431225466076263,0.443186254584739,-0.448201393596805,19,0.95,TRUE,"SIRT1","SIRT1","TP53","PRKAA1;PPM1D;Mdm2;TP53;TP53INP1;CDKN1A;MYC;MALAT1;SIRT1;DFNA5;E2F1;AKT1;RB1;CDC25A;BBC3;BCL2;BAX;CASP3;CASP9",60,"Limited observational concordance","HCC; malignant cell annotated observational concordance; not causal perturbation validation"
"GSE125449","GSE125449_Set1","S21_P13_LCP37","tumour-cell-intrinsic observational concordance","SIRT1 KO",0.533861736211962,0.527972738609881,0.00798637285699944,19,0.95,TRUE,"SIRT1","SIRT1","TP53","PRKAA1;PPM1D;Mdm2;TP53;TP53INP1;CDKN1A;MYC;MALAT1;SIRT1;DFNA5;E2F1;AKT1;RB1;CDC25A;BBC3;BCL2;BAX;CASP3;CASP9",60,"Limited observational concordance","HCC; malignant cell annotated observational concordance; not causal perturbation validation"
"GSE125449","GSE125449_Set1","S21_P13_LCP37","tumour-cell-intrinsic observational concordance","BCL2 KO",0.500304413444684,0.49559949278029,-0.552398722881708,19,0.95,TRUE,"BCL2","BCL2","BAX;CASP3","PRKAA1;PPM1D;Mdm2;TP53;TP53INP1;CDKN1A;MYC;MALAT1;SIRT1;DFNA5;E2F1;AKT1;RB1;CDC25A;BBC3;BCL2;BAX;CASP3;CASP9",60,"Limited observational concordance","HCC; malignant cell annotated observational concordance; not causal perturbation validation"
"GSE125449","GSE125449_Set1","S21_P13_LCP37","tumour-cell-intrinsic observational concordance","GSDME OE",0.506225466076263,0.505376538884045,-0.49320770659751,19,0.95,TRUE,"DFNA5","DFNA5","","PRKAA1;PPM1D;Mdm2;TP53;TP53INP1;CDKN1A;MYC;MALAT1;SIRT1;DFNA5;E2F1;AKT1;RB1;CDC25A;BBC3;BCL2;BAX;CASP3;CASP9",60,"Limited observational concordance","HCC; malignant cell annotated observational concordance; not causal perturbation validation"
"GSE125449","GSE125449_Set1","S21_P13_LCP37","tumour-cell-intrinsic observational concordance","CASP3 OE",0.475304413444684,0.46980122682656,-0.45256475527433,19,0.95,TRUE,"CASP3","CASP3","DFNA5;CDKN1A;CASP9","PRKAA1;PPM1D;Mdm2;TP53;TP53INP1;CDKN1A;MYC;MALAT1;SIRT1;DFNA5;E2F1;AKT1;RB1;CDC25A;BBC3;BCL2;BAX;CASP3;CASP9",60,"Limited observational concordance","HCC; malignant cell annotated observational concordance; not causal perturbation validation"
"GSE125449","GSE125449_Set1","S21_P13_LCP37","tumour-cell-intrinsic observational concordance","miR-204-5p OE + GSDME KO",0.623780575293852,0.600065390377971,0.0708593702973404,19,0.95,TRUE,"MIR204;DFNA5","DFNA5","SIRT1;BCL2;MYC;E2F1;CDC25A;AKT1","PRKAA1;PPM1D;Mdm2;TP53;TP53INP1;CDKN1A;MYC;MALAT1;SIRT1;DFNA5;E2F1;AKT1;RB1;CDC25A;BBC3;BCL2;BAX;CASP3;CASP9",60,"Limited observational concordance","HCC; malignant cell annotated observational concordance; not causal perturbation validation"
"GSE125449","GSE125449_Set1","S21_P13_LCP37","tumour-cell-intrinsic observational concordance","CASP3 OE + GSDME KO",0.474317571339421,0.471112247061629,-0.495001881010722,19,0.95,TRUE,"CASP3;DFNA5","CASP3;DFNA5","DFNA5;CDKN1A;CASP9","PRKAA1;PPM1D;Mdm2;TP53;TP53INP1;CDKN1A;MYC;MALAT1;SIRT1;DFNA5;E2F1;AKT1;RB1;CDC25A;BBC3;BCL2;BAX;CASP3;CASP9",60,"Limited observational concordance","HCC; malignant cell annotated observational concordance; not causal perturbation validation"
"GSE125449","GSE125449_Set1","S21_P13_LCP37","tumour-cell-intrinsic observational concordance","SIRT1 KO + GSDME KO",0.544716999369856,0.532677807231818,0.0127779192339466,19,0.95,TRUE,"SIRT1;DFNA5","SIRT1;DFNA5","TP53","PRKAA1;PPM1D;Mdm2;TP53;TP53INP1;CDKN1A;MYC;MALAT1;SIRT1;DFNA5;E2F1;AKT1;RB1;CDC25A;BBC3;BCL2;BAX;CASP3;CASP9",60,"Limited observational concordance","HCC; malignant cell annotated observational concordance; not causal perturbation validation"
"GSE125449","GSE125449_Set1","S21_P13_LCP37","tumour-cell-intrinsic observational concordance","MALAT1 KO + GSDME KO",0.554248331279237,0.57347479810361,-0.270774631343908,19,0.95,TRUE,"MALAT1;DFNA5","MALAT1;DFNA5","","PRKAA1;PPM1D;Mdm2;TP53;TP53INP1;CDKN1A;MYC;MALAT1;SIRT1;DFNA5;E2F1;AKT1;RB1;CDC25A;BBC3;BCL2;BAX;CASP3;CASP9",60,"Limited observational concordance","HCC; malignant cell annotated observational concordance; not causal perturbation validation"
"GSE125449","GSE125449_Set1","S21_P13_LCP37","tumour-cell-intrinsic observational concordance","miR-204-5p OE + CASP3 KO",0.569504259504379,0.559591217606393,0.0234914028737385,19,0.95,TRUE,"MIR204;CASP3","CASP3","SIRT1;BCL2;MYC;E2F1;CDC25A;AKT1;DFNA5;CDKN1A;CASP9","PRKAA1;PPM1D;Mdm2;TP53;TP53INP1;CDKN1A;MYC;MALAT1;SIRT1;DFNA5;E2F1;AKT1;RB1;CDC25A;BBC3;BCL2;BAX;CASP3;CASP9",60,"Limited observational concordance","HCC; malignant cell annotated observational concordance; not causal perturbation validation"
"GSE125449","GSE125449_Set1","S21_P13_LCP37","tumour-cell-intrinsic observational concordance","GSDME E1 + CASP3 E1",0.503593887128894,0.492408543357926,-0.45256475527433,19,0.95,TRUE,"DFNA5;CASP3","DFNA5;CASP3","DFNA5;CDKN1A;CASP9","PRKAA1;PPM1D;Mdm2;TP53;TP53INP1;CDKN1A;MYC;MALAT1;SIRT1;DFNA5;E2F1;AKT1;RB1;CDC25A;BBC3;BCL2;BAX;CASP3;CASP9",60,"Limited observational concordance","HCC; malignant cell annotated observational concordance; not causal perturbation validation"
"GSE125449","GSE125449_Set1","S21_P13_LCP37","tumour-cell-intrinsic observational concordance","p53 E1 + miR-204-5p E1 + CASP3 KO + p21 E1",0.583136173692274,0.582076942013735,0.104478258450173,19,0.95,TRUE,"TP53;MIR204;CASP3;CDKN1A","TP53;CASP3;CDKN1A","Mdm2;SIRT1;BCL2;MYC;E2F1;CDC25A;AKT1;CASP3;DFNA5;CDKN1A;CASP9","PRKAA1;PPM1D;Mdm2;TP53;TP53INP1;CDKN1A;MYC;MALAT1;SIRT1;DFNA5;E2F1;AKT1;RB1;CDC25A;BBC3;BCL2;BAX;CASP3;CASP9",60,"Limited observational concordance","HCC; malignant cell annotated observational concordance; not causal perturbation validation"
"GSE125449","GSE125449_Set1","S21_P13_LCP37","tumour-cell-intrinsic observational concordance","MALAT1 E1 + miR-204-5p KO + SIRT1 E1",0.431225466076263,0.417326845069814,-0.448201393596805,19,0.95,TRUE,"MALAT1;MIR204;SIRT1","MALAT1;SIRT1","SIRT1;BCL2;MYC;E2F1;CDC25A;AKT1;TP53","PRKAA1;PPM1D;Mdm2;TP53;TP53INP1;CDKN1A;MYC;MALAT1;SIRT1;DFNA5;E2F1;AKT1;RB1;CDC25A;BBC3;BCL2;BAX;CASP3;CASP9",60,"Limited observational concordance","HCC; malignant cell annotated observational concordance; not causal perturbation validation"
"GSE125449","GSE125449_Set1","S21_P13_LCP37","tumour-cell-intrinsic observational concordance","SIRT1 KO + GSDME KO + CASP3 E1",0.529914367790909,0.509519993652976,-0.095941194556667,19,0.95,TRUE,"SIRT1;DFNA5;CASP3","SIRT1;DFNA5;CASP3","DFNA5;CDKN1A;CASP9;TP53","PRKAA1;PPM1D;Mdm2;TP53;TP53INP1;CDKN1A;MYC;MALAT1;SIRT1;DFNA5;E2F1;AKT1;RB1;CDC25A;BBC3;BCL2;BAX;CASP3;CASP9",60,"Limited observational concordance","HCC; malignant cell annotated observational concordance; not causal perturbation validation"
"GSE125449","GSE125449_Set1","S21_P13_LCP37","tumour-cell-intrinsic observational concordance","BAX E1",0.520911890152267,0.551641913002573,-0.292467935884782,19,0.95,TRUE,"BAX","BAX","CASP3","PRKAA1;PPM1D;Mdm2;TP53;TP53INP1;CDKN1A;MYC;MALAT1;SIRT1;DFNA5;E2F1;AKT1;RB1;CDC25A;BBC3;BCL2;BAX;CASP3;CASP9",60,"Limited observational concordance","HCC; malignant cell annotated observational concordance; not causal perturbation validation"
"GSE125449","GSE125449_Set1","S21_P13_LCP37","tumour-cell-intrinsic observational concordance","BAX E1 + GSDME KO",0.522556626994372,0.547365923040738,-0.274941767442248,19,0.95,TRUE,"BAX;DFNA5","BAX;DFNA5","CASP3","PRKAA1;PPM1D;Mdm2;TP53;TP53INP1;CDKN1A;MYC;MALAT1;SIRT1;DFNA5;E2F1;AKT1;RB1;CDC25A;BBC3;BCL2;BAX;CASP3;CASP9",60,"Limited observational concordance","HCC; malignant cell annotated observational concordance; not causal perturbation validation"
"GSE125449","GSE125449_Set1","S21_P13_LCP37","tumour-cell-intrinsic observational concordance","p53 E1",0.667409676602579,0.638294950236913,-0.494832013015889,19,0.95,TRUE,"TP53","TP53","Mdm2","PRKAA1;PPM1D;Mdm2;TP53;TP53INP1;CDKN1A;MYC;MALAT1;SIRT1;DFNA5;E2F1;AKT1;RB1;CDC25A;BBC3;BCL2;BAX;CASP3;CASP9",60,"Limited observational concordance","HCC; malignant cell annotated observational concordance; not causal perturbation validation"
"GSE125449","GSE125449_Set1","S21_P13_LCP37","tumour-cell-intrinsic observational concordance","p53 KO",0.431225466076263,0.443186254584739,-0.448201393596805,19,0.95,TRUE,"TP53","TP53","Mdm2","PRKAA1;PPM1D;Mdm2;TP53;TP53INP1;CDKN1A;MYC;MALAT1;SIRT1;DFNA5;E2F1;AKT1;RB1;CDC25A;BBC3;BCL2;BAX;CASP3;CASP9",60,"Limited observational concordance","HCC; malignant cell annotated observational concordance; not causal perturbation validation"
"GSE125449","GSE125449_Set1","S21_P13_LCP37","tumour-cell-intrinsic observational concordance","p21 E1",0.509002117106263,0.551502164320609,-0.204932522092697,19,0.95,TRUE,"CDKN1A","CDKN1A","CASP3","PRKAA1;PPM1D;Mdm2;TP53;TP53INP1;CDKN1A;MYC;MALAT1;SIRT1;DFNA5;E2F1;AKT1;RB1;CDC25A;BBC3;BCL2;BAX;CASP3;CASP9",60,"Limited observational concordance","HCC; malignant cell annotated observational concordance; not causal perturbation validation"
"GSE125449","GSE125449_Set2","S351_P10_LCP34","tumour-cell-intrinsic observational concordance","Reference: DDR ON, GSDME endogenous",0.561034546607224,0.561034546607224,0.250088714681735,19,0.95,FALSE,"","","","PRKAA1;PPM1D;Mdm2;TP53;TP53INP1;CDKN1A;MYC;MALAT1;SIRT1;DFNA5;E2F1;AKT1;RB1;CDC25A;BBC3;BCL2;BAX;CASP3;CASP9",43,"Indirect only: perturbed node not measured","HCC; malignant cell annotated observational concordance; not causal perturbation validation"
"GSE125449","GSE125449_Set2","S351_P10_LCP34","tumour-cell-intrinsic observational concordance","GSDME KO",0.578139809765119,0.567484381160785,0.310311040263246,19,0.95,TRUE,"DFNA5","DFNA5","","PRKAA1;PPM1D;Mdm2;TP53;TP53INP1;CDKN1A;MYC;MALAT1;SIRT1;DFNA5;E2F1;AKT1;RB1;CDC25A;BBC3;BCL2;BAX;CASP3;CASP9",43,"Limited observational concordance","HCC; malignant cell annotated observational concordance; not causal perturbation validation"
"GSE125449","GSE125449_Set2","S351_P10_LCP34","tumour-cell-intrinsic observational concordance","CASP3 KO",0.573205599238803,0.571461966958311,0.244984863361699,19,0.95,TRUE,"CASP3","CASP3","DFNA5;CDKN1A;CASP9","PRKAA1;PPM1D;Mdm2;TP53;TP53INP1;CDKN1A;MYC;MALAT1;SIRT1;DFNA5;E2F1;AKT1;RB1;CDC25A;BBC3;BCL2;BAX;CASP3;CASP9",43,"Limited observational concordance","HCC; malignant cell annotated observational concordance; not causal perturbation validation"
"GSE125449","GSE125449_Set2","S351_P10_LCP34","tumour-cell-intrinsic observational concordance","miR-204-5p OE",0.639146125157489,0.605751055119692,-0.0884185133752467,19,0.95,FALSE,"MIR204","","SIRT1;BCL2;MYC;E2F1;CDC25A;AKT1","PRKAA1;PPM1D;Mdm2;TP53;TP53INP1;CDKN1A;MYC;MALAT1;SIRT1;DFNA5;E2F1;AKT1;RB1;CDC25A;BBC3;BCL2;BAX;CASP3;CASP9",43,"Indirect only: perturbed node not measured","HCC; malignant cell annotated observational concordance; not causal perturbation validation"
"GSE125449","GSE125449_Set2","S351_P10_LCP34","tumour-cell-intrinsic observational concordance","miR-204-5p KO",0.51596875713354,0.51213625542149,0.218286286379416,19,0.95,FALSE,"MIR204","","SIRT1;BCL2;MYC;E2F1;CDC25A;AKT1","PRKAA1;PPM1D;Mdm2;TP53;TP53INP1;CDKN1A;MYC;MALAT1;SIRT1;DFNA5;E2F1;AKT1;RB1;CDC25A;BBC3;BCL2;BAX;CASP3;CASP9",43,"Indirect only: perturbed node not measured","HCC; malignant cell annotated observational concordance; not causal perturbation validation"
"GSE125449","GSE125449_Set2","S351_P10_LCP34","tumour-cell-intrinsic observational concordance","MALAT1 OE",0.51596875713354,0.525568998281641,0.218286286379416,19,0.95,TRUE,"MALAT1","MALAT1","","PRKAA1;PPM1D;Mdm2;TP53;TP53INP1;CDKN1A;MYC;MALAT1;SIRT1;DFNA5;E2F1;AKT1;RB1;CDC25A;BBC3;BCL2;BAX;CASP3;CASP9",43,"Limited observational concordance","HCC; malignant cell annotated observational concordance; not causal perturbation validation"
"GSE125449","GSE125449_Set2","S351_P10_LCP34","tumour-cell-intrinsic observational concordance","MALAT1 KO",0.589771859706914,0.565752443535116,-0.035427147288826,19,0.95,TRUE,"MALAT1","MALAT1","","PRKAA1;PPM1D;Mdm2;TP53;TP53INP1;CDKN1A;MYC;MALAT1;SIRT1;DFNA5;E2F1;AKT1;RB1;CDC25A;BBC3;BCL2;BAX;CASP3;CASP9",43,"Limited observational concordance","HCC; malignant cell annotated observational concordance; not causal perturbation validation"
"GSE125449","GSE125449_Set2","S351_P10_LCP34","tumour-cell-intrinsic observational concordance","SIRT1 OE",0.51596875713354,0.513191581979881,0.218286286379416,19,0.95,TRUE,"SIRT1","SIRT1","TP53","PRKAA1;PPM1D;Mdm2;TP53;TP53INP1;CDKN1A;MYC;MALAT1;SIRT1;DFNA5;E2F1;AKT1;RB1;CDC25A;BBC3;BCL2;BAX;CASP3;CASP9",43,"Limited observational concordance","HCC; malignant cell annotated observational concordance; not causal perturbation validation"
"GSE125449","GSE125449_Set2","S351_P10_LCP34","tumour-cell-intrinsic observational concordance","SIRT1 KO",0.535546273226515,0.529364312665382,0.00923775512875712,19,0.95,TRUE,"SIRT1","SIRT1","TP53","PRKAA1;PPM1D;Mdm2;TP53;TP53INP1;CDKN1A;MYC;MALAT1;SIRT1;DFNA5;E2F1;AKT1;RB1;CDC25A;BBC3;BCL2;BAX;CASP3;CASP9",43,"Limited observational concordance","HCC; malignant cell annotated observational concordance; not causal perturbation validation"
"GSE125449","GSE125449_Set2","S351_P10_LCP34","tumour-cell-intrinsic observational concordance","BCL2 KO",0.585047704501961,0.572999906970918,0.331496878202586,19,0.95,TRUE,"BCL2","BCL2","BAX;CASP3","PRKAA1;PPM1D;Mdm2;TP53;TP53INP1;CDKN1A;MYC;MALAT1;SIRT1;DFNA5;E2F1;AKT1;RB1;CDC25A;BBC3;BCL2;BAX;CASP3;CASP9",43,"Limited observational concordance","HCC; malignant cell annotated observational concordance; not causal perturbation validation"
"GSE125449","GSE125449_Set2","S351_P10_LCP34","tumour-cell-intrinsic observational concordance","GSDME OE",0.59096875713354,0.57856392661533,0.310020350700368,19,0.95,TRUE,"DFNA5","DFNA5","","PRKAA1;PPM1D;Mdm2;TP53;TP53INP1;CDKN1A;MYC;MALAT1;SIRT1;DFNA5;E2F1;AKT1;RB1;CDC25A;BBC3;BCL2;BAX;CASP3;CASP9",43,"Limited observational concordance","HCC; malignant cell annotated observational concordance; not causal perturbation validation"
"GSE125449","GSE125449_Set2","S351_P10_LCP34","tumour-cell-intrinsic observational concordance","CASP3 OE",0.560047704501961,0.561961966958311,0.299855749038061,19,0.95,TRUE,"CASP3","CASP3","DFNA5;CDKN1A;CASP9","PRKAA1;PPM1D;Mdm2;TP53;TP53INP1;CDKN1A;MYC;MALAT1;SIRT1;DFNA5;E2F1;AKT1;RB1;CDC25A;BBC3;BCL2;BAX;CASP3;CASP9",43,"Limited observational concordance","HCC; malignant cell annotated observational concordance; not causal perturbation validation"
"GSE125449","GSE125449_Set2","S351_P10_LCP34","tumour-cell-intrinsic observational concordance","miR-204-5p OE + GSDME KO",0.611843493578542,0.575893799214011,-0.090024168787489,19,0.95,TRUE,"MIR204;DFNA5","DFNA5","SIRT1;BCL2;MYC;E2F1;CDC25A;AKT1","PRKAA1;PPM1D;Mdm2;TP53;TP53INP1;CDKN1A;MYC;MALAT1;SIRT1;DFNA5;E2F1;AKT1;RB1;CDC25A;BBC3;BCL2;BAX;CASP3;CASP9",43,"Limited observational concordance","HCC; malignant cell annotated observational concordance; not causal perturbation validation"
"GSE125449","GSE125449_Set2","S351_P10_LCP34","tumour-cell-intrinsic observational concordance","CASP3 OE + GSDME KO",0.559060862396698,0.55644626570214,0.311729055506977,19,0.95,TRUE,"CASP3;DFNA5","CASP3;DFNA5","DFNA5;CDKN1A;CASP9","PRKAA1;PPM1D;Mdm2;TP53;TP53INP1;CDKN1A;MYC;MALAT1;SIRT1;DFNA5;E2F1;AKT1;RB1;CDC25A;BBC3;BCL2;BAX;CASP3;CASP9",43,"Limited observational concordance","HCC; malignant cell annotated observational concordance; not causal perturbation validation"
"GSE125449","GSE125449_Set2","S351_P10_LCP34","tumour-cell-intrinsic observational concordance","SIRT1 KO + GSDME KO",0.54640153638441,0.533908815050146,-0.0147800874128713,19,0.95,TRUE,"SIRT1;DFNA5","SIRT1;DFNA5","TP53","PRKAA1;PPM1D;Mdm2;TP53;TP53INP1;CDKN1A;MYC;MALAT1;SIRT1;DFNA5;E2F1;AKT1;RB1;CDC25A;BBC3;BCL2;BAX;CASP3;CASP9",43,"Limited observational concordance","HCC; malignant cell annotated observational concordance; not causal perturbation validation"
"GSE125449","GSE125449_Set2","S351_P10_LCP34","tumour-cell-intrinsic observational concordance","MALAT1 KO + GSDME KO",0.601613964970072,0.566862150310902,0.0353615414042147,19,0.95,TRUE,"MALAT1;DFNA5","MALAT1;DFNA5","","PRKAA1;PPM1D;Mdm2;TP53;TP53INP1;CDKN1A;MYC;MALAT1;SIRT1;DFNA5;E2F1;AKT1;RB1;CDC25A;BBC3;BCL2;BAX;CASP3;CASP9",43,"Limited observational concordance","HCC; malignant cell annotated observational concordance; not causal perturbation validation"
"GSE125449","GSE125449_Set2","S351_P10_LCP34","tumour-cell-intrinsic observational concordance","miR-204-5p OE + CASP3 KO",0.558373348129618,0.543175833098136,-0.0672155990909609,19,0.95,TRUE,"MIR204;CASP3","CASP3","SIRT1;BCL2;MYC;E2F1;CDC25A;AKT1;DFNA5;CDKN1A;CASP9","PRKAA1;PPM1D;Mdm2;TP53;TP53INP1;CDKN1A;MYC;MALAT1;SIRT1;DFNA5;E2F1;AKT1;RB1;CDC25A;BBC3;BCL2;BAX;CASP3;CASP9",43,"Limited observational concordance","HCC; malignant cell annotated observational concordance; not causal perturbation validation"
"GSE125449","GSE125449_Set2","S351_P10_LCP34","tumour-cell-intrinsic observational concordance","GSDME E1 + CASP3 E1",0.588337178186172,0.577742561998436,0.299855749038061,19,0.95,TRUE,"DFNA5;CASP3","DFNA5;CASP3","DFNA5;CDKN1A;CASP9","PRKAA1;PPM1D;Mdm2;TP53;TP53INP1;CDKN1A;MYC;MALAT1;SIRT1;DFNA5;E2F1;AKT1;RB1;CDC25A;BBC3;BCL2;BAX;CASP3;CASP9",43,"Limited observational concordance","HCC; malignant cell annotated observational concordance; not causal perturbation validation"
"GSE125449","GSE125449_Set2","S351_P10_LCP34","tumour-cell-intrinsic observational concordance","p53 E1 + miR-204-5p E1 + CASP3 KO + p21 E1",0.527452295498039,0.48505852024868,-0.161131898902152,19,0.95,TRUE,"TP53;MIR204;CASP3;CDKN1A","TP53;CASP3;CDKN1A","Mdm2;SIRT1;BCL2;MYC;E2F1;CDC25A;AKT1;CASP3;DFNA5;CDKN1A;CASP9","PRKAA1;PPM1D;Mdm2;TP53;TP53INP1;CDKN1A;MYC;MALAT1;SIRT1;DFNA5;E2F1;AKT1;RB1;CDC25A;BBC3;BCL2;BAX;CASP3;CASP9",43,"Limited observational concordance","HCC; malignant cell annotated observational concordance; not causal perturbation validation"
"GSE125449","GSE125449_Set2","S351_P10_LCP34","tumour-cell-intrinsic observational concordance","MALAT1 E1 + miR-204-5p KO + SIRT1 E1",0.51596875713354,0.518145740716003,0.218286286379416,19,0.95,TRUE,"MALAT1;MIR204;SIRT1","MALAT1;SIRT1","SIRT1;BCL2;MYC;E2F1;CDC25A;AKT1;TP53","PRKAA1;PPM1D;Mdm2;TP53;TP53INP1;CDKN1A;MYC;MALAT1;SIRT1;DFNA5;E2F1;AKT1;RB1;CDC25A;BBC3;BCL2;BAX;CASP3;CASP9",43,"Limited observational concordance","HCC; malignant cell annotated observational concordance; not causal perturbation validation"
"GSE125449","GSE125449_Set2","S351_P10_LCP34","tumour-cell-intrinsic observational concordance","SIRT1 KO + GSDME KO + CASP3 E1",0.531598904805462,0.532936192894333,0.119297254684965,19,0.95,TRUE,"SIRT1;DFNA5;CASP3","SIRT1;DFNA5;CASP3","DFNA5;CDKN1A;CASP9;TP53","PRKAA1;PPM1D;Mdm2;TP53;TP53INP1;CDKN1A;MYC;MALAT1;SIRT1;DFNA5;E2F1;AKT1;RB1;CDC25A;BBC3;BCL2;BAX;CASP3;CASP9",43,"Limited observational concordance","HCC; malignant cell annotated observational concordance; not causal perturbation validation"
"GSE125449","GSE125449_Set2","S351_P10_LCP34","tumour-cell-intrinsic observational concordance","BAX E1",0.579603874842511,0.567845629422321,0.0456127611948471,19,0.95,TRUE,"BAX","BAX","CASP3","PRKAA1;PPM1D;Mdm2;TP53;TP53INP1;CDKN1A;MYC;MALAT1;SIRT1;DFNA5;E2F1;AKT1;RB1;CDC25A;BBC3;BCL2;BAX;CASP3;CASP9",43,"Limited observational concordance","HCC; malignant cell annotated observational concordance; not causal perturbation validation"
"GSE125449","GSE125449_Set2","S351_P10_LCP34","tumour-cell-intrinsic observational concordance","BAX E1 + GSDME KO",0.581248611684616,0.561699979873591,0.0228063805974235,19,0.95,TRUE,"BAX;DFNA5","BAX;DFNA5","CASP3","PRKAA1;PPM1D;Mdm2;TP53;TP53INP1;CDKN1A;MYC;MALAT1;SIRT1;DFNA5;E2F1;AKT1;RB1;CDC25A;BBC3;BCL2;BAX;CASP3;CASP9",43,"Limited observational concordance","HCC; malignant cell annotated observational concordance; not causal perturbation validation"
"GSE125449","GSE125449_Set2","S351_P10_LCP34","tumour-cell-intrinsic observational concordance","p53 E1",0.749322147826117,0.70596177429114,0.31231611639519,19,0.95,TRUE,"TP53","TP53","Mdm2","PRKAA1;PPM1D;Mdm2;TP53;TP53INP1;CDKN1A;MYC;MALAT1;SIRT1;DFNA5;E2F1;AKT1;RB1;CDC25A;BBC3;BCL2;BAX;CASP3;CASP9",43,"Limited observational concordance","HCC; malignant cell annotated observational concordance; not causal perturbation validation"
"GSE125449","GSE125449_Set2","S351_P10_LCP34","tumour-cell-intrinsic observational concordance","p53 KO",0.51596875713354,0.513191581979881,0.218286286379416,19,0.95,TRUE,"TP53","TP53","Mdm2","PRKAA1;PPM1D;Mdm2;TP53;TP53INP1;CDKN1A;MYC;MALAT1;SIRT1;DFNA5;E2F1;AKT1;RB1;CDC25A;BBC3;BCL2;BAX;CASP3;CASP9",43,"Limited observational concordance","HCC; malignant cell annotated observational concordance; not causal perturbation validation"
"GSE125449","GSE125449_Set2","S351_P10_LCP34","tumour-cell-intrinsic observational concordance","p21 E1",0.520703726773485,0.470660541018898,-0.0646481822875589,19,0.95,TRUE,"CDKN1A","CDKN1A","CASP3","PRKAA1;PPM1D;Mdm2;TP53;TP53INP1;CDKN1A;MYC;MALAT1;SIRT1;DFNA5;E2F1;AKT1;RB1;CDC25A;BBC3;BCL2;BAX;CASP3;CASP9",43,"Limited observational concordance","HCC; malignant cell annotated observational concordance; not causal perturbation validation"
"GSE125449","GSE125449_Set2","S364_P21_LCP65","tumour-cell-intrinsic observational concordance","Reference: DDR ON, GSDME endogenous",0.566544348275504,0.566544348275504,0.0586942901804071,19,0.95,FALSE,"","","","PRKAA1;PPM1D;Mdm2;TP53;TP53INP1;CDKN1A;MYC;MALAT1;SIRT1;DFNA5;E2F1;AKT1;RB1;CDC25A;BBC3;BCL2;BAX;CASP3;CASP9",412,"Indirect only: perturbed node not measured","HCC; malignant cell annotated observational concordance; not causal perturbation validation"
"GSE125449","GSE125449_Set2","S364_P21_LCP65","tumour-cell-intrinsic observational concordance","GSDME KO",0.581018032486031,0.569970118965208,0.180590851300742,19,0.95,TRUE,"DFNA5","DFNA5","","PRKAA1;PPM1D;Mdm2;TP53;TP53INP1;CDKN1A;MYC;MALAT1;SIRT1;DFNA5;E2F1;AKT1;RB1;CDC25A;BBC3;BCL2;BAX;CASP3;CASP9",412,"Limited observational concordance","HCC; malignant cell annotated observational concordance; not causal perturbation validation"
"GSE125449","GSE125449_Set2","S364_P21_LCP65","tumour-cell-intrinsic observational concordance","CASP3 KO",0.576083821959715,0.564799096434982,0.15566746526108,19,0.95,TRUE,"CASP3","CASP3","DFNA5;CDKN1A;CASP9","PRKAA1;PPM1D;Mdm2;TP53;TP53INP1;CDKN1A;MYC;MALAT1;SIRT1;DFNA5;E2F1;AKT1;RB1;CDC25A;BBC3;BCL2;BAX;CASP3;CASP9",412,"Limited observational concordance","HCC; malignant cell annotated observational concordance; not causal perturbation validation"
"GSE125449","GSE125449_Set2","S364_P21_LCP65","tumour-cell-intrinsic observational concordance","miR-204-5p OE",0.612258961899971,0.585316811043978,-0.353674053500987,19,0.95,FALSE,"MIR204","","SIRT1;BCL2;MYC;E2F1;CDC25A;AKT1","PRKAA1;PPM1D;Mdm2;TP53;TP53INP1;CDKN1A;MYC;MALAT1;SIRT1;DFNA5;E2F1;AKT1;RB1;CDC25A;BBC3;BCL2;BAX;CASP3;CASP9",412,"Indirect only: perturbed node not measured","HCC; malignant cell annotated observational concordance; not causal perturbation validation"
"GSE125449","GSE125449_Set2","S364_P21_LCP65","tumour-cell-intrinsic observational concordance","miR-204-5p KO",0.52584260631538,0.519640380799689,0.245572072176844,19,0.95,FALSE,"MIR204","","SIRT1;BCL2;MYC;E2F1;CDC25A;AKT1","PRKAA1;PPM1D;Mdm2;TP53;TP53INP1;CDKN1A;MYC;MALAT1;SIRT1;DFNA5;E2F1;AKT1;RB1;CDC25A;BBC3;BCL2;BAX;CASP3;CASP9",412,"Indirect only: perturbed node not measured","HCC; malignant cell annotated observational concordance; not causal perturbation validation"
"GSE125449","GSE125449_Set2","S364_P21_LCP65","tumour-cell-intrinsic observational concordance","MALAT1 OE",0.52584260631538,0.586778857914941,0.245572072176844,19,0.95,TRUE,"MALAT1","MALAT1","","PRKAA1;PPM1D;Mdm2;TP53;TP53INP1;CDKN1A;MYC;MALAT1;SIRT1;DFNA5;E2F1;AKT1;RB1;CDC25A;BBC3;BCL2;BAX;CASP3;CASP9",412,"Limited observational concordance","HCC; malignant cell annotated observational concordance; not causal perturbation validation"
"GSE125449","GSE125449_Set2","S364_P21_LCP65","tumour-cell-intrinsic observational concordance","MALAT1 KO",0.55897855880182,0.486475784686278,-0.260642583624934,19,0.95,TRUE,"MALAT1","MALAT1","","PRKAA1;PPM1D;Mdm2;TP53;TP53INP1;CDKN1A;MYC;MALAT1;SIRT1;DFNA5;E2F1;AKT1;RB1;CDC25A;BBC3;BCL2;BAX;CASP3;CASP9",412,"Limited observational concordance","HCC; malignant cell annotated observational concordance; not causal perturbation validation"
"GSE125449","GSE125449_Set2","S364_P21_LCP65","tumour-cell-intrinsic observational concordance","SIRT1 OE",0.52584260631538,0.521348239999662,0.245572072176844,19,0.95,TRUE,"SIRT1","SIRT1","TP53","PRKAA1;PPM1D;Mdm2;TP53;TP53INP1;CDKN1A;MYC;MALAT1;SIRT1;DFNA5;E2F1;AKT1;RB1;CDC25A;BBC3;BCL2;BAX;CASP3;CASP9",412,"Limited observational concordance","HCC; malignant cell annotated observational concordance; not causal perturbation validation"
"GSE125449","GSE125449_Set2","S364_P21_LCP65","tumour-cell-intrinsic observational concordance","SIRT1 KO",0.502382108804616,0.501967829012509,-0.213788047265522,19,0.95,TRUE,"SIRT1","SIRT1","TP53","PRKAA1;PPM1D;Mdm2;TP53;TP53INP1;CDKN1A;MYC;MALAT1;SIRT1;DFNA5;E2F1;AKT1;RB1;CDC25A;BBC3;BCL2;BAX;CASP3;CASP9",412,"Limited observational concordance","HCC; malignant cell annotated observational concordance; not causal perturbation validation"
"GSE125449","GSE125449_Set2","S364_P21_LCP65","tumour-cell-intrinsic observational concordance","BCL2 KO",0.586610137749189,0.567502396470018,0.180931502225076,19,0.95,TRUE,"BCL2","BCL2","BAX;CASP3","PRKAA1;PPM1D;Mdm2;TP53;TP53INP1;CDKN1A;MYC;MALAT1;SIRT1;DFNA5;E2F1;AKT1;RB1;CDC25A;BBC3;BCL2;BAX;CASP3;CASP9",412,"Limited observational concordance","HCC; malignant cell annotated observational concordance; not causal perturbation validation"
"GSE125449","GSE125449_Set2","S364_P21_LCP65","tumour-cell-intrinsic observational concordance","GSDME OE",0.591873295643925,0.579345118965208,0.180421679505952,19,0.95,TRUE,"DFNA5","DFNA5","","PRKAA1;PPM1D;Mdm2;TP53;TP53INP1;CDKN1A;MYC;MALAT1;SIRT1;DFNA5;E2F1;AKT1;RB1;CDC25A;BBC3;BCL2;BAX;CASP3;CASP9",412,"Limited observational concordance","HCC; malignant cell annotated observational concordance; not causal perturbation validation"
"GSE125449","GSE125449_Set2","S364_P21_LCP65","tumour-cell-intrinsic observational concordance","CASP3 OE",0.565557506170241,0.557299096434982,0.190586281168259,19,0.95,TRUE,"CASP3","CASP3","DFNA5;CDKN1A;CASP9","PRKAA1;PPM1D;Mdm2;TP53;TP53INP1;CDKN1A;MYC;MALAT1;SIRT1;DFNA5;E2F1;AKT1;RB1;CDC25A;BBC3;BCL2;BAX;CASP3;CASP9",412,"Limited observational concordance","HCC; malignant cell annotated observational concordance; not causal perturbation validation"
"GSE125449","GSE125449_Set2","S364_P21_LCP65","tumour-cell-intrinsic observational concordance","miR-204-5p OE + GSDME KO",0.584956330321024,0.557648938432123,-0.337254721875519,19,0.95,TRUE,"MIR204;DFNA5","DFNA5","SIRT1;BCL2;MYC;E2F1;CDC25A;AKT1","PRKAA1;PPM1D;Mdm2;TP53;TP53INP1;CDKN1A;MYC;MALAT1;SIRT1;DFNA5;E2F1;AKT1;RB1;CDC25A;BBC3;BCL2;BAX;CASP3;CASP9",412,"Limited observational concordance","HCC; malignant cell annotated observational concordance; not causal perturbation validation"
"GSE125449","GSE125449_Set2","S364_P21_LCP65","tumour-cell-intrinsic observational concordance","CASP3 OE + GSDME KO",0.564570664064978,0.552128792995354,0.202305795206569,19,0.95,TRUE,"CASP3;DFNA5","CASP3;DFNA5","DFNA5;CDKN1A;CASP9","PRKAA1;PPM1D;Mdm2;TP53;TP53INP1;CDKN1A;MYC;MALAT1;SIRT1;DFNA5;E2F1;AKT1;RB1;CDC25A;BBC3;BCL2;BAX;CASP3;CASP9",412,"Limited observational concordance","HCC; malignant cell annotated observational concordance; not causal perturbation validation"
"GSE125449","GSE125449_Set2","S364_P21_LCP65","tumour-cell-intrinsic observational concordance","SIRT1 KO + GSDME KO",0.513237371962511,0.50967346412645,-0.219014022572548,19,0.95,TRUE,"SIRT1;DFNA5","SIRT1;DFNA5","TP53","PRKAA1;PPM1D;Mdm2;TP53;TP53INP1;CDKN1A;MYC;MALAT1;SIRT1;DFNA5;E2F1;AKT1;RB1;CDC25A;BBC3;BCL2;BAX;CASP3;CASP9",412,"Limited observational concordance","HCC; malignant cell annotated observational concordance; not causal perturbation validation"
"GSE125449","GSE125449_Set2","S364_P21_LCP65","tumour-cell-intrinsic observational concordance","MALAT1 KO + GSDME KO",0.570820664064978,0.497098690523925,-0.127554131493775,19,0.95,TRUE,"MALAT1;DFNA5","MALAT1;DFNA5","","PRKAA1;PPM1D;Mdm2;TP53;TP53INP1;CDKN1A;MYC;MALAT1;SIRT1;DFNA5;E2F1;AKT1;RB1;CDC25A;BBC3;BCL2;BAX;CASP3;CASP9",412,"Limited observational concordance","HCC; malignant cell annotated observational concordance; not causal perturbation validation"
"GSE125449","GSE125449_Set2","S364_P21_LCP65","tumour-cell-intrinsic observational concordance","miR-204-5p OE + CASP3 KO",0.541864225057866,0.540194692982564,-0.235969656383161,19,0.95,TRUE,"MIR204;CASP3","CASP3","SIRT1;BCL2;MYC;E2F1;CDC25A;AKT1;DFNA5;CDKN1A;CASP9","PRKAA1;PPM1D;Mdm2;TP53;TP53INP1;CDKN1A;MYC;MALAT1;SIRT1;DFNA5;E2F1;AKT1;RB1;CDC25A;BBC3;BCL2;BAX;CASP3;CASP9",412,"Limited observational concordance","HCC; malignant cell annotated observational concordance; not causal perturbation validation"
"GSE125449","GSE125449_Set2","S364_P21_LCP65","tumour-cell-intrinsic observational concordance","GSDME E1 + CASP3 E1",0.588583821959715,0.569721385587946,0.190586281168259,19,0.95,TRUE,"DFNA5;CASP3","DFNA5;CASP3","DFNA5;CDKN1A;CASP9","PRKAA1;PPM1D;Mdm2;TP53;TP53INP1;CDKN1A;MYC;MALAT1;SIRT1;DFNA5;E2F1;AKT1;RB1;CDC25A;BBC3;BCL2;BAX;CASP3;CASP9",412,"Limited observational concordance","HCC; malignant cell annotated observational concordance; not causal perturbation validation"
"GSE125449","GSE125449_Set2","S364_P21_LCP65","tumour-cell-intrinsic observational concordance","p53 E1 + miR-204-5p E1 + CASP3 KO + p21 E1",0.510943172426287,0.494520699869717,-0.352476028848458,19,0.95,TRUE,"TP53;MIR204;CASP3;CDKN1A","TP53;CASP3;CDKN1A","Mdm2;SIRT1;BCL2;MYC;E2F1;CDC25A;AKT1;CASP3;DFNA5;CDKN1A;CASP9","PRKAA1;PPM1D;Mdm2;TP53;TP53INP1;CDKN1A;MYC;MALAT1;SIRT1;DFNA5;E2F1;AKT1;RB1;CDC25A;BBC3;BCL2;BAX;CASP3;CASP9",412,"Limited observational concordance","HCC; malignant cell annotated observational concordance; not causal perturbation validation"
"GSE125449","GSE125449_Set2","S364_P21_LCP65","tumour-cell-intrinsic observational concordance","MALAT1 E1 + miR-204-5p KO + SIRT1 E1",0.52584260631538,0.561584995939635,0.245572072176844,19,0.95,TRUE,"MALAT1;MIR204;SIRT1","MALAT1;SIRT1","SIRT1;BCL2;MYC;E2F1;CDC25A;AKT1;TP53","PRKAA1;PPM1D;Mdm2;TP53;TP53INP1;CDKN1A;MYC;MALAT1;SIRT1;DFNA5;E2F1;AKT1;RB1;CDC25A;BBC3;BCL2;BAX;CASP3;CASP9",412,"Limited observational concordance","HCC; malignant cell annotated observational concordance; not causal perturbation validation"
"GSE125449","GSE125449_Set2","S364_P21_LCP65","tumour-cell-intrinsic observational concordance","SIRT1 KO + GSDME KO + CASP3 E1",0.498434740383564,0.505472414868635,-0.088779352323695,19,0.95,TRUE,"SIRT1;DFNA5;CASP3","SIRT1;DFNA5;CASP3","DFNA5;CDKN1A;CASP9;TP53","PRKAA1;PPM1D;Mdm2;TP53;TP53INP1;CDKN1A;MYC;MALAT1;SIRT1;DFNA5;E2F1;AKT1;RB1;CDC25A;BBC3;BCL2;BAX;CASP3;CASP9",412,"Limited observational concordance","HCC; malignant cell annotated observational concordance; not causal perturbation validation"
"GSE125449","GSE125449_Set2","S364_P21_LCP65","tumour-cell-intrinsic observational concordance","BAX E1",0.5994954116391,0.605359483782842,0.443457400505458,19,0.95,TRUE,"BAX","BAX","CASP3","PRKAA1;PPM1D;Mdm2;TP53;TP53INP1;CDKN1A;MYC;MALAT1;SIRT1;DFNA5;E2F1;AKT1;RB1;CDC25A;BBC3;BCL2;BAX;CASP3;CASP9",412,"Limited observational concordance","HCC; malignant cell annotated observational concordance; not causal perturbation validation"
"GSE125449","GSE125449_Set2","S364_P21_LCP65","tumour-cell-intrinsic observational concordance","BAX E1 + GSDME KO",0.600482253744363,0.594404543346361,0.420651019908034,19,0.95,TRUE,"BAX;DFNA5","BAX;DFNA5","CASP3","PRKAA1;PPM1D;Mdm2;TP53;TP53INP1;CDKN1A;MYC;MALAT1;SIRT1;DFNA5;E2F1;AKT1;RB1;CDC25A;BBC3;BCL2;BAX;CASP3;CASP9",412,"Limited observational concordance","HCC; malignant cell annotated observational concordance; not causal perturbation validation"
"GSE125449","GSE125449_Set2","S364_P21_LCP65","tumour-cell-intrinsic observational concordance","p53 E1",0.726083821959715,0.686764896401504,0.181015871543335,19,0.95,TRUE,"TP53","TP53","Mdm2","PRKAA1;PPM1D;Mdm2;TP53;TP53INP1;CDKN1A;MYC;MALAT1;SIRT1;DFNA5;E2F1;AKT1;RB1;CDC25A;BBC3;BCL2;BAX;CASP3;CASP9",412,"Limited observational concordance","HCC; malignant cell annotated observational concordance; not causal perturbation validation"
"GSE125449","GSE125449_Set2","S364_P21_LCP65","tumour-cell-intrinsic observational concordance","p53 KO",0.52584260631538,0.521348239999662,0.245572072176844,19,0.95,TRUE,"TP53","TP53","Mdm2","PRKAA1;PPM1D;Mdm2;TP53;TP53INP1;CDKN1A;MYC;MALAT1;SIRT1;DFNA5;E2F1;AKT1;RB1;CDC25A;BBC3;BCL2;BAX;CASP3;CASP9",412,"Limited observational concordance","HCC; malignant cell annotated observational concordance; not causal perturbation validation"
"GSE125449","GSE125449_Set2","S364_P21_LCP65","tumour-cell-intrinsic observational concordance","p21 E1",0.549503843681823,0.523311680392815,-0.153380981505777,19,0.95,TRUE,"CDKN1A","CDKN1A","CASP3","PRKAA1;PPM1D;Mdm2;TP53;TP53INP1;CDKN1A;MYC;MALAT1;SIRT1;DFNA5;E2F1;AKT1;RB1;CDC25A;BBC3;BCL2;BAX;CASP3;CASP9",412,"Limited observational concordance","HCC; malignant cell annotated observational concordance; not causal perturbation validation"
"GSE189903","GSE189903_HCC","1HT1","HCC tumour-region observational concordance; malignant status annotated separately","Reference: DDR ON, GSDME endogenous",0.582229092742317,0.582229092742317,0.125658245004976,19,0.95,FALSE,"","","","PRKAA1;PPM1D;Mdm2;TP53;TP53INP1;CDKN1A;MYC;MALAT1;SIRT1;DFNA5;E2F1;AKT1;RB1;CDC25A;BBC3;BCL2;BAX;CASP3;CASP9",219,"Indirect only: perturbed node not measured","HCC; malignant cell annotated observational concordance; not causal perturbation validation"
"GSE189903","GSE189903_HCC","1HT1","HCC tumour-region observational concordance; malignant status annotated separately","GSDME KO",0.599334355900212,0.58578876191382,0.212235236632718,19,0.95,TRUE,"DFNA5","DFNA5","","PRKAA1;PPM1D;Mdm2;TP53;TP53INP1;CDKN1A;MYC;MALAT1;SIRT1;DFNA5;E2F1;AKT1;RB1;CDC25A;BBC3;BCL2;BAX;CASP3;CASP9",219,"Limited observational concordance","HCC; malignant cell annotated observational concordance; not causal perturbation validation"
"GSE189903","GSE189903_HCC","1HT1","HCC tumour-region observational concordance; malignant status annotated separately","CASP3 KO",0.594400145373897,0.581697649747724,0.177183383124171,19,0.95,TRUE,"CASP3","CASP3","DFNA5;CDKN1A;CASP9","PRKAA1;PPM1D;Mdm2;TP53;TP53INP1;CDKN1A;MYC;MALAT1;SIRT1;DFNA5;E2F1;AKT1;RB1;CDC25A;BBC3;BCL2;BAX;CASP3;CASP9",219,"Limited observational concordance","HCC; malignant cell annotated observational concordance; not causal perturbation validation"
"GSE189903","GSE189903_HCC","1HT1","HCC tumour-region observational concordance; malignant status annotated separately","miR-204-5p OE",0.614799328376037,0.58468486699144,-0.402397423592461,19,0.95,FALSE,"MIR204","","SIRT1;BCL2;MYC;E2F1;CDC25A;AKT1","PRKAA1;PPM1D;Mdm2;TP53;TP53INP1;CDKN1A;MYC;MALAT1;SIRT1;DFNA5;E2F1;AKT1;RB1;CDC25A;BBC3;BCL2;BAX;CASP3;CASP9",219,"Indirect only: perturbed node not measured","HCC; malignant cell annotated observational concordance; not causal perturbation validation"
"GSE189903","GSE189903_HCC","1HT1","HCC tumour-region observational concordance; malignant status annotated separately","miR-204-5p KO",0.537163303268633,0.53080673305851,0.281081032323344,19,0.95,FALSE,"MIR204","","SIRT1;BCL2;MYC;E2F1;CDC25A;AKT1","PRKAA1;PPM1D;Mdm2;TP53;TP53INP1;CDKN1A;MYC;MALAT1;SIRT1;DFNA5;E2F1;AKT1;RB1;CDC25A;BBC3;BCL2;BAX;CASP3;CASP9",219,"Indirect only: perturbed node not measured","HCC; malignant cell annotated observational concordance; not causal perturbation validation"
"GSE189903","GSE189903_HCC","1HT1","HCC tumour-region observational concordance; malignant status annotated separately","MALAT1 OE",0.537163303268633,0.552472015423918,0.281081032323344,19,0.95,TRUE,"MALAT1","MALAT1","","PRKAA1;PPM1D;Mdm2;TP53;TP53INP1;CDKN1A;MYC;MALAT1;SIRT1;DFNA5;E2F1;AKT1;RB1;CDC25A;BBC3;BCL2;BAX;CASP3;CASP9",219,"Limited observational concordance","HCC; malignant cell annotated observational concordance; not causal perturbation validation"
"GSE189903","GSE189903_HCC","1HT1","HCC tumour-region observational concordance; malignant status annotated separately","MALAT1 KO",0.604328861962593,0.569725763639414,-0.128774588451989,19,0.95,TRUE,"MALAT1","MALAT1","","PRKAA1;PPM1D;Mdm2;TP53;TP53INP1;CDKN1A;MYC;MALAT1;SIRT1;DFNA5;E2F1;AKT1;RB1;CDC25A;BBC3;BCL2;BAX;CASP3;CASP9",219,"Limited observational concordance","HCC; malignant cell annotated observational concordance; not causal perturbation validation"
"GSE189903","GSE189903_HCC","1HT1","HCC tumour-region observational concordance; malignant status annotated separately","SIRT1 OE",0.537163303268633,0.53070012009148,0.281081032323344,19,0.95,TRUE,"SIRT1","SIRT1","TP53","PRKAA1;PPM1D;Mdm2;TP53;TP53INP1;CDKN1A;MYC;MALAT1;SIRT1;DFNA5;E2F1;AKT1;RB1;CDC25A;BBC3;BCL2;BAX;CASP3;CASP9",219,"Limited observational concordance","HCC; malignant cell annotated observational concordance; not causal perturbation validation"
"GSE189903","GSE189903_HCC","1HT1","HCC tumour-region observational concordance; malignant status annotated separately","SIRT1 KO",0.506820785302619,0.505634561771729,-0.293641363162066,19,0.95,TRUE,"SIRT1","SIRT1","TP53","PRKAA1;PPM1D;Mdm2;TP53;TP53INP1;CDKN1A;MYC;MALAT1;SIRT1;DFNA5;E2F1;AKT1;RB1;CDC25A;BBC3;BCL2;BAX;CASP3;CASP9",219,"Limited observational concordance","HCC; malignant cell annotated observational concordance; not causal perturbation validation"
"GSE189903","GSE189903_HCC","1HT1","HCC tumour-region observational concordance; malignant status annotated separately","BCL2 KO",0.606242250637054,0.585395308453773,0.214798098956353,19,0.95,TRUE,"BCL2","BCL2","BAX;CASP3","PRKAA1;PPM1D;Mdm2;TP53;TP53INP1;CDKN1A;MYC;MALAT1;SIRT1;DFNA5;E2F1;AKT1;RB1;CDC25A;BBC3;BCL2;BAX;CASP3;CASP9",219,"Limited observational concordance","HCC; malignant cell annotated observational concordance; not causal perturbation validation"
"GSE189903","GSE189903_HCC","1HT1","HCC tumour-region observational concordance; malignant status annotated separately","GSDME OE",0.612163303268633,0.596868307368365,0.217271888573666,19,0.95,TRUE,"DFNA5","DFNA5","","PRKAA1;PPM1D;Mdm2;TP53;TP53INP1;CDKN1A;MYC;MALAT1;SIRT1;DFNA5;E2F1;AKT1;RB1;CDC25A;BBC3;BCL2;BAX;CASP3;CASP9",219,"Limited observational concordance","HCC; malignant cell annotated observational concordance; not causal perturbation validation"
"GSE189903","GSE189903_HCC","1HT1","HCC tumour-region observational concordance; malignant status annotated separately","CASP3 OE",0.581242250637054,0.572197649747724,0.214654154976393,19,0.95,TRUE,"CASP3","CASP3","DFNA5;CDKN1A;CASP9","PRKAA1;PPM1D;Mdm2;TP53;TP53INP1;CDKN1A;MYC;MALAT1;SIRT1;DFNA5;E2F1;AKT1;RB1;CDC25A;BBC3;BCL2;BAX;CASP3;CASP9",219,"Limited observational concordance","HCC; malignant cell annotated observational concordance; not causal perturbation validation"
"GSE189903","GSE189903_HCC","1HT1","HCC tumour-region observational concordance; malignant status annotated separately","miR-204-5p OE + GSDME KO",0.58749669679709,0.557084702670928,-0.393095191982063,19,0.95,TRUE,"MIR204;DFNA5","DFNA5","SIRT1;BCL2;MYC;E2F1;CDC25A;AKT1","PRKAA1;PPM1D;Mdm2;TP53;TP53INP1;CDKN1A;MYC;MALAT1;SIRT1;DFNA5;E2F1;AKT1;RB1;CDC25A;BBC3;BCL2;BAX;CASP3;CASP9",219,"Limited observational concordance","HCC; malignant cell annotated observational concordance; not causal perturbation validation"
"GSE189903","GSE189903_HCC","1HT1","HCC tumour-region observational concordance; malignant status annotated separately","CASP3 OE + GSDME KO",0.580255408531791,0.565923749766411,0.218626257297665,19,0.95,TRUE,"CASP3;DFNA5","CASP3;DFNA5","DFNA5;CDKN1A;CASP9","PRKAA1;PPM1D;Mdm2;TP53;TP53INP1;CDKN1A;MYC;MALAT1;SIRT1;DFNA5;E2F1;AKT1;RB1;CDC25A;BBC3;BCL2;BAX;CASP3;CASP9",219,"Limited observational concordance","HCC; malignant cell annotated observational concordance; not causal perturbation validation"
"GSE189903","GSE189903_HCC","1HT1","HCC tumour-region observational concordance; malignant status annotated separately","SIRT1 KO + GSDME KO",0.517676048460514,0.51291711233653,-0.301188428786257,19,0.95,TRUE,"SIRT1;DFNA5","SIRT1;DFNA5","TP53","PRKAA1;PPM1D;Mdm2;TP53;TP53INP1;CDKN1A;MYC;MALAT1;SIRT1;DFNA5;E2F1;AKT1;RB1;CDC25A;BBC3;BCL2;BAX;CASP3;CASP9",219,"Limited observational concordance","HCC; malignant cell annotated observational concordance; not causal perturbation validation"
"GSE189903","GSE189903_HCC","1HT1","HCC tumour-region observational concordance; malignant status annotated separately","MALAT1 KO + GSDME KO",0.61617096722575,0.570358672002684,-0.0333049047545915,19,0.95,TRUE,"MALAT1;DFNA5","MALAT1;DFNA5","","PRKAA1;PPM1D;Mdm2;TP53;TP53INP1;CDKN1A;MYC;MALAT1;SIRT1;DFNA5;E2F1;AKT1;RB1;CDC25A;BBC3;BCL2;BAX;CASP3;CASP9",219,"Limited observational concordance","HCC; malignant cell annotated observational concordance; not causal perturbation validation"
"GSE189903","GSE189903_HCC","1HT1","HCC tumour-region observational concordance; malignant status annotated separately","miR-204-5p OE + CASP3 KO",0.544404591533932,0.537283328812804,-0.325286739521429,19,0.95,TRUE,"MIR204;CASP3","CASP3","SIRT1;BCL2;MYC;E2F1;CDC25A;AKT1;DFNA5;CDKN1A;CASP9","PRKAA1;PPM1D;Mdm2;TP53;TP53INP1;CDKN1A;MYC;MALAT1;SIRT1;DFNA5;E2F1;AKT1;RB1;CDC25A;BBC3;BCL2;BAX;CASP3;CASP9",219,"Limited observational concordance","HCC; malignant cell annotated observational concordance; not causal perturbation validation"
"GSE189903","GSE189903_HCC","1HT1","HCC tumour-region observational concordance; malignant status annotated separately","GSDME E1 + CASP3 E1",0.609531724321265,0.587220046062707,0.214654154976393,19,0.95,TRUE,"DFNA5;CASP3","DFNA5;CASP3","DFNA5;CDKN1A;CASP9","PRKAA1;PPM1D;Mdm2;TP53;TP53INP1;CDKN1A;MYC;MALAT1;SIRT1;DFNA5;E2F1;AKT1;RB1;CDC25A;BBC3;BCL2;BAX;CASP3;CASP9",219,"Limited observational concordance","HCC; malignant cell annotated observational concordance; not causal perturbation validation"
"GSE189903","GSE189903_HCC","1HT1","HCC tumour-region observational concordance; malignant status annotated separately","p53 E1 + miR-204-5p E1 + CASP3 KO + p21 E1",0.513483538902353,0.493735051258805,-0.406670513390072,19,0.95,TRUE,"TP53;MIR204;CASP3;CDKN1A","TP53;CASP3;CDKN1A","Mdm2;SIRT1;BCL2;MYC;E2F1;CDC25A;AKT1;CASP3;DFNA5;CDKN1A;CASP9","PRKAA1;PPM1D;Mdm2;TP53;TP53INP1;CDKN1A;MYC;MALAT1;SIRT1;DFNA5;E2F1;AKT1;RB1;CDC25A;BBC3;BCL2;BAX;CASP3;CASP9",219,"Limited observational concordance","HCC; malignant cell annotated observational concordance; not causal perturbation validation"
"GSE189903","GSE189903_HCC","1HT1","HCC tumour-region observational concordance; malignant status annotated separately","MALAT1 E1 + miR-204-5p KO + SIRT1 E1",0.537163303268633,0.539304835602739,0.281081032323344,19,0.95,TRUE,"MALAT1;MIR204;SIRT1","MALAT1;SIRT1","SIRT1;BCL2;MYC;E2F1;CDC25A;AKT1;TP53","PRKAA1;PPM1D;Mdm2;TP53;TP53INP1;CDKN1A;MYC;MALAT1;SIRT1;DFNA5;E2F1;AKT1;RB1;CDC25A;BBC3;BCL2;BAX;CASP3;CASP9",219,"Limited observational concordance","HCC; malignant cell annotated observational concordance; not causal perturbation validation"
"GSE189903","GSE189903_HCC","1HT1","HCC tumour-region observational concordance; malignant status annotated separately","SIRT1 KO + GSDME KO + CASP3 E1",0.502873416881567,0.510594625881898,-0.195484879183261,19,0.95,TRUE,"SIRT1;DFNA5;CASP3","SIRT1;DFNA5;CASP3","DFNA5;CDKN1A;CASP9;TP53","PRKAA1;PPM1D;Mdm2;TP53;TP53INP1;CDKN1A;MYC;MALAT1;SIRT1;DFNA5;E2F1;AKT1;RB1;CDC25A;BBC3;BCL2;BAX;CASP3;CASP9",219,"Limited observational concordance","HCC; malignant cell annotated observational concordance; not causal perturbation validation"
"GSE189903","GSE189903_HCC","1HT1","HCC tumour-region observational concordance; malignant status annotated separately","BAX E1",0.611872814764788,0.608225198181365,0.420276211441468,19,0.95,TRUE,"BAX","BAX","CASP3","PRKAA1;PPM1D;Mdm2;TP53;TP53INP1;CDKN1A;MYC;MALAT1;SIRT1;DFNA5;E2F1;AKT1;RB1;CDC25A;BBC3;BCL2;BAX;CASP3;CASP9",219,"Limited observational concordance","HCC; malignant cell annotated observational concordance; not causal perturbation validation"
"GSE189903","GSE189903_HCC","1HT1","HCC tumour-region observational concordance; malignant status annotated separately","BAX E1 + GSDME KO",0.613517551606894,0.597420367621977,0.394694181179813,19,0.95,TRUE,"BAX;DFNA5","BAX;DFNA5","CASP3","PRKAA1;PPM1D;Mdm2;TP53;TP53INP1;CDKN1A;MYC;MALAT1;SIRT1;DFNA5;E2F1;AKT1;RB1;CDC25A;BBC3;BCL2;BAX;CASP3;CASP9",219,"Limited observational concordance","HCC; malignant cell annotated observational concordance; not causal perturbation validation"
"GSE189903","GSE189903_HCC","1HT1","HCC tumour-region observational concordance; malignant status annotated separately","p53 E1",0.753657649002119,0.718677652069445,0.215886357536544,19,0.95,TRUE,"TP53","TP53","Mdm2","PRKAA1;PPM1D;Mdm2;TP53;TP53INP1;CDKN1A;MYC;MALAT1;SIRT1;DFNA5;E2F1;AKT1;RB1;CDC25A;BBC3;BCL2;BAX;CASP3;CASP9",219,"Limited observational concordance","HCC; malignant cell annotated observational concordance; not causal perturbation validation"
"GSE189903","GSE189903_HCC","1HT1","HCC tumour-region observational concordance; malignant status annotated separately","p53 KO",0.537163303268633,0.539834496898305,0.281081032323344,19,0.95,TRUE,"TP53","TP53","Mdm2","PRKAA1;PPM1D;Mdm2;TP53;TP53INP1;CDKN1A;MYC;MALAT1;SIRT1;DFNA5;E2F1;AKT1;RB1;CDC25A;BBC3;BCL2;BAX;CASP3;CASP9",219,"Limited observational concordance","HCC; malignant cell annotated observational concordance; not causal perturbation validation"
"GSE189903","GSE189903_HCC","1HT1","HCC tumour-region observational concordance; malignant status annotated separately","p21 E1",0.557351357838206,0.520083058876467,-0.0428306889624767,19,0.95,TRUE,"CDKN1A","CDKN1A","CASP3","PRKAA1;PPM1D;Mdm2;TP53;TP53INP1;CDKN1A;MYC;MALAT1;SIRT1;DFNA5;E2F1;AKT1;RB1;CDC25A;BBC3;BCL2;BAX;CASP3;CASP9",219,"Limited observational concordance","HCC; malignant cell annotated observational concordance; not causal perturbation validation"
"GSE189903","GSE189903_HCC","1HT2","HCC tumour-region observational concordance; malignant status annotated separately","Reference: DDR ON, GSDME endogenous",0.590427128146911,0.590427128146911,-0.00788650073252987,19,0.95,FALSE,"","","","PRKAA1;PPM1D;Mdm2;TP53;TP53INP1;CDKN1A;MYC;MALAT1;SIRT1;DFNA5;E2F1;AKT1;RB1;CDC25A;BBC3;BCL2;BAX;CASP3;CASP9",141,"Indirect only: perturbed node not measured","HCC; malignant cell annotated observational concordance; not causal perturbation validation"
"GSE189903","GSE189903_HCC","1HT2","HCC tumour-region observational concordance; malignant status annotated separately","GSDME KO",0.607532391304806,0.592868883399605,0.0833219817891411,19,0.95,TRUE,"DFNA5","DFNA5","","PRKAA1;PPM1D;Mdm2;TP53;TP53INP1;CDKN1A;MYC;MALAT1;SIRT1;DFNA5;E2F1;AKT1;RB1;CDC25A;BBC3;BCL2;BAX;CASP3;CASP9",141,"Limited observational concordance","HCC; malignant cell annotated observational concordance; not causal perturbation validation"
"GSE189903","GSE189903_HCC","1HT2","HCC tumour-region observational concordance; malignant status annotated separately","CASP3 KO",0.60259818077849,0.591006968486799,0.0394325036626494,19,0.95,TRUE,"CASP3","CASP3","DFNA5;CDKN1A;CASP9","PRKAA1;PPM1D;Mdm2;TP53;TP53INP1;CDKN1A;MYC;MALAT1;SIRT1;DFNA5;E2F1;AKT1;RB1;CDC25A;BBC3;BCL2;BAX;CASP3;CASP9",141,"Limited observational concordance","HCC; malignant cell annotated observational concordance; not causal perturbation validation"
"GSE189903","GSE189903_HCC","1HT2","HCC tumour-region observational concordance; malignant status annotated separately","miR-204-5p OE",0.613028350609258,0.586837965886004,-0.287115999536242,19,0.95,FALSE,"MIR204","","SIRT1;BCL2;MYC;E2F1;CDC25A;AKT1","PRKAA1;PPM1D;Mdm2;TP53;TP53INP1;CDKN1A;MYC;MALAT1;SIRT1;DFNA5;E2F1;AKT1;RB1;CDC25A;BBC3;BCL2;BAX;CASP3;CASP9",141,"Indirect only: perturbed node not measured","HCC; malignant cell annotated observational concordance; not causal perturbation validation"
"GSE189903","GSE189903_HCC","1HT2","HCC tumour-region observational concordance; malignant status annotated separately","miR-204-5p KO",0.545361338673227,0.533538197968684,0.123675654222271,19,0.95,FALSE,"MIR204","","SIRT1;BCL2;MYC;E2F1;CDC25A;AKT1","PRKAA1;PPM1D;Mdm2;TP53;TP53INP1;CDKN1A;MYC;MALAT1;SIRT1;DFNA5;E2F1;AKT1;RB1;CDC25A;BBC3;BCL2;BAX;CASP3;CASP9",141,"Indirect only: perturbed node not measured","HCC; malignant cell annotated observational concordance; not causal perturbation validation"
"GSE189903","GSE189903_HCC","1HT2","HCC tumour-region observational concordance; malignant status annotated separately","MALAT1 OE",0.545361338673227,0.567797731281063,0.123675654222271,19,0.95,TRUE,"MALAT1","MALAT1","","PRKAA1;PPM1D;Mdm2;TP53;TP53INP1;CDKN1A;MYC;MALAT1;SIRT1;DFNA5;E2F1;AKT1;RB1;CDC25A;BBC3;BCL2;BAX;CASP3;CASP9",141,"Limited observational concordance","HCC; malignant cell annotated observational concordance; not causal perturbation validation"
"GSE189903","GSE189903_HCC","1HT2","HCC tumour-region observational concordance; malignant status annotated separately","MALAT1 KO",0.606161877150698,0.5630632278396,-0.25494240385839,19,0.95,TRUE,"MALAT1","MALAT1","","PRKAA1;PPM1D;Mdm2;TP53;TP53INP1;CDKN1A;MYC;MALAT1;SIRT1;DFNA5;E2F1;AKT1;RB1;CDC25A;BBC3;BCL2;BAX;CASP3;CASP9",141,"Limited observational concordance","HCC; malignant cell annotated observational concordance; not causal perturbation validation"
"GSE189903","GSE189903_HCC","1HT2","HCC tumour-region observational concordance; malignant status annotated separately","SIRT1 OE",0.545361338673227,0.537472410208318,0.123675654222271,19,0.95,TRUE,"SIRT1","SIRT1","TP53","PRKAA1;PPM1D;Mdm2;TP53;TP53INP1;CDKN1A;MYC;MALAT1;SIRT1;DFNA5;E2F1;AKT1;RB1;CDC25A;BBC3;BCL2;BAX;CASP3;CASP9",141,"Limited observational concordance","HCC; malignant cell annotated observational concordance; not causal perturbation validation"
"GSE189903","GSE189903_HCC","1HT2","HCC tumour-region observational concordance; malignant status annotated separately","SIRT1 KO",0.512125569865341,0.510016775106152,-0.169659454271416,19,0.95,TRUE,"SIRT1","SIRT1","TP53","PRKAA1;PPM1D;Mdm2;TP53;TP53INP1;CDKN1A;MYC;MALAT1;SIRT1;DFNA5;E2F1;AKT1;RB1;CDC25A;BBC3;BCL2;BAX;CASP3;CASP9",141,"Limited observational concordance","HCC; malignant cell annotated observational concordance; not causal perturbation validation"
"GSE189903","GSE189903_HCC","1HT2","HCC tumour-region observational concordance; malignant status annotated separately","BCL2 KO",0.614440286041648,0.592291692884883,0.0688188084034918,19,0.95,TRUE,"BCL2","BCL2","BAX;CASP3","PRKAA1;PPM1D;Mdm2;TP53;TP53INP1;CDKN1A;MYC;MALAT1;SIRT1;DFNA5;E2F1;AKT1;RB1;CDC25A;BBC3;BCL2;BAX;CASP3;CASP9",141,"Limited observational concordance","HCC; malignant cell annotated observational concordance; not causal perturbation validation"
"GSE189903","GSE189903_HCC","1HT2","HCC tumour-region observational concordance; malignant status annotated separately","GSDME OE",0.620361338673227,0.603948428854151,0.126174759388563,19,0.95,TRUE,"DFNA5","DFNA5","","PRKAA1;PPM1D;Mdm2;TP53;TP53INP1;CDKN1A;MYC;MALAT1;SIRT1;DFNA5;E2F1;AKT1;RB1;CDC25A;BBC3;BCL2;BAX;CASP3;CASP9",141,"Limited observational concordance","HCC; malignant cell annotated observational concordance; not causal perturbation validation"
"GSE189903","GSE189903_HCC","1HT2","HCC tumour-region observational concordance; malignant status annotated separately","CASP3 OE",0.589440286041648,0.581506968486799,0.158111109275295,19,0.95,TRUE,"CASP3","CASP3","DFNA5;CDKN1A;CASP9","PRKAA1;PPM1D;Mdm2;TP53;TP53INP1;CDKN1A;MYC;MALAT1;SIRT1;DFNA5;E2F1;AKT1;RB1;CDC25A;BBC3;BCL2;BAX;CASP3;CASP9",141,"Limited observational concordance","HCC; malignant cell annotated observational concordance; not causal perturbation validation"
"GSE189903","GSE189903_HCC","1HT2","HCC tumour-region observational concordance; malignant status annotated separately","miR-204-5p OE + GSDME KO",0.58572571903031,0.559007112398218,-0.29343725598661,19,0.95,TRUE,"MIR204;DFNA5","DFNA5","SIRT1;BCL2;MYC;E2F1;CDC25A;AKT1","PRKAA1;PPM1D;Mdm2;TP53;TP53INP1;CDKN1A;MYC;MALAT1;SIRT1;DFNA5;E2F1;AKT1;RB1;CDC25A;BBC3;BCL2;BAX;CASP3;CASP9",141,"Limited observational concordance","HCC; malignant cell annotated observational concordance; not causal perturbation validation"
"GSE189903","GSE189903_HCC","1HT2","HCC tumour-region observational concordance; malignant status annotated separately","CASP3 OE + GSDME KO",0.588453443936385,0.574543489339629,0.12530377816341,19,0.95,TRUE,"CASP3;DFNA5","CASP3;DFNA5","DFNA5;CDKN1A;CASP9","PRKAA1;PPM1D;Mdm2;TP53;TP53INP1;CDKN1A;MYC;MALAT1;SIRT1;DFNA5;E2F1;AKT1;RB1;CDC25A;BBC3;BCL2;BAX;CASP3;CASP9",141,"Limited observational concordance","HCC; malignant cell annotated observational concordance; not causal perturbation validation"
"GSE189903","GSE189903_HCC","1HT2","HCC tumour-region observational concordance; malignant status annotated separately","SIRT1 KO + GSDME KO",0.522980833023236,0.516793685670826,-0.194886630391107,19,0.95,TRUE,"SIRT1;DFNA5","SIRT1;DFNA5","TP53","PRKAA1;PPM1D;Mdm2;TP53;TP53INP1;CDKN1A;MYC;MALAT1;SIRT1;DFNA5;E2F1;AKT1;RB1;CDC25A;BBC3;BCL2;BAX;CASP3;CASP9",141,"Limited observational concordance","HCC; malignant cell annotated observational concordance; not causal perturbation validation"
"GSE189903","GSE189903_HCC","1HT2","HCC tumour-region observational concordance; malignant status annotated separately","MALAT1 KO + GSDME KO",0.618003982413856,0.564495640498847,-0.156116741037148,19,0.95,TRUE,"MALAT1;DFNA5","MALAT1;DFNA5","","PRKAA1;PPM1D;Mdm2;TP53;TP53INP1;CDKN1A;MYC;MALAT1;SIRT1;DFNA5;E2F1;AKT1;RB1;CDC25A;BBC3;BCL2;BAX;CASP3;CASP9",141,"Limited observational concordance","HCC; malignant cell annotated observational concordance; not causal perturbation validation"
"GSE189903","GSE189903_HCC","1HT2","HCC tumour-region observational concordance; malignant status annotated separately","miR-204-5p OE + CASP3 KO",0.542303593299166,0.536334515512249,-0.254572230929814,19,0.95,TRUE,"MIR204;CASP3","CASP3","SIRT1;BCL2;MYC;E2F1;CDC25A;AKT1;DFNA5;CDKN1A;CASP9","PRKAA1;PPM1D;Mdm2;TP53;TP53INP1;CDKN1A;MYC;MALAT1;SIRT1;DFNA5;E2F1;AKT1;RB1;CDC25A;BBC3;BCL2;BAX;CASP3;CASP9",141,"Limited observational concordance","HCC; malignant cell annotated observational concordance; not causal perturbation validation"
"GSE189903","GSE189903_HCC","1HT2","HCC tumour-region observational concordance; malignant status annotated separately","GSDME E1 + CASP3 E1",0.617729759725859,0.595839785635925,0.158111109275295,19,0.95,TRUE,"DFNA5;CASP3","DFNA5;CASP3","DFNA5;CDKN1A;CASP9","PRKAA1;PPM1D;Mdm2;TP53;TP53INP1;CDKN1A;MYC;MALAT1;SIRT1;DFNA5;E2F1;AKT1;RB1;CDC25A;BBC3;BCL2;BAX;CASP3;CASP9",141,"Limited observational concordance","HCC; malignant cell annotated observational concordance; not causal perturbation validation"
"GSE189903","GSE189903_HCC","1HT2","HCC tumour-region observational concordance; malignant status annotated separately","p53 E1 + miR-204-5p E1 + CASP3 KO + p21 E1",0.511382540667587,0.489899573545875,-0.340275327530469,19,0.95,TRUE,"TP53;MIR204;CASP3;CDKN1A","TP53;CASP3;CDKN1A","Mdm2;SIRT1;BCL2;MYC;E2F1;CDC25A;AKT1;CASP3;DFNA5;CDKN1A;CASP9","PRKAA1;PPM1D;Mdm2;TP53;TP53INP1;CDKN1A;MYC;MALAT1;SIRT1;DFNA5;E2F1;AKT1;RB1;CDC25A;BBC3;BCL2;BAX;CASP3;CASP9",141,"Limited observational concordance","HCC; malignant cell annotated observational concordance; not causal perturbation validation"
"GSE189903","GSE189903_HCC","1HT2","HCC tumour-region observational concordance; malignant status annotated separately","MALAT1 E1 + miR-204-5p KO + SIRT1 E1",0.545361338673227,0.547359342019651,0.123675654222271,19,0.95,TRUE,"MALAT1;MIR204;SIRT1","MALAT1;SIRT1","SIRT1;BCL2;MYC;E2F1;CDC25A;AKT1;TP53","PRKAA1;PPM1D;Mdm2;TP53;TP53INP1;CDKN1A;MYC;MALAT1;SIRT1;DFNA5;E2F1;AKT1;RB1;CDC25A;BBC3;BCL2;BAX;CASP3;CASP9",141,"Limited observational concordance","HCC; malignant cell annotated observational concordance; not causal perturbation validation"
"GSE189903","GSE189903_HCC","1HT2","HCC tumour-region observational concordance; malignant status annotated separately","SIRT1 KO + GSDME KO + CASP3 E1",0.508178201444289,0.516328858220005,-0.088025354953866,19,0.95,TRUE,"SIRT1;DFNA5;CASP3","SIRT1;DFNA5;CASP3","DFNA5;CDKN1A;CASP9;TP53","PRKAA1;PPM1D;Mdm2;TP53;TP53INP1;CDKN1A;MYC;MALAT1;SIRT1;DFNA5;E2F1;AKT1;RB1;CDC25A;BBC3;BCL2;BAX;CASP3;CASP9",141,"Limited observational concordance","HCC; malignant cell annotated observational concordance; not causal perturbation validation"
"GSE189903","GSE189903_HCC","1HT2","HCC tumour-region observational concordance; malignant status annotated separately","BAX E1",0.619044476099978,0.612877802720086,0.302285622887714,19,0.95,TRUE,"BAX","BAX","CASP3","PRKAA1;PPM1D;Mdm2;TP53;TP53INP1;CDKN1A;MYC;MALAT1;SIRT1;DFNA5;E2F1;AKT1;RB1;CDC25A;BBC3;BCL2;BAX;CASP3;CASP9",141,"Limited observational concordance","HCC; malignant cell annotated observational concordance; not causal perturbation validation"
"GSE189903","GSE189903_HCC","1HT2","HCC tumour-region observational concordance; malignant status annotated separately","BAX E1 + GSDME KO",0.620689212942083,0.60153613317546,0.273571099124632,19,0.95,TRUE,"BAX;DFNA5","BAX;DFNA5","CASP3","PRKAA1;PPM1D;Mdm2;TP53;TP53INP1;CDKN1A;MYC;MALAT1;SIRT1;DFNA5;E2F1;AKT1;RB1;CDC25A;BBC3;BCL2;BAX;CASP3;CASP9",141,"Limited observational concordance","HCC; malignant cell annotated observational concordance; not causal perturbation validation"
"GSE189903","GSE189903_HCC","1HT2","HCC tumour-region observational concordance; malignant status annotated separately","p53 E1",0.750780802378147,0.718102914793904,0.122388129698333,19,0.95,TRUE,"TP53","TP53","Mdm2","PRKAA1;PPM1D;Mdm2;TP53;TP53INP1;CDKN1A;MYC;MALAT1;SIRT1;DFNA5;E2F1;AKT1;RB1;CDC25A;BBC3;BCL2;BAX;CASP3;CASP9",141,"Limited observational concordance","HCC; malignant cell annotated observational concordance; not causal perturbation validation"
"GSE189903","GSE189903_HCC","1HT2","HCC tumour-region observational concordance; malignant status annotated separately","p53 KO",0.545361338673227,0.548408575211579,0.123675654222271,19,0.95,TRUE,"TP53","TP53","Mdm2","PRKAA1;PPM1D;Mdm2;TP53;TP53INP1;CDKN1A;MYC;MALAT1;SIRT1;DFNA5;E2F1;AKT1;RB1;CDC25A;BBC3;BCL2;BAX;CASP3;CASP9",141,"Limited observational concordance","HCC; malignant cell annotated observational concordance; not causal perturbation validation"
"GSE189903","GSE189903_HCC","1HT2","HCC tumour-region observational concordance; malignant status annotated separately","p21 E1",0.557447256843894,0.510122675995565,-0.168188802998994,19,0.95,TRUE,"CDKN1A","CDKN1A","CASP3","PRKAA1;PPM1D;Mdm2;TP53;TP53INP1;CDKN1A;MYC;MALAT1;SIRT1;DFNA5;E2F1;AKT1;RB1;CDC25A;BBC3;BCL2;BAX;CASP3;CASP9",141,"Limited observational concordance","HCC; malignant cell annotated observational concordance; not causal perturbation validation"
"GSE189903","GSE189903_HCC","1HT3","HCC tumour-region observational concordance; malignant status annotated separately","Reference: DDR ON, GSDME endogenous",0.592187309033994,0.592187309033994,0.265512191328506,19,0.95,FALSE,"","","","PRKAA1;PPM1D;Mdm2;TP53;TP53INP1;CDKN1A;MYC;MALAT1;SIRT1;DFNA5;E2F1;AKT1;RB1;CDC25A;BBC3;BCL2;BAX;CASP3;CASP9",276,"Indirect only: perturbed node not measured","HCC; malignant cell annotated observational concordance; not causal perturbation validation"
"GSE189903","GSE189903_HCC","1HT3","HCC tumour-region observational concordance; malignant status annotated separately","GSDME KO",0.609292572191889,0.594389039620268,0.314946610410527,19,0.95,TRUE,"DFNA5","DFNA5","","PRKAA1;PPM1D;Mdm2;TP53;TP53INP1;CDKN1A;MYC;MALAT1;SIRT1;DFNA5;E2F1;AKT1;RB1;CDC25A;BBC3;BCL2;BAX;CASP3;CASP9",276,"Limited observational concordance","HCC; malignant cell annotated observational concordance; not causal perturbation validation"
"GSE189903","GSE189903_HCC","1HT3","HCC tumour-region observational concordance; malignant status annotated separately","CASP3 KO",0.604358361665573,0.59312299203293,0.244481522708426,19,0.95,TRUE,"CASP3","CASP3","DFNA5;CDKN1A;CASP9","PRKAA1;PPM1D;Mdm2;TP53;TP53INP1;CDKN1A;MYC;MALAT1;SIRT1;DFNA5;E2F1;AKT1;RB1;CDC25A;BBC3;BCL2;BAX;CASP3;CASP9",276,"Limited observational concordance","HCC; malignant cell annotated observational concordance; not causal perturbation validation"
"GSE189903","GSE189903_HCC","1HT3","HCC tumour-region observational concordance; malignant status annotated separately","miR-204-5p OE",0.612753730727136,0.584411119254422,-0.485052029519561,19,0.95,FALSE,"MIR204","","SIRT1;BCL2;MYC;E2F1;CDC25A;AKT1","PRKAA1;PPM1D;Mdm2;TP53;TP53INP1;CDKN1A;MYC;MALAT1;SIRT1;DFNA5;E2F1;AKT1;RB1;CDC25A;BBC3;BCL2;BAX;CASP3;CASP9",276,"Indirect only: perturbed node not measured","HCC; malignant cell annotated observational concordance; not causal perturbation validation"
"GSE189903","GSE189903_HCC","1HT3","HCC tumour-region observational concordance; malignant status annotated separately","miR-204-5p KO",0.54712151956031,0.537094070964037,0.415999927838549,19,0.95,FALSE,"MIR204","","SIRT1;BCL2;MYC;E2F1;CDC25A;AKT1","PRKAA1;PPM1D;Mdm2;TP53;TP53INP1;CDKN1A;MYC;MALAT1;SIRT1;DFNA5;E2F1;AKT1;RB1;CDC25A;BBC3;BCL2;BAX;CASP3;CASP9",276,"Indirect only: perturbed node not measured","HCC; malignant cell annotated observational concordance; not causal perturbation validation"
"GSE189903","GSE189903_HCC","1HT3","HCC tumour-region observational concordance; malignant status annotated separately","MALAT1 OE",0.54712151956031,0.560601255391066,0.415999927838549,19,0.95,TRUE,"MALAT1","MALAT1","","PRKAA1;PPM1D;Mdm2;TP53;TP53INP1;CDKN1A;MYC;MALAT1;SIRT1;DFNA5;E2F1;AKT1;RB1;CDC25A;BBC3;BCL2;BAX;CASP3;CASP9",276,"Limited observational concordance","HCC; malignant cell annotated observational concordance; not causal perturbation validation"
"GSE189903","GSE189903_HCC","1HT3","HCC tumour-region observational concordance; malignant status annotated separately","MALAT1 KO",0.614650686333729,0.579111104244695,0.00260677304558681,19,0.95,TRUE,"MALAT1","MALAT1","","PRKAA1;PPM1D;Mdm2;TP53;TP53INP1;CDKN1A;MYC;MALAT1;SIRT1;DFNA5;E2F1;AKT1;RB1;CDC25A;BBC3;BCL2;BAX;CASP3;CASP9",276,"Limited observational concordance","HCC; malignant cell annotated observational concordance; not causal perturbation validation"
"GSE189903","GSE189903_HCC","1HT3","HCC tumour-region observational concordance; malignant status annotated separately","SIRT1 OE",0.54712151956031,0.538926472680256,0.415999927838549,19,0.95,TRUE,"SIRT1","SIRT1","TP53","PRKAA1;PPM1D;Mdm2;TP53;TP53INP1;CDKN1A;MYC;MALAT1;SIRT1;DFNA5;E2F1;AKT1;RB1;CDC25A;BBC3;BCL2;BAX;CASP3;CASP9",276,"Limited observational concordance","HCC; malignant cell annotated observational concordance; not causal perturbation validation"
"GSE189903","GSE189903_HCC","1HT3","HCC tumour-region observational concordance; malignant status annotated separately","SIRT1 KO",0.5037027759037,0.50305881487697,-0.395872059966637,19,0.95,TRUE,"SIRT1","SIRT1","TP53","PRKAA1;PPM1D;Mdm2;TP53;TP53INP1;CDKN1A;MYC;MALAT1;SIRT1;DFNA5;E2F1;AKT1;RB1;CDC25A;BBC3;BCL2;BAX;CASP3;CASP9",276,"Limited observational concordance","HCC; malignant cell annotated observational concordance; not causal perturbation validation"
"GSE189903","GSE189903_HCC","1HT3","HCC tumour-region observational concordance; malignant status annotated separately","BCL2 KO",0.616200466928731,0.598200062375443,0.299257545633366,19,0.95,TRUE,"BCL2","BCL2","BAX;CASP3","PRKAA1;PPM1D;Mdm2;TP53;TP53INP1;CDKN1A;MYC;MALAT1;SIRT1;DFNA5;E2F1;AKT1;RB1;CDC25A;BBC3;BCL2;BAX;CASP3;CASP9",276,"Limited observational concordance","HCC; malignant cell annotated observational concordance; not causal perturbation validation"
"GSE189903","GSE189903_HCC","1HT3","HCC tumour-region observational concordance; malignant status annotated separately","GSDME OE",0.62212151956031,0.605468585074813,0.357582409387504,19,0.95,TRUE,"DFNA5","DFNA5","","PRKAA1;PPM1D;Mdm2;TP53;TP53INP1;CDKN1A;MYC;MALAT1;SIRT1;DFNA5;E2F1;AKT1;RB1;CDC25A;BBC3;BCL2;BAX;CASP3;CASP9",276,"Limited observational concordance","HCC; malignant cell annotated observational concordance; not causal perturbation validation"
"GSE189903","GSE189903_HCC","1HT3","HCC tumour-region observational concordance; malignant status annotated separately","CASP3 OE",0.591200466928731,0.58362299203293,0.375906544568416,19,0.95,TRUE,"CASP3","CASP3","DFNA5;CDKN1A;CASP9","PRKAA1;PPM1D;Mdm2;TP53;TP53INP1;CDKN1A;MYC;MALAT1;SIRT1;DFNA5;E2F1;AKT1;RB1;CDC25A;BBC3;BCL2;BAX;CASP3;CASP9",276,"Limited observational concordance","HCC; malignant cell annotated observational concordance; not causal perturbation validation"
"GSE189903","GSE189903_HCC","1HT3","HCC tumour-region observational concordance; malignant status annotated separately","miR-204-5p OE + GSDME KO",0.586108993885031,0.557286713620019,-0.494967748777414,19,0.95,TRUE,"MIR204;DFNA5","DFNA5","SIRT1;BCL2;MYC;E2F1;CDC25A;AKT1","PRKAA1;PPM1D;Mdm2;TP53;TP53INP1;CDKN1A;MYC;MALAT1;SIRT1;DFNA5;E2F1;AKT1;RB1;CDC25A;BBC3;BCL2;BAX;CASP3;CASP9",276,"Limited observational concordance","HCC; malignant cell annotated observational concordance; not causal perturbation validation"
"GSE189903","GSE189903_HCC","1HT3","HCC tumour-region observational concordance; malignant status annotated separately","CASP3 OE + GSDME KO",0.590213624823468,0.576502770400861,0.343405751870433,19,0.95,TRUE,"CASP3;DFNA5","CASP3;DFNA5","DFNA5;CDKN1A;CASP9","PRKAA1;PPM1D;Mdm2;TP53;TP53INP1;CDKN1A;MYC;MALAT1;SIRT1;DFNA5;E2F1;AKT1;RB1;CDC25A;BBC3;BCL2;BAX;CASP3;CASP9",276,"Limited observational concordance","HCC; malignant cell annotated observational concordance; not causal perturbation validation"
"GSE189903","GSE189903_HCC","1HT3","HCC tumour-region observational concordance; malignant status annotated separately","SIRT1 KO + GSDME KO",0.514558039061595,0.51063856700655,-0.425207193580598,19,0.95,TRUE,"SIRT1;DFNA5","SIRT1;DFNA5","TP53","PRKAA1;PPM1D;Mdm2;TP53;TP53INP1;CDKN1A;MYC;MALAT1;SIRT1;DFNA5;E2F1;AKT1;RB1;CDC25A;BBC3;BCL2;BAX;CASP3;CASP9",276,"Limited observational concordance","HCC; malignant cell annotated observational concordance; not causal perturbation validation"
"GSE189903","GSE189903_HCC","1HT3","HCC tumour-region observational concordance; malignant status annotated separately","MALAT1 KO + GSDME KO",0.626492791596887,0.578617771735332,0.0603651398676971,19,0.95,TRUE,"MALAT1;DFNA5","MALAT1;DFNA5","","PRKAA1;PPM1D;Mdm2;TP53;TP53INP1;CDKN1A;MYC;MALAT1;SIRT1;DFNA5;E2F1;AKT1;RB1;CDC25A;BBC3;BCL2;BAX;CASP3;CASP9",276,"Limited observational concordance","HCC; malignant cell annotated observational concordance; not causal perturbation validation"
"GSE189903","GSE189903_HCC","1HT3","HCC tumour-region observational concordance; malignant status annotated separately","miR-204-5p OE + CASP3 KO",0.531832678095557,0.527500388780102,-0.499715860714079,19,0.95,TRUE,"MIR204;CASP3","CASP3","SIRT1;BCL2;MYC;E2F1;CDC25A;AKT1;DFNA5;CDKN1A;CASP9","PRKAA1;PPM1D;Mdm2;TP53;TP53INP1;CDKN1A;MYC;MALAT1;SIRT1;DFNA5;E2F1;AKT1;RB1;CDC25A;BBC3;BCL2;BAX;CASP3;CASP9",276,"Limited observational concordance","HCC; malignant cell annotated observational concordance; not causal perturbation validation"
"GSE189903","GSE189903_HCC","1HT3","HCC tumour-region observational concordance; malignant status annotated separately","GSDME E1 + CASP3 E1",0.619489940612941,0.597799066697157,0.375906544568416,19,0.95,TRUE,"DFNA5;CASP3","DFNA5;CASP3","DFNA5;CDKN1A;CASP9","PRKAA1;PPM1D;Mdm2;TP53;TP53INP1;CDKN1A;MYC;MALAT1;SIRT1;DFNA5;E2F1;AKT1;RB1;CDC25A;BBC3;BCL2;BAX;CASP3;CASP9",276,"Limited observational concordance","HCC; malignant cell annotated observational concordance; not causal perturbation validation"
"GSE189903","GSE189903_HCC","1HT3","HCC tumour-region observational concordance; malignant status annotated separately","p53 E1 + miR-204-5p E1 + CASP3 KO + p21 E1",0.500911625463978,0.47981048934037,-0.556059681574181,19,0.95,TRUE,"TP53;MIR204;CASP3;CDKN1A","TP53;CASP3;CDKN1A","Mdm2;SIRT1;BCL2;MYC;E2F1;CDC25A;AKT1;CASP3;DFNA5;CDKN1A;CASP9","PRKAA1;PPM1D;Mdm2;TP53;TP53INP1;CDKN1A;MYC;MALAT1;SIRT1;DFNA5;E2F1;AKT1;RB1;CDC25A;BBC3;BCL2;BAX;CASP3;CASP9",276,"Limited observational concordance","HCC; malignant cell annotated observational concordance; not causal perturbation validation"
"GSE189903","GSE189903_HCC","1HT3","HCC tumour-region observational concordance; malignant status annotated separately","MALAT1 E1 + miR-204-5p KO + SIRT1 E1",0.54712151956031,0.544040984550274,0.415999927838549,19,0.95,TRUE,"MALAT1;MIR204;SIRT1","MALAT1;SIRT1","SIRT1;BCL2;MYC;E2F1;CDC25A;AKT1;TP53","PRKAA1;PPM1D;Mdm2;TP53;TP53INP1;CDKN1A;MYC;MALAT1;SIRT1;DFNA5;E2F1;AKT1;RB1;CDC25A;BBC3;BCL2;BAX;CASP3;CASP9",276,"Limited observational concordance","HCC; malignant cell annotated observational concordance; not causal perturbation validation"
"GSE189903","GSE189903_HCC","1HT3","HCC tumour-region observational concordance; malignant status annotated separately","SIRT1 KO + GSDME KO + CASP3 E1",0.499755407482648,0.511794150688635,-0.296085284844822,19,0.95,TRUE,"SIRT1;DFNA5;CASP3","SIRT1;DFNA5;CASP3","DFNA5;CDKN1A;CASP9;TP53","PRKAA1;PPM1D;Mdm2;TP53;TP53INP1;CDKN1A;MYC;MALAT1;SIRT1;DFNA5;E2F1;AKT1;RB1;CDC25A;BBC3;BCL2;BAX;CASP3;CASP9",276,"Limited observational concordance","HCC; malignant cell annotated observational concordance; not causal perturbation validation"
"GSE189903","GSE189903_HCC","1HT3","HCC tumour-region observational concordance; malignant status annotated separately","BAX E1",0.609398611627179,0.590775901948791,0.180118376332058,19,0.95,TRUE,"BAX","BAX","CASP3","PRKAA1;PPM1D;Mdm2;TP53;TP53INP1;CDKN1A;MYC;MALAT1;SIRT1;DFNA5;E2F1;AKT1;RB1;CDC25A;BBC3;BCL2;BAX;CASP3;CASP9",276,"Limited observational concordance","HCC; malignant cell annotated observational concordance; not causal perturbation validation"
"GSE189903","GSE189903_HCC","1HT3","HCC tumour-region observational concordance; malignant status annotated separately","BAX E1 + GSDME KO",0.611043348469285,0.581984451723931,0.151403852568976,19,0.95,TRUE,"BAX;DFNA5","BAX;DFNA5","CASP3","PRKAA1;PPM1D;Mdm2;TP53;TP53INP1;CDKN1A;MYC;MALAT1;SIRT1;DFNA5;E2F1;AKT1;RB1;CDC25A;BBC3;BCL2;BAX;CASP3;CASP9",276,"Limited observational concordance","HCC; malignant cell annotated observational concordance; not causal perturbation validation"
"GSE189903","GSE189903_HCC","1HT3","HCC tumour-region observational concordance; malignant status annotated separately","p53 E1",0.759601252516309,0.722757900416309,0.340900841949433,19,0.95,TRUE,"TP53","TP53","Mdm2","PRKAA1;PPM1D;Mdm2;TP53;TP53INP1;CDKN1A;MYC;MALAT1;SIRT1;DFNA5;E2F1;AKT1;RB1;CDC25A;BBC3;BCL2;BAX;CASP3;CASP9",276,"Limited observational concordance","HCC; malignant cell annotated observational concordance; not causal perturbation validation"
"GSE189903","GSE189903_HCC","1HT3","HCC tumour-region observational concordance; malignant status annotated separately","p53 KO",0.54712151956031,0.547231164496136,0.415999927838549,19,0.95,TRUE,"TP53","TP53","Mdm2","PRKAA1;PPM1D;Mdm2;TP53;TP53INP1;CDKN1A;MYC;MALAT1;SIRT1;DFNA5;E2F1;AKT1;RB1;CDC25A;BBC3;BCL2;BAX;CASP3;CASP9",276,"Limited observational concordance","HCC; malignant cell annotated observational concordance; not causal perturbation validation"
"GSE189903","GSE189903_HCC","1HT3","HCC tumour-region observational concordance; malignant status annotated separately","p21 E1",0.557159316489008,0.50734692285909,0.0355181323103465,19,0.95,TRUE,"CDKN1A","CDKN1A","CASP3","PRKAA1;PPM1D;Mdm2;TP53;TP53INP1;CDKN1A;MYC;MALAT1;SIRT1;DFNA5;E2F1;AKT1;RB1;CDC25A;BBC3;BCL2;BAX;CASP3;CASP9",276,"Limited observational concordance","HCC; malignant cell annotated observational concordance; not causal perturbation validation"
"GSE189903","GSE189903_HCC","2HT2","HCC tumour-region observational concordance; malignant status annotated separately","Reference: DDR ON, GSDME endogenous",0.502104977617736,0.502104977617736,-0.352789466101836,19,0.95,FALSE,"","","","PRKAA1;PPM1D;Mdm2;TP53;TP53INP1;CDKN1A;MYC;MALAT1;SIRT1;DFNA5;E2F1;AKT1;RB1;CDC25A;BBC3;BCL2;BAX;CASP3;CASP9",24,"Indirect only: perturbed node not measured","HCC; malignant cell annotated observational concordance; not causal perturbation validation"
"GSE189903","GSE189903_HCC","2HT2","HCC tumour-region observational concordance; malignant status annotated separately","GSDME KO",0.516578661828262,0.514317935215317,-0.368398447784693,19,0.95,TRUE,"DFNA5","DFNA5","","PRKAA1;PPM1D;Mdm2;TP53;TP53INP1;CDKN1A;MYC;MALAT1;SIRT1;DFNA5;E2F1;AKT1;RB1;CDC25A;BBC3;BCL2;BAX;CASP3;CASP9",24,"Limited observational concordance","HCC; malignant cell annotated observational concordance; not causal perturbation validation"
"GSE189903","GSE189903_HCC","2HT2","HCC tumour-region observational concordance; malignant status annotated separately","CASP3 KO",0.511644451301946,0.50679783354701,-0.306521995137661,19,0.95,TRUE,"CASP3","CASP3","DFNA5;CDKN1A;CASP9","PRKAA1;PPM1D;Mdm2;TP53;TP53INP1;CDKN1A;MYC;MALAT1;SIRT1;DFNA5;E2F1;AKT1;RB1;CDC25A;BBC3;BCL2;BAX;CASP3;CASP9",24,"Limited observational concordance","HCC; malignant cell annotated observational concordance; not causal perturbation validation"
"GSE189903","GSE189903_HCC","2HT2","HCC tumour-region observational concordance; malignant status annotated separately","miR-204-5p OE",0.631448579726861,0.614304443987923,0.0304516969205106,19,0.95,FALSE,"MIR204","","SIRT1;BCL2;MYC;E2F1;CDC25A;AKT1","PRKAA1;PPM1D;Mdm2;TP53;TP53INP1;CDKN1A;MYC;MALAT1;SIRT1;DFNA5;E2F1;AKT1;RB1;CDC25A;BBC3;BCL2;BAX;CASP3;CASP9",24,"Indirect only: perturbed node not measured","HCC; malignant cell annotated observational concordance; not causal perturbation validation"
"GSE189903","GSE189903_HCC","2HT2","HCC tumour-region observational concordance; malignant status annotated separately","miR-204-5p KO",0.46417076709142,0.458366259593971,-0.348540480080946,19,0.95,FALSE,"MIR204","","SIRT1;BCL2;MYC;E2F1;CDC25A;AKT1","PRKAA1;PPM1D;Mdm2;TP53;TP53INP1;CDKN1A;MYC;MALAT1;SIRT1;DFNA5;E2F1;AKT1;RB1;CDC25A;BBC3;BCL2;BAX;CASP3;CASP9",24,"Indirect only: perturbed node not measured","HCC; malignant cell annotated observational concordance; not causal perturbation validation"
"GSE189903","GSE189903_HCC","2HT2","HCC tumour-region observational concordance; malignant status annotated separately","MALAT1 OE",0.46417076709142,0.537102026124408,-0.348540480080946,19,0.95,TRUE,"MALAT1","MALAT1","","PRKAA1;PPM1D;Mdm2;TP53;TP53INP1;CDKN1A;MYC;MALAT1;SIRT1;DFNA5;E2F1;AKT1;RB1;CDC25A;BBC3;BCL2;BAX;CASP3;CASP9",24,"Limited observational concordance","HCC; malignant cell annotated observational concordance; not causal perturbation validation"
"GSE189903","GSE189903_HCC","2HT2","HCC tumour-region observational concordance; malignant status annotated separately","MALAT1 KO",0.494539188144052,0.427238389760772,-0.583395807602329,19,0.95,TRUE,"MALAT1","MALAT1","","PRKAA1;PPM1D;Mdm2;TP53;TP53INP1;CDKN1A;MYC;MALAT1;SIRT1;DFNA5;E2F1;AKT1;RB1;CDC25A;BBC3;BCL2;BAX;CASP3;CASP9",24,"Limited observational concordance","HCC; malignant cell annotated observational concordance; not causal perturbation validation"
"GSE189903","GSE189903_HCC","2HT2","HCC tumour-region observational concordance; malignant status annotated separately","SIRT1 OE",0.46417076709142,0.470401938032042,-0.348540480080946,19,0.95,TRUE,"SIRT1","SIRT1","TP53","PRKAA1;PPM1D;Mdm2;TP53;TP53INP1;CDKN1A;MYC;MALAT1;SIRT1;DFNA5;E2F1;AKT1;RB1;CDC25A;BBC3;BCL2;BAX;CASP3;CASP9",24,"Limited observational concordance","HCC; malignant cell annotated observational concordance; not causal perturbation validation"
"GSE189903","GSE189903_HCC","2HT2","HCC tumour-region observational concordance; malignant status annotated separately","SIRT1 KO",0.516885613754551,0.513948985275499,-0.0195760908774711,19,0.95,TRUE,"SIRT1","SIRT1","TP53","PRKAA1;PPM1D;Mdm2;TP53;TP53INP1;CDKN1A;MYC;MALAT1;SIRT1;DFNA5;E2F1;AKT1;RB1;CDC25A;BBC3;BCL2;BAX;CASP3;CASP9",24,"Limited observational concordance","HCC; malignant cell annotated observational concordance; not causal perturbation validation"
"GSE189903","GSE189903_HCC","2HT2","HCC tumour-region observational concordance; malignant status annotated separately","BCL2 KO",0.52217076709142,0.51211844797808,-0.335752368271581,19,0.95,TRUE,"BCL2","BCL2","BAX;CASP3","PRKAA1;PPM1D;Mdm2;TP53;TP53INP1;CDKN1A;MYC;MALAT1;SIRT1;DFNA5;E2F1;AKT1;RB1;CDC25A;BBC3;BCL2;BAX;CASP3;CASP9",24,"Limited observational concordance","HCC; malignant cell annotated observational concordance; not causal perturbation validation"
"GSE189903","GSE189903_HCC","2HT2","HCC tumour-region observational concordance; malignant status annotated separately","GSDME OE",0.527433924986157,0.523692935215317,-0.426690576355514,19,0.95,TRUE,"DFNA5","DFNA5","","PRKAA1;PPM1D;Mdm2;TP53;TP53INP1;CDKN1A;MYC;MALAT1;SIRT1;DFNA5;E2F1;AKT1;RB1;CDC25A;BBC3;BCL2;BAX;CASP3;CASP9",24,"Limited observational concordance","HCC; malignant cell annotated observational concordance; not causal perturbation validation"
"GSE189903","GSE189903_HCC","2HT2","HCC tumour-region observational concordance; malignant status annotated separately","CASP3 OE",0.501118135512473,0.49929783354701,-0.459674019681155,19,0.95,TRUE,"CASP3","CASP3","DFNA5;CDKN1A;CASP9","PRKAA1;PPM1D;Mdm2;TP53;TP53INP1;CDKN1A;MYC;MALAT1;SIRT1;DFNA5;E2F1;AKT1;RB1;CDC25A;BBC3;BCL2;BAX;CASP3;CASP9",24,"Limited observational concordance","HCC; malignant cell annotated observational concordance; not causal perturbation validation"
"GSE189903","GSE189903_HCC","2HT2","HCC tumour-region observational concordance; malignant status annotated separately","miR-204-5p OE + GSDME KO",0.604803842884756,0.583977182132074,0.0531508991975747,19,0.95,TRUE,"MIR204;DFNA5","DFNA5","SIRT1;BCL2;MYC;E2F1;CDC25A;AKT1","PRKAA1;PPM1D;Mdm2;TP53;TP53INP1;CDKN1A;MYC;MALAT1;SIRT1;DFNA5;E2F1;AKT1;RB1;CDC25A;BBC3;BCL2;BAX;CASP3;CASP9",24,"Limited observational concordance","HCC; malignant cell annotated observational concordance; not causal perturbation validation"
"GSE189903","GSE189903_HCC","2HT2","HCC tumour-region observational concordance; malignant status annotated separately","CASP3 OE + GSDME KO",0.500131293407209,0.498423919950935,-0.408416917110027,19,0.95,TRUE,"CASP3;DFNA5","CASP3;DFNA5","DFNA5;CDKN1A;CASP9","PRKAA1;PPM1D;Mdm2;TP53;TP53INP1;CDKN1A;MYC;MALAT1;SIRT1;DFNA5;E2F1;AKT1;RB1;CDC25A;BBC3;BCL2;BAX;CASP3;CASP9",24,"Limited observational concordance","HCC; malignant cell annotated observational concordance; not causal perturbation validation"
"GSE189903","GSE189903_HCC","2HT2","HCC tumour-region observational concordance; malignant status annotated separately","SIRT1 KO + GSDME KO",0.527740876912446,0.520272179282172,0.0166096559992421,19,0.95,TRUE,"SIRT1;DFNA5","SIRT1;DFNA5","TP53","PRKAA1;PPM1D;Mdm2;TP53;TP53INP1;CDKN1A;MYC;MALAT1;SIRT1;DFNA5;E2F1;AKT1;RB1;CDC25A;BBC3;BCL2;BAX;CASP3;CASP9",24,"Limited observational concordance","HCC; malignant cell annotated observational concordance; not causal perturbation validation"
"GSE189903","GSE189903_HCC","2HT2","HCC tumour-region observational concordance; malignant status annotated separately","MALAT1 KO + GSDME KO",0.506381293407209,0.444969782989479,-0.588039724573256,19,0.95,TRUE,"MALAT1;DFNA5","MALAT1;DFNA5","","PRKAA1;PPM1D;Mdm2;TP53;TP53INP1;CDKN1A;MYC;MALAT1;SIRT1;DFNA5;E2F1;AKT1;RB1;CDC25A;BBC3;BCL2;BAX;CASP3;CASP9",24,"Limited observational concordance","HCC; malignant cell annotated observational concordance; not causal perturbation validation"
"GSE189903","GSE189903_HCC","2HT2","HCC tumour-region observational concordance; malignant status annotated separately","miR-204-5p OE + CASP3 KO",0.550527527095283,0.553026205278592,0.0954645865986801,19,0.95,TRUE,"MIR204;CASP3","CASP3","SIRT1;BCL2;MYC;E2F1;CDC25A;AKT1;DFNA5;CDKN1A;CASP9","PRKAA1;PPM1D;Mdm2;TP53;TP53INP1;CDKN1A;MYC;MALAT1;SIRT1;DFNA5;E2F1;AKT1;RB1;CDC25A;BBC3;BCL2;BAX;CASP3;CASP9",24,"Limited observational concordance","HCC; malignant cell annotated observational concordance; not causal perturbation validation"
"GSE189903","GSE189903_HCC","2HT2","HCC tumour-region observational concordance; malignant status annotated separately","GSDME E1 + CASP3 E1",0.524144451301946,0.516016512543527,-0.459674019681155,19,0.95,TRUE,"DFNA5;CASP3","DFNA5;CASP3","DFNA5;CDKN1A;CASP9","PRKAA1;PPM1D;Mdm2;TP53;TP53INP1;CDKN1A;MYC;MALAT1;SIRT1;DFNA5;E2F1;AKT1;RB1;CDC25A;BBC3;BCL2;BAX;CASP3;CASP9",24,"Limited observational concordance","HCC; malignant cell annotated observational concordance; not causal perturbation validation"
"GSE189903","GSE189903_HCC","2HT2","HCC tumour-region observational concordance; malignant status annotated separately","p53 E1 + miR-204-5p E1 + CASP3 KO + p21 E1",0.538164236154413,0.532355941433773,0.132790371719207,19,0.95,TRUE,"TP53;MIR204;CASP3;CDKN1A","TP53;CASP3;CDKN1A","Mdm2;SIRT1;BCL2;MYC;E2F1;CDC25A;AKT1;CASP3;DFNA5;CDKN1A;CASP9","PRKAA1;PPM1D;Mdm2;TP53;TP53INP1;CDKN1A;MYC;MALAT1;SIRT1;DFNA5;E2F1;AKT1;RB1;CDC25A;BBC3;BCL2;BAX;CASP3;CASP9",24,"Limited observational concordance","HCC; malignant cell annotated observational concordance; not causal perturbation validation"
"GSE189903","GSE189903_HCC","2HT2","HCC tumour-region observational concordance; malignant status annotated separately","MALAT1 E1 + miR-204-5p KO + SIRT1 E1",0.46417076709142,0.514714725479009,-0.348540480080946,19,0.95,TRUE,"MALAT1;MIR204;SIRT1","MALAT1;SIRT1","SIRT1;BCL2;MYC;E2F1;CDC25A;AKT1;TP53","PRKAA1;PPM1D;Mdm2;TP53;TP53INP1;CDKN1A;MYC;MALAT1;SIRT1;DFNA5;E2F1;AKT1;RB1;CDC25A;BBC3;BCL2;BAX;CASP3;CASP9",24,"Limited observational concordance","HCC; malignant cell annotated observational concordance; not causal perturbation validation"
"GSE189903","GSE189903_HCC","2HT2","HCC tumour-region observational concordance; malignant status annotated separately","SIRT1 KO + GSDME KO + CASP3 E1",0.512938245333499,0.507081545976604,-0.0583025078265866,19,0.95,TRUE,"SIRT1;DFNA5;CASP3","SIRT1;DFNA5;CASP3","DFNA5;CDKN1A;CASP9;TP53","PRKAA1;PPM1D;Mdm2;TP53;TP53INP1;CDKN1A;MYC;MALAT1;SIRT1;DFNA5;E2F1;AKT1;RB1;CDC25A;BBC3;BCL2;BAX;CASP3;CASP9",24,"Limited observational concordance","HCC; malignant cell annotated observational concordance; not causal perturbation validation"
"GSE189903","GSE189903_HCC","2HT2","HCC tumour-region observational concordance; malignant status annotated separately","BAX E1",0.546094643224373,0.57492407352401,-0.167588402326349,19,0.95,TRUE,"BAX","BAX","CASP3","PRKAA1;PPM1D;Mdm2;TP53;TP53INP1;CDKN1A;MYC;MALAT1;SIRT1;DFNA5;E2F1;AKT1;RB1;CDC25A;BBC3;BCL2;BAX;CASP3;CASP9",24,"Limited observational concordance","HCC; malignant cell annotated observational concordance; not causal perturbation validation"
"GSE189903","GSE189903_HCC","2HT2","HCC tumour-region observational concordance; malignant status annotated separately","BAX E1 + GSDME KO",0.547081485329636,0.567480911194317,-0.146183030066597,19,0.95,TRUE,"BAX;DFNA5","BAX;DFNA5","CASP3","PRKAA1;PPM1D;Mdm2;TP53;TP53INP1;CDKN1A;MYC;MALAT1;SIRT1;DFNA5;E2F1;AKT1;RB1;CDC25A;BBC3;BCL2;BAX;CASP3;CASP9",24,"Limited observational concordance","HCC; malignant cell annotated observational concordance; not causal perturbation validation"
"GSE189903","GSE189903_HCC","2HT2","HCC tumour-region observational concordance; malignant status annotated separately","p53 E1",0.661644451301946,0.626817809903471,-0.409186064527902,19,0.95,TRUE,"TP53","TP53","Mdm2","PRKAA1;PPM1D;Mdm2;TP53;TP53INP1;CDKN1A;MYC;MALAT1;SIRT1;DFNA5;E2F1;AKT1;RB1;CDC25A;BBC3;BCL2;BAX;CASP3;CASP9",24,"Limited observational concordance","HCC; malignant cell annotated observational concordance; not causal perturbation validation"
"GSE189903","GSE189903_HCC","2HT2","HCC tumour-region observational concordance; malignant status annotated separately","p53 KO",0.46417076709142,0.463687375120862,-0.348540480080946,19,0.95,TRUE,"TP53","TP53","Mdm2","PRKAA1;PPM1D;Mdm2;TP53;TP53INP1;CDKN1A;MYC;MALAT1;SIRT1;DFNA5;E2F1;AKT1;RB1;CDC25A;BBC3;BCL2;BAX;CASP3;CASP9",24,"Limited observational concordance","HCC; malignant cell annotated observational concordance; not causal perturbation validation"
"GSE189903","GSE189903_HCC","2HT2","HCC tumour-region observational concordance; malignant status annotated separately","p21 E1",0.508820634045287,0.519140793697637,-0.195349727706906,19,0.95,TRUE,"CDKN1A","CDKN1A","CASP3","PRKAA1;PPM1D;Mdm2;TP53;TP53INP1;CDKN1A;MYC;MALAT1;SIRT1;DFNA5;E2F1;AKT1;RB1;CDC25A;BBC3;BCL2;BAX;CASP3;CASP9",24,"Limited observational concordance","HCC; malignant cell annotated observational concordance; not causal perturbation validation"
"GSE189903","GSE189903_HCC","3HT2","HCC tumour-region observational concordance; malignant status annotated separately","Reference: DDR ON, GSDME endogenous",0.558008188639615,0.558008188639615,0.00998956759453784,19,0.95,FALSE,"","","","PRKAA1;PPM1D;Mdm2;TP53;TP53INP1;CDKN1A;MYC;MALAT1;SIRT1;DFNA5;E2F1;AKT1;RB1;CDC25A;BBC3;BCL2;BAX;CASP3;CASP9",23,"Indirect only: perturbed node not measured","HCC; malignant cell annotated observational concordance; not causal perturbation validation"
"GSE189903","GSE189903_HCC","3HT2","HCC tumour-region observational concordance; malignant status annotated separately","GSDME KO",0.574450884691537,0.564298491324509,0.0424470473265436,19,0.95,TRUE,"DFNA5","DFNA5","","PRKAA1;PPM1D;Mdm2;TP53;TP53INP1;CDKN1A;MYC;MALAT1;SIRT1;DFNA5;E2F1;AKT1;RB1;CDC25A;BBC3;BCL2;BAX;CASP3;CASP9",23,"Limited observational concordance","HCC; malignant cell annotated observational concordance; not causal perturbation validation"
"GSE189903","GSE189903_HCC","3HT2","HCC tumour-region observational concordance; malignant status annotated separately","CASP3 KO",0.569516674165221,0.558317110163636,-0.0226079687665856,19,0.95,TRUE,"CASP3","CASP3","DFNA5;CDKN1A;CASP9","PRKAA1;PPM1D;Mdm2;TP53;TP53INP1;CDKN1A;MYC;MALAT1;SIRT1;DFNA5;E2F1;AKT1;RB1;CDC25A;BBC3;BCL2;BAX;CASP3;CASP9",23,"Limited observational concordance","HCC; malignant cell annotated observational concordance; not causal perturbation validation"
"GSE189903","GSE189903_HCC","3HT2","HCC tumour-region observational concordance; malignant status annotated separately","miR-204-5p OE",0.622226068246554,0.605374392961277,-0.28929112074485,19,0.95,FALSE,"MIR204","","SIRT1;BCL2;MYC;E2F1;CDC25A;AKT1","PRKAA1;PPM1D;Mdm2;TP53;TP53INP1;CDKN1A;MYC;MALAT1;SIRT1;DFNA5;E2F1;AKT1;RB1;CDC25A;BBC3;BCL2;BAX;CASP3;CASP9",23,"Indirect only: perturbed node not measured","HCC; malignant cell annotated observational concordance; not causal perturbation validation"
"GSE189903","GSE189903_HCC","3HT2","HCC tumour-region observational concordance; malignant status annotated separately","miR-204-5p KO",0.512942399165931,0.497353642272211,0.101189171636404,19,0.95,FALSE,"MIR204","","SIRT1;BCL2;MYC;E2F1;CDC25A;AKT1","PRKAA1;PPM1D;Mdm2;TP53;TP53INP1;CDKN1A;MYC;MALAT1;SIRT1;DFNA5;E2F1;AKT1;RB1;CDC25A;BBC3;BCL2;BAX;CASP3;CASP9",23,"Indirect only: perturbed node not measured","HCC; malignant cell annotated observational concordance; not causal perturbation validation"
"GSE189903","GSE189903_HCC","3HT2","HCC tumour-region observational concordance; malignant status annotated separately","MALAT1 OE",0.512942399165931,0.567433579394223,0.101189171636404,19,0.95,TRUE,"MALAT1","MALAT1","","PRKAA1;PPM1D;Mdm2;TP53;TP53INP1;CDKN1A;MYC;MALAT1;SIRT1;DFNA5;E2F1;AKT1;RB1;CDC25A;BBC3;BCL2;BAX;CASP3;CASP9",23,"Limited observational concordance","HCC; malignant cell annotated observational concordance; not causal perturbation validation"
"GSE189903","GSE189903_HCC","3HT2","HCC tumour-region observational concordance; malignant status annotated separately","MALAT1 KO",0.552411411007326,0.48900834757359,-0.234088219493696,19,0.95,TRUE,"MALAT1","MALAT1","","PRKAA1;PPM1D;Mdm2;TP53;TP53INP1;CDKN1A;MYC;MALAT1;SIRT1;DFNA5;E2F1;AKT1;RB1;CDC25A;BBC3;BCL2;BAX;CASP3;CASP9",23,"Limited observational concordance","HCC; malignant cell annotated observational concordance; not causal perturbation validation"
"GSE189903","GSE189903_HCC","3HT2","HCC tumour-region observational concordance; malignant status annotated separately","SIRT1 OE",0.512942399165931,0.510691547137073,0.101189171636404,19,0.95,TRUE,"SIRT1","SIRT1","TP53","PRKAA1;PPM1D;Mdm2;TP53;TP53INP1;CDKN1A;MYC;MALAT1;SIRT1;DFNA5;E2F1;AKT1;RB1;CDC25A;BBC3;BCL2;BAX;CASP3;CASP9",23,"Limited observational concordance","HCC; malignant cell annotated observational concordance; not causal perturbation validation"
"GSE189903","GSE189903_HCC","3HT2","HCC tumour-region observational concordance; malignant status annotated separately","SIRT1 KO",0.491264062451996,0.492783355938606,-0.221862363278006,19,0.95,TRUE,"SIRT1","SIRT1","TP53","PRKAA1;PPM1D;Mdm2;TP53;TP53INP1;CDKN1A;MYC;MALAT1;SIRT1;DFNA5;E2F1;AKT1;RB1;CDC25A;BBC3;BCL2;BAX;CASP3;CASP9",23,"Limited observational concordance","HCC; malignant cell annotated observational concordance; not causal perturbation validation"
"GSE189903","GSE189903_HCC","3HT2","HCC tumour-region observational concordance; malignant status annotated separately","BCL2 KO",0.580042989954695,0.572496892223679,0.0135552198370514,19,0.95,TRUE,"BCL2","BCL2","BAX;CASP3","PRKAA1;PPM1D;Mdm2;TP53;TP53INP1;CDKN1A;MYC;MALAT1;SIRT1;DFNA5;E2F1;AKT1;RB1;CDC25A;BBC3;BCL2;BAX;CASP3;CASP9",23,"Limited observational concordance","HCC; malignant cell annotated observational concordance; not causal perturbation validation"
"GSE189903","GSE189903_HCC","3HT2","HCC tumour-region observational concordance; malignant status annotated separately","GSDME OE",0.585306147849432,0.573673491324509,0.119892198755107,19,0.95,TRUE,"DFNA5","DFNA5","","PRKAA1;PPM1D;Mdm2;TP53;TP53INP1;CDKN1A;MYC;MALAT1;SIRT1;DFNA5;E2F1;AKT1;RB1;CDC25A;BBC3;BCL2;BAX;CASP3;CASP9",23,"Limited observational concordance","HCC; malignant cell annotated observational concordance; not causal perturbation validation"
"GSE189903","GSE189903_HCC","3HT2","HCC tumour-region observational concordance; malignant status annotated separately","CASP3 OE",0.557021346534352,0.549320661164175,0.170676230542205,19,0.95,TRUE,"CASP3","CASP3","DFNA5;CDKN1A;CASP9","PRKAA1;PPM1D;Mdm2;TP53;TP53INP1;CDKN1A;MYC;MALAT1;SIRT1;DFNA5;E2F1;AKT1;RB1;CDC25A;BBC3;BCL2;BAX;CASP3;CASP9",23,"Limited observational concordance","HCC; malignant cell annotated observational concordance; not causal perturbation validation"
"GSE189903","GSE189903_HCC","3HT2","HCC tumour-region observational concordance; malignant status annotated separately","miR-204-5p OE + GSDME KO",0.595581331404448,0.576003922286854,-0.316690774385549,19,0.95,TRUE,"MIR204;DFNA5","DFNA5","SIRT1;BCL2;MYC;E2F1;CDC25A;AKT1","PRKAA1;PPM1D;Mdm2;TP53;TP53INP1;CDKN1A;MYC;MALAT1;SIRT1;DFNA5;E2F1;AKT1;RB1;CDC25A;BBC3;BCL2;BAX;CASP3;CASP9",23,"Limited observational concordance","HCC; malignant cell annotated observational concordance; not causal perturbation validation"
"GSE189903","GSE189903_HCC","3HT2","HCC tumour-region observational concordance; malignant status annotated separately","CASP3 OE + GSDME KO",0.556034504429088,0.544741352929792,0.101186732993883,19,0.95,TRUE,"CASP3;DFNA5","CASP3;DFNA5","DFNA5;CDKN1A;CASP9","PRKAA1;PPM1D;Mdm2;TP53;TP53INP1;CDKN1A;MYC;MALAT1;SIRT1;DFNA5;E2F1;AKT1;RB1;CDC25A;BBC3;BCL2;BAX;CASP3;CASP9",23,"Limited observational concordance","HCC; malignant cell annotated observational concordance; not causal perturbation validation"
"GSE189903","GSE189903_HCC","3HT2","HCC tumour-region observational concordance; malignant status annotated separately","SIRT1 KO + GSDME KO",0.502119325609891,0.50154873794569,-0.264647185587924,19,0.95,TRUE,"SIRT1;DFNA5","SIRT1;DFNA5","TP53","PRKAA1;PPM1D;Mdm2;TP53;TP53INP1;CDKN1A;MYC;MALAT1;SIRT1;DFNA5;E2F1;AKT1;RB1;CDC25A;BBC3;BCL2;BAX;CASP3;CASP9",23,"Limited observational concordance","HCC; malignant cell annotated observational concordance; not causal perturbation validation"
"GSE189903","GSE189903_HCC","3HT2","HCC tumour-region observational concordance; malignant status annotated separately","MALAT1 KO + GSDME KO",0.564253516270484,0.499327345864759,-0.194625537159644,19,0.95,TRUE,"MALAT1;DFNA5","MALAT1;DFNA5","","PRKAA1;PPM1D;Mdm2;TP53;TP53INP1;CDKN1A;MYC;MALAT1;SIRT1;DFNA5;E2F1;AKT1;RB1;CDC25A;BBC3;BCL2;BAX;CASP3;CASP9",23,"Limited observational concordance","HCC; malignant cell annotated observational concordance; not causal perturbation validation"
"GSE189903","GSE189903_HCC","3HT2","HCC tumour-region observational concordance; malignant status annotated separately","miR-204-5p OE + CASP3 KO",0.541305015614975,0.551120931583233,-0.364179719246817,19,0.95,TRUE,"MIR204;CASP3","CASP3","SIRT1;BCL2;MYC;E2F1;CDC25A;AKT1;DFNA5;CDKN1A;CASP9","PRKAA1;PPM1D;Mdm2;TP53;TP53INP1;CDKN1A;MYC;MALAT1;SIRT1;DFNA5;E2F1;AKT1;RB1;CDC25A;BBC3;BCL2;BAX;CASP3;CASP9",23,"Limited observational concordance","HCC; malignant cell annotated observational concordance; not causal perturbation validation"
"GSE189903","GSE189903_HCC","3HT2","HCC tumour-region observational concordance; malignant status annotated separately","GSDME E1 + CASP3 E1",0.582016674165221,0.563719546447811,0.170676230542205,19,0.95,TRUE,"DFNA5;CASP3","DFNA5;CASP3","DFNA5;CDKN1A;CASP9","PRKAA1;PPM1D;Mdm2;TP53;TP53INP1;CDKN1A;MYC;MALAT1;SIRT1;DFNA5;E2F1;AKT1;RB1;CDC25A;BBC3;BCL2;BAX;CASP3;CASP9",23,"Limited observational concordance","HCC; malignant cell annotated observational concordance; not causal perturbation validation"
"GSE189903","GSE189903_HCC","3HT2","HCC tumour-region observational concordance; malignant status annotated separately","p53 E1 + miR-204-5p E1 + CASP3 KO + p21 E1",0.510383962983396,0.509886920247023,-0.398371115157622,19,0.95,TRUE,"TP53;MIR204;CASP3;CDKN1A","TP53;CASP3;CDKN1A","Mdm2;SIRT1;BCL2;MYC;E2F1;CDC25A;AKT1;CASP3;DFNA5;CDKN1A;CASP9","PRKAA1;PPM1D;Mdm2;TP53;TP53INP1;CDKN1A;MYC;MALAT1;SIRT1;DFNA5;E2F1;AKT1;RB1;CDC25A;BBC3;BCL2;BAX;CASP3;CASP9",23,"Limited observational concordance","HCC; malignant cell annotated observational concordance; not causal perturbation validation"
"GSE189903","GSE189903_HCC","3HT2","HCC tumour-region observational concordance; malignant status annotated separately","MALAT1 E1 + miR-204-5p KO + SIRT1 E1",0.512942399165931,0.537789490945984,0.101189171636404,19,0.95,TRUE,"MALAT1;MIR204;SIRT1","MALAT1;SIRT1","SIRT1;BCL2;MYC;E2F1;CDC25A;AKT1;TP53","PRKAA1;PPM1D;Mdm2;TP53;TP53INP1;CDKN1A;MYC;MALAT1;SIRT1;DFNA5;E2F1;AKT1;RB1;CDC25A;BBC3;BCL2;BAX;CASP3;CASP9",23,"Limited observational concordance","HCC; malignant cell annotated observational concordance; not causal perturbation validation"
"GSE189903","GSE189903_HCC","3HT2","HCC tumour-region observational concordance; malignant status annotated separately","SIRT1 KO + GSDME KO + CASP3 E1",0.487316694030944,0.497455746178698,-0.172621150623815,19,0.95,TRUE,"SIRT1;DFNA5;CASP3","SIRT1;DFNA5;CASP3","DFNA5;CDKN1A;CASP9;TP53","PRKAA1;PPM1D;Mdm2;TP53;TP53INP1;CDKN1A;MYC;MALAT1;SIRT1;DFNA5;E2F1;AKT1;RB1;CDC25A;BBC3;BCL2;BAX;CASP3;CASP9",23,"Limited observational concordance","HCC; malignant cell annotated observational concordance; not causal perturbation validation"
"GSE189903","GSE189903_HCC","3HT2","HCC tumour-region observational concordance; malignant status annotated separately","BAX E1",0.567176294772685,0.546751034260597,-0.0569069652759254,19,0.95,TRUE,"BAX","BAX","CASP3","PRKAA1;PPM1D;Mdm2;TP53;TP53INP1;CDKN1A;MYC;MALAT1;SIRT1;DFNA5;E2F1;AKT1;RB1;CDC25A;BBC3;BCL2;BAX;CASP3;CASP9",23,"Limited observational concordance","HCC; malignant cell annotated observational concordance; not causal perturbation validation"
"GSE189903","GSE189903_HCC","3HT2","HCC tumour-region observational concordance; malignant status annotated separately","BAX E1 + GSDME KO",0.568163136877948,0.542558607230529,-0.08248899553758,19,0.95,TRUE,"BAX;DFNA5","BAX;DFNA5","CASP3","PRKAA1;PPM1D;Mdm2;TP53;TP53INP1;CDKN1A;MYC;MALAT1;SIRT1;DFNA5;E2F1;AKT1;RB1;CDC25A;BBC3;BCL2;BAX;CASP3;CASP9",23,"Limited observational concordance","HCC; malignant cell annotated observational concordance; not causal perturbation validation"
"GSE189903","GSE189903_HCC","3HT2","HCC tumour-region observational concordance; malignant status annotated separately","p53 E1",0.718321333702701,0.687104104361493,0.104528917639348,19,0.95,TRUE,"TP53","TP53","Mdm2","PRKAA1;PPM1D;Mdm2;TP53;TP53INP1;CDKN1A;MYC;MALAT1;SIRT1;DFNA5;E2F1;AKT1;RB1;CDC25A;BBC3;BCL2;BAX;CASP3;CASP9",23,"Limited observational concordance","HCC; malignant cell annotated observational concordance; not causal perturbation validation"
"GSE189903","GSE189903_HCC","3HT2","HCC tumour-region observational concordance; malignant status annotated separately","p53 KO",0.512942399165931,0.517443245396335,0.101189171636404,19,0.95,TRUE,"TP53","TP53","Mdm2","PRKAA1;PPM1D;Mdm2;TP53;TP53INP1;CDKN1A;MYC;MALAT1;SIRT1;DFNA5;E2F1;AKT1;RB1;CDC25A;BBC3;BCL2;BAX;CASP3;CASP9",23,"Limited observational concordance","HCC; malignant cell annotated observational concordance; not causal perturbation validation"
"GSE189903","GSE189903_HCC","3HT2","HCC tumour-region observational concordance; malignant status annotated separately","p21 E1",0.544891247065751,0.524363080843224,-0.136849274489865,19,0.95,TRUE,"CDKN1A","CDKN1A","CASP3","PRKAA1;PPM1D;Mdm2;TP53;TP53INP1;CDKN1A;MYC;MALAT1;SIRT1;DFNA5;E2F1;AKT1;RB1;CDC25A;BBC3;BCL2;BAX;CASP3;CASP9",23,"Limited observational concordance","HCC; malignant cell annotated observational concordance; not causal perturbation validation"
"GSE189903","GSE189903_HCC","3HT3","HCC tumour-region observational concordance; malignant status annotated separately","Reference: DDR ON, GSDME endogenous",0.552332373217397,0.552332373217397,0.000525766715501992,19,0.95,FALSE,"","","","PRKAA1;PPM1D;Mdm2;TP53;TP53INP1;CDKN1A;MYC;MALAT1;SIRT1;DFNA5;E2F1;AKT1;RB1;CDC25A;BBC3;BCL2;BAX;CASP3;CASP9",23,"Indirect only: perturbed node not measured","HCC; malignant cell annotated observational concordance; not causal perturbation validation"
"GSE189903","GSE189903_HCC","3HT3","HCC tumour-region observational concordance; malignant status annotated separately","GSDME KO",0.566806057427923,0.557696140505934,0.0340624453854979,19,0.95,TRUE,"DFNA5","DFNA5","","PRKAA1;PPM1D;Mdm2;TP53;TP53INP1;CDKN1A;MYC;MALAT1;SIRT1;DFNA5;E2F1;AKT1;RB1;CDC25A;BBC3;BCL2;BAX;CASP3;CASP9",23,"Limited observational concordance","HCC; malignant cell annotated observational concordance; not causal perturbation validation"
"GSE189903","GSE189903_HCC","3HT3","HCC tumour-region observational concordance; malignant status annotated separately","CASP3 KO",0.561871846901607,0.550796724457713,-0.0289171693526095,19,0.95,TRUE,"CASP3","CASP3","DFNA5;CDKN1A;CASP9","PRKAA1;PPM1D;Mdm2;TP53;TP53INP1;CDKN1A;MYC;MALAT1;SIRT1;DFNA5;E2F1;AKT1;RB1;CDC25A;BBC3;BCL2;BAX;CASP3;CASP9",23,"Limited observational concordance","HCC; malignant cell annotated observational concordance; not causal perturbation validation"
"GSE189903","GSE189903_HCC","3HT3","HCC tumour-region observational concordance; malignant status annotated separately","miR-204-5p OE",0.618658397687383,0.604370467604406,-0.28929112074485,19,0.95,FALSE,"MIR204","","SIRT1;BCL2;MYC;E2F1;CDC25A;AKT1","PRKAA1;PPM1D;Mdm2;TP53;TP53INP1;CDKN1A;MYC;MALAT1;SIRT1;DFNA5;E2F1;AKT1;RB1;CDC25A;BBC3;BCL2;BAX;CASP3;CASP9",23,"Indirect only: perturbed node not measured","HCC; malignant cell annotated observational concordance; not causal perturbation validation"
"GSE189903","GSE189903_HCC","3HT3","HCC tumour-region observational concordance; malignant status annotated separately","miR-204-5p KO",0.509847867296699,0.493294293783495,0.101189171636404,19,0.95,FALSE,"MIR204","","SIRT1;BCL2;MYC;E2F1;CDC25A;AKT1","PRKAA1;PPM1D;Mdm2;TP53;TP53INP1;CDKN1A;MYC;MALAT1;SIRT1;DFNA5;E2F1;AKT1;RB1;CDC25A;BBC3;BCL2;BAX;CASP3;CASP9",23,"Indirect only: perturbed node not measured","HCC; malignant cell annotated observational concordance; not causal perturbation validation"
"GSE189903","GSE189903_HCC","3HT3","HCC tumour-region observational concordance; malignant status annotated separately","MALAT1 OE",0.509847867296699,0.570655729995336,0.101189171636404,19,0.95,TRUE,"MALAT1","MALAT1","","PRKAA1;PPM1D;Mdm2;TP53;TP53INP1;CDKN1A;MYC;MALAT1;SIRT1;DFNA5;E2F1;AKT1;RB1;CDC25A;BBC3;BCL2;BAX;CASP3;CASP9",23,"Limited observational concordance","HCC; malignant cell annotated observational concordance; not causal perturbation validation"
"GSE189903","GSE189903_HCC","3HT3","HCC tumour-region observational concordance; malignant status annotated separately","MALAT1 KO",0.544766583743713,0.476511295903201,-0.245558020894278,19,0.95,TRUE,"MALAT1","MALAT1","","PRKAA1;PPM1D;Mdm2;TP53;TP53INP1;CDKN1A;MYC;MALAT1;SIRT1;DFNA5;E2F1;AKT1;RB1;CDC25A;BBC3;BCL2;BAX;CASP3;CASP9",23,"Limited observational concordance","HCC; malignant cell annotated observational concordance; not causal perturbation validation"
"GSE189903","GSE189903_HCC","3HT3","HCC tumour-region observational concordance; malignant status annotated separately","SIRT1 OE",0.509847867296699,0.50813519472336,0.101189171636404,19,0.95,TRUE,"SIRT1","SIRT1","TP53","PRKAA1;PPM1D;Mdm2;TP53;TP53INP1;CDKN1A;MYC;MALAT1;SIRT1;DFNA5;E2F1;AKT1;RB1;CDC25A;BBC3;BCL2;BAX;CASP3;CASP9",23,"Limited observational concordance","HCC; malignant cell annotated observational concordance; not causal perturbation validation"
"GSE189903","GSE189903_HCC","3HT3","HCC tumour-region observational concordance; malignant status annotated separately","SIRT1 KO",0.483524104707105,0.486389477801521,-0.221862363278006,19,0.95,TRUE,"SIRT1","SIRT1","TP53","PRKAA1;PPM1D;Mdm2;TP53;TP53INP1;CDKN1A;MYC;MALAT1;SIRT1;DFNA5;E2F1;AKT1;RB1;CDC25A;BBC3;BCL2;BAX;CASP3;CASP9",23,"Limited observational concordance","HCC; malignant cell annotated observational concordance; not causal perturbation validation"
"GSE189903","GSE189903_HCC","3HT3","HCC tumour-region observational concordance; malignant status annotated separately","BCL2 KO",0.572398162691081,0.562914328948145,0.00208541843646945,19,0.95,TRUE,"BCL2","BCL2","BAX;CASP3","PRKAA1;PPM1D;Mdm2;TP53;TP53INP1;CDKN1A;MYC;MALAT1;SIRT1;DFNA5;E2F1;AKT1;RB1;CDC25A;BBC3;BCL2;BAX;CASP3;CASP9",23,"Limited observational concordance","HCC; malignant cell annotated observational concordance; not causal perturbation validation"
"GSE189903","GSE189903_HCC","3HT3","HCC tumour-region observational concordance; malignant status annotated separately","GSDME OE",0.577661320585818,0.567071140505934,0.113609638121652,19,0.95,TRUE,"DFNA5","DFNA5","","PRKAA1;PPM1D;Mdm2;TP53;TP53INP1;CDKN1A;MYC;MALAT1;SIRT1;DFNA5;E2F1;AKT1;RB1;CDC25A;BBC3;BCL2;BAX;CASP3;CASP9",23,"Limited observational concordance","HCC; malignant cell annotated observational concordance; not causal perturbation validation"
"GSE189903","GSE189903_HCC","3HT3","HCC tumour-region observational concordance; malignant status annotated separately","CASP3 OE",0.551345531112134,0.543296724457713,0.168582043664387,19,0.95,TRUE,"CASP3","CASP3","DFNA5;CDKN1A;CASP9","PRKAA1;PPM1D;Mdm2;TP53;TP53INP1;CDKN1A;MYC;MALAT1;SIRT1;DFNA5;E2F1;AKT1;RB1;CDC25A;BBC3;BCL2;BAX;CASP3;CASP9",23,"Limited observational concordance","HCC; malignant cell annotated observational concordance; not causal perturbation validation"
"GSE189903","GSE189903_HCC","3HT3","HCC tumour-region observational concordance; malignant status annotated separately","miR-204-5p OE + GSDME KO",0.591355766108435,0.574661131789649,-0.316690774385549,19,0.95,TRUE,"MIR204;DFNA5","DFNA5","SIRT1;BCL2;MYC;E2F1;CDC25A;AKT1","PRKAA1;PPM1D;Mdm2;TP53;TP53INP1;CDKN1A;MYC;MALAT1;SIRT1;DFNA5;E2F1;AKT1;RB1;CDC25A;BBC3;BCL2;BAX;CASP3;CASP9",23,"Limited observational concordance","HCC; malignant cell annotated observational concordance; not causal perturbation validation"
"GSE189903","GSE189903_HCC","3HT3","HCC tumour-region observational concordance; malignant status annotated separately","CASP3 OE + GSDME KO",0.55035868900687,0.539163633757142,0.0969924642687483,19,0.95,TRUE,"CASP3;DFNA5","CASP3;DFNA5","DFNA5;CDKN1A;CASP9","PRKAA1;PPM1D;Mdm2;TP53;TP53INP1;CDKN1A;MYC;MALAT1;SIRT1;DFNA5;E2F1;AKT1;RB1;CDC25A;BBC3;BCL2;BAX;CASP3;CASP9",23,"Limited observational concordance","HCC; malignant cell annotated observational concordance; not causal perturbation validation"
"GSE189903","GSE189903_HCC","3HT3","HCC tumour-region observational concordance; malignant status annotated separately","SIRT1 KO + GSDME KO",0.494379367864999,0.495892614978269,-0.264647185587924,19,0.95,TRUE,"SIRT1;DFNA5","SIRT1;DFNA5","TP53","PRKAA1;PPM1D;Mdm2;TP53;TP53INP1;CDKN1A;MYC;MALAT1;SIRT1;DFNA5;E2F1;AKT1;RB1;CDC25A;BBC3;BCL2;BAX;CASP3;CASP9",23,"Limited observational concordance","HCC; malignant cell annotated observational concordance; not causal perturbation validation"
"GSE189903","GSE189903_HCC","3HT3","HCC tumour-region observational concordance; malignant status annotated separately","MALAT1 KO + GSDME KO",0.55660868900687,0.488329940394817,-0.205033319895454,19,0.95,TRUE,"MALAT1;DFNA5","MALAT1;DFNA5","","PRKAA1;PPM1D;Mdm2;TP53;TP53INP1;CDKN1A;MYC;MALAT1;SIRT1;DFNA5;E2F1;AKT1;RB1;CDC25A;BBC3;BCL2;BAX;CASP3;CASP9",23,"Limited observational concordance","HCC; malignant cell annotated observational concordance; not causal perturbation validation"
"GSE189903","GSE189903_HCC","3HT3","HCC tumour-region observational concordance; malignant status annotated separately","miR-204-5p OE + CASP3 KO",0.534839894180789,0.547937520767651,-0.364179719246817,19,0.95,TRUE,"MIR204;CASP3","CASP3","SIRT1;BCL2;MYC;E2F1;CDC25A;AKT1;DFNA5;CDKN1A;CASP9","PRKAA1;PPM1D;Mdm2;TP53;TP53INP1;CDKN1A;MYC;MALAT1;SIRT1;DFNA5;E2F1;AKT1;RB1;CDC25A;BBC3;BCL2;BAX;CASP3;CASP9",23,"Limited observational concordance","HCC; malignant cell annotated observational concordance; not causal perturbation validation"
"GSE189903","GSE189903_HCC","3HT3","HCC tumour-region observational concordance; malignant status annotated separately","GSDME E1 + CASP3 E1",0.574371846901607,0.556756226349735,0.168582043664387,19,0.95,TRUE,"DFNA5;CASP3","DFNA5;CASP3","DFNA5;CDKN1A;CASP9","PRKAA1;PPM1D;Mdm2;TP53;TP53INP1;CDKN1A;MYC;MALAT1;SIRT1;DFNA5;E2F1;AKT1;RB1;CDC25A;BBC3;BCL2;BAX;CASP3;CASP9",23,"Limited observational concordance","HCC; malignant cell annotated observational concordance; not causal perturbation validation"
"GSE189903","GSE189903_HCC","3HT3","HCC tumour-region observational concordance; malignant status annotated separately","p53 E1 + miR-204-5p E1 + CASP3 KO + p21 E1",0.507144839411073,0.511217955545721,-0.398371115157622,19,0.95,TRUE,"TP53;MIR204;CASP3;CDKN1A","TP53;CASP3;CDKN1A","Mdm2;SIRT1;BCL2;MYC;E2F1;CDC25A;AKT1;CASP3;DFNA5;CDKN1A;CASP9","PRKAA1;PPM1D;Mdm2;TP53;TP53INP1;CDKN1A;MYC;MALAT1;SIRT1;DFNA5;E2F1;AKT1;RB1;CDC25A;BBC3;BCL2;BAX;CASP3;CASP9",23,"Limited observational concordance","HCC; malignant cell annotated observational concordance; not causal perturbation validation"
"GSE189903","GSE189903_HCC","3HT3","HCC tumour-region observational concordance; malignant status annotated separately","MALAT1 E1 + miR-204-5p KO + SIRT1 E1",0.509847867296699,0.538699158898306,0.101189171636404,19,0.95,TRUE,"MALAT1;MIR204;SIRT1","MALAT1;SIRT1","SIRT1;BCL2;MYC;E2F1;CDC25A;AKT1;TP53","PRKAA1;PPM1D;Mdm2;TP53;TP53INP1;CDKN1A;MYC;MALAT1;SIRT1;DFNA5;E2F1;AKT1;RB1;CDC25A;BBC3;BCL2;BAX;CASP3;CASP9",23,"Limited observational concordance","HCC; malignant cell annotated observational concordance; not causal perturbation validation"
"GSE189903","GSE189903_HCC","3HT3","HCC tumour-region observational concordance; malignant status annotated separately","SIRT1 KO + GSDME KO + CASP3 E1",0.479576736286052,0.491332613217654,-0.172621150623815,19,0.95,TRUE,"SIRT1;DFNA5;CASP3","SIRT1;DFNA5;CASP3","DFNA5;CDKN1A;CASP9;TP53","PRKAA1;PPM1D;Mdm2;TP53;TP53INP1;CDKN1A;MYC;MALAT1;SIRT1;DFNA5;E2F1;AKT1;RB1;CDC25A;BBC3;BCL2;BAX;CASP3;CASP9",23,"Limited observational concordance","HCC; malignant cell annotated observational concordance; not causal perturbation validation"
"GSE189903","GSE189903_HCC","3HT3","HCC tumour-region observational concordance; malignant status annotated separately","BAX E1",0.568450393888456,0.558855264043733,-0.0631719522787796,19,0.95,TRUE,"BAX","BAX","CASP3","PRKAA1;PPM1D;Mdm2;TP53;TP53INP1;CDKN1A;MYC;MALAT1;SIRT1;DFNA5;E2F1;AKT1;RB1;CDC25A;BBC3;BCL2;BAX;CASP3;CASP9",23,"Limited observational concordance","HCC; malignant cell annotated observational concordance; not causal perturbation validation"
"GSE189903","GSE189903_HCC","3HT3","HCC tumour-region observational concordance; malignant status annotated separately","BAX E1 + GSDME KO",0.569437235993719,0.55326619511561,-0.0877098180399584,19,0.95,TRUE,"BAX;DFNA5","BAX;DFNA5","CASP3","PRKAA1;PPM1D;Mdm2;TP53;TP53INP1;CDKN1A;MYC;MALAT1;SIRT1;DFNA5;E2F1;AKT1;RB1;CDC25A;BBC3;BCL2;BAX;CASP3;CASP9",23,"Limited observational concordance","HCC; malignant cell annotated observational concordance; not causal perturbation validation"
"GSE189903","GSE189903_HCC","3HT3","HCC tumour-region observational concordance; malignant status annotated separately","p53 E1",0.697169017293951,0.667014376602319,0.0971751244385903,19,0.95,TRUE,"TP53","TP53","Mdm2","PRKAA1;PPM1D;Mdm2;TP53;TP53INP1;CDKN1A;MYC;MALAT1;SIRT1;DFNA5;E2F1;AKT1;RB1;CDC25A;BBC3;BCL2;BAX;CASP3;CASP9",23,"Limited observational concordance","HCC; malignant cell annotated observational concordance; not causal perturbation validation"
"GSE189903","GSE189903_HCC","3HT3","HCC tumour-region observational concordance; malignant status annotated separately","p53 KO",0.509847867296699,0.512270817908937,0.101189171636404,19,0.95,TRUE,"TP53","TP53","Mdm2","PRKAA1;PPM1D;Mdm2;TP53;TP53INP1;CDKN1A;MYC;MALAT1;SIRT1;DFNA5;E2F1;AKT1;RB1;CDC25A;BBC3;BCL2;BAX;CASP3;CASP9",23,"Limited observational concordance","HCC; malignant cell annotated observational concordance; not causal perturbation validation"
"GSE189903","GSE189903_HCC","3HT3","HCC tumour-region observational concordance; malignant status annotated separately","p21 E1",0.543716265816102,0.528969564763872,-0.14311718019169,19,0.95,TRUE,"CDKN1A","CDKN1A","CASP3","PRKAA1;PPM1D;Mdm2;TP53;TP53INP1;CDKN1A;MYC;MALAT1;SIRT1;DFNA5;E2F1;AKT1;RB1;CDC25A;BBC3;BCL2;BAX;CASP3;CASP9",23,"Limited observational concordance","HCC; malignant cell annotated observational concordance; not causal perturbation validation"
"GSE189903","GSE189903_HCC","4HB","HCC tumour-region observational concordance; malignant status annotated separately","Reference: DDR ON, GSDME endogenous",0.558027687722895,0.558027687722895,0.0362779033696374,19,0.95,FALSE,"","","","PRKAA1;PPM1D;Mdm2;TP53;TP53INP1;CDKN1A;MYC;MALAT1;SIRT1;DFNA5;E2F1;AKT1;RB1;CDC25A;BBC3;BCL2;BAX;CASP3;CASP9",12,"Indirect only: perturbed node not measured","HCC; malignant cell annotated observational concordance; not causal perturbation validation"
"GSE189903","GSE189903_HCC","4HB","HCC tumour-region observational concordance; malignant status annotated separately","GSDME KO",0.57513295088079,0.564887548487955,0.0948508094580789,19,0.95,TRUE,"DFNA5","DFNA5","","PRKAA1;PPM1D;Mdm2;TP53;TP53INP1;CDKN1A;MYC;MALAT1;SIRT1;DFNA5;E2F1;AKT1;RB1;CDC25A;BBC3;BCL2;BAX;CASP3;CASP9",12,"Limited observational concordance","HCC; malignant cell annotated observational concordance; not causal perturbation validation"
"GSE189903","GSE189903_HCC","4HB","HCC tumour-region observational concordance; malignant status annotated separately","CASP3 KO",0.570198740354474,0.561115903114903,0.0194533684735737,19,0.95,TRUE,"CASP3","CASP3","DFNA5;CDKN1A;CASP9","PRKAA1;PPM1D;Mdm2;TP53;TP53INP1;CDKN1A;MYC;MALAT1;SIRT1;DFNA5;E2F1;AKT1;RB1;CDC25A;BBC3;BCL2;BAX;CASP3;CASP9",12,"Limited observational concordance","HCC; malignant cell annotated observational concordance; not causal perturbation validation"
"GSE189903","GSE189903_HCC","4HB","HCC tumour-region observational concordance; malignant status annotated separately","miR-204-5p OE",0.626671438211296,0.599219308637591,-0.381733772110686,19,0.95,FALSE,"MIR204","","SIRT1;BCL2;MYC;E2F1;CDC25A;AKT1","PRKAA1;PPM1D;Mdm2;TP53;TP53INP1;CDKN1A;MYC;MALAT1;SIRT1;DFNA5;E2F1;AKT1;RB1;CDC25A;BBC3;BCL2;BAX;CASP3;CASP9",12,"Indirect only: perturbed node not measured","HCC; malignant cell annotated observational concordance; not causal perturbation validation"
"GSE189903","GSE189903_HCC","4HB","HCC tumour-region observational concordance; malignant status annotated separately","miR-204-5p KO",0.512961898249211,0.506902027072395,0.168648619394006,19,0.95,FALSE,"MIR204","","SIRT1;BCL2;MYC;E2F1;CDC25A;AKT1","PRKAA1;PPM1D;Mdm2;TP53;TP53INP1;CDKN1A;MYC;MALAT1;SIRT1;DFNA5;E2F1;AKT1;RB1;CDC25A;BBC3;BCL2;BAX;CASP3;CASP9",12,"Indirect only: perturbed node not measured","HCC; malignant cell annotated observational concordance; not causal perturbation validation"
"GSE189903","GSE189903_HCC","4HB","HCC tumour-region observational concordance; malignant status annotated separately","MALAT1 OE",0.512961898249211,0.534047114684659,0.168648619394006,19,0.95,TRUE,"MALAT1","MALAT1","","PRKAA1;PPM1D;Mdm2;TP53;TP53INP1;CDKN1A;MYC;MALAT1;SIRT1;DFNA5;E2F1;AKT1;RB1;CDC25A;BBC3;BCL2;BAX;CASP3;CASP9",12,"Limited observational concordance","HCC; malignant cell annotated observational concordance; not causal perturbation validation"
"GSE189903","GSE189903_HCC","4HB","HCC tumour-region observational concordance; malignant status annotated separately","MALAT1 KO",0.578215917325439,0.544697362402538,-0.212191325910767,19,0.95,TRUE,"MALAT1","MALAT1","","PRKAA1;PPM1D;Mdm2;TP53;TP53INP1;CDKN1A;MYC;MALAT1;SIRT1;DFNA5;E2F1;AKT1;RB1;CDC25A;BBC3;BCL2;BAX;CASP3;CASP9",12,"Limited observational concordance","HCC; malignant cell annotated observational concordance; not causal perturbation validation"
"GSE189903","GSE189903_HCC","4HB","HCC tumour-region observational concordance; malignant status annotated separately","SIRT1 OE",0.512961898249211,0.510707655075435,0.168648619394006,19,0.95,TRUE,"SIRT1","SIRT1","TP53","PRKAA1;PPM1D;Mdm2;TP53;TP53INP1;CDKN1A;MYC;MALAT1;SIRT1;DFNA5;E2F1;AKT1;RB1;CDC25A;BBC3;BCL2;BAX;CASP3;CASP9",12,"Limited observational concordance","HCC; malignant cell annotated observational concordance; not causal perturbation validation"
"GSE189903","GSE189903_HCC","4HB","HCC tumour-region observational concordance; malignant status annotated separately","SIRT1 KO",0.501710544646831,0.501413058621295,-0.281678196514723,19,0.95,TRUE,"SIRT1","SIRT1","TP53","PRKAA1;PPM1D;Mdm2;TP53;TP53INP1;CDKN1A;MYC;MALAT1;SIRT1;DFNA5;E2F1;AKT1;RB1;CDC25A;BBC3;BCL2;BAX;CASP3;CASP9",12,"Limited observational concordance","HCC; malignant cell annotated observational concordance; not causal perturbation validation"
"GSE189903","GSE189903_HCC","4HB","HCC tumour-region observational concordance; malignant status annotated separately","BCL2 KO",0.582040845617632,0.57304882551894,0.0667333899670224,19,0.95,TRUE,"BCL2","BCL2","BAX;CASP3","PRKAA1;PPM1D;Mdm2;TP53;TP53INP1;CDKN1A;MYC;MALAT1;SIRT1;DFNA5;E2F1;AKT1;RB1;CDC25A;BBC3;BCL2;BAX;CASP3;CASP9",12,"Limited observational concordance","HCC; malignant cell annotated observational concordance; not causal perturbation validation"
"GSE189903","GSE189903_HCC","4HB","HCC tumour-region observational concordance; malignant status annotated separately","GSDME OE",0.587961898249211,0.5759670939425,0.173293964139479,19,0.95,TRUE,"DFNA5","DFNA5","","PRKAA1;PPM1D;Mdm2;TP53;TP53INP1;CDKN1A;MYC;MALAT1;SIRT1;DFNA5;E2F1;AKT1;RB1;CDC25A;BBC3;BCL2;BAX;CASP3;CASP9",12,"Limited observational concordance","HCC; malignant cell annotated observational concordance; not causal perturbation validation"
"GSE189903","GSE189903_HCC","4HB","HCC tumour-region observational concordance; malignant status annotated separately","CASP3 OE",0.557040845617632,0.551615903114903,0.227219276243304,19,0.95,TRUE,"CASP3","CASP3","DFNA5;CDKN1A;CASP9","PRKAA1;PPM1D;Mdm2;TP53;TP53INP1;CDKN1A;MYC;MALAT1;SIRT1;DFNA5;E2F1;AKT1;RB1;CDC25A;BBC3;BCL2;BAX;CASP3;CASP9",12,"Limited observational concordance","HCC; malignant cell annotated observational concordance; not causal perturbation validation"
"GSE189903","GSE189903_HCC","4HB","HCC tumour-region observational concordance; malignant status annotated separately","miR-204-5p OE + GSDME KO",0.600026701369191,0.570508311283563,-0.406382916781457,19,0.95,TRUE,"MIR204;DFNA5","DFNA5","SIRT1;BCL2;MYC;E2F1;CDC25A;AKT1","PRKAA1;PPM1D;Mdm2;TP53;TP53INP1;CDKN1A;MYC;MALAT1;SIRT1;DFNA5;E2F1;AKT1;RB1;CDC25A;BBC3;BCL2;BAX;CASP3;CASP9",12,"Limited observational concordance","HCC; malignant cell annotated observational concordance; not causal perturbation validation"
"GSE189903","GSE189903_HCC","4HB","HCC tumour-region observational concordance; malignant status annotated separately","CASP3 OE + GSDME KO",0.556054003512369,0.546866576958244,0.159906495145774,19,0.95,TRUE,"CASP3;DFNA5","CASP3;DFNA5","DFNA5;CDKN1A;CASP9","PRKAA1;PPM1D;Mdm2;TP53;TP53INP1;CDKN1A;MYC;MALAT1;SIRT1;DFNA5;E2F1;AKT1;RB1;CDC25A;BBC3;BCL2;BAX;CASP3;CASP9",12,"Limited observational concordance","HCC; malignant cell annotated observational concordance; not causal perturbation validation"
"GSE189903","GSE189903_HCC","4HB","HCC tumour-region observational concordance; malignant status annotated separately","SIRT1 KO + GSDME KO",0.512565807804726,0.509182705703454,-0.327763878385044,19,0.95,TRUE,"SIRT1;DFNA5","SIRT1;DFNA5","TP53","PRKAA1;PPM1D;Mdm2;TP53;TP53INP1;CDKN1A;MYC;MALAT1;SIRT1;DFNA5;E2F1;AKT1;RB1;CDC25A;BBC3;BCL2;BAX;CASP3;CASP9",12,"Limited observational concordance","HCC; malignant cell annotated observational concordance; not causal perturbation validation"
"GSE189903","GSE189903_HCC","4HB","HCC tumour-region observational concordance; malignant status annotated separately","MALAT1 KO + GSDME KO",0.590058022588597,0.548333678914233,-0.146749736574919,19,0.95,TRUE,"MALAT1;DFNA5","MALAT1;DFNA5","","PRKAA1;PPM1D;Mdm2;TP53;TP53INP1;CDKN1A;MYC;MALAT1;SIRT1;DFNA5;E2F1;AKT1;RB1;CDC25A;BBC3;BCL2;BAX;CASP3;CASP9",12,"Limited observational concordance","HCC; malignant cell annotated observational concordance; not causal perturbation validation"
"GSE189903","GSE189903_HCC","4HB","HCC tumour-region observational concordance; malignant status annotated separately","miR-204-5p OE + CASP3 KO",0.545750385579717,0.544318103380716,-0.436072802981625,19,0.95,TRUE,"MIR204;CASP3","CASP3","SIRT1;BCL2;MYC;E2F1;CDC25A;AKT1;DFNA5;CDKN1A;CASP9","PRKAA1;PPM1D;Mdm2;TP53;TP53INP1;CDKN1A;MYC;MALAT1;SIRT1;DFNA5;E2F1;AKT1;RB1;CDC25A;BBC3;BCL2;BAX;CASP3;CASP9",12,"Limited observational concordance","HCC; malignant cell annotated observational concordance; not causal perturbation validation"
"GSE189903","GSE189903_HCC","4HB","HCC tumour-region observational concordance; malignant status annotated separately","GSDME E1 + CASP3 E1",0.585330319301842,0.56816287325454,0.227219276243304,19,0.95,TRUE,"DFNA5;CASP3","DFNA5;CASP3","DFNA5;CDKN1A;CASP9","PRKAA1;PPM1D;Mdm2;TP53;TP53INP1;CDKN1A;MYC;MALAT1;SIRT1;DFNA5;E2F1;AKT1;RB1;CDC25A;BBC3;BCL2;BAX;CASP3;CASP9",12,"Limited observational concordance","HCC; malignant cell annotated observational concordance; not causal perturbation validation"
"GSE189903","GSE189903_HCC","4HB","HCC tumour-region observational concordance; malignant status annotated separately","p53 E1 + miR-204-5p E1 + CASP3 KO + p21 E1",0.514829332948138,0.49890207360681,-0.497963893947027,19,0.95,TRUE,"TP53;MIR204;CASP3;CDKN1A","TP53;CASP3;CDKN1A","Mdm2;SIRT1;BCL2;MYC;E2F1;CDC25A;AKT1;CASP3;DFNA5;CDKN1A;CASP9","PRKAA1;PPM1D;Mdm2;TP53;TP53INP1;CDKN1A;MYC;MALAT1;SIRT1;DFNA5;E2F1;AKT1;RB1;CDC25A;BBC3;BCL2;BAX;CASP3;CASP9",12,"Limited observational concordance","HCC; malignant cell annotated observational concordance; not causal perturbation validation"
"GSE189903","GSE189903_HCC","4HB","HCC tumour-region observational concordance; malignant status annotated separately","MALAT1 E1 + miR-204-5p KO + SIRT1 E1",0.512961898249211,0.521784230101205,0.168648619394006,19,0.95,TRUE,"MALAT1;MIR204;SIRT1","MALAT1;SIRT1","SIRT1;BCL2;MYC;E2F1;CDC25A;AKT1;TP53","PRKAA1;PPM1D;Mdm2;TP53;TP53INP1;CDKN1A;MYC;MALAT1;SIRT1;DFNA5;E2F1;AKT1;RB1;CDC25A;BBC3;BCL2;BAX;CASP3;CASP9",12,"Limited observational concordance","HCC; malignant cell annotated observational concordance; not causal perturbation validation"
"GSE189903","GSE189903_HCC","4HB","HCC tumour-region observational concordance; malignant status annotated separately","SIRT1 KO + GSDME KO + CASP3 E1",0.497763176225779,0.505697479336367,-0.197771252039205,19,0.95,TRUE,"SIRT1;DFNA5;CASP3","SIRT1;DFNA5;CASP3","DFNA5;CDKN1A;CASP9;TP53","PRKAA1;PPM1D;Mdm2;TP53;TP53INP1;CDKN1A;MYC;MALAT1;SIRT1;DFNA5;E2F1;AKT1;RB1;CDC25A;BBC3;BCL2;BAX;CASP3;CASP9",12,"Limited observational concordance","HCC; malignant cell annotated observational concordance; not causal perturbation validation"
"GSE189903","GSE189903_HCC","4HB","HCC tumour-region observational concordance; malignant status annotated separately","BAX E1",0.570459714489258,0.552686840788577,-0.00365457575166494,19,0.95,TRUE,"BAX","BAX","CASP3","PRKAA1;PPM1D;Mdm2;TP53;TP53INP1;CDKN1A;MYC;MALAT1;SIRT1;DFNA5;E2F1;AKT1;RB1;CDC25A;BBC3;BCL2;BAX;CASP3;CASP9",12,"Limited observational concordance","HCC; malignant cell annotated observational concordance; not causal perturbation validation"
"GSE189903","GSE189903_HCC","4HB","HCC tumour-region observational concordance; malignant status annotated separately","BAX E1 + GSDME KO",0.572104451331364,0.548290282236049,-0.034457428515698,19,0.95,TRUE,"BAX;DFNA5","BAX;DFNA5","CASP3","PRKAA1;PPM1D;Mdm2;TP53;TP53INP1;CDKN1A;MYC;MALAT1;SIRT1;DFNA5;E2F1;AKT1;RB1;CDC25A;BBC3;BCL2;BAX;CASP3;CASP9",12,"Limited observational concordance","HCC; malignant cell annotated observational concordance; not causal perturbation validation"
"GSE189903","GSE189903_HCC","4HB","HCC tumour-region observational concordance; malignant status annotated separately","p53 E1",0.745321180483333,0.705863520439491,0.157056011930478,19,0.95,TRUE,"TP53","TP53","Mdm2","PRKAA1;PPM1D;Mdm2;TP53;TP53INP1;CDKN1A;MYC;MALAT1;SIRT1;DFNA5;E2F1;AKT1;RB1;CDC25A;BBC3;BCL2;BAX;CASP3;CASP9",12,"Limited observational concordance","HCC; malignant cell annotated observational concordance; not causal perturbation validation"
"GSE189903","GSE189903_HCC","4HB","HCC tumour-region observational concordance; malignant status annotated separately","p53 KO",0.512961898249211,0.513914548159129,0.168648619394006,19,0.95,TRUE,"TP53","TP53","Mdm2","PRKAA1;PPM1D;Mdm2;TP53;TP53INP1;CDKN1A;MYC;MALAT1;SIRT1;DFNA5;E2F1;AKT1;RB1;CDC25A;BBC3;BCL2;BAX;CASP3;CASP9",12,"Limited observational concordance","HCC; malignant cell annotated observational concordance; not causal perturbation validation"
"GSE189903","GSE189903_HCC","4HB","HCC tumour-region observational concordance; malignant status annotated separately","p21 E1",0.538909633918939,0.51198558743683,-0.180724614402645,19,0.95,TRUE,"CDKN1A","CDKN1A","CASP3","PRKAA1;PPM1D;Mdm2;TP53;TP53INP1;CDKN1A;MYC;MALAT1;SIRT1;DFNA5;E2F1;AKT1;RB1;CDC25A;BBC3;BCL2;BAX;CASP3;CASP9",12,"Limited observational concordance","HCC; malignant cell annotated observational concordance; not causal perturbation validation"
"GSE189903","GSE189903_HCC","4HT1","HCC tumour-region observational concordance; malignant status annotated separately","Reference: DDR ON, GSDME endogenous",0.559665276146116,0.559665276146116,-0.0436386373866653,19,0.95,FALSE,"","","","PRKAA1;PPM1D;Mdm2;TP53;TP53INP1;CDKN1A;MYC;MALAT1;SIRT1;DFNA5;E2F1;AKT1;RB1;CDC25A;BBC3;BCL2;BAX;CASP3;CASP9",66,"Indirect only: perturbed node not measured","HCC; malignant cell annotated observational concordance; not causal perturbation validation"
"GSE189903","GSE189903_HCC","4HT1","HCC tumour-region observational concordance; malignant status annotated separately","GSDME KO",0.576770539304011,0.566301829398918,0.0309182196576058,19,0.95,TRUE,"DFNA5","DFNA5","","PRKAA1;PPM1D;Mdm2;TP53;TP53INP1;CDKN1A;MYC;MALAT1;SIRT1;DFNA5;E2F1;AKT1;RB1;CDC25A;BBC3;BCL2;BAX;CASP3;CASP9",66,"Limited observational concordance","HCC; malignant cell annotated observational concordance; not causal perturbation validation"
"GSE189903","GSE189903_HCC","4HT1","HCC tumour-region observational concordance; malignant status annotated separately","CASP3 KO",0.571836328777695,0.562360470316551,-0.00473190043951792,19,0.95,TRUE,"CASP3","CASP3","DFNA5;CDKN1A;CASP9","PRKAA1;PPM1D;Mdm2;TP53;TP53INP1;CDKN1A;MYC;MALAT1;SIRT1;DFNA5;E2F1;AKT1;RB1;CDC25A;BBC3;BCL2;BAX;CASP3;CASP9",66,"Limited observational concordance","HCC; malignant cell annotated observational concordance; not causal perturbation validation"
"GSE189903","GSE189903_HCC","4HT1","HCC tumour-region observational concordance; malignant status annotated separately","miR-204-5p OE",0.635124084017826,0.606053237659941,-0.0152258484602553,19,0.95,FALSE,"MIR204","","SIRT1;BCL2;MYC;E2F1;CDC25A;AKT1","PRKAA1;PPM1D;Mdm2;TP53;TP53INP1;CDKN1A;MYC;MALAT1;SIRT1;DFNA5;E2F1;AKT1;RB1;CDC25A;BBC3;BCL2;BAX;CASP3;CASP9",66,"Indirect only: perturbed node not measured","HCC; malignant cell annotated observational concordance; not causal perturbation validation"
"GSE189903","GSE189903_HCC","4HT1","HCC tumour-region observational concordance; malignant status annotated separately","miR-204-5p KO",0.514599486672432,0.507736676064655,-0.0787026890505362,19,0.95,FALSE,"MIR204","","SIRT1;BCL2;MYC;E2F1;CDC25A;AKT1","PRKAA1;PPM1D;Mdm2;TP53;TP53INP1;CDKN1A;MYC;MALAT1;SIRT1;DFNA5;E2F1;AKT1;RB1;CDC25A;BBC3;BCL2;BAX;CASP3;CASP9",66,"Indirect only: perturbed node not measured","HCC; malignant cell annotated observational concordance; not causal perturbation validation"
"GSE189903","GSE189903_HCC","4HT1","HCC tumour-region observational concordance; malignant status annotated separately","MALAT1 OE",0.514599486672432,0.558057748860907,-0.0787026890505362,19,0.95,TRUE,"MALAT1","MALAT1","","PRKAA1;PPM1D;Mdm2;TP53;TP53INP1;CDKN1A;MYC;MALAT1;SIRT1;DFNA5;E2F1;AKT1;RB1;CDC25A;BBC3;BCL2;BAX;CASP3;CASP9",66,"Limited observational concordance","HCC; malignant cell annotated observational concordance; not causal perturbation validation"
"GSE189903","GSE189903_HCC","4HT1","HCC tumour-region observational concordance; malignant status annotated separately","MALAT1 KO",0.562410706736861,0.508451054538028,-0.275796588223085,19,0.95,TRUE,"MALAT1","MALAT1","","PRKAA1;PPM1D;Mdm2;TP53;TP53INP1;CDKN1A;MYC;MALAT1;SIRT1;DFNA5;E2F1;AKT1;RB1;CDC25A;BBC3;BCL2;BAX;CASP3;CASP9",66,"Limited observational concordance","HCC; malignant cell annotated observational concordance; not causal perturbation validation"
"GSE189903","GSE189903_HCC","4HT1","HCC tumour-region observational concordance; malignant status annotated separately","SIRT1 OE",0.514599486672432,0.512060445512009,-0.0787026890505362,19,0.95,TRUE,"SIRT1","SIRT1","TP53","PRKAA1;PPM1D;Mdm2;TP53;TP53INP1;CDKN1A;MYC;MALAT1;SIRT1;DFNA5;E2F1;AKT1;RB1;CDC25A;BBC3;BCL2;BAX;CASP3;CASP9",66,"Limited observational concordance","HCC; malignant cell annotated observational concordance; not causal perturbation validation"
"GSE189903","GSE189903_HCC","4HT1","HCC tumour-region observational concordance; malignant status annotated separately","SIRT1 KO",0.514275524389039,0.511792824495293,0.0804794847184922,19,0.95,TRUE,"SIRT1","SIRT1","TP53","PRKAA1;PPM1D;Mdm2;TP53;TP53INP1;CDKN1A;MYC;MALAT1;SIRT1;DFNA5;E2F1;AKT1;RB1;CDC25A;BBC3;BCL2;BAX;CASP3;CASP9",66,"Limited observational concordance","HCC; malignant cell annotated observational concordance; not causal perturbation validation"
"GSE189903","GSE189903_HCC","4HT1","HCC tumour-region observational concordance; malignant status annotated separately","BCL2 KO",0.583678434040853,0.570346794766136,0.0552635885664404,19,0.95,TRUE,"BCL2","BCL2","BAX;CASP3","PRKAA1;PPM1D;Mdm2;TP53;TP53INP1;CDKN1A;MYC;MALAT1;SIRT1;DFNA5;E2F1;AKT1;RB1;CDC25A;BBC3;BCL2;BAX;CASP3;CASP9",66,"Limited observational concordance","HCC; malignant cell annotated observational concordance; not causal perturbation validation"
"GSE189903","GSE189903_HCC","4HT1","HCC tumour-region observational concordance; malignant status annotated separately","GSDME OE",0.589599486672432,0.577381374853464,0.0319363498867317,19,0.95,TRUE,"DFNA5","DFNA5","","PRKAA1;PPM1D;Mdm2;TP53;TP53INP1;CDKN1A;MYC;MALAT1;SIRT1;DFNA5;E2F1;AKT1;RB1;CDC25A;BBC3;BCL2;BAX;CASP3;CASP9",66,"Limited observational concordance","HCC; malignant cell annotated observational concordance; not causal perturbation validation"
"GSE189903","GSE189903_HCC","4HT1","HCC tumour-region observational concordance; malignant status annotated separately","CASP3 OE",0.558678434040853,0.552860470316551,0.021988962217094,19,0.95,TRUE,"CASP3","CASP3","DFNA5;CDKN1A;CASP9","PRKAA1;PPM1D;Mdm2;TP53;TP53INP1;CDKN1A;MYC;MALAT1;SIRT1;DFNA5;E2F1;AKT1;RB1;CDC25A;BBC3;BCL2;BAX;CASP3;CASP9",66,"Limited observational concordance","HCC; malignant cell annotated observational concordance; not causal perturbation validation"
"GSE189903","GSE189903_HCC","4HT1","HCC tumour-region observational concordance; malignant status annotated separately","miR-204-5p OE + GSDME KO",0.607821452438878,0.576163605053519,-0.0155023455992926,19,0.95,TRUE,"MIR204;DFNA5","DFNA5","SIRT1;BCL2;MYC;E2F1;CDC25A;AKT1","PRKAA1;PPM1D;Mdm2;TP53;TP53INP1;CDKN1A;MYC;MALAT1;SIRT1;DFNA5;E2F1;AKT1;RB1;CDC25A;BBC3;BCL2;BAX;CASP3;CASP9",66,"Limited observational concordance","HCC; malignant cell annotated observational concordance; not causal perturbation validation"
"GSE189903","GSE189903_HCC","4HT1","HCC tumour-region observational concordance; malignant status annotated separately","CASP3 OE + GSDME KO",0.557691591935589,0.548018953996807,0.0288355974853035,19,0.95,TRUE,"CASP3;DFNA5","CASP3;DFNA5","DFNA5;CDKN1A;CASP9","PRKAA1;PPM1D;Mdm2;TP53;TP53INP1;CDKN1A;MYC;MALAT1;SIRT1;DFNA5;E2F1;AKT1;RB1;CDC25A;BBC3;BCL2;BAX;CASP3;CASP9",66,"Limited observational concordance","HCC; malignant cell annotated observational concordance; not causal perturbation validation"
"GSE189903","GSE189903_HCC","4HT1","HCC tumour-region observational concordance; malignant status annotated separately","SIRT1 KO + GSDME KO",0.525130787546934,0.518364806284298,0.0653313135970189,19,0.95,TRUE,"SIRT1;DFNA5","SIRT1;DFNA5","TP53","PRKAA1;PPM1D;Mdm2;TP53;TP53INP1;CDKN1A;MYC;MALAT1;SIRT1;DFNA5;E2F1;AKT1;RB1;CDC25A;BBC3;BCL2;BAX;CASP3;CASP9",66,"Limited observational concordance","HCC; malignant cell annotated observational concordance; not causal perturbation validation"
"GSE189903","GSE189903_HCC","4HT1","HCC tumour-region observational concordance; malignant status annotated separately","MALAT1 KO + GSDME KO",0.574252812000019,0.516436927993465,-0.192543980612482,19,0.95,TRUE,"MALAT1;DFNA5","MALAT1;DFNA5","","PRKAA1;PPM1D;Mdm2;TP53;TP53INP1;CDKN1A;MYC;MALAT1;SIRT1;DFNA5;E2F1;AKT1;RB1;CDC25A;BBC3;BCL2;BAX;CASP3;CASP9",66,"Limited observational concordance","HCC; malignant cell annotated observational concordance; not causal perturbation validation"
"GSE189903","GSE189903_HCC","4HT1","HCC tumour-region observational concordance; malignant status annotated separately","miR-204-5p OE + CASP3 KO",0.558315365321926,0.552349799198027,0.0341786791526139,19,0.95,TRUE,"MIR204;CASP3","CASP3","SIRT1;BCL2;MYC;E2F1;CDC25A;AKT1;DFNA5;CDKN1A;CASP9","PRKAA1;PPM1D;Mdm2;TP53;TP53INP1;CDKN1A;MYC;MALAT1;SIRT1;DFNA5;E2F1;AKT1;RB1;CDC25A;BBC3;BCL2;BAX;CASP3;CASP9",66,"Limited observational concordance","HCC; malignant cell annotated observational concordance; not causal perturbation validation"
"GSE189903","GSE189903_HCC","4HT1","HCC tumour-region observational concordance; malignant status annotated separately","GSDME E1 + CASP3 E1",0.586967907725063,0.569315250293103,0.021988962217094,19,0.95,TRUE,"DFNA5;CASP3","DFNA5;CASP3","DFNA5;CDKN1A;CASP9","PRKAA1;PPM1D;Mdm2;TP53;TP53INP1;CDKN1A;MYC;MALAT1;SIRT1;DFNA5;E2F1;AKT1;RB1;CDC25A;BBC3;BCL2;BAX;CASP3;CASP9",66,"Limited observational concordance","HCC; malignant cell annotated observational concordance; not causal perturbation validation"
"GSE189903","GSE189903_HCC","4HT1","HCC tumour-region observational concordance; malignant status annotated separately","p53 E1 + miR-204-5p E1 + CASP3 KO + p21 E1",0.527394312690347,0.509212842942255,-0.0497963893947027,19,0.95,TRUE,"TP53;MIR204;CASP3;CDKN1A","TP53;CASP3;CDKN1A","Mdm2;SIRT1;BCL2;MYC;E2F1;CDC25A;AKT1;CASP3;DFNA5;CDKN1A;CASP9","PRKAA1;PPM1D;Mdm2;TP53;TP53INP1;CDKN1A;MYC;MALAT1;SIRT1;DFNA5;E2F1;AKT1;RB1;CDC25A;BBC3;BCL2;BAX;CASP3;CASP9",66,"Limited observational concordance","HCC; malignant cell annotated observational concordance; not causal perturbation validation"
"GSE189903","GSE189903_HCC","4HT1","HCC tumour-region observational concordance; malignant status annotated separately","MALAT1 E1 + miR-204-5p KO + SIRT1 E1",0.514599486672432,0.538493455799359,-0.0787026890505362,19,0.95,TRUE,"MALAT1;MIR204;SIRT1","MALAT1;SIRT1","SIRT1;BCL2;MYC;E2F1;CDC25A;AKT1;TP53","PRKAA1;PPM1D;Mdm2;TP53;TP53INP1;CDKN1A;MYC;MALAT1;SIRT1;DFNA5;E2F1;AKT1;RB1;CDC25A;BBC3;BCL2;BAX;CASP3;CASP9",66,"Limited observational concordance","HCC; malignant cell annotated observational concordance; not causal perturbation validation"
"GSE189903","GSE189903_HCC","4HT1","HCC tumour-region observational concordance; malignant status annotated separately","SIRT1 KO + GSDME KO + CASP3 E1",0.510328155967987,0.513398595952559,0.140611930640591,19,0.95,TRUE,"SIRT1;DFNA5;CASP3","SIRT1;DFNA5;CASP3","DFNA5;CDKN1A;CASP9;TP53","PRKAA1;PPM1D;Mdm2;TP53;TP53INP1;CDKN1A;MYC;MALAT1;SIRT1;DFNA5;E2F1;AKT1;RB1;CDC25A;BBC3;BCL2;BAX;CASP3;CASP9",66,"Limited observational concordance","HCC; malignant cell annotated observational concordance; not causal perturbation validation"
"GSE189903","GSE189903_HCC","4HT1","HCC tumour-region observational concordance; malignant status annotated separately","BAX E1",0.582198662713374,0.57490113516178,0.208310817844901,19,0.95,TRUE,"BAX","BAX","CASP3","PRKAA1;PPM1D;Mdm2;TP53;TP53INP1;CDKN1A;MYC;MALAT1;SIRT1;DFNA5;E2F1;AKT1;RB1;CDC25A;BBC3;BCL2;BAX;CASP3;CASP9",66,"Limited observational concordance","HCC; malignant cell annotated observational concordance; not causal perturbation validation"
"GSE189903","GSE189903_HCC","4HT1","HCC tumour-region observational concordance; malignant status annotated separately","BAX E1 + GSDME KO",0.583843399555479,0.567941388796959,0.183772952083722,19,0.95,TRUE,"BAX;DFNA5","BAX;DFNA5","CASP3","PRKAA1;PPM1D;Mdm2;TP53;TP53INP1;CDKN1A;MYC;MALAT1;SIRT1;DFNA5;E2F1;AKT1;RB1;CDC25A;BBC3;BCL2;BAX;CASP3;CASP9",66,"Limited observational concordance","HCC; malignant cell annotated observational concordance; not causal perturbation validation"
"GSE189903","GSE189903_HCC","4HT1","HCC tumour-region observational concordance; malignant status annotated separately","p53 E1",0.729515969894756,0.698568602782614,0.0467491139191056,19,0.95,TRUE,"TP53","TP53","Mdm2","PRKAA1;PPM1D;Mdm2;TP53;TP53INP1;CDKN1A;MYC;MALAT1;SIRT1;DFNA5;E2F1;AKT1;RB1;CDC25A;BBC3;BCL2;BAX;CASP3;CASP9",66,"Limited observational concordance","HCC; malignant cell annotated observational concordance; not causal perturbation validation"
"GSE189903","GSE189903_HCC","4HT1","HCC tumour-region observational concordance; malignant status annotated separately","p53 KO",0.514599486672432,0.521028899251128,-0.0787026890505362,19,0.95,TRUE,"TP53","TP53","Mdm2","PRKAA1;PPM1D;Mdm2;TP53;TP53INP1;CDKN1A;MYC;MALAT1;SIRT1;DFNA5;E2F1;AKT1;RB1;CDC25A;BBC3;BCL2;BAX;CASP3;CASP9",66,"Limited observational concordance","HCC; malignant cell annotated observational concordance; not causal perturbation validation"
"GSE189903","GSE189903_HCC","4HT1","HCC tumour-region observational concordance; malignant status annotated separately","p21 E1",0.54054722234216,0.513338377873404,-0.197439029607514,19,0.95,TRUE,"CDKN1A","CDKN1A","CASP3","PRKAA1;PPM1D;Mdm2;TP53;TP53INP1;CDKN1A;MYC;MALAT1;SIRT1;DFNA5;E2F1;AKT1;RB1;CDC25A;BBC3;BCL2;BAX;CASP3;CASP9",66,"Limited observational concordance","HCC; malignant cell annotated observational concordance; not causal perturbation validation"
"GSE189903","GSE189903_HCC","4HT3","HCC tumour-region observational concordance; malignant status annotated separately","Reference: DDR ON, GSDME endogenous",0.567766940304303,0.567766940304303,-0.0247110356285936,19,0.95,FALSE,"","","","PRKAA1;PPM1D;Mdm2;TP53;TP53INP1;CDKN1A;MYC;MALAT1;SIRT1;DFNA5;E2F1;AKT1;RB1;CDC25A;BBC3;BCL2;BAX;CASP3;CASP9",176,"Indirect only: perturbed node not measured","HCC; malignant cell annotated observational concordance; not causal perturbation validation"
"GSE189903","GSE189903_HCC","4HT3","HCC tumour-region observational concordance; malignant status annotated separately","GSDME KO",0.584872203462198,0.573298721171898,0.0560720254807428,19,0.95,TRUE,"DFNA5","DFNA5","","PRKAA1;PPM1D;Mdm2;TP53;TP53INP1;CDKN1A;MYC;MALAT1;SIRT1;DFNA5;E2F1;AKT1;RB1;CDC25A;BBC3;BCL2;BAX;CASP3;CASP9",176,"Limited observational concordance","HCC; malignant cell annotated observational concordance; not causal perturbation validation"
"GSE189903","GSE189903_HCC","4HT3","HCC tumour-region observational concordance; malignant status annotated separately","CASP3 KO",0.579937992935882,0.568935605179049,0.0120926344565458,19,0.95,TRUE,"CASP3","CASP3","DFNA5;CDKN1A;CASP9","PRKAA1;PPM1D;Mdm2;TP53;TP53INP1;CDKN1A;MYC;MALAT1;SIRT1;DFNA5;E2F1;AKT1;RB1;CDC25A;BBC3;BCL2;BAX;CASP3;CASP9",176,"Limited observational concordance","HCC; malignant cell annotated observational concordance; not causal perturbation validation"
"GSE189903","GSE189903_HCC","4HT3","HCC tumour-region observational concordance; malignant status annotated separately","miR-204-5p OE",0.633830748302423,0.605015443643107,-0.210986757234966,19,0.95,FALSE,"MIR204","","SIRT1;BCL2;MYC;E2F1;CDC25A;AKT1","PRKAA1;PPM1D;Mdm2;TP53;TP53INP1;CDKN1A;MYC;MALAT1;SIRT1;DFNA5;E2F1;AKT1;RB1;CDC25A;BBC3;BCL2;BAX;CASP3;CASP9",176,"Indirect only: perturbed node not measured","HCC; malignant cell annotated observational concordance; not causal perturbation validation"
"GSE189903","GSE189903_HCC","4HT3","HCC tumour-region observational concordance; malignant status annotated separately","miR-204-5p KO",0.522701150830619,0.513948799698005,0.0562162064646687,19,0.95,FALSE,"MIR204","","SIRT1;BCL2;MYC;E2F1;CDC25A;AKT1","PRKAA1;PPM1D;Mdm2;TP53;TP53INP1;CDKN1A;MYC;MALAT1;SIRT1;DFNA5;E2F1;AKT1;RB1;CDC25A;BBC3;BCL2;BAX;CASP3;CASP9",176,"Indirect only: perturbed node not measured","HCC; malignant cell annotated observational concordance; not causal perturbation validation"
"GSE189903","GSE189903_HCC","4HT3","HCC tumour-region observational concordance; malignant status annotated separately","MALAT1 OE",0.522701150830619,0.559919105800868,0.0562162064646687,19,0.95,TRUE,"MALAT1","MALAT1","","PRKAA1;PPM1D;Mdm2;TP53;TP53INP1;CDKN1A;MYC;MALAT1;SIRT1;DFNA5;E2F1;AKT1;RB1;CDC25A;BBC3;BCL2;BAX;CASP3;CASP9",176,"Limited observational concordance","HCC; malignant cell annotated observational concordance; not causal perturbation validation"
"GSE189903","GSE189903_HCC","4HT3","HCC tumour-region observational concordance; malignant status annotated separately","MALAT1 KO",0.57447664339773,0.524007171032706,-0.264326786822503,19,0.95,TRUE,"MALAT1","MALAT1","","PRKAA1;PPM1D;Mdm2;TP53;TP53INP1;CDKN1A;MYC;MALAT1;SIRT1;DFNA5;E2F1;AKT1;RB1;CDC25A;BBC3;BCL2;BAX;CASP3;CASP9",176,"Limited observational concordance","HCC; malignant cell annotated observational concordance; not causal perturbation validation"
"GSE189903","GSE189903_HCC","4HT3","HCC tumour-region observational concordance; malignant status annotated separately","SIRT1 OE",0.522701150830619,0.518753124599207,0.0562162064646687,19,0.95,TRUE,"SIRT1","SIRT1","TP53","PRKAA1;PPM1D;Mdm2;TP53;TP53INP1;CDKN1A;MYC;MALAT1;SIRT1;DFNA5;E2F1;AKT1;RB1;CDC25A;BBC3;BCL2;BAX;CASP3;CASP9",176,"Limited observational concordance","HCC; malignant cell annotated observational concordance; not causal perturbation validation"
"GSE189903","GSE189903_HCC","4HT3","HCC tumour-region observational concordance; malignant status annotated separately","SIRT1 KO",0.514276103756768,0.511793303103417,-0.104405818013179,19,0.95,TRUE,"SIRT1","SIRT1","TP53","PRKAA1;PPM1D;Mdm2;TP53;TP53INP1;CDKN1A;MYC;MALAT1;SIRT1;DFNA5;E2F1;AKT1;RB1;CDC25A;BBC3;BCL2;BAX;CASP3;CASP9",176,"Limited observational concordance","HCC; malignant cell annotated observational concordance; not causal perturbation validation"
"GSE189903","GSE189903_HCC","4HT3","HCC tumour-region observational concordance; malignant status annotated separately","BCL2 KO",0.59178009819904,0.576683718860832,0.0490073332570321,19,0.95,TRUE,"BCL2","BCL2","BAX;CASP3","PRKAA1;PPM1D;Mdm2;TP53;TP53INP1;CDKN1A;MYC;MALAT1;SIRT1;DFNA5;E2F1;AKT1;RB1;CDC25A;BBC3;BCL2;BAX;CASP3;CASP9",176,"Limited observational concordance","HCC; malignant cell annotated observational concordance; not causal perturbation validation"
"GSE189903","GSE189903_HCC","4HT3","HCC tumour-region observational concordance; malignant status annotated separately","GSDME OE",0.597701150830619,0.584378266626444,0.0947619562212858,19,0.95,TRUE,"DFNA5","DFNA5","","PRKAA1;PPM1D;Mdm2;TP53;TP53INP1;CDKN1A;MYC;MALAT1;SIRT1;DFNA5;E2F1;AKT1;RB1;CDC25A;BBC3;BCL2;BAX;CASP3;CASP9",176,"Limited observational concordance","HCC; malignant cell annotated observational concordance; not causal perturbation validation"
"GSE189903","GSE189903_HCC","4HT3","HCC tumour-region observational concordance; malignant status annotated separately","CASP3 OE",0.56678009819904,0.559435605179049,0.118321558596744,19,0.95,TRUE,"CASP3","CASP3","DFNA5;CDKN1A;CASP9","PRKAA1;PPM1D;Mdm2;TP53;TP53INP1;CDKN1A;MYC;MALAT1;SIRT1;DFNA5;E2F1;AKT1;RB1;CDC25A;BBC3;BCL2;BAX;CASP3;CASP9",176,"Limited observational concordance","HCC; malignant cell annotated observational concordance; not causal perturbation validation"
"GSE189903","GSE189903_HCC","4HT3","HCC tumour-region observational concordance; malignant status annotated separately","miR-204-5p OE + GSDME KO",0.606528116723476,0.575237003252774,-0.219247459189996,19,0.95,TRUE,"MIR204;DFNA5","DFNA5","SIRT1;BCL2;MYC;E2F1;CDC25A;AKT1","PRKAA1;PPM1D;Mdm2;TP53;TP53INP1;CDKN1A;MYC;MALAT1;SIRT1;DFNA5;E2F1;AKT1;RB1;CDC25A;BBC3;BCL2;BAX;CASP3;CASP9",176,"Limited observational concordance","HCC; malignant cell annotated observational concordance; not causal perturbation validation"
"GSE189903","GSE189903_HCC","4HT3","HCC tumour-region observational concordance; malignant status annotated separately","CASP3 OE + GSDME KO",0.565793256093777,0.554107041832453,0.0886039268184782,19,0.95,TRUE,"CASP3;DFNA5","CASP3;DFNA5","DFNA5;CDKN1A;CASP9","PRKAA1;PPM1D;Mdm2;TP53;TP53INP1;CDKN1A;MYC;MALAT1;SIRT1;DFNA5;E2F1;AKT1;RB1;CDC25A;BBC3;BCL2;BAX;CASP3;CASP9",176,"Limited observational concordance","HCC; malignant cell annotated observational concordance; not causal perturbation validation"
"GSE189903","GSE189903_HCC","4HT3","HCC tumour-region observational concordance; malignant status annotated separately","SIRT1 KO + GSDME KO",0.525131366914663,0.518365229668407,-0.129555316794088,19,0.95,TRUE,"SIRT1;DFNA5","SIRT1;DFNA5","TP53","PRKAA1;PPM1D;Mdm2;TP53;TP53INP1;CDKN1A;MYC;MALAT1;SIRT1;DFNA5;E2F1;AKT1;RB1;CDC25A;BBC3;BCL2;BAX;CASP3;CASP9",176,"Limited observational concordance","HCC; malignant cell annotated observational concordance; not causal perturbation validation"
"GSE189903","GSE189903_HCC","4HT3","HCC tumour-region observational concordance; malignant status annotated separately","MALAT1 KO + GSDME KO",0.586318748660888,0.530126310508782,-0.175891528235186,19,0.95,TRUE,"MALAT1;DFNA5","MALAT1;DFNA5","","PRKAA1;PPM1D;Mdm2;TP53;TP53INP1;CDKN1A;MYC;MALAT1;SIRT1;DFNA5;E2F1;AKT1;RB1;CDC25A;BBC3;BCL2;BAX;CASP3;CASP9",176,"Limited observational concordance","HCC; malignant cell annotated observational concordance; not causal perturbation validation"
"GSE189903","GSE189903_HCC","4HT3","HCC tumour-region observational concordance; malignant status annotated separately","miR-204-5p OE + CASP3 KO",0.557216286525771,0.551294937213768,-0.18739344776778,19,0.95,TRUE,"MIR204;CASP3","CASP3","SIRT1;BCL2;MYC;E2F1;CDC25A;AKT1;DFNA5;CDKN1A;CASP9","PRKAA1;PPM1D;Mdm2;TP53;TP53INP1;CDKN1A;MYC;MALAT1;SIRT1;DFNA5;E2F1;AKT1;RB1;CDC25A;BBC3;BCL2;BAX;CASP3;CASP9",176,"Limited observational concordance","HCC; malignant cell annotated observational concordance; not causal perturbation validation"
"GSE189903","GSE189903_HCC","4HT3","HCC tumour-region observational concordance; malignant status annotated separately","GSDME E1 + CASP3 E1",0.595069571883251,0.575403338128749,0.118321558596744,19,0.95,TRUE,"DFNA5;CASP3","DFNA5;CASP3","DFNA5;CDKN1A;CASP9","PRKAA1;PPM1D;Mdm2;TP53;TP53INP1;CDKN1A;MYC;MALAT1;SIRT1;DFNA5;E2F1;AKT1;RB1;CDC25A;BBC3;BCL2;BAX;CASP3;CASP9",176,"Limited observational concordance","HCC; malignant cell annotated observational concordance; not causal perturbation validation"
"GSE189903","GSE189903_HCC","4HT3","HCC tumour-region observational concordance; malignant status annotated separately","p53 E1 + miR-204-5p E1 + CASP3 KO + p21 E1",0.526295233894192,0.508138769148048,-0.265580743438415,19,0.95,TRUE,"TP53;MIR204;CASP3;CDKN1A","TP53;CASP3;CDKN1A","Mdm2;SIRT1;BCL2;MYC;E2F1;CDC25A;AKT1;CASP3;DFNA5;CDKN1A;CASP9","PRKAA1;PPM1D;Mdm2;TP53;TP53INP1;CDKN1A;MYC;MALAT1;SIRT1;DFNA5;E2F1;AKT1;RB1;CDC25A;BBC3;BCL2;BAX;CASP3;CASP9",176,"Limited observational concordance","HCC; malignant cell annotated observational concordance; not causal perturbation validation"
"GSE189903","GSE189903_HCC","4HT3","HCC tumour-region observational concordance; malignant status annotated separately","MALAT1 E1 + miR-204-5p KO + SIRT1 E1",0.522701150830619,0.539858659815725,0.0562162064646687,19,0.95,TRUE,"MALAT1;MIR204;SIRT1","MALAT1;SIRT1","SIRT1;BCL2;MYC;E2F1;CDC25A;AKT1;TP53","PRKAA1;PPM1D;Mdm2;TP53;TP53INP1;CDKN1A;MYC;MALAT1;SIRT1;DFNA5;E2F1;AKT1;RB1;CDC25A;BBC3;BCL2;BAX;CASP3;CASP9",176,"Limited observational concordance","HCC; malignant cell annotated observational concordance; not causal perturbation validation"
"GSE189903","GSE189903_HCC","4HT3","HCC tumour-region observational concordance; malignant status annotated separately","SIRT1 KO + GSDME KO + CASP3 E1",0.510328735335715,0.513735943066873,-0.0377251521230854,19,0.95,TRUE,"SIRT1;DFNA5;CASP3","SIRT1;DFNA5;CASP3","DFNA5;CDKN1A;CASP9;TP53","PRKAA1;PPM1D;Mdm2;TP53;TP53INP1;CDKN1A;MYC;MALAT1;SIRT1;DFNA5;E2F1;AKT1;RB1;CDC25A;BBC3;BCL2;BAX;CASP3;CASP9",176,"Limited observational concordance","HCC; malignant cell annotated observational concordance; not causal perturbation validation"
"GSE189903","GSE189903_HCC","4HT3","HCC tumour-region observational concordance; malignant status annotated separately","BAX E1",0.590494583790809,0.58199499701699,0.270960687873443,19,0.95,TRUE,"BAX","BAX","CASP3","PRKAA1;PPM1D;Mdm2;TP53;TP53INP1;CDKN1A;MYC;MALAT1;SIRT1;DFNA5;E2F1;AKT1;RB1;CDC25A;BBC3;BCL2;BAX;CASP3;CASP9",176,"Limited observational concordance","HCC; malignant cell annotated observational concordance; not causal perturbation validation"
"GSE189903","GSE189903_HCC","4HT3","HCC tumour-region observational concordance; malignant status annotated separately","BAX E1 + GSDME KO",0.592139320632914,0.574216728130415,0.242246164110361,19,0.95,TRUE,"BAX;DFNA5","BAX;DFNA5","CASP3","PRKAA1;PPM1D;Mdm2;TP53;TP53INP1;CDKN1A;MYC;MALAT1;SIRT1;DFNA5;E2F1;AKT1;RB1;CDC25A;BBC3;BCL2;BAX;CASP3;CASP9",176,"Limited observational concordance","HCC; malignant cell annotated observational concordance; not causal perturbation validation"
"GSE189903","GSE189903_HCC","4HT3","HCC tumour-region observational concordance; malignant status annotated separately","p53 E1",0.741581906555625,0.709138441599861,0.0950740406669451,19,0.95,TRUE,"TP53","TP53","Mdm2","PRKAA1;PPM1D;Mdm2;TP53;TP53INP1;CDKN1A;MYC;MALAT1;SIRT1;DFNA5;E2F1;AKT1;RB1;CDC25A;BBC3;BCL2;BAX;CASP3;CASP9",176,"Limited observational concordance","HCC; malignant cell annotated observational concordance; not causal perturbation validation"
"GSE189903","GSE189903_HCC","4HT3","HCC tumour-region observational concordance; malignant status annotated separately","p53 KO",0.522701150830619,0.528323904261812,0.0562162064646687,19,0.95,TRUE,"TP53","TP53","Mdm2","PRKAA1;PPM1D;Mdm2;TP53;TP53INP1;CDKN1A;MYC;MALAT1;SIRT1;DFNA5;E2F1;AKT1;RB1;CDC25A;BBC3;BCL2;BAX;CASP3;CASP9",176,"Limited observational concordance","HCC; malignant cell annotated observational concordance; not causal perturbation validation"
"GSE189903","GSE189903_HCC","4HT3","HCC tumour-region observational concordance; malignant status annotated separately","p21 E1",0.547549228336464,0.517760023796061,-0.167144152048689,19,0.95,TRUE,"CDKN1A","CDKN1A","CASP3","PRKAA1;PPM1D;Mdm2;TP53;TP53INP1;CDKN1A;MYC;MALAT1;SIRT1;DFNA5;E2F1;AKT1;RB1;CDC25A;BBC3;BCL2;BAX;CASP3;CASP9",176,"Limited observational concordance","HCC; malignant cell annotated observational concordance; not causal perturbation validation"
"GSE189903","GSE189903_HCC","4HT2","HCC tumour-region observational concordance; malignant status annotated separately","Reference: DDR ON, GSDME endogenous",0.55576393878636,0.55576393878636,-0.0173503016115657,19,0.95,FALSE,"","","","PRKAA1;PPM1D;Mdm2;TP53;TP53INP1;CDKN1A;MYC;MALAT1;SIRT1;DFNA5;E2F1;AKT1;RB1;CDC25A;BBC3;BCL2;BAX;CASP3;CASP9",153,"Indirect only: perturbed node not measured","HCC; malignant cell annotated observational concordance; not causal perturbation validation"
"GSE189903","GSE189903_HCC","4HT2","HCC tumour-region observational concordance; malignant status annotated separately","GSDME KO",0.572869201944255,0.56293249258822,0.0592162512086349,19,0.95,TRUE,"DFNA5","DFNA5","","PRKAA1;PPM1D;Mdm2;TP53;TP53INP1;CDKN1A;MYC;MALAT1;SIRT1;DFNA5;E2F1;AKT1;RB1;CDC25A;BBC3;BCL2;BAX;CASP3;CASP9",153,"Limited observational concordance","HCC; malignant cell annotated observational concordance; not causal perturbation validation"
"GSE189903","GSE189903_HCC","4HT2","HCC tumour-region observational concordance; malignant status annotated separately","CASP3 KO",0.567934991417939,0.55755338575915,0.0236595021975896,19,0.95,TRUE,"CASP3","CASP3","DFNA5;CDKN1A;CASP9","PRKAA1;PPM1D;Mdm2;TP53;TP53INP1;CDKN1A;MYC;MALAT1;SIRT1;DFNA5;E2F1;AKT1;RB1;CDC25A;BBC3;BCL2;BAX;CASP3;CASP9",153,"Limited observational concordance","HCC; malignant cell annotated observational concordance; not causal perturbation validation"
"GSE189903","GSE189903_HCC","4HT2","HCC tumour-region observational concordance; malignant status annotated separately","miR-204-5p OE",0.643129201911706,0.612374982431995,0,19,0.95,FALSE,"MIR204","","SIRT1;BCL2;MYC;E2F1;CDC25A;AKT1","PRKAA1;PPM1D;Mdm2;TP53;TP53INP1;CDKN1A;MYC;MALAT1;SIRT1;DFNA5;E2F1;AKT1;RB1;CDC25A;BBC3;BCL2;BAX;CASP3;CASP9",153,"Indirect only: perturbed node not measured","HCC; malignant cell annotated observational concordance; not causal perturbation validation"
"GSE189903","GSE189903_HCC","4HT2","HCC tumour-region observational concordance; malignant status annotated separately","miR-204-5p KO",0.510698149312676,0.504533804498535,-0.0562162064646687,19,0.95,FALSE,"MIR204","","SIRT1;BCL2;MYC;E2F1;CDC25A;AKT1","PRKAA1;PPM1D;Mdm2;TP53;TP53INP1;CDKN1A;MYC;MALAT1;SIRT1;DFNA5;E2F1;AKT1;RB1;CDC25A;BBC3;BCL2;BAX;CASP3;CASP9",153,"Indirect only: perturbed node not measured","HCC; malignant cell annotated observational concordance; not causal perturbation validation"
"GSE189903","GSE189903_HCC","4HT2","HCC tumour-region observational concordance; malignant status annotated separately","MALAT1 OE",0.510698149312676,0.540953373790919,-0.0562162064646687,19,0.95,TRUE,"MALAT1","MALAT1","","PRKAA1;PPM1D;Mdm2;TP53;TP53INP1;CDKN1A;MYC;MALAT1;SIRT1;DFNA5;E2F1;AKT1;RB1;CDC25A;BBC3;BCL2;BAX;CASP3;CASP9",153,"Limited observational concordance","HCC; malignant cell annotated observational concordance; not causal perturbation validation"
"GSE189903","GSE189903_HCC","4HT2","HCC tumour-region observational concordance; malignant status annotated separately","MALAT1 KO",0.569111855050944,0.527973448159481,-0.250771566985451,19,0.95,TRUE,"MALAT1","MALAT1","","PRKAA1;PPM1D;Mdm2;TP53;TP53INP1;CDKN1A;MYC;MALAT1;SIRT1;DFNA5;E2F1;AKT1;RB1;CDC25A;BBC3;BCL2;BAX;CASP3;CASP9",153,"Limited observational concordance","HCC; malignant cell annotated observational concordance; not causal perturbation validation"
"GSE189903","GSE189903_HCC","4HT2","HCC tumour-region observational concordance; malignant status annotated separately","SIRT1 OE",0.510698149312676,0.508837601606124,-0.0562162064646687,19,0.95,TRUE,"SIRT1","SIRT1","TP53","PRKAA1;PPM1D;Mdm2;TP53;TP53INP1;CDKN1A;MYC;MALAT1;SIRT1;DFNA5;E2F1;AKT1;RB1;CDC25A;BBC3;BCL2;BAX;CASP3;CASP9",153,"Limited observational concordance","HCC; malignant cell annotated observational concordance; not causal perturbation validation"
"GSE189903","GSE189903_HCC","4HT2","HCC tumour-region observational concordance; malignant status annotated separately","SIRT1 KO",0.52090686527421,0.517270888704783,0.0978804543873554,19,0.95,TRUE,"SIRT1","SIRT1","TP53","PRKAA1;PPM1D;Mdm2;TP53;TP53INP1;CDKN1A;MYC;MALAT1;SIRT1;DFNA5;E2F1;AKT1;RB1;CDC25A;BBC3;BCL2;BAX;CASP3;CASP9",153,"Limited observational concordance","HCC; malignant cell annotated observational concordance; not causal perturbation validation"
"GSE189903","GSE189903_HCC","4HT2","HCC tumour-region observational concordance; malignant status annotated separately","BCL2 KO",0.579777096681097,0.565883201751456,0.0823740282405433,19,0.95,TRUE,"BCL2","BCL2","BAX;CASP3","PRKAA1;PPM1D;Mdm2;TP53;TP53INP1;CDKN1A;MYC;MALAT1;SIRT1;DFNA5;E2F1;AKT1;RB1;CDC25A;BBC3;BCL2;BAX;CASP3;CASP9",153,"Limited observational concordance","HCC; malignant cell annotated observational concordance; not causal perturbation validation"
"GSE189903","GSE189903_HCC","4HT2","HCC tumour-region observational concordance; malignant status annotated separately","GSDME OE",0.585698149312676,0.574012038042766,0.0602078727372811,19,0.95,TRUE,"DFNA5","DFNA5","","PRKAA1;PPM1D;Mdm2;TP53;TP53INP1;CDKN1A;MYC;MALAT1;SIRT1;DFNA5;E2F1;AKT1;RB1;CDC25A;BBC3;BCL2;BAX;CASP3;CASP9",153,"Limited observational concordance","HCC; malignant cell annotated observational concordance; not causal perturbation validation"
"GSE189903","GSE189903_HCC","4HT2","HCC tumour-region observational concordance; malignant status annotated separately","CASP3 OE",0.554777096681097,0.54805338575915,0.0492133916287341,19,0.95,TRUE,"CASP3","CASP3","DFNA5;CDKN1A;CASP9","PRKAA1;PPM1D;Mdm2;TP53;TP53INP1;CDKN1A;MYC;MALAT1;SIRT1;DFNA5;E2F1;AKT1;RB1;CDC25A;BBC3;BCL2;BAX;CASP3;CASP9",153,"Limited observational concordance","HCC; malignant cell annotated observational concordance; not causal perturbation validation"
"GSE189903","GSE189903_HCC","4HT2","HCC tumour-region observational concordance; malignant status annotated separately","miR-204-5p OE + GSDME KO",0.615826570332759,0.581808020028567,0,19,0.95,TRUE,"MIR204;DFNA5","DFNA5","SIRT1;BCL2;MYC;E2F1;CDC25A;AKT1","PRKAA1;PPM1D;Mdm2;TP53;TP53INP1;CDKN1A;MYC;MALAT1;SIRT1;DFNA5;E2F1;AKT1;RB1;CDC25A;BBC3;BCL2;BAX;CASP3;CASP9",153,"Limited observational concordance","HCC; malignant cell annotated observational concordance; not causal perturbation validation"
"GSE189903","GSE189903_HCC","4HT2","HCC tumour-region observational concordance; malignant status annotated separately","CASP3 OE + GSDME KO",0.553790254575834,0.543567949776991,0.0560983441986814,19,0.95,TRUE,"CASP3;DFNA5","CASP3;DFNA5","DFNA5;CDKN1A;CASP9","PRKAA1;PPM1D;Mdm2;TP53;TP53INP1;CDKN1A;MYC;MALAT1;SIRT1;DFNA5;E2F1;AKT1;RB1;CDC25A;BBC3;BCL2;BAX;CASP3;CASP9",153,"Limited observational concordance","HCC; malignant cell annotated observational concordance; not causal perturbation validation"
"GSE189903","GSE189903_HCC","4HT2","HCC tumour-region observational concordance; malignant status annotated separately","SIRT1 KO + GSDME KO",0.531762128432105,0.523210786161923,0.0830482799962105,19,0.95,TRUE,"SIRT1;DFNA5","SIRT1;DFNA5","TP53","PRKAA1;PPM1D;Mdm2;TP53;TP53INP1;CDKN1A;MYC;MALAT1;SIRT1;DFNA5;E2F1;AKT1;RB1;CDC25A;BBC3;BCL2;BAX;CASP3;CASP9",153,"Limited observational concordance","HCC; malignant cell annotated observational concordance; not causal perturbation validation"
"GSE189903","GSE189903_HCC","4HT2","HCC tumour-region observational concordance; malignant status annotated separately","MALAT1 KO + GSDME KO",0.580953960314102,0.533616634380343,-0.165483745499377,19,0.95,TRUE,"MALAT1;DFNA5","MALAT1;DFNA5","","PRKAA1;PPM1D;Mdm2;TP53;TP53INP1;CDKN1A;MYC;MALAT1;SIRT1;DFNA5;E2F1;AKT1;RB1;CDC25A;BBC3;BCL2;BAX;CASP3;CASP9",153,"Limited observational concordance","HCC; malignant cell annotated observational concordance; not causal perturbation validation"
"GSE189903","GSE189903_HCC","4HT2","HCC tumour-region observational concordance; malignant status annotated separately","miR-204-5p OE + CASP3 KO",0.569794254007064,0.561062604631412,0.0530358814437112,19,0.95,TRUE,"MIR204;CASP3","CASP3","SIRT1;BCL2;MYC;E2F1;CDC25A;AKT1;DFNA5;CDKN1A;CASP9","PRKAA1;PPM1D;Mdm2;TP53;TP53INP1;CDKN1A;MYC;MALAT1;SIRT1;DFNA5;E2F1;AKT1;RB1;CDC25A;BBC3;BCL2;BAX;CASP3;CASP9",153,"Limited observational concordance","HCC; malignant cell annotated observational concordance; not causal perturbation validation"
"GSE189903","GSE189903_HCC","4HT2","HCC tumour-region observational concordance; malignant status annotated separately","GSDME E1 + CASP3 E1",0.583066570365308,0.564864246073287,0.0492133916287341,19,0.95,TRUE,"DFNA5;CASP3","DFNA5;CASP3","DFNA5;CDKN1A;CASP9","PRKAA1;PPM1D;Mdm2;TP53;TP53INP1;CDKN1A;MYC;MALAT1;SIRT1;DFNA5;E2F1;AKT1;RB1;CDC25A;BBC3;BCL2;BAX;CASP3;CASP9",153,"Limited observational concordance","HCC; malignant cell annotated observational concordance; not causal perturbation validation"
"GSE189903","GSE189903_HCC","4HT2","HCC tumour-region observational concordance; malignant status annotated separately","p53 E1 + miR-204-5p E1 + CASP3 KO + p21 E1",0.538873201375485,0.519566214246849,-0.0331975929298018,19,0.95,TRUE,"TP53;MIR204;CASP3;CDKN1A","TP53;CASP3;CDKN1A","Mdm2;SIRT1;BCL2;MYC;E2F1;CDC25A;AKT1;CASP3;DFNA5;CDKN1A;CASP9","PRKAA1;PPM1D;Mdm2;TP53;TP53INP1;CDKN1A;MYC;MALAT1;SIRT1;DFNA5;E2F1;AKT1;RB1;CDC25A;BBC3;BCL2;BAX;CASP3;CASP9",153,"Limited observational concordance","HCC; malignant cell annotated observational concordance; not causal perturbation validation"
"GSE189903","GSE189903_HCC","4HT2","HCC tumour-region observational concordance; malignant status annotated separately","MALAT1 E1 + miR-204-5p KO + SIRT1 E1",0.510698149312676,0.526163048352347,-0.0562162064646687,19,0.95,TRUE,"MALAT1;MIR204;SIRT1","MALAT1;SIRT1","SIRT1;BCL2;MYC;E2F1;CDC25A;AKT1;TP53","PRKAA1;PPM1D;Mdm2;TP53;TP53INP1;CDKN1A;MYC;MALAT1;SIRT1;DFNA5;E2F1;AKT1;RB1;CDC25A;BBC3;BCL2;BAX;CASP3;CASP9",153,"Limited observational concordance","HCC; malignant cell annotated observational concordance; not causal perturbation validation"
"GSE189903","GSE189903_HCC","4HT2","HCC tumour-region observational concordance; malignant status annotated separately","SIRT1 KO + GSDME KO + CASP3 E1",0.516959496853158,0.515977427330577,0.156616540632203,19,0.95,TRUE,"SIRT1;DFNA5;CASP3","SIRT1;DFNA5;CASP3","DFNA5;CDKN1A;CASP9;TP53","PRKAA1;PPM1D;Mdm2;TP53;TP53INP1;CDKN1A;MYC;MALAT1;SIRT1;DFNA5;E2F1;AKT1;RB1;CDC25A;BBC3;BCL2;BAX;CASP3;CASP9",153,"Limited observational concordance","HCC; malignant cell annotated observational concordance; not causal perturbation validation"
"GSE189903","GSE189903_HCC","4HT2","HCC tumour-region observational concordance; malignant status annotated separately","BAX E1",0.581771096144876,0.578852383107406,0.263651536370113,19,0.95,TRUE,"BAX","BAX","CASP3","PRKAA1;PPM1D;Mdm2;TP53;TP53INP1;CDKN1A;MYC;MALAT1;SIRT1;DFNA5;E2F1;AKT1;RB1;CDC25A;BBC3;BCL2;BAX;CASP3;CASP9",153,"Limited observational concordance","HCC; malignant cell annotated observational concordance; not causal perturbation validation"
"GSE189903","GSE189903_HCC","4HT2","HCC tumour-region observational concordance; malignant status annotated separately","BAX E1 + GSDME KO",0.583415832986981,0.57143672351809,0.238069506108459,19,0.95,TRUE,"BAX;DFNA5","BAX;DFNA5","CASP3","PRKAA1;PPM1D;Mdm2;TP53;TP53INP1;CDKN1A;MYC;MALAT1;SIRT1;DFNA5;E2F1;AKT1;RB1;CDC25A;BBC3;BCL2;BAX;CASP3;CASP9",153,"Limited observational concordance","HCC; malignant cell annotated observational concordance; not causal perturbation validation"
"GSE189903","GSE189903_HCC","4HT2","HCC tumour-region observational concordance; malignant status annotated separately","p53 E1",0.736217118208839,0.705011914939277,0.0751137448363158,19,0.95,TRUE,"TP53","TP53","Mdm2","PRKAA1;PPM1D;Mdm2;TP53;TP53INP1;CDKN1A;MYC;MALAT1;SIRT1;DFNA5;E2F1;AKT1;RB1;CDC25A;BBC3;BCL2;BAX;CASP3;CASP9",153,"Limited observational concordance","HCC; malignant cell annotated observational concordance; not causal perturbation validation"
"GSE189903","GSE189903_HCC","4HT2","HCC tumour-region observational concordance; malignant status annotated separately","p53 KO",0.510698149312676,0.518713636285925,-0.0562162064646687,19,0.95,TRUE,"TP53","TP53","Mdm2","PRKAA1;PPM1D;Mdm2;TP53;TP53INP1;CDKN1A;MYC;MALAT1;SIRT1;DFNA5;E2F1;AKT1;RB1;CDC25A;BBC3;BCL2;BAX;CASP3;CASP9",153,"Limited observational concordance","HCC; malignant cell annotated observational concordance; not causal perturbation validation"
"GSE189903","GSE189903_HCC","4HT2","HCC tumour-region observational concordance; malignant status annotated separately","p21 E1",0.541493432782371,0.52012677398919,-0.167144152048689,19,0.95,TRUE,"CDKN1A","CDKN1A","CASP3","PRKAA1;PPM1D;Mdm2;TP53;TP53INP1;CDKN1A;MYC;MALAT1;SIRT1;DFNA5;E2F1;AKT1;RB1;CDC25A;BBC3;BCL2;BAX;CASP3;CASP9",153,"Limited observational concordance","HCC; malignant cell annotated observational concordance; not causal perturbation validation"
"GSE189903","GSE189903_HCC","2HT3","HCC tumour-region observational concordance; malignant status annotated separately","Reference: DDR ON, GSDME endogenous",0.517484459391147,0.517484459391147,0.205574785761279,19,0.95,FALSE,"","","","PRKAA1;PPM1D;Mdm2;TP53;TP53INP1;CDKN1A;MYC;MALAT1;SIRT1;DFNA5;E2F1;AKT1;RB1;CDC25A;BBC3;BCL2;BAX;CASP3;CASP9",21,"Indirect only: perturbed node not measured","HCC; malignant cell annotated observational concordance; not causal perturbation validation"
"GSE189903","GSE189903_HCC","2HT3","HCC tumour-region observational concordance; malignant status annotated separately","GSDME KO",0.531958143601673,0.527600214928718,0.278263976918452,19,0.95,TRUE,"DFNA5","DFNA5","","PRKAA1;PPM1D;Mdm2;TP53;TP53INP1;CDKN1A;MYC;MALAT1;SIRT1;DFNA5;E2F1;AKT1;RB1;CDC25A;BBC3;BCL2;BAX;CASP3;CASP9",21,"Limited observational concordance","HCC; malignant cell annotated observational concordance; not causal perturbation validation"
"GSE189903","GSE189903_HCC","2HT3","HCC tumour-region observational concordance; malignant status annotated separately","CASP3 KO",0.527023933075357,0.522964397430453,0.253945323587462,19,0.95,TRUE,"CASP3","CASP3","DFNA5;CDKN1A;CASP9","PRKAA1;PPM1D;Mdm2;TP53;TP53INP1;CDKN1A;MYC;MALAT1;SIRT1;DFNA5;E2F1;AKT1;RB1;CDC25A;BBC3;BCL2;BAX;CASP3;CASP9",21,"Limited observational concordance","HCC; malignant cell annotated observational concordance; not causal perturbation validation"
"GSE189903","GSE189903_HCC","2HT3","HCC tumour-region observational concordance; malignant status annotated separately","miR-204-5p OE",0.657650458826956,0.63629025450564,0.265364787450163,19,0.95,FALSE,"MIR204","","SIRT1;BCL2;MYC;E2F1;CDC25A;AKT1","PRKAA1;PPM1D;Mdm2;TP53;TP53INP1;CDKN1A;MYC;MALAT1;SIRT1;DFNA5;E2F1;AKT1;RB1;CDC25A;BBC3;BCL2;BAX;CASP3;CASP9",21,"Indirect only: perturbed node not measured","HCC; malignant cell annotated observational concordance; not causal perturbation validation"
"GSE189903","GSE189903_HCC","2HT3","HCC tumour-region observational concordance; malignant status annotated separately","miR-204-5p KO",0.479550248864831,0.467982283340118,0.0787026890505362,19,0.95,FALSE,"MIR204","","SIRT1;BCL2;MYC;E2F1;CDC25A;AKT1","PRKAA1;PPM1D;Mdm2;TP53;TP53INP1;CDKN1A;MYC;MALAT1;SIRT1;DFNA5;E2F1;AKT1;RB1;CDC25A;BBC3;BCL2;BAX;CASP3;CASP9",21,"Indirect only: perturbed node not measured","HCC; malignant cell annotated observational concordance; not causal perturbation validation"
"GSE189903","GSE189903_HCC","2HT3","HCC tumour-region observational concordance; malignant status annotated separately","MALAT1 OE",0.479550248864831,0.550384305837809,0.0787026890505362,19,0.95,TRUE,"MALAT1","MALAT1","","PRKAA1;PPM1D;Mdm2;TP53;TP53INP1;CDKN1A;MYC;MALAT1;SIRT1;DFNA5;E2F1;AKT1;RB1;CDC25A;BBC3;BCL2;BAX;CASP3;CASP9",21,"Limited observational concordance","HCC; malignant cell annotated observational concordance; not causal perturbation validation"
"GSE189903","GSE189903_HCC","2HT3","HCC tumour-region observational concordance; malignant status annotated separately","MALAT1 KO",0.509918669917462,0.440520669474172,-0.0505713970843842,19,0.95,TRUE,"MALAT1","MALAT1","","PRKAA1;PPM1D;Mdm2;TP53;TP53INP1;CDKN1A;MYC;MALAT1;SIRT1;DFNA5;E2F1;AKT1;RB1;CDC25A;BBC3;BCL2;BAX;CASP3;CASP9",21,"Limited observational concordance","HCC; malignant cell annotated observational concordance; not causal perturbation validation"
"GSE189903","GSE189903_HCC","2HT3","HCC tumour-region observational concordance; malignant status annotated separately","SIRT1 OE",0.479550248864831,0.483106727323121,0.0787026890505362,19,0.95,TRUE,"SIRT1","SIRT1","TP53","PRKAA1;PPM1D;Mdm2;TP53;TP53INP1;CDKN1A;MYC;MALAT1;SIRT1;DFNA5;E2F1;AKT1;RB1;CDC25A;BBC3;BCL2;BAX;CASP3;CASP9",21,"Limited observational concordance","HCC; malignant cell annotated observational concordance; not causal perturbation validation"
"GSE189903","GSE189903_HCC","2HT3","HCC tumour-region observational concordance; malignant status annotated separately","SIRT1 KO",0.562714237974949,0.551807413979306,0.354544757003087,19,0.95,TRUE,"SIRT1","SIRT1","TP53","PRKAA1;PPM1D;Mdm2;TP53;TP53INP1;CDKN1A;MYC;MALAT1;SIRT1;DFNA5;E2F1;AKT1;RB1;CDC25A;BBC3;BCL2;BAX;CASP3;CASP9",21,"Limited observational concordance","HCC; malignant cell annotated observational concordance; not causal perturbation validation"
"GSE189903","GSE189903_HCC","2HT3","HCC tumour-region observational concordance; malignant status annotated separately","BCL2 KO",0.537550248864831,0.518010584743974,0.30238567328807,19,0.95,TRUE,"BCL2","BCL2","BAX;CASP3","PRKAA1;PPM1D;Mdm2;TP53;TP53INP1;CDKN1A;MYC;MALAT1;SIRT1;DFNA5;E2F1;AKT1;RB1;CDC25A;BBC3;BCL2;BAX;CASP3;CASP9",21,"Limited observational concordance","HCC; malignant cell annotated observational concordance; not causal perturbation validation"
"GSE189903","GSE189903_HCC","2HT3","HCC tumour-region observational concordance; malignant status annotated separately","GSDME OE",0.542813406759568,0.536975214928718,0.257061439252217,19,0.95,TRUE,"DFNA5","DFNA5","","PRKAA1;PPM1D;Mdm2;TP53;TP53INP1;CDKN1A;MYC;MALAT1;SIRT1;DFNA5;E2F1;AKT1;RB1;CDC25A;BBC3;BCL2;BAX;CASP3;CASP9",21,"Limited observational concordance","HCC; malignant cell annotated observational concordance; not causal perturbation validation"
"GSE189903","GSE189903_HCC","2HT3","HCC tumour-region observational concordance; malignant status annotated separately","CASP3 OE",0.516497617285884,0.515464397430453,0.229313463121123,19,0.95,TRUE,"CASP3","CASP3","DFNA5;CDKN1A;CASP9","PRKAA1;PPM1D;Mdm2;TP53;TP53INP1;CDKN1A;MYC;MALAT1;SIRT1;DFNA5;E2F1;AKT1;RB1;CDC25A;BBC3;BCL2;BAX;CASP3;CASP9",21,"Limited observational concordance","HCC; malignant cell annotated observational concordance; not causal perturbation validation"
"GSE189903","GSE189903_HCC","2HT3","HCC tumour-region observational concordance; malignant status annotated separately","miR-204-5p OE + GSDME KO",0.630347827248008,0.603160941522893,0.27239835838757,19,0.95,TRUE,"MIR204;DFNA5","DFNA5","SIRT1;BCL2;MYC;E2F1;CDC25A;AKT1","PRKAA1;PPM1D;Mdm2;TP53;TP53INP1;CDKN1A;MYC;MALAT1;SIRT1;DFNA5;E2F1;AKT1;RB1;CDC25A;BBC3;BCL2;BAX;CASP3;CASP9",21,"Limited observational concordance","HCC; malignant cell annotated observational concordance; not causal perturbation validation"
"GSE189903","GSE189903_HCC","2HT3","HCC tumour-region observational concordance; malignant status annotated separately","CASP3 OE + GSDME KO",0.51551077518062,0.513392960583753,0.257423243005164,19,0.95,TRUE,"CASP3;DFNA5","CASP3;DFNA5","DFNA5;CDKN1A;CASP9","PRKAA1;PPM1D;Mdm2;TP53;TP53INP1;CDKN1A;MYC;MALAT1;SIRT1;DFNA5;E2F1;AKT1;RB1;CDC25A;BBC3;BCL2;BAX;CASP3;CASP9",21,"Limited observational concordance","HCC; malignant cell annotated observational concordance; not causal perturbation validation"
"GSE189903","GSE189903_HCC","2HT3","HCC tumour-region observational concordance; malignant status annotated separately","SIRT1 KO + GSDME KO",0.573569501132844,0.553762327750924,0.348802775984084,19,0.95,TRUE,"SIRT1;DFNA5","SIRT1;DFNA5","TP53","PRKAA1;PPM1D;Mdm2;TP53;TP53INP1;CDKN1A;MYC;MALAT1;SIRT1;DFNA5;E2F1;AKT1;RB1;CDC25A;BBC3;BCL2;BAX;CASP3;CASP9",21,"Limited observational concordance","HCC; malignant cell annotated observational concordance; not causal perturbation validation"
"GSE189903","GSE189903_HCC","2HT3","HCC tumour-region observational concordance; malignant status annotated separately","MALAT1 KO + GSDME KO",0.52176077518062,0.456658189137272,0.0322641264810105,19,0.95,TRUE,"MALAT1;DFNA5","MALAT1;DFNA5","","PRKAA1;PPM1D;Mdm2;TP53;TP53INP1;CDKN1A;MYC;MALAT1;SIRT1;DFNA5;E2F1;AKT1;RB1;CDC25A;BBC3;BCL2;BAX;CASP3;CASP9",21,"Limited observational concordance","HCC; malignant cell annotated observational concordance; not causal perturbation validation"
"GSE189903","GSE189903_HCC","2HT3","HCC tumour-region observational concordance; malignant status annotated separately","miR-204-5p OE + CASP3 KO",0.580482585914275,0.576668451117085,0.34532251695572,19,0.95,TRUE,"MIR204;CASP3","CASP3","SIRT1;BCL2;MYC;E2F1;CDC25A;AKT1;DFNA5;CDKN1A;CASP9","PRKAA1;PPM1D;Mdm2;TP53;TP53INP1;CDKN1A;MYC;MALAT1;SIRT1;DFNA5;E2F1;AKT1;RB1;CDC25A;BBC3;BCL2;BAX;CASP3;CASP9",21,"Limited observational concordance","HCC; malignant cell annotated observational concordance; not causal perturbation validation"
"GSE189903","GSE189903_HCC","2HT3","HCC tumour-region observational concordance; malignant status annotated separately","GSDME E1 + CASP3 E1",0.539523933075357,0.530985553176345,0.229313463121123,19,0.95,TRUE,"DFNA5;CASP3","DFNA5;CASP3","DFNA5;CDKN1A;CASP9","PRKAA1;PPM1D;Mdm2;TP53;TP53INP1;CDKN1A;MYC;MALAT1;SIRT1;DFNA5;E2F1;AKT1;RB1;CDC25A;BBC3;BCL2;BAX;CASP3;CASP9",21,"Limited observational concordance","HCC; malignant cell annotated observational concordance; not causal perturbation validation"
"GSE189903","GSE189903_HCC","2HT3","HCC tumour-region observational concordance; malignant status annotated separately","p53 E1 + miR-204-5p E1 + CASP3 KO + p21 E1",0.556334669353271,0.542197019693912,0.248981946973514,19,0.95,TRUE,"TP53;MIR204;CASP3;CDKN1A","TP53;CASP3;CDKN1A","Mdm2;SIRT1;BCL2;MYC;E2F1;CDC25A;AKT1;CASP3;DFNA5;CDKN1A;CASP9","PRKAA1;PPM1D;Mdm2;TP53;TP53INP1;CDKN1A;MYC;MALAT1;SIRT1;DFNA5;E2F1;AKT1;RB1;CDC25A;BBC3;BCL2;BAX;CASP3;CASP9",21,"Limited observational concordance","HCC; malignant cell annotated observational concordance; not causal perturbation validation"
"GSE189903","GSE189903_HCC","2HT3","HCC tumour-region observational concordance; malignant status annotated separately","MALAT1 E1 + miR-204-5p KO + SIRT1 E1",0.479550248864831,0.522469583338805,0.0787026890505362,19,0.95,TRUE,"MALAT1;MIR204;SIRT1","MALAT1;SIRT1","SIRT1;BCL2;MYC;E2F1;CDC25A;AKT1;TP53","PRKAA1;PPM1D;Mdm2;TP53;TP53INP1;CDKN1A;MYC;MALAT1;SIRT1;DFNA5;E2F1;AKT1;RB1;CDC25A;BBC3;BCL2;BAX;CASP3;CASP9",21,"Limited observational concordance","HCC; malignant cell annotated observational concordance; not causal perturbation validation"
"GSE189903","GSE189903_HCC","2HT3","HCC tumour-region observational concordance; malignant status annotated separately","SIRT1 KO + GSDME KO + CASP3 E1",0.558766869553897,0.538781475124309,0.401258436218272,19,0.95,TRUE,"SIRT1;DFNA5;CASP3","SIRT1;DFNA5;CASP3","DFNA5;CDKN1A;CASP9;TP53","PRKAA1;PPM1D;Mdm2;TP53;TP53INP1;CDKN1A;MYC;MALAT1;SIRT1;DFNA5;E2F1;AKT1;RB1;CDC25A;BBC3;BCL2;BAX;CASP3;CASP9",21,"Limited observational concordance","HCC; malignant cell annotated observational concordance; not causal perturbation validation"
"GSE189903","GSE189903_HCC","2HT3","HCC tumour-region observational concordance; malignant status annotated separately","BAX E1",0.577347690399189,0.620411226144078,0.487102739471912,19,0.95,TRUE,"BAX","BAX","CASP3","PRKAA1;PPM1D;Mdm2;TP53;TP53INP1;CDKN1A;MYC;MALAT1;SIRT1;DFNA5;E2F1;AKT1;RB1;CDC25A;BBC3;BCL2;BAX;CASP3;CASP9",21,"Limited observational concordance","HCC; malignant cell annotated observational concordance; not causal perturbation validation"
"GSE189903","GSE189903_HCC","2HT3","HCC tumour-region observational concordance; malignant status annotated separately","BAX E1 + GSDME KO",0.578334532504452,0.607719546204377,0.46569736721216,19,0.95,TRUE,"BAX;DFNA5","BAX;DFNA5","CASP3","PRKAA1;PPM1D;Mdm2;TP53;TP53INP1;CDKN1A;MYC;MALAT1;SIRT1;DFNA5;E2F1;AKT1;RB1;CDC25A;BBC3;BCL2;BAX;CASP3;CASP9",21,"Limited observational concordance","HCC; malignant cell annotated observational concordance; not causal perturbation validation"
"GSE189903","GSE189903_HCC","2HT3","HCC tumour-region observational concordance; malignant status annotated separately","p53 E1",0.677023933075357,0.652693639845833,0.274716703142609,19,0.95,TRUE,"TP53","TP53","Mdm2","PRKAA1;PPM1D;Mdm2;TP53;TP53INP1;CDKN1A;MYC;MALAT1;SIRT1;DFNA5;E2F1;AKT1;RB1;CDC25A;BBC3;BCL2;BAX;CASP3;CASP9",21,"Limited observational concordance","HCC; malignant cell annotated observational concordance; not causal perturbation validation"
"GSE189903","GSE189903_HCC","2HT3","HCC tumour-region observational concordance; malignant status annotated separately","p53 KO",0.479550248864831,0.489563205063225,0.0787026890505362,19,0.95,TRUE,"TP53","TP53","Mdm2","PRKAA1;PPM1D;Mdm2;TP53;TP53INP1;CDKN1A;MYC;MALAT1;SIRT1;DFNA5;E2F1;AKT1;RB1;CDC25A;BBC3;BCL2;BAX;CASP3;CASP9",21,"Limited observational concordance","HCC; malignant cell annotated observational concordance; not causal perturbation validation"
"GSE189903","GSE189903_HCC","2HT3","HCC tumour-region observational concordance; malignant status annotated separately","p21 E1",0.512415490198564,0.507507769208004,0.0637237079685629,19,0.95,TRUE,"CDKN1A","CDKN1A","CASP3","PRKAA1;PPM1D;Mdm2;TP53;TP53INP1;CDKN1A;MYC;MALAT1;SIRT1;DFNA5;E2F1;AKT1;RB1;CDC25A;BBC3;BCL2;BAX;CASP3;CASP9",21,"Limited observational concordance","HCC; malignant cell annotated observational concordance; not causal perturbation validation"
