"seed","initialisation","condition","fate","count","frequency","condition_label"
101,"Global random","CASP3_OFF","Apoptosis",0,0,"CASP3 inhibition"
101,"Global random","CASP3_OFF","Cell-cycle arrest",252,0.504,"CASP3 inhibition"
101,"Global random","CASP3_OFF","Other",0,0,"CASP3 inhibition"
101,"Global random","CASP3_OFF","Proliferation",0,0,"CASP3 inhibition"
101,"Global random","CASP3_OFF","Pyroptosis",0,0,"CASP3 inhibition"
101,"Global random","CASP3_OFF","Resistance",248,0.496,"CASP3 inhibition"
101,"Global random","CASP3_OFF","Survival",0,0,"CASP3 inhibition"
101,"Global random","CASP3_ON","Apoptosis",0,0,"CASP3 activation"
101,"Global random","CASP3_ON","Cell-cycle arrest",0,0,"CASP3 activation"
101,"Global random","CASP3_ON","Other",0,0,"CASP3 activation"
101,"Global random","CASP3_ON","Proliferation",0,0,"CASP3 activation"
101,"Global random","CASP3_ON","Pyroptosis",500,1,"CASP3 activation"
101,"Global random","CASP3_ON","Resistance",0,0,"CASP3 activation"
101,"Global random","CASP3_ON","Survival",0,0,"CASP3 activation"
101,"Global random","CASP3_ON__GSDME_OFF","Apoptosis",500,1,"CASP3 activation + GSDME unavailable"
101,"Global random","CASP3_ON__GSDME_OFF","Cell-cycle arrest",0,0,"CASP3 activation + GSDME unavailable"
101,"Global random","CASP3_ON__GSDME_OFF","Other",0,0,"CASP3 activation + GSDME unavailable"
101,"Global random","CASP3_ON__GSDME_OFF","Proliferation",0,0,"CASP3 activation + GSDME unavailable"
101,"Global random","CASP3_ON__GSDME_OFF","Pyroptosis",0,0,"CASP3 activation + GSDME unavailable"
101,"Global random","CASP3_ON__GSDME_OFF","Resistance",0,0,"CASP3 activation + GSDME unavailable"
101,"Global random","CASP3_ON__GSDME_OFF","Survival",0,0,"CASP3 activation + GSDME unavailable"
101,"Global random","GSDME_OFF","Apoptosis",255,0.51,"GSDME unavailable"
101,"Global random","GSDME_OFF","Cell-cycle arrest",0,0,"GSDME unavailable"
101,"Global random","GSDME_OFF","Other",0,0,"GSDME unavailable"
101,"Global random","GSDME_OFF","Proliferation",0,0,"GSDME unavailable"
101,"Global random","GSDME_OFF","Pyroptosis",0,0,"GSDME unavailable"
101,"Global random","GSDME_OFF","Resistance",245,0.49,"GSDME unavailable"
101,"Global random","GSDME_OFF","Survival",0,0,"GSDME unavailable"
101,"Global random","MALAT1_OFF","Apoptosis",0,0,"MALAT1 inhibition"
101,"Global random","MALAT1_OFF","Cell-cycle arrest",0,0,"MALAT1 inhibition"
101,"Global random","MALAT1_OFF","Other",0,0,"MALAT1 inhibition"
101,"Global random","MALAT1_OFF","Proliferation",0,0,"MALAT1 inhibition"
101,"Global random","MALAT1_OFF","Pyroptosis",500,1,"MALAT1 inhibition"
101,"Global random","MALAT1_OFF","Resistance",0,0,"MALAT1 inhibition"
101,"Global random","MALAT1_OFF","Survival",0,0,"MALAT1 inhibition"
101,"Global random","MALAT1_OFF__GSDME_OFF","Apoptosis",500,1,"MALAT1 inhibition + GSDME unavailable"
101,"Global random","MALAT1_OFF__GSDME_OFF","Cell-cycle arrest",0,0,"MALAT1 inhibition + GSDME unavailable"
101,"Global random","MALAT1_OFF__GSDME_OFF","Other",0,0,"MALAT1 inhibition + GSDME unavailable"
101,"Global random","MALAT1_OFF__GSDME_OFF","Proliferation",0,0,"MALAT1 inhibition + GSDME unavailable"
101,"Global random","MALAT1_OFF__GSDME_OFF","Pyroptosis",0,0,"MALAT1 inhibition + GSDME unavailable"
101,"Global random","MALAT1_OFF__GSDME_OFF","Resistance",0,0,"MALAT1 inhibition + GSDME unavailable"
101,"Global random","MALAT1_OFF__GSDME_OFF","Survival",0,0,"MALAT1 inhibition + GSDME unavailable"
101,"Global random","MALAT1_OFF__miR204_OFF","Apoptosis",0,0,"MALAT1 inhibition + miR-204-5p inhibition"
101,"Global random","MALAT1_OFF__miR204_OFF","Cell-cycle arrest",0,0,"MALAT1 inhibition + miR-204-5p inhibition"
101,"Global random","MALAT1_OFF__miR204_OFF","Other",0,0,"MALAT1 inhibition + miR-204-5p inhibition"
101,"Global random","MALAT1_OFF__miR204_OFF","Proliferation",0,0,"MALAT1 inhibition + miR-204-5p inhibition"
101,"Global random","MALAT1_OFF__miR204_OFF","Pyroptosis",0,0,"MALAT1 inhibition + miR-204-5p inhibition"
101,"Global random","MALAT1_OFF__miR204_OFF","Resistance",500,1,"MALAT1 inhibition + miR-204-5p inhibition"
101,"Global random","MALAT1_OFF__miR204_OFF","Survival",0,0,"MALAT1 inhibition + miR-204-5p inhibition"
101,"Global random","MALAT1_OFF__SIRT1_ON","Apoptosis",0,0,"MALAT1 inhibition + SIRT1 rescue"
101,"Global random","MALAT1_OFF__SIRT1_ON","Cell-cycle arrest",0,0,"MALAT1 inhibition + SIRT1 rescue"
101,"Global random","MALAT1_OFF__SIRT1_ON","Other",0,0,"MALAT1 inhibition + SIRT1 rescue"
101,"Global random","MALAT1_OFF__SIRT1_ON","Proliferation",0,0,"MALAT1 inhibition + SIRT1 rescue"
101,"Global random","MALAT1_OFF__SIRT1_ON","Pyroptosis",0,0,"MALAT1 inhibition + SIRT1 rescue"
101,"Global random","MALAT1_OFF__SIRT1_ON","Resistance",500,1,"MALAT1 inhibition + SIRT1 rescue"
101,"Global random","MALAT1_OFF__SIRT1_ON","Survival",0,0,"MALAT1 inhibition + SIRT1 rescue"
101,"Global random","miR204_OFF","Apoptosis",0,0,"miR-204-5p inhibition"
101,"Global random","miR204_OFF","Cell-cycle arrest",0,0,"miR-204-5p inhibition"
101,"Global random","miR204_OFF","Other",0,0,"miR-204-5p inhibition"
101,"Global random","miR204_OFF","Proliferation",0,0,"miR-204-5p inhibition"
101,"Global random","miR204_OFF","Pyroptosis",0,0,"miR-204-5p inhibition"
101,"Global random","miR204_OFF","Resistance",500,1,"miR-204-5p inhibition"
101,"Global random","miR204_OFF","Survival",0,0,"miR-204-5p inhibition"
101,"Global random","miR204_ON","Apoptosis",0,0,"miR-204-5p activation"
101,"Global random","miR204_ON","Cell-cycle arrest",0,0,"miR-204-5p activation"
101,"Global random","miR204_ON","Other",0,0,"miR-204-5p activation"
101,"Global random","miR204_ON","Proliferation",0,0,"miR-204-5p activation"
101,"Global random","miR204_ON","Pyroptosis",500,1,"miR-204-5p activation"
101,"Global random","miR204_ON","Resistance",0,0,"miR-204-5p activation"
101,"Global random","miR204_ON","Survival",0,0,"miR-204-5p activation"
101,"Global random","miR204_ON__SIRT1_ON","Apoptosis",0,0,"miR-204-5p activation + SIRT1 rescue"
101,"Global random","miR204_ON__SIRT1_ON","Cell-cycle arrest",0,0,"miR-204-5p activation + SIRT1 rescue"
101,"Global random","miR204_ON__SIRT1_ON","Other",0,0,"miR-204-5p activation + SIRT1 rescue"
101,"Global random","miR204_ON__SIRT1_ON","Proliferation",0,0,"miR-204-5p activation + SIRT1 rescue"
101,"Global random","miR204_ON__SIRT1_ON","Pyroptosis",0,0,"miR-204-5p activation + SIRT1 rescue"
101,"Global random","miR204_ON__SIRT1_ON","Resistance",500,1,"miR-204-5p activation + SIRT1 rescue"
101,"Global random","miR204_ON__SIRT1_ON","Survival",0,0,"miR-204-5p activation + SIRT1 rescue"
101,"Global random","p53_OFF","Apoptosis",0,0,"Active p53 inhibition"
101,"Global random","p53_OFF","Cell-cycle arrest",0,0,"Active p53 inhibition"
101,"Global random","p53_OFF","Other",0,0,"Active p53 inhibition"
101,"Global random","p53_OFF","Proliferation",0,0,"Active p53 inhibition"
101,"Global random","p53_OFF","Pyroptosis",0,0,"Active p53 inhibition"
101,"Global random","p53_OFF","Resistance",500,1,"Active p53 inhibition"
101,"Global random","p53_OFF","Survival",0,0,"Active p53 inhibition"
101,"Global random","p53_ON","Apoptosis",0,0,"Active p53 activation"
101,"Global random","p53_ON","Cell-cycle arrest",0,0,"Active p53 activation"
101,"Global random","p53_ON","Other",0,0,"Active p53 activation"
101,"Global random","p53_ON","Proliferation",0,0,"Active p53 activation"
101,"Global random","p53_ON","Pyroptosis",500,1,"Active p53 activation"
101,"Global random","p53_ON","Resistance",0,0,"Active p53 activation"
101,"Global random","p53_ON","Survival",0,0,"Active p53 activation"
101,"Global random","p53_ON__CASP3_OFF","Apoptosis",0,0,"Active p53 activation + CASP3 inhibition"
101,"Global random","p53_ON__CASP3_OFF","Cell-cycle arrest",500,1,"Active p53 activation + CASP3 inhibition"
101,"Global random","p53_ON__CASP3_OFF","Other",0,0,"Active p53 activation + CASP3 inhibition"
101,"Global random","p53_ON__CASP3_OFF","Proliferation",0,0,"Active p53 activation + CASP3 inhibition"
101,"Global random","p53_ON__CASP3_OFF","Pyroptosis",0,0,"Active p53 activation + CASP3 inhibition"
101,"Global random","p53_ON__CASP3_OFF","Resistance",0,0,"Active p53 activation + CASP3 inhibition"
101,"Global random","p53_ON__CASP3_OFF","Survival",0,0,"Active p53 activation + CASP3 inhibition"
101,"Global random","Reference","Apoptosis",0,0,"Reference: DDR ON + GSDME available"
101,"Global random","Reference","Cell-cycle arrest",0,0,"Reference: DDR ON + GSDME available"
101,"Global random","Reference","Other",0,0,"Reference: DDR ON + GSDME available"
101,"Global random","Reference","Proliferation",0,0,"Reference: DDR ON + GSDME available"
101,"Global random","Reference","Pyroptosis",245,0.49,"Reference: DDR ON + GSDME available"
101,"Global random","Reference","Resistance",255,0.51,"Reference: DDR ON + GSDME available"
101,"Global random","Reference","Survival",0,0,"Reference: DDR ON + GSDME available"
101,"Global random","SIRT1_OFF","Apoptosis",0,0,"SIRT1 inhibition"
101,"Global random","SIRT1_OFF","Cell-cycle arrest",0,0,"SIRT1 inhibition"
101,"Global random","SIRT1_OFF","Other",0,0,"SIRT1 inhibition"
101,"Global random","SIRT1_OFF","Proliferation",0,0,"SIRT1 inhibition"
101,"Global random","SIRT1_OFF","Pyroptosis",500,1,"SIRT1 inhibition"
101,"Global random","SIRT1_OFF","Resistance",0,0,"SIRT1 inhibition"
101,"Global random","SIRT1_OFF","Survival",0,0,"SIRT1 inhibition"
101,"Global random","SIRT1_OFF__GSDME_OFF","Apoptosis",500,1,"SIRT1 inhibition + GSDME unavailable"
101,"Global random","SIRT1_OFF__GSDME_OFF","Cell-cycle arrest",0,0,"SIRT1 inhibition + GSDME unavailable"
101,"Global random","SIRT1_OFF__GSDME_OFF","Other",0,0,"SIRT1 inhibition + GSDME unavailable"
101,"Global random","SIRT1_OFF__GSDME_OFF","Proliferation",0,0,"SIRT1 inhibition + GSDME unavailable"
101,"Global random","SIRT1_OFF__GSDME_OFF","Pyroptosis",0,0,"SIRT1 inhibition + GSDME unavailable"
101,"Global random","SIRT1_OFF__GSDME_OFF","Resistance",0,0,"SIRT1 inhibition + GSDME unavailable"
101,"Global random","SIRT1_OFF__GSDME_OFF","Survival",0,0,"SIRT1 inhibition + GSDME unavailable"
101,"Global random","SIRT1_OFF__p53_OFF","Apoptosis",0,0,"SIRT1 inhibition + active p53 inhibition"
101,"Global random","SIRT1_OFF__p53_OFF","Cell-cycle arrest",0,0,"SIRT1 inhibition + active p53 inhibition"
101,"Global random","SIRT1_OFF__p53_OFF","Other",500,1,"SIRT1 inhibition + active p53 inhibition"
101,"Global random","SIRT1_OFF__p53_OFF","Proliferation",0,0,"SIRT1 inhibition + active p53 inhibition"
101,"Global random","SIRT1_OFF__p53_OFF","Pyroptosis",0,0,"SIRT1 inhibition + active p53 inhibition"
101,"Global random","SIRT1_OFF__p53_OFF","Resistance",0,0,"SIRT1 inhibition + active p53 inhibition"
101,"Global random","SIRT1_OFF__p53_OFF","Survival",0,0,"SIRT1 inhibition + active p53 inhibition"
101,"Global random","SIRT1_ON","Apoptosis",0,0,"SIRT1 activation"
101,"Global random","SIRT1_ON","Cell-cycle arrest",0,0,"SIRT1 activation"
101,"Global random","SIRT1_ON","Other",0,0,"SIRT1 activation"
101,"Global random","SIRT1_ON","Proliferation",0,0,"SIRT1 activation"
101,"Global random","SIRT1_ON","Pyroptosis",0,0,"SIRT1 activation"
101,"Global random","SIRT1_ON","Resistance",500,1,"SIRT1 activation"
101,"Global random","SIRT1_ON","Survival",0,0,"SIRT1 activation"
101,"Resistant-local","CASP3_OFF","Apoptosis",0,0,"CASP3 inhibition"
101,"Resistant-local","CASP3_OFF","Cell-cycle arrest",36,0.072,"CASP3 inhibition"
101,"Resistant-local","CASP3_OFF","Other",0,0,"CASP3 inhibition"
101,"Resistant-local","CASP3_OFF","Proliferation",0,0,"CASP3 inhibition"
101,"Resistant-local","CASP3_OFF","Pyroptosis",0,0,"CASP3 inhibition"
101,"Resistant-local","CASP3_OFF","Resistance",464,0.928,"CASP3 inhibition"
101,"Resistant-local","CASP3_OFF","Survival",0,0,"CASP3 inhibition"
101,"Resistant-local","CASP3_ON","Apoptosis",0,0,"CASP3 activation"
101,"Resistant-local","CASP3_ON","Cell-cycle arrest",0,0,"CASP3 activation"
101,"Resistant-local","CASP3_ON","Other",0,0,"CASP3 activation"
101,"Resistant-local","CASP3_ON","Proliferation",0,0,"CASP3 activation"
101,"Resistant-local","CASP3_ON","Pyroptosis",500,1,"CASP3 activation"
101,"Resistant-local","CASP3_ON","Resistance",0,0,"CASP3 activation"
101,"Resistant-local","CASP3_ON","Survival",0,0,"CASP3 activation"
101,"Resistant-local","CASP3_ON__GSDME_OFF","Apoptosis",500,1,"CASP3 activation + GSDME unavailable"
101,"Resistant-local","CASP3_ON__GSDME_OFF","Cell-cycle arrest",0,0,"CASP3 activation + GSDME unavailable"
101,"Resistant-local","CASP3_ON__GSDME_OFF","Other",0,0,"CASP3 activation + GSDME unavailable"
101,"Resistant-local","CASP3_ON__GSDME_OFF","Proliferation",0,0,"CASP3 activation + GSDME unavailable"
101,"Resistant-local","CASP3_ON__GSDME_OFF","Pyroptosis",0,0,"CASP3 activation + GSDME unavailable"
101,"Resistant-local","CASP3_ON__GSDME_OFF","Resistance",0,0,"CASP3 activation + GSDME unavailable"
101,"Resistant-local","CASP3_ON__GSDME_OFF","Survival",0,0,"CASP3 activation + GSDME unavailable"
101,"Resistant-local","GSDME_OFF","Apoptosis",36,0.072,"GSDME unavailable"
101,"Resistant-local","GSDME_OFF","Cell-cycle arrest",0,0,"GSDME unavailable"
101,"Resistant-local","GSDME_OFF","Other",0,0,"GSDME unavailable"
101,"Resistant-local","GSDME_OFF","Proliferation",0,0,"GSDME unavailable"
101,"Resistant-local","GSDME_OFF","Pyroptosis",0,0,"GSDME unavailable"
101,"Resistant-local","GSDME_OFF","Resistance",464,0.928,"GSDME unavailable"
101,"Resistant-local","GSDME_OFF","Survival",0,0,"GSDME unavailable"
101,"Resistant-local","MALAT1_OFF","Apoptosis",0,0,"MALAT1 inhibition"
101,"Resistant-local","MALAT1_OFF","Cell-cycle arrest",0,0,"MALAT1 inhibition"
101,"Resistant-local","MALAT1_OFF","Other",0,0,"MALAT1 inhibition"
101,"Resistant-local","MALAT1_OFF","Proliferation",0,0,"MALAT1 inhibition"
101,"Resistant-local","MALAT1_OFF","Pyroptosis",500,1,"MALAT1 inhibition"
101,"Resistant-local","MALAT1_OFF","Resistance",0,0,"MALAT1 inhibition"
101,"Resistant-local","MALAT1_OFF","Survival",0,0,"MALAT1 inhibition"
101,"Resistant-local","MALAT1_OFF__GSDME_OFF","Apoptosis",500,1,"MALAT1 inhibition + GSDME unavailable"
101,"Resistant-local","MALAT1_OFF__GSDME_OFF","Cell-cycle arrest",0,0,"MALAT1 inhibition + GSDME unavailable"
101,"Resistant-local","MALAT1_OFF__GSDME_OFF","Other",0,0,"MALAT1 inhibition + GSDME unavailable"
101,"Resistant-local","MALAT1_OFF__GSDME_OFF","Proliferation",0,0,"MALAT1 inhibition + GSDME unavailable"
101,"Resistant-local","MALAT1_OFF__GSDME_OFF","Pyroptosis",0,0,"MALAT1 inhibition + GSDME unavailable"
101,"Resistant-local","MALAT1_OFF__GSDME_OFF","Resistance",0,0,"MALAT1 inhibition + GSDME unavailable"
101,"Resistant-local","MALAT1_OFF__GSDME_OFF","Survival",0,0,"MALAT1 inhibition + GSDME unavailable"
101,"Resistant-local","MALAT1_OFF__miR204_OFF","Apoptosis",0,0,"MALAT1 inhibition + miR-204-5p inhibition"
101,"Resistant-local","MALAT1_OFF__miR204_OFF","Cell-cycle arrest",0,0,"MALAT1 inhibition + miR-204-5p inhibition"
101,"Resistant-local","MALAT1_OFF__miR204_OFF","Other",0,0,"MALAT1 inhibition + miR-204-5p inhibition"
101,"Resistant-local","MALAT1_OFF__miR204_OFF","Proliferation",0,0,"MALAT1 inhibition + miR-204-5p inhibition"
101,"Resistant-local","MALAT1_OFF__miR204_OFF","Pyroptosis",0,0,"MALAT1 inhibition + miR-204-5p inhibition"
101,"Resistant-local","MALAT1_OFF__miR204_OFF","Resistance",500,1,"MALAT1 inhibition + miR-204-5p inhibition"
101,"Resistant-local","MALAT1_OFF__miR204_OFF","Survival",0,0,"MALAT1 inhibition + miR-204-5p inhibition"
101,"Resistant-local","MALAT1_OFF__SIRT1_ON","Apoptosis",0,0,"MALAT1 inhibition + SIRT1 rescue"
101,"Resistant-local","MALAT1_OFF__SIRT1_ON","Cell-cycle arrest",0,0,"MALAT1 inhibition + SIRT1 rescue"
101,"Resistant-local","MALAT1_OFF__SIRT1_ON","Other",0,0,"MALAT1 inhibition + SIRT1 rescue"
101,"Resistant-local","MALAT1_OFF__SIRT1_ON","Proliferation",0,0,"MALAT1 inhibition + SIRT1 rescue"
101,"Resistant-local","MALAT1_OFF__SIRT1_ON","Pyroptosis",0,0,"MALAT1 inhibition + SIRT1 rescue"
101,"Resistant-local","MALAT1_OFF__SIRT1_ON","Resistance",500,1,"MALAT1 inhibition + SIRT1 rescue"
101,"Resistant-local","MALAT1_OFF__SIRT1_ON","Survival",0,0,"MALAT1 inhibition + SIRT1 rescue"
101,"Resistant-local","miR204_OFF","Apoptosis",0,0,"miR-204-5p inhibition"
101,"Resistant-local","miR204_OFF","Cell-cycle arrest",0,0,"miR-204-5p inhibition"
101,"Resistant-local","miR204_OFF","Other",0,0,"miR-204-5p inhibition"
101,"Resistant-local","miR204_OFF","Proliferation",0,0,"miR-204-5p inhibition"
101,"Resistant-local","miR204_OFF","Pyroptosis",0,0,"miR-204-5p inhibition"
101,"Resistant-local","miR204_OFF","Resistance",500,1,"miR-204-5p inhibition"
101,"Resistant-local","miR204_OFF","Survival",0,0,"miR-204-5p inhibition"
101,"Resistant-local","miR204_ON","Apoptosis",0,0,"miR-204-5p activation"
101,"Resistant-local","miR204_ON","Cell-cycle arrest",0,0,"miR-204-5p activation"
101,"Resistant-local","miR204_ON","Other",0,0,"miR-204-5p activation"
101,"Resistant-local","miR204_ON","Proliferation",0,0,"miR-204-5p activation"
101,"Resistant-local","miR204_ON","Pyroptosis",500,1,"miR-204-5p activation"
101,"Resistant-local","miR204_ON","Resistance",0,0,"miR-204-5p activation"
101,"Resistant-local","miR204_ON","Survival",0,0,"miR-204-5p activation"
101,"Resistant-local","miR204_ON__SIRT1_ON","Apoptosis",0,0,"miR-204-5p activation + SIRT1 rescue"
101,"Resistant-local","miR204_ON__SIRT1_ON","Cell-cycle arrest",0,0,"miR-204-5p activation + SIRT1 rescue"
101,"Resistant-local","miR204_ON__SIRT1_ON","Other",0,0,"miR-204-5p activation + SIRT1 rescue"
101,"Resistant-local","miR204_ON__SIRT1_ON","Proliferation",0,0,"miR-204-5p activation + SIRT1 rescue"
101,"Resistant-local","miR204_ON__SIRT1_ON","Pyroptosis",0,0,"miR-204-5p activation + SIRT1 rescue"
101,"Resistant-local","miR204_ON__SIRT1_ON","Resistance",500,1,"miR-204-5p activation + SIRT1 rescue"
101,"Resistant-local","miR204_ON__SIRT1_ON","Survival",0,0,"miR-204-5p activation + SIRT1 rescue"
101,"Resistant-local","p53_OFF","Apoptosis",0,0,"Active p53 inhibition"
101,"Resistant-local","p53_OFF","Cell-cycle arrest",0,0,"Active p53 inhibition"
101,"Resistant-local","p53_OFF","Other",0,0,"Active p53 inhibition"
101,"Resistant-local","p53_OFF","Proliferation",0,0,"Active p53 inhibition"
101,"Resistant-local","p53_OFF","Pyroptosis",0,0,"Active p53 inhibition"
101,"Resistant-local","p53_OFF","Resistance",500,1,"Active p53 inhibition"
101,"Resistant-local","p53_OFF","Survival",0,0,"Active p53 inhibition"
101,"Resistant-local","p53_ON","Apoptosis",0,0,"Active p53 activation"
101,"Resistant-local","p53_ON","Cell-cycle arrest",0,0,"Active p53 activation"
101,"Resistant-local","p53_ON","Other",0,0,"Active p53 activation"
101,"Resistant-local","p53_ON","Proliferation",0,0,"Active p53 activation"
101,"Resistant-local","p53_ON","Pyroptosis",500,1,"Active p53 activation"
101,"Resistant-local","p53_ON","Resistance",0,0,"Active p53 activation"
101,"Resistant-local","p53_ON","Survival",0,0,"Active p53 activation"
101,"Resistant-local","p53_ON__CASP3_OFF","Apoptosis",0,0,"Active p53 activation + CASP3 inhibition"
101,"Resistant-local","p53_ON__CASP3_OFF","Cell-cycle arrest",500,1,"Active p53 activation + CASP3 inhibition"
101,"Resistant-local","p53_ON__CASP3_OFF","Other",0,0,"Active p53 activation + CASP3 inhibition"
101,"Resistant-local","p53_ON__CASP3_OFF","Proliferation",0,0,"Active p53 activation + CASP3 inhibition"
101,"Resistant-local","p53_ON__CASP3_OFF","Pyroptosis",0,0,"Active p53 activation + CASP3 inhibition"
101,"Resistant-local","p53_ON__CASP3_OFF","Resistance",0,0,"Active p53 activation + CASP3 inhibition"
101,"Resistant-local","p53_ON__CASP3_OFF","Survival",0,0,"Active p53 activation + CASP3 inhibition"
101,"Resistant-local","Reference","Apoptosis",0,0,"Reference: DDR ON + GSDME available"
101,"Resistant-local","Reference","Cell-cycle arrest",0,0,"Reference: DDR ON + GSDME available"
101,"Resistant-local","Reference","Other",0,0,"Reference: DDR ON + GSDME available"
101,"Resistant-local","Reference","Proliferation",0,0,"Reference: DDR ON + GSDME available"
101,"Resistant-local","Reference","Pyroptosis",35,0.07,"Reference: DDR ON + GSDME available"
101,"Resistant-local","Reference","Resistance",465,0.93,"Reference: DDR ON + GSDME available"
101,"Resistant-local","Reference","Survival",0,0,"Reference: DDR ON + GSDME available"
101,"Resistant-local","SIRT1_OFF","Apoptosis",0,0,"SIRT1 inhibition"
101,"Resistant-local","SIRT1_OFF","Cell-cycle arrest",0,0,"SIRT1 inhibition"
101,"Resistant-local","SIRT1_OFF","Other",0,0,"SIRT1 inhibition"
101,"Resistant-local","SIRT1_OFF","Proliferation",0,0,"SIRT1 inhibition"
101,"Resistant-local","SIRT1_OFF","Pyroptosis",500,1,"SIRT1 inhibition"
101,"Resistant-local","SIRT1_OFF","Resistance",0,0,"SIRT1 inhibition"
101,"Resistant-local","SIRT1_OFF","Survival",0,0,"SIRT1 inhibition"
101,"Resistant-local","SIRT1_OFF__GSDME_OFF","Apoptosis",500,1,"SIRT1 inhibition + GSDME unavailable"
101,"Resistant-local","SIRT1_OFF__GSDME_OFF","Cell-cycle arrest",0,0,"SIRT1 inhibition + GSDME unavailable"
101,"Resistant-local","SIRT1_OFF__GSDME_OFF","Other",0,0,"SIRT1 inhibition + GSDME unavailable"
101,"Resistant-local","SIRT1_OFF__GSDME_OFF","Proliferation",0,0,"SIRT1 inhibition + GSDME unavailable"
101,"Resistant-local","SIRT1_OFF__GSDME_OFF","Pyroptosis",0,0,"SIRT1 inhibition + GSDME unavailable"
101,"Resistant-local","SIRT1_OFF__GSDME_OFF","Resistance",0,0,"SIRT1 inhibition + GSDME unavailable"
101,"Resistant-local","SIRT1_OFF__GSDME_OFF","Survival",0,0,"SIRT1 inhibition + GSDME unavailable"
101,"Resistant-local","SIRT1_OFF__p53_OFF","Apoptosis",0,0,"SIRT1 inhibition + active p53 inhibition"
101,"Resistant-local","SIRT1_OFF__p53_OFF","Cell-cycle arrest",0,0,"SIRT1 inhibition + active p53 inhibition"
101,"Resistant-local","SIRT1_OFF__p53_OFF","Other",500,1,"SIRT1 inhibition + active p53 inhibition"
101,"Resistant-local","SIRT1_OFF__p53_OFF","Proliferation",0,0,"SIRT1 inhibition + active p53 inhibition"
101,"Resistant-local","SIRT1_OFF__p53_OFF","Pyroptosis",0,0,"SIRT1 inhibition + active p53 inhibition"
101,"Resistant-local","SIRT1_OFF__p53_OFF","Resistance",0,0,"SIRT1 inhibition + active p53 inhibition"
101,"Resistant-local","SIRT1_OFF__p53_OFF","Survival",0,0,"SIRT1 inhibition + active p53 inhibition"
101,"Resistant-local","SIRT1_ON","Apoptosis",0,0,"SIRT1 activation"
101,"Resistant-local","SIRT1_ON","Cell-cycle arrest",0,0,"SIRT1 activation"
101,"Resistant-local","SIRT1_ON","Other",0,0,"SIRT1 activation"
101,"Resistant-local","SIRT1_ON","Proliferation",0,0,"SIRT1 activation"
101,"Resistant-local","SIRT1_ON","Pyroptosis",0,0,"SIRT1 activation"
101,"Resistant-local","SIRT1_ON","Resistance",500,1,"SIRT1 activation"
101,"Resistant-local","SIRT1_ON","Survival",0,0,"SIRT1 activation"
204,"Global random","CASP3_OFF","Apoptosis",0,0,"CASP3 inhibition"
204,"Global random","CASP3_OFF","Cell-cycle arrest",238,0.476,"CASP3 inhibition"
204,"Global random","CASP3_OFF","Other",0,0,"CASP3 inhibition"
204,"Global random","CASP3_OFF","Proliferation",0,0,"CASP3 inhibition"
204,"Global random","CASP3_OFF","Pyroptosis",0,0,"CASP3 inhibition"
204,"Global random","CASP3_OFF","Resistance",262,0.524,"CASP3 inhibition"
204,"Global random","CASP3_OFF","Survival",0,0,"CASP3 inhibition"
204,"Global random","CASP3_ON","Apoptosis",0,0,"CASP3 activation"
204,"Global random","CASP3_ON","Cell-cycle arrest",0,0,"CASP3 activation"
204,"Global random","CASP3_ON","Other",0,0,"CASP3 activation"
204,"Global random","CASP3_ON","Proliferation",0,0,"CASP3 activation"
204,"Global random","CASP3_ON","Pyroptosis",500,1,"CASP3 activation"
204,"Global random","CASP3_ON","Resistance",0,0,"CASP3 activation"
204,"Global random","CASP3_ON","Survival",0,0,"CASP3 activation"
204,"Global random","CASP3_ON__GSDME_OFF","Apoptosis",500,1,"CASP3 activation + GSDME unavailable"
204,"Global random","CASP3_ON__GSDME_OFF","Cell-cycle arrest",0,0,"CASP3 activation + GSDME unavailable"
204,"Global random","CASP3_ON__GSDME_OFF","Other",0,0,"CASP3 activation + GSDME unavailable"
204,"Global random","CASP3_ON__GSDME_OFF","Proliferation",0,0,"CASP3 activation + GSDME unavailable"
204,"Global random","CASP3_ON__GSDME_OFF","Pyroptosis",0,0,"CASP3 activation + GSDME unavailable"
204,"Global random","CASP3_ON__GSDME_OFF","Resistance",0,0,"CASP3 activation + GSDME unavailable"
204,"Global random","CASP3_ON__GSDME_OFF","Survival",0,0,"CASP3 activation + GSDME unavailable"
204,"Global random","GSDME_OFF","Apoptosis",237,0.474,"GSDME unavailable"
204,"Global random","GSDME_OFF","Cell-cycle arrest",0,0,"GSDME unavailable"
204,"Global random","GSDME_OFF","Other",0,0,"GSDME unavailable"
204,"Global random","GSDME_OFF","Proliferation",0,0,"GSDME unavailable"
204,"Global random","GSDME_OFF","Pyroptosis",0,0,"GSDME unavailable"
204,"Global random","GSDME_OFF","Resistance",263,0.526,"GSDME unavailable"
204,"Global random","GSDME_OFF","Survival",0,0,"GSDME unavailable"
204,"Global random","MALAT1_OFF","Apoptosis",0,0,"MALAT1 inhibition"
204,"Global random","MALAT1_OFF","Cell-cycle arrest",0,0,"MALAT1 inhibition"
204,"Global random","MALAT1_OFF","Other",0,0,"MALAT1 inhibition"
204,"Global random","MALAT1_OFF","Proliferation",0,0,"MALAT1 inhibition"
204,"Global random","MALAT1_OFF","Pyroptosis",500,1,"MALAT1 inhibition"
204,"Global random","MALAT1_OFF","Resistance",0,0,"MALAT1 inhibition"
204,"Global random","MALAT1_OFF","Survival",0,0,"MALAT1 inhibition"
204,"Global random","MALAT1_OFF__GSDME_OFF","Apoptosis",500,1,"MALAT1 inhibition + GSDME unavailable"
204,"Global random","MALAT1_OFF__GSDME_OFF","Cell-cycle arrest",0,0,"MALAT1 inhibition + GSDME unavailable"
204,"Global random","MALAT1_OFF__GSDME_OFF","Other",0,0,"MALAT1 inhibition + GSDME unavailable"
204,"Global random","MALAT1_OFF__GSDME_OFF","Proliferation",0,0,"MALAT1 inhibition + GSDME unavailable"
204,"Global random","MALAT1_OFF__GSDME_OFF","Pyroptosis",0,0,"MALAT1 inhibition + GSDME unavailable"
204,"Global random","MALAT1_OFF__GSDME_OFF","Resistance",0,0,"MALAT1 inhibition + GSDME unavailable"
204,"Global random","MALAT1_OFF__GSDME_OFF","Survival",0,0,"MALAT1 inhibition + GSDME unavailable"
204,"Global random","MALAT1_OFF__miR204_OFF","Apoptosis",0,0,"MALAT1 inhibition + miR-204-5p inhibition"
204,"Global random","MALAT1_OFF__miR204_OFF","Cell-cycle arrest",0,0,"MALAT1 inhibition + miR-204-5p inhibition"
204,"Global random","MALAT1_OFF__miR204_OFF","Other",0,0,"MALAT1 inhibition + miR-204-5p inhibition"
204,"Global random","MALAT1_OFF__miR204_OFF","Proliferation",0,0,"MALAT1 inhibition + miR-204-5p inhibition"
204,"Global random","MALAT1_OFF__miR204_OFF","Pyroptosis",0,0,"MALAT1 inhibition + miR-204-5p inhibition"
204,"Global random","MALAT1_OFF__miR204_OFF","Resistance",500,1,"MALAT1 inhibition + miR-204-5p inhibition"
204,"Global random","MALAT1_OFF__miR204_OFF","Survival",0,0,"MALAT1 inhibition + miR-204-5p inhibition"
204,"Global random","MALAT1_OFF__SIRT1_ON","Apoptosis",0,0,"MALAT1 inhibition + SIRT1 rescue"
204,"Global random","MALAT1_OFF__SIRT1_ON","Cell-cycle arrest",0,0,"MALAT1 inhibition + SIRT1 rescue"
204,"Global random","MALAT1_OFF__SIRT1_ON","Other",0,0,"MALAT1 inhibition + SIRT1 rescue"
204,"Global random","MALAT1_OFF__SIRT1_ON","Proliferation",0,0,"MALAT1 inhibition + SIRT1 rescue"
204,"Global random","MALAT1_OFF__SIRT1_ON","Pyroptosis",0,0,"MALAT1 inhibition + SIRT1 rescue"
204,"Global random","MALAT1_OFF__SIRT1_ON","Resistance",500,1,"MALAT1 inhibition + SIRT1 rescue"
204,"Global random","MALAT1_OFF__SIRT1_ON","Survival",0,0,"MALAT1 inhibition + SIRT1 rescue"
204,"Global random","miR204_OFF","Apoptosis",0,0,"miR-204-5p inhibition"
204,"Global random","miR204_OFF","Cell-cycle arrest",0,0,"miR-204-5p inhibition"
204,"Global random","miR204_OFF","Other",0,0,"miR-204-5p inhibition"
204,"Global random","miR204_OFF","Proliferation",0,0,"miR-204-5p inhibition"
204,"Global random","miR204_OFF","Pyroptosis",0,0,"miR-204-5p inhibition"
204,"Global random","miR204_OFF","Resistance",500,1,"miR-204-5p inhibition"
204,"Global random","miR204_OFF","Survival",0,0,"miR-204-5p inhibition"
204,"Global random","miR204_ON","Apoptosis",0,0,"miR-204-5p activation"
204,"Global random","miR204_ON","Cell-cycle arrest",0,0,"miR-204-5p activation"
204,"Global random","miR204_ON","Other",0,0,"miR-204-5p activation"
204,"Global random","miR204_ON","Proliferation",0,0,"miR-204-5p activation"
204,"Global random","miR204_ON","Pyroptosis",500,1,"miR-204-5p activation"
204,"Global random","miR204_ON","Resistance",0,0,"miR-204-5p activation"
204,"Global random","miR204_ON","Survival",0,0,"miR-204-5p activation"
204,"Global random","miR204_ON__SIRT1_ON","Apoptosis",0,0,"miR-204-5p activation + SIRT1 rescue"
204,"Global random","miR204_ON__SIRT1_ON","Cell-cycle arrest",0,0,"miR-204-5p activation + SIRT1 rescue"
204,"Global random","miR204_ON__SIRT1_ON","Other",0,0,"miR-204-5p activation + SIRT1 rescue"
204,"Global random","miR204_ON__SIRT1_ON","Proliferation",0,0,"miR-204-5p activation + SIRT1 rescue"
204,"Global random","miR204_ON__SIRT1_ON","Pyroptosis",0,0,"miR-204-5p activation + SIRT1 rescue"
204,"Global random","miR204_ON__SIRT1_ON","Resistance",500,1,"miR-204-5p activation + SIRT1 rescue"
204,"Global random","miR204_ON__SIRT1_ON","Survival",0,0,"miR-204-5p activation + SIRT1 rescue"
204,"Global random","p53_OFF","Apoptosis",0,0,"Active p53 inhibition"
204,"Global random","p53_OFF","Cell-cycle arrest",0,0,"Active p53 inhibition"
204,"Global random","p53_OFF","Other",0,0,"Active p53 inhibition"
204,"Global random","p53_OFF","Proliferation",0,0,"Active p53 inhibition"
204,"Global random","p53_OFF","Pyroptosis",0,0,"Active p53 inhibition"
204,"Global random","p53_OFF","Resistance",500,1,"Active p53 inhibition"
204,"Global random","p53_OFF","Survival",0,0,"Active p53 inhibition"
204,"Global random","p53_ON","Apoptosis",0,0,"Active p53 activation"
204,"Global random","p53_ON","Cell-cycle arrest",0,0,"Active p53 activation"
204,"Global random","p53_ON","Other",0,0,"Active p53 activation"
204,"Global random","p53_ON","Proliferation",0,0,"Active p53 activation"
204,"Global random","p53_ON","Pyroptosis",500,1,"Active p53 activation"
204,"Global random","p53_ON","Resistance",0,0,"Active p53 activation"
204,"Global random","p53_ON","Survival",0,0,"Active p53 activation"
204,"Global random","p53_ON__CASP3_OFF","Apoptosis",0,0,"Active p53 activation + CASP3 inhibition"
204,"Global random","p53_ON__CASP3_OFF","Cell-cycle arrest",500,1,"Active p53 activation + CASP3 inhibition"
204,"Global random","p53_ON__CASP3_OFF","Other",0,0,"Active p53 activation + CASP3 inhibition"
204,"Global random","p53_ON__CASP3_OFF","Proliferation",0,0,"Active p53 activation + CASP3 inhibition"
204,"Global random","p53_ON__CASP3_OFF","Pyroptosis",0,0,"Active p53 activation + CASP3 inhibition"
204,"Global random","p53_ON__CASP3_OFF","Resistance",0,0,"Active p53 activation + CASP3 inhibition"
204,"Global random","p53_ON__CASP3_OFF","Survival",0,0,"Active p53 activation + CASP3 inhibition"
204,"Global random","Reference","Apoptosis",0,0,"Reference: DDR ON + GSDME available"
204,"Global random","Reference","Cell-cycle arrest",0,0,"Reference: DDR ON + GSDME available"
204,"Global random","Reference","Other",0,0,"Reference: DDR ON + GSDME available"
204,"Global random","Reference","Proliferation",0,0,"Reference: DDR ON + GSDME available"
204,"Global random","Reference","Pyroptosis",249,0.498,"Reference: DDR ON + GSDME available"
204,"Global random","Reference","Resistance",251,0.502,"Reference: DDR ON + GSDME available"
204,"Global random","Reference","Survival",0,0,"Reference: DDR ON + GSDME available"
204,"Global random","SIRT1_OFF","Apoptosis",0,0,"SIRT1 inhibition"
204,"Global random","SIRT1_OFF","Cell-cycle arrest",0,0,"SIRT1 inhibition"
204,"Global random","SIRT1_OFF","Other",0,0,"SIRT1 inhibition"
204,"Global random","SIRT1_OFF","Proliferation",0,0,"SIRT1 inhibition"
204,"Global random","SIRT1_OFF","Pyroptosis",500,1,"SIRT1 inhibition"
204,"Global random","SIRT1_OFF","Resistance",0,0,"SIRT1 inhibition"
204,"Global random","SIRT1_OFF","Survival",0,0,"SIRT1 inhibition"
204,"Global random","SIRT1_OFF__GSDME_OFF","Apoptosis",500,1,"SIRT1 inhibition + GSDME unavailable"
204,"Global random","SIRT1_OFF__GSDME_OFF","Cell-cycle arrest",0,0,"SIRT1 inhibition + GSDME unavailable"
204,"Global random","SIRT1_OFF__GSDME_OFF","Other",0,0,"SIRT1 inhibition + GSDME unavailable"
204,"Global random","SIRT1_OFF__GSDME_OFF","Proliferation",0,0,"SIRT1 inhibition + GSDME unavailable"
204,"Global random","SIRT1_OFF__GSDME_OFF","Pyroptosis",0,0,"SIRT1 inhibition + GSDME unavailable"
204,"Global random","SIRT1_OFF__GSDME_OFF","Resistance",0,0,"SIRT1 inhibition + GSDME unavailable"
204,"Global random","SIRT1_OFF__GSDME_OFF","Survival",0,0,"SIRT1 inhibition + GSDME unavailable"
204,"Global random","SIRT1_OFF__p53_OFF","Apoptosis",0,0,"SIRT1 inhibition + active p53 inhibition"
204,"Global random","SIRT1_OFF__p53_OFF","Cell-cycle arrest",0,0,"SIRT1 inhibition + active p53 inhibition"
204,"Global random","SIRT1_OFF__p53_OFF","Other",500,1,"SIRT1 inhibition + active p53 inhibition"
204,"Global random","SIRT1_OFF__p53_OFF","Proliferation",0,0,"SIRT1 inhibition + active p53 inhibition"
204,"Global random","SIRT1_OFF__p53_OFF","Pyroptosis",0,0,"SIRT1 inhibition + active p53 inhibition"
204,"Global random","SIRT1_OFF__p53_OFF","Resistance",0,0,"SIRT1 inhibition + active p53 inhibition"
204,"Global random","SIRT1_OFF__p53_OFF","Survival",0,0,"SIRT1 inhibition + active p53 inhibition"
204,"Global random","SIRT1_ON","Apoptosis",0,0,"SIRT1 activation"
204,"Global random","SIRT1_ON","Cell-cycle arrest",0,0,"SIRT1 activation"
204,"Global random","SIRT1_ON","Other",0,0,"SIRT1 activation"
204,"Global random","SIRT1_ON","Proliferation",0,0,"SIRT1 activation"
204,"Global random","SIRT1_ON","Pyroptosis",0,0,"SIRT1 activation"
204,"Global random","SIRT1_ON","Resistance",500,1,"SIRT1 activation"
204,"Global random","SIRT1_ON","Survival",0,0,"SIRT1 activation"
204,"Resistant-local","CASP3_OFF","Apoptosis",0,0,"CASP3 inhibition"
204,"Resistant-local","CASP3_OFF","Cell-cycle arrest",33,0.066,"CASP3 inhibition"
204,"Resistant-local","CASP3_OFF","Other",0,0,"CASP3 inhibition"
204,"Resistant-local","CASP3_OFF","Proliferation",0,0,"CASP3 inhibition"
204,"Resistant-local","CASP3_OFF","Pyroptosis",0,0,"CASP3 inhibition"
204,"Resistant-local","CASP3_OFF","Resistance",467,0.934,"CASP3 inhibition"
204,"Resistant-local","CASP3_OFF","Survival",0,0,"CASP3 inhibition"
204,"Resistant-local","CASP3_ON","Apoptosis",0,0,"CASP3 activation"
204,"Resistant-local","CASP3_ON","Cell-cycle arrest",0,0,"CASP3 activation"
204,"Resistant-local","CASP3_ON","Other",0,0,"CASP3 activation"
204,"Resistant-local","CASP3_ON","Proliferation",0,0,"CASP3 activation"
204,"Resistant-local","CASP3_ON","Pyroptosis",500,1,"CASP3 activation"
204,"Resistant-local","CASP3_ON","Resistance",0,0,"CASP3 activation"
204,"Resistant-local","CASP3_ON","Survival",0,0,"CASP3 activation"
204,"Resistant-local","CASP3_ON__GSDME_OFF","Apoptosis",500,1,"CASP3 activation + GSDME unavailable"
204,"Resistant-local","CASP3_ON__GSDME_OFF","Cell-cycle arrest",0,0,"CASP3 activation + GSDME unavailable"
204,"Resistant-local","CASP3_ON__GSDME_OFF","Other",0,0,"CASP3 activation + GSDME unavailable"
204,"Resistant-local","CASP3_ON__GSDME_OFF","Proliferation",0,0,"CASP3 activation + GSDME unavailable"
204,"Resistant-local","CASP3_ON__GSDME_OFF","Pyroptosis",0,0,"CASP3 activation + GSDME unavailable"
204,"Resistant-local","CASP3_ON__GSDME_OFF","Resistance",0,0,"CASP3 activation + GSDME unavailable"
204,"Resistant-local","CASP3_ON__GSDME_OFF","Survival",0,0,"CASP3 activation + GSDME unavailable"
204,"Resistant-local","GSDME_OFF","Apoptosis",31,0.062,"GSDME unavailable"
204,"Resistant-local","GSDME_OFF","Cell-cycle arrest",0,0,"GSDME unavailable"
204,"Resistant-local","GSDME_OFF","Other",0,0,"GSDME unavailable"
204,"Resistant-local","GSDME_OFF","Proliferation",0,0,"GSDME unavailable"
204,"Resistant-local","GSDME_OFF","Pyroptosis",0,0,"GSDME unavailable"
204,"Resistant-local","GSDME_OFF","Resistance",469,0.938,"GSDME unavailable"
204,"Resistant-local","GSDME_OFF","Survival",0,0,"GSDME unavailable"
204,"Resistant-local","MALAT1_OFF","Apoptosis",0,0,"MALAT1 inhibition"
204,"Resistant-local","MALAT1_OFF","Cell-cycle arrest",0,0,"MALAT1 inhibition"
204,"Resistant-local","MALAT1_OFF","Other",0,0,"MALAT1 inhibition"
204,"Resistant-local","MALAT1_OFF","Proliferation",0,0,"MALAT1 inhibition"
204,"Resistant-local","MALAT1_OFF","Pyroptosis",500,1,"MALAT1 inhibition"
204,"Resistant-local","MALAT1_OFF","Resistance",0,0,"MALAT1 inhibition"
204,"Resistant-local","MALAT1_OFF","Survival",0,0,"MALAT1 inhibition"
204,"Resistant-local","MALAT1_OFF__GSDME_OFF","Apoptosis",500,1,"MALAT1 inhibition + GSDME unavailable"
204,"Resistant-local","MALAT1_OFF__GSDME_OFF","Cell-cycle arrest",0,0,"MALAT1 inhibition + GSDME unavailable"
204,"Resistant-local","MALAT1_OFF__GSDME_OFF","Other",0,0,"MALAT1 inhibition + GSDME unavailable"
204,"Resistant-local","MALAT1_OFF__GSDME_OFF","Proliferation",0,0,"MALAT1 inhibition + GSDME unavailable"
204,"Resistant-local","MALAT1_OFF__GSDME_OFF","Pyroptosis",0,0,"MALAT1 inhibition + GSDME unavailable"
204,"Resistant-local","MALAT1_OFF__GSDME_OFF","Resistance",0,0,"MALAT1 inhibition + GSDME unavailable"
204,"Resistant-local","MALAT1_OFF__GSDME_OFF","Survival",0,0,"MALAT1 inhibition + GSDME unavailable"
204,"Resistant-local","MALAT1_OFF__miR204_OFF","Apoptosis",0,0,"MALAT1 inhibition + miR-204-5p inhibition"
204,"Resistant-local","MALAT1_OFF__miR204_OFF","Cell-cycle arrest",0,0,"MALAT1 inhibition + miR-204-5p inhibition"
204,"Resistant-local","MALAT1_OFF__miR204_OFF","Other",0,0,"MALAT1 inhibition + miR-204-5p inhibition"
204,"Resistant-local","MALAT1_OFF__miR204_OFF","Proliferation",0,0,"MALAT1 inhibition + miR-204-5p inhibition"
204,"Resistant-local","MALAT1_OFF__miR204_OFF","Pyroptosis",0,0,"MALAT1 inhibition + miR-204-5p inhibition"
204,"Resistant-local","MALAT1_OFF__miR204_OFF","Resistance",500,1,"MALAT1 inhibition + miR-204-5p inhibition"
204,"Resistant-local","MALAT1_OFF__miR204_OFF","Survival",0,0,"MALAT1 inhibition + miR-204-5p inhibition"
204,"Resistant-local","MALAT1_OFF__SIRT1_ON","Apoptosis",0,0,"MALAT1 inhibition + SIRT1 rescue"
204,"Resistant-local","MALAT1_OFF__SIRT1_ON","Cell-cycle arrest",0,0,"MALAT1 inhibition + SIRT1 rescue"
204,"Resistant-local","MALAT1_OFF__SIRT1_ON","Other",0,0,"MALAT1 inhibition + SIRT1 rescue"
204,"Resistant-local","MALAT1_OFF__SIRT1_ON","Proliferation",0,0,"MALAT1 inhibition + SIRT1 rescue"
204,"Resistant-local","MALAT1_OFF__SIRT1_ON","Pyroptosis",0,0,"MALAT1 inhibition + SIRT1 rescue"
204,"Resistant-local","MALAT1_OFF__SIRT1_ON","Resistance",500,1,"MALAT1 inhibition + SIRT1 rescue"
204,"Resistant-local","MALAT1_OFF__SIRT1_ON","Survival",0,0,"MALAT1 inhibition + SIRT1 rescue"
204,"Resistant-local","miR204_OFF","Apoptosis",0,0,"miR-204-5p inhibition"
204,"Resistant-local","miR204_OFF","Cell-cycle arrest",0,0,"miR-204-5p inhibition"
204,"Resistant-local","miR204_OFF","Other",0,0,"miR-204-5p inhibition"
204,"Resistant-local","miR204_OFF","Proliferation",0,0,"miR-204-5p inhibition"
204,"Resistant-local","miR204_OFF","Pyroptosis",0,0,"miR-204-5p inhibition"
204,"Resistant-local","miR204_OFF","Resistance",500,1,"miR-204-5p inhibition"
204,"Resistant-local","miR204_OFF","Survival",0,0,"miR-204-5p inhibition"
204,"Resistant-local","miR204_ON","Apoptosis",0,0,"miR-204-5p activation"
204,"Resistant-local","miR204_ON","Cell-cycle arrest",0,0,"miR-204-5p activation"
204,"Resistant-local","miR204_ON","Other",0,0,"miR-204-5p activation"
204,"Resistant-local","miR204_ON","Proliferation",0,0,"miR-204-5p activation"
204,"Resistant-local","miR204_ON","Pyroptosis",500,1,"miR-204-5p activation"
204,"Resistant-local","miR204_ON","Resistance",0,0,"miR-204-5p activation"
204,"Resistant-local","miR204_ON","Survival",0,0,"miR-204-5p activation"
204,"Resistant-local","miR204_ON__SIRT1_ON","Apoptosis",0,0,"miR-204-5p activation + SIRT1 rescue"
204,"Resistant-local","miR204_ON__SIRT1_ON","Cell-cycle arrest",0,0,"miR-204-5p activation + SIRT1 rescue"
204,"Resistant-local","miR204_ON__SIRT1_ON","Other",0,0,"miR-204-5p activation + SIRT1 rescue"
204,"Resistant-local","miR204_ON__SIRT1_ON","Proliferation",0,0,"miR-204-5p activation + SIRT1 rescue"
204,"Resistant-local","miR204_ON__SIRT1_ON","Pyroptosis",0,0,"miR-204-5p activation + SIRT1 rescue"
204,"Resistant-local","miR204_ON__SIRT1_ON","Resistance",500,1,"miR-204-5p activation + SIRT1 rescue"
204,"Resistant-local","miR204_ON__SIRT1_ON","Survival",0,0,"miR-204-5p activation + SIRT1 rescue"
204,"Resistant-local","p53_OFF","Apoptosis",0,0,"Active p53 inhibition"
204,"Resistant-local","p53_OFF","Cell-cycle arrest",0,0,"Active p53 inhibition"
204,"Resistant-local","p53_OFF","Other",0,0,"Active p53 inhibition"
204,"Resistant-local","p53_OFF","Proliferation",0,0,"Active p53 inhibition"
204,"Resistant-local","p53_OFF","Pyroptosis",0,0,"Active p53 inhibition"
204,"Resistant-local","p53_OFF","Resistance",500,1,"Active p53 inhibition"
204,"Resistant-local","p53_OFF","Survival",0,0,"Active p53 inhibition"
204,"Resistant-local","p53_ON","Apoptosis",0,0,"Active p53 activation"
204,"Resistant-local","p53_ON","Cell-cycle arrest",0,0,"Active p53 activation"
204,"Resistant-local","p53_ON","Other",0,0,"Active p53 activation"
204,"Resistant-local","p53_ON","Proliferation",0,0,"Active p53 activation"
204,"Resistant-local","p53_ON","Pyroptosis",500,1,"Active p53 activation"
204,"Resistant-local","p53_ON","Resistance",0,0,"Active p53 activation"
204,"Resistant-local","p53_ON","Survival",0,0,"Active p53 activation"
204,"Resistant-local","p53_ON__CASP3_OFF","Apoptosis",0,0,"Active p53 activation + CASP3 inhibition"
204,"Resistant-local","p53_ON__CASP3_OFF","Cell-cycle arrest",500,1,"Active p53 activation + CASP3 inhibition"
204,"Resistant-local","p53_ON__CASP3_OFF","Other",0,0,"Active p53 activation + CASP3 inhibition"
204,"Resistant-local","p53_ON__CASP3_OFF","Proliferation",0,0,"Active p53 activation + CASP3 inhibition"
204,"Resistant-local","p53_ON__CASP3_OFF","Pyroptosis",0,0,"Active p53 activation + CASP3 inhibition"
204,"Resistant-local","p53_ON__CASP3_OFF","Resistance",0,0,"Active p53 activation + CASP3 inhibition"
204,"Resistant-local","p53_ON__CASP3_OFF","Survival",0,0,"Active p53 activation + CASP3 inhibition"
204,"Resistant-local","Reference","Apoptosis",0,0,"Reference: DDR ON + GSDME available"
204,"Resistant-local","Reference","Cell-cycle arrest",0,0,"Reference: DDR ON + GSDME available"
204,"Resistant-local","Reference","Other",0,0,"Reference: DDR ON + GSDME available"
204,"Resistant-local","Reference","Proliferation",0,0,"Reference: DDR ON + GSDME available"
204,"Resistant-local","Reference","Pyroptosis",33,0.066,"Reference: DDR ON + GSDME available"
204,"Resistant-local","Reference","Resistance",467,0.934,"Reference: DDR ON + GSDME available"
204,"Resistant-local","Reference","Survival",0,0,"Reference: DDR ON + GSDME available"
204,"Resistant-local","SIRT1_OFF","Apoptosis",0,0,"SIRT1 inhibition"
204,"Resistant-local","SIRT1_OFF","Cell-cycle arrest",0,0,"SIRT1 inhibition"
204,"Resistant-local","SIRT1_OFF","Other",0,0,"SIRT1 inhibition"
204,"Resistant-local","SIRT1_OFF","Proliferation",0,0,"SIRT1 inhibition"
204,"Resistant-local","SIRT1_OFF","Pyroptosis",500,1,"SIRT1 inhibition"
204,"Resistant-local","SIRT1_OFF","Resistance",0,0,"SIRT1 inhibition"
204,"Resistant-local","SIRT1_OFF","Survival",0,0,"SIRT1 inhibition"
204,"Resistant-local","SIRT1_OFF__GSDME_OFF","Apoptosis",500,1,"SIRT1 inhibition + GSDME unavailable"
204,"Resistant-local","SIRT1_OFF__GSDME_OFF","Cell-cycle arrest",0,0,"SIRT1 inhibition + GSDME unavailable"
204,"Resistant-local","SIRT1_OFF__GSDME_OFF","Other",0,0,"SIRT1 inhibition + GSDME unavailable"
204,"Resistant-local","SIRT1_OFF__GSDME_OFF","Proliferation",0,0,"SIRT1 inhibition + GSDME unavailable"
204,"Resistant-local","SIRT1_OFF__GSDME_OFF","Pyroptosis",0,0,"SIRT1 inhibition + GSDME unavailable"
204,"Resistant-local","SIRT1_OFF__GSDME_OFF","Resistance",0,0,"SIRT1 inhibition + GSDME unavailable"
204,"Resistant-local","SIRT1_OFF__GSDME_OFF","Survival",0,0,"SIRT1 inhibition + GSDME unavailable"
204,"Resistant-local","SIRT1_OFF__p53_OFF","Apoptosis",0,0,"SIRT1 inhibition + active p53 inhibition"
204,"Resistant-local","SIRT1_OFF__p53_OFF","Cell-cycle arrest",0,0,"SIRT1 inhibition + active p53 inhibition"
204,"Resistant-local","SIRT1_OFF__p53_OFF","Other",500,1,"SIRT1 inhibition + active p53 inhibition"
204,"Resistant-local","SIRT1_OFF__p53_OFF","Proliferation",0,0,"SIRT1 inhibition + active p53 inhibition"
204,"Resistant-local","SIRT1_OFF__p53_OFF","Pyroptosis",0,0,"SIRT1 inhibition + active p53 inhibition"
204,"Resistant-local","SIRT1_OFF__p53_OFF","Resistance",0,0,"SIRT1 inhibition + active p53 inhibition"
204,"Resistant-local","SIRT1_OFF__p53_OFF","Survival",0,0,"SIRT1 inhibition + active p53 inhibition"
204,"Resistant-local","SIRT1_ON","Apoptosis",0,0,"SIRT1 activation"
204,"Resistant-local","SIRT1_ON","Cell-cycle arrest",0,0,"SIRT1 activation"
204,"Resistant-local","SIRT1_ON","Other",0,0,"SIRT1 activation"
204,"Resistant-local","SIRT1_ON","Proliferation",0,0,"SIRT1 activation"
204,"Resistant-local","SIRT1_ON","Pyroptosis",0,0,"SIRT1 activation"
204,"Resistant-local","SIRT1_ON","Resistance",500,1,"SIRT1 activation"
204,"Resistant-local","SIRT1_ON","Survival",0,0,"SIRT1 activation"
307,"Global random","CASP3_OFF","Apoptosis",0,0,"CASP3 inhibition"
307,"Global random","CASP3_OFF","Cell-cycle arrest",261,0.522,"CASP3 inhibition"
307,"Global random","CASP3_OFF","Other",0,0,"CASP3 inhibition"
307,"Global random","CASP3_OFF","Proliferation",0,0,"CASP3 inhibition"
307,"Global random","CASP3_OFF","Pyroptosis",0,0,"CASP3 inhibition"
307,"Global random","CASP3_OFF","Resistance",239,0.478,"CASP3 inhibition"
307,"Global random","CASP3_OFF","Survival",0,0,"CASP3 inhibition"
307,"Global random","CASP3_ON","Apoptosis",0,0,"CASP3 activation"
307,"Global random","CASP3_ON","Cell-cycle arrest",0,0,"CASP3 activation"
307,"Global random","CASP3_ON","Other",0,0,"CASP3 activation"
307,"Global random","CASP3_ON","Proliferation",0,0,"CASP3 activation"
307,"Global random","CASP3_ON","Pyroptosis",500,1,"CASP3 activation"
307,"Global random","CASP3_ON","Resistance",0,0,"CASP3 activation"
307,"Global random","CASP3_ON","Survival",0,0,"CASP3 activation"
307,"Global random","CASP3_ON__GSDME_OFF","Apoptosis",500,1,"CASP3 activation + GSDME unavailable"
307,"Global random","CASP3_ON__GSDME_OFF","Cell-cycle arrest",0,0,"CASP3 activation + GSDME unavailable"
307,"Global random","CASP3_ON__GSDME_OFF","Other",0,0,"CASP3 activation + GSDME unavailable"
307,"Global random","CASP3_ON__GSDME_OFF","Proliferation",0,0,"CASP3 activation + GSDME unavailable"
307,"Global random","CASP3_ON__GSDME_OFF","Pyroptosis",0,0,"CASP3 activation + GSDME unavailable"
307,"Global random","CASP3_ON__GSDME_OFF","Resistance",0,0,"CASP3 activation + GSDME unavailable"
307,"Global random","CASP3_ON__GSDME_OFF","Survival",0,0,"CASP3 activation + GSDME unavailable"
307,"Global random","GSDME_OFF","Apoptosis",249,0.498,"GSDME unavailable"
307,"Global random","GSDME_OFF","Cell-cycle arrest",0,0,"GSDME unavailable"
307,"Global random","GSDME_OFF","Other",0,0,"GSDME unavailable"
307,"Global random","GSDME_OFF","Proliferation",0,0,"GSDME unavailable"
307,"Global random","GSDME_OFF","Pyroptosis",0,0,"GSDME unavailable"
307,"Global random","GSDME_OFF","Resistance",251,0.502,"GSDME unavailable"
307,"Global random","GSDME_OFF","Survival",0,0,"GSDME unavailable"
307,"Global random","MALAT1_OFF","Apoptosis",0,0,"MALAT1 inhibition"
307,"Global random","MALAT1_OFF","Cell-cycle arrest",0,0,"MALAT1 inhibition"
307,"Global random","MALAT1_OFF","Other",0,0,"MALAT1 inhibition"
307,"Global random","MALAT1_OFF","Proliferation",0,0,"MALAT1 inhibition"
307,"Global random","MALAT1_OFF","Pyroptosis",500,1,"MALAT1 inhibition"
307,"Global random","MALAT1_OFF","Resistance",0,0,"MALAT1 inhibition"
307,"Global random","MALAT1_OFF","Survival",0,0,"MALAT1 inhibition"
307,"Global random","MALAT1_OFF__GSDME_OFF","Apoptosis",500,1,"MALAT1 inhibition + GSDME unavailable"
307,"Global random","MALAT1_OFF__GSDME_OFF","Cell-cycle arrest",0,0,"MALAT1 inhibition + GSDME unavailable"
307,"Global random","MALAT1_OFF__GSDME_OFF","Other",0,0,"MALAT1 inhibition + GSDME unavailable"
307,"Global random","MALAT1_OFF__GSDME_OFF","Proliferation",0,0,"MALAT1 inhibition + GSDME unavailable"
307,"Global random","MALAT1_OFF__GSDME_OFF","Pyroptosis",0,0,"MALAT1 inhibition + GSDME unavailable"
307,"Global random","MALAT1_OFF__GSDME_OFF","Resistance",0,0,"MALAT1 inhibition + GSDME unavailable"
307,"Global random","MALAT1_OFF__GSDME_OFF","Survival",0,0,"MALAT1 inhibition + GSDME unavailable"
307,"Global random","MALAT1_OFF__miR204_OFF","Apoptosis",0,0,"MALAT1 inhibition + miR-204-5p inhibition"
307,"Global random","MALAT1_OFF__miR204_OFF","Cell-cycle arrest",0,0,"MALAT1 inhibition + miR-204-5p inhibition"
307,"Global random","MALAT1_OFF__miR204_OFF","Other",0,0,"MALAT1 inhibition + miR-204-5p inhibition"
307,"Global random","MALAT1_OFF__miR204_OFF","Proliferation",0,0,"MALAT1 inhibition + miR-204-5p inhibition"
307,"Global random","MALAT1_OFF__miR204_OFF","Pyroptosis",0,0,"MALAT1 inhibition + miR-204-5p inhibition"
307,"Global random","MALAT1_OFF__miR204_OFF","Resistance",500,1,"MALAT1 inhibition + miR-204-5p inhibition"
307,"Global random","MALAT1_OFF__miR204_OFF","Survival",0,0,"MALAT1 inhibition + miR-204-5p inhibition"
307,"Global random","MALAT1_OFF__SIRT1_ON","Apoptosis",0,0,"MALAT1 inhibition + SIRT1 rescue"
307,"Global random","MALAT1_OFF__SIRT1_ON","Cell-cycle arrest",0,0,"MALAT1 inhibition + SIRT1 rescue"
307,"Global random","MALAT1_OFF__SIRT1_ON","Other",0,0,"MALAT1 inhibition + SIRT1 rescue"
307,"Global random","MALAT1_OFF__SIRT1_ON","Proliferation",0,0,"MALAT1 inhibition + SIRT1 rescue"
307,"Global random","MALAT1_OFF__SIRT1_ON","Pyroptosis",0,0,"MALAT1 inhibition + SIRT1 rescue"
307,"Global random","MALAT1_OFF__SIRT1_ON","Resistance",500,1,"MALAT1 inhibition + SIRT1 rescue"
307,"Global random","MALAT1_OFF__SIRT1_ON","Survival",0,0,"MALAT1 inhibition + SIRT1 rescue"
307,"Global random","miR204_OFF","Apoptosis",0,0,"miR-204-5p inhibition"
307,"Global random","miR204_OFF","Cell-cycle arrest",0,0,"miR-204-5p inhibition"
307,"Global random","miR204_OFF","Other",0,0,"miR-204-5p inhibition"
307,"Global random","miR204_OFF","Proliferation",0,0,"miR-204-5p inhibition"
307,"Global random","miR204_OFF","Pyroptosis",0,0,"miR-204-5p inhibition"
307,"Global random","miR204_OFF","Resistance",500,1,"miR-204-5p inhibition"
307,"Global random","miR204_OFF","Survival",0,0,"miR-204-5p inhibition"
307,"Global random","miR204_ON","Apoptosis",0,0,"miR-204-5p activation"
307,"Global random","miR204_ON","Cell-cycle arrest",0,0,"miR-204-5p activation"
307,"Global random","miR204_ON","Other",0,0,"miR-204-5p activation"
307,"Global random","miR204_ON","Proliferation",0,0,"miR-204-5p activation"
307,"Global random","miR204_ON","Pyroptosis",500,1,"miR-204-5p activation"
307,"Global random","miR204_ON","Resistance",0,0,"miR-204-5p activation"
307,"Global random","miR204_ON","Survival",0,0,"miR-204-5p activation"
307,"Global random","miR204_ON__SIRT1_ON","Apoptosis",0,0,"miR-204-5p activation + SIRT1 rescue"
307,"Global random","miR204_ON__SIRT1_ON","Cell-cycle arrest",0,0,"miR-204-5p activation + SIRT1 rescue"
307,"Global random","miR204_ON__SIRT1_ON","Other",0,0,"miR-204-5p activation + SIRT1 rescue"
307,"Global random","miR204_ON__SIRT1_ON","Proliferation",0,0,"miR-204-5p activation + SIRT1 rescue"
307,"Global random","miR204_ON__SIRT1_ON","Pyroptosis",0,0,"miR-204-5p activation + SIRT1 rescue"
307,"Global random","miR204_ON__SIRT1_ON","Resistance",500,1,"miR-204-5p activation + SIRT1 rescue"
307,"Global random","miR204_ON__SIRT1_ON","Survival",0,0,"miR-204-5p activation + SIRT1 rescue"
307,"Global random","p53_OFF","Apoptosis",0,0,"Active p53 inhibition"
307,"Global random","p53_OFF","Cell-cycle arrest",0,0,"Active p53 inhibition"
307,"Global random","p53_OFF","Other",0,0,"Active p53 inhibition"
307,"Global random","p53_OFF","Proliferation",0,0,"Active p53 inhibition"
307,"Global random","p53_OFF","Pyroptosis",0,0,"Active p53 inhibition"
307,"Global random","p53_OFF","Resistance",500,1,"Active p53 inhibition"
307,"Global random","p53_OFF","Survival",0,0,"Active p53 inhibition"
307,"Global random","p53_ON","Apoptosis",0,0,"Active p53 activation"
307,"Global random","p53_ON","Cell-cycle arrest",0,0,"Active p53 activation"
307,"Global random","p53_ON","Other",0,0,"Active p53 activation"
307,"Global random","p53_ON","Proliferation",0,0,"Active p53 activation"
307,"Global random","p53_ON","Pyroptosis",500,1,"Active p53 activation"
307,"Global random","p53_ON","Resistance",0,0,"Active p53 activation"
307,"Global random","p53_ON","Survival",0,0,"Active p53 activation"
307,"Global random","p53_ON__CASP3_OFF","Apoptosis",0,0,"Active p53 activation + CASP3 inhibition"
307,"Global random","p53_ON__CASP3_OFF","Cell-cycle arrest",500,1,"Active p53 activation + CASP3 inhibition"
307,"Global random","p53_ON__CASP3_OFF","Other",0,0,"Active p53 activation + CASP3 inhibition"
307,"Global random","p53_ON__CASP3_OFF","Proliferation",0,0,"Active p53 activation + CASP3 inhibition"
307,"Global random","p53_ON__CASP3_OFF","Pyroptosis",0,0,"Active p53 activation + CASP3 inhibition"
307,"Global random","p53_ON__CASP3_OFF","Resistance",0,0,"Active p53 activation + CASP3 inhibition"
307,"Global random","p53_ON__CASP3_OFF","Survival",0,0,"Active p53 activation + CASP3 inhibition"
307,"Global random","Reference","Apoptosis",0,0,"Reference: DDR ON + GSDME available"
307,"Global random","Reference","Cell-cycle arrest",0,0,"Reference: DDR ON + GSDME available"
307,"Global random","Reference","Other",0,0,"Reference: DDR ON + GSDME available"
307,"Global random","Reference","Proliferation",0,0,"Reference: DDR ON + GSDME available"
307,"Global random","Reference","Pyroptosis",256,0.512,"Reference: DDR ON + GSDME available"
307,"Global random","Reference","Resistance",244,0.488,"Reference: DDR ON + GSDME available"
307,"Global random","Reference","Survival",0,0,"Reference: DDR ON + GSDME available"
307,"Global random","SIRT1_OFF","Apoptosis",0,0,"SIRT1 inhibition"
307,"Global random","SIRT1_OFF","Cell-cycle arrest",0,0,"SIRT1 inhibition"
307,"Global random","SIRT1_OFF","Other",0,0,"SIRT1 inhibition"
307,"Global random","SIRT1_OFF","Proliferation",0,0,"SIRT1 inhibition"
307,"Global random","SIRT1_OFF","Pyroptosis",500,1,"SIRT1 inhibition"
307,"Global random","SIRT1_OFF","Resistance",0,0,"SIRT1 inhibition"
307,"Global random","SIRT1_OFF","Survival",0,0,"SIRT1 inhibition"
307,"Global random","SIRT1_OFF__GSDME_OFF","Apoptosis",500,1,"SIRT1 inhibition + GSDME unavailable"
307,"Global random","SIRT1_OFF__GSDME_OFF","Cell-cycle arrest",0,0,"SIRT1 inhibition + GSDME unavailable"
307,"Global random","SIRT1_OFF__GSDME_OFF","Other",0,0,"SIRT1 inhibition + GSDME unavailable"
307,"Global random","SIRT1_OFF__GSDME_OFF","Proliferation",0,0,"SIRT1 inhibition + GSDME unavailable"
307,"Global random","SIRT1_OFF__GSDME_OFF","Pyroptosis",0,0,"SIRT1 inhibition + GSDME unavailable"
307,"Global random","SIRT1_OFF__GSDME_OFF","Resistance",0,0,"SIRT1 inhibition + GSDME unavailable"
307,"Global random","SIRT1_OFF__GSDME_OFF","Survival",0,0,"SIRT1 inhibition + GSDME unavailable"
307,"Global random","SIRT1_OFF__p53_OFF","Apoptosis",0,0,"SIRT1 inhibition + active p53 inhibition"
307,"Global random","SIRT1_OFF__p53_OFF","Cell-cycle arrest",0,0,"SIRT1 inhibition + active p53 inhibition"
307,"Global random","SIRT1_OFF__p53_OFF","Other",500,1,"SIRT1 inhibition + active p53 inhibition"
307,"Global random","SIRT1_OFF__p53_OFF","Proliferation",0,0,"SIRT1 inhibition + active p53 inhibition"
307,"Global random","SIRT1_OFF__p53_OFF","Pyroptosis",0,0,"SIRT1 inhibition + active p53 inhibition"
307,"Global random","SIRT1_OFF__p53_OFF","Resistance",0,0,"SIRT1 inhibition + active p53 inhibition"
307,"Global random","SIRT1_OFF__p53_OFF","Survival",0,0,"SIRT1 inhibition + active p53 inhibition"
307,"Global random","SIRT1_ON","Apoptosis",0,0,"SIRT1 activation"
307,"Global random","SIRT1_ON","Cell-cycle arrest",0,0,"SIRT1 activation"
307,"Global random","SIRT1_ON","Other",0,0,"SIRT1 activation"
307,"Global random","SIRT1_ON","Proliferation",0,0,"SIRT1 activation"
307,"Global random","SIRT1_ON","Pyroptosis",0,0,"SIRT1 activation"
307,"Global random","SIRT1_ON","Resistance",500,1,"SIRT1 activation"
307,"Global random","SIRT1_ON","Survival",0,0,"SIRT1 activation"
307,"Resistant-local","CASP3_OFF","Apoptosis",0,0,"CASP3 inhibition"
307,"Resistant-local","CASP3_OFF","Cell-cycle arrest",42,0.084,"CASP3 inhibition"
307,"Resistant-local","CASP3_OFF","Other",0,0,"CASP3 inhibition"
307,"Resistant-local","CASP3_OFF","Proliferation",0,0,"CASP3 inhibition"
307,"Resistant-local","CASP3_OFF","Pyroptosis",0,0,"CASP3 inhibition"
307,"Resistant-local","CASP3_OFF","Resistance",458,0.916,"CASP3 inhibition"
307,"Resistant-local","CASP3_OFF","Survival",0,0,"CASP3 inhibition"
307,"Resistant-local","CASP3_ON","Apoptosis",0,0,"CASP3 activation"
307,"Resistant-local","CASP3_ON","Cell-cycle arrest",0,0,"CASP3 activation"
307,"Resistant-local","CASP3_ON","Other",0,0,"CASP3 activation"
307,"Resistant-local","CASP3_ON","Proliferation",0,0,"CASP3 activation"
307,"Resistant-local","CASP3_ON","Pyroptosis",500,1,"CASP3 activation"
307,"Resistant-local","CASP3_ON","Resistance",0,0,"CASP3 activation"
307,"Resistant-local","CASP3_ON","Survival",0,0,"CASP3 activation"
307,"Resistant-local","CASP3_ON__GSDME_OFF","Apoptosis",500,1,"CASP3 activation + GSDME unavailable"
307,"Resistant-local","CASP3_ON__GSDME_OFF","Cell-cycle arrest",0,0,"CASP3 activation + GSDME unavailable"
307,"Resistant-local","CASP3_ON__GSDME_OFF","Other",0,0,"CASP3 activation + GSDME unavailable"
307,"Resistant-local","CASP3_ON__GSDME_OFF","Proliferation",0,0,"CASP3 activation + GSDME unavailable"
307,"Resistant-local","CASP3_ON__GSDME_OFF","Pyroptosis",0,0,"CASP3 activation + GSDME unavailable"
307,"Resistant-local","CASP3_ON__GSDME_OFF","Resistance",0,0,"CASP3 activation + GSDME unavailable"
307,"Resistant-local","CASP3_ON__GSDME_OFF","Survival",0,0,"CASP3 activation + GSDME unavailable"
307,"Resistant-local","GSDME_OFF","Apoptosis",42,0.084,"GSDME unavailable"
307,"Resistant-local","GSDME_OFF","Cell-cycle arrest",0,0,"GSDME unavailable"
307,"Resistant-local","GSDME_OFF","Other",0,0,"GSDME unavailable"
307,"Resistant-local","GSDME_OFF","Proliferation",0,0,"GSDME unavailable"
307,"Resistant-local","GSDME_OFF","Pyroptosis",0,0,"GSDME unavailable"
307,"Resistant-local","GSDME_OFF","Resistance",458,0.916,"GSDME unavailable"
307,"Resistant-local","GSDME_OFF","Survival",0,0,"GSDME unavailable"
307,"Resistant-local","MALAT1_OFF","Apoptosis",0,0,"MALAT1 inhibition"
307,"Resistant-local","MALAT1_OFF","Cell-cycle arrest",0,0,"MALAT1 inhibition"
307,"Resistant-local","MALAT1_OFF","Other",0,0,"MALAT1 inhibition"
307,"Resistant-local","MALAT1_OFF","Proliferation",0,0,"MALAT1 inhibition"
307,"Resistant-local","MALAT1_OFF","Pyroptosis",500,1,"MALAT1 inhibition"
307,"Resistant-local","MALAT1_OFF","Resistance",0,0,"MALAT1 inhibition"
307,"Resistant-local","MALAT1_OFF","Survival",0,0,"MALAT1 inhibition"
307,"Resistant-local","MALAT1_OFF__GSDME_OFF","Apoptosis",500,1,"MALAT1 inhibition + GSDME unavailable"
307,"Resistant-local","MALAT1_OFF__GSDME_OFF","Cell-cycle arrest",0,0,"MALAT1 inhibition + GSDME unavailable"
307,"Resistant-local","MALAT1_OFF__GSDME_OFF","Other",0,0,"MALAT1 inhibition + GSDME unavailable"
307,"Resistant-local","MALAT1_OFF__GSDME_OFF","Proliferation",0,0,"MALAT1 inhibition + GSDME unavailable"
307,"Resistant-local","MALAT1_OFF__GSDME_OFF","Pyroptosis",0,0,"MALAT1 inhibition + GSDME unavailable"
307,"Resistant-local","MALAT1_OFF__GSDME_OFF","Resistance",0,0,"MALAT1 inhibition + GSDME unavailable"
307,"Resistant-local","MALAT1_OFF__GSDME_OFF","Survival",0,0,"MALAT1 inhibition + GSDME unavailable"
307,"Resistant-local","MALAT1_OFF__miR204_OFF","Apoptosis",0,0,"MALAT1 inhibition + miR-204-5p inhibition"
307,"Resistant-local","MALAT1_OFF__miR204_OFF","Cell-cycle arrest",0,0,"MALAT1 inhibition + miR-204-5p inhibition"
307,"Resistant-local","MALAT1_OFF__miR204_OFF","Other",0,0,"MALAT1 inhibition + miR-204-5p inhibition"
307,"Resistant-local","MALAT1_OFF__miR204_OFF","Proliferation",0,0,"MALAT1 inhibition + miR-204-5p inhibition"
307,"Resistant-local","MALAT1_OFF__miR204_OFF","Pyroptosis",0,0,"MALAT1 inhibition + miR-204-5p inhibition"
307,"Resistant-local","MALAT1_OFF__miR204_OFF","Resistance",500,1,"MALAT1 inhibition + miR-204-5p inhibition"
307,"Resistant-local","MALAT1_OFF__miR204_OFF","Survival",0,0,"MALAT1 inhibition + miR-204-5p inhibition"
307,"Resistant-local","MALAT1_OFF__SIRT1_ON","Apoptosis",0,0,"MALAT1 inhibition + SIRT1 rescue"
307,"Resistant-local","MALAT1_OFF__SIRT1_ON","Cell-cycle arrest",0,0,"MALAT1 inhibition + SIRT1 rescue"
307,"Resistant-local","MALAT1_OFF__SIRT1_ON","Other",0,0,"MALAT1 inhibition + SIRT1 rescue"
307,"Resistant-local","MALAT1_OFF__SIRT1_ON","Proliferation",0,0,"MALAT1 inhibition + SIRT1 rescue"
307,"Resistant-local","MALAT1_OFF__SIRT1_ON","Pyroptosis",0,0,"MALAT1 inhibition + SIRT1 rescue"
307,"Resistant-local","MALAT1_OFF__SIRT1_ON","Resistance",500,1,"MALAT1 inhibition + SIRT1 rescue"
307,"Resistant-local","MALAT1_OFF__SIRT1_ON","Survival",0,0,"MALAT1 inhibition + SIRT1 rescue"
307,"Resistant-local","miR204_OFF","Apoptosis",0,0,"miR-204-5p inhibition"
307,"Resistant-local","miR204_OFF","Cell-cycle arrest",0,0,"miR-204-5p inhibition"
307,"Resistant-local","miR204_OFF","Other",0,0,"miR-204-5p inhibition"
307,"Resistant-local","miR204_OFF","Proliferation",0,0,"miR-204-5p inhibition"
307,"Resistant-local","miR204_OFF","Pyroptosis",0,0,"miR-204-5p inhibition"
307,"Resistant-local","miR204_OFF","Resistance",500,1,"miR-204-5p inhibition"
307,"Resistant-local","miR204_OFF","Survival",0,0,"miR-204-5p inhibition"
307,"Resistant-local","miR204_ON","Apoptosis",0,0,"miR-204-5p activation"
307,"Resistant-local","miR204_ON","Cell-cycle arrest",0,0,"miR-204-5p activation"
307,"Resistant-local","miR204_ON","Other",0,0,"miR-204-5p activation"
307,"Resistant-local","miR204_ON","Proliferation",0,0,"miR-204-5p activation"
307,"Resistant-local","miR204_ON","Pyroptosis",500,1,"miR-204-5p activation"
307,"Resistant-local","miR204_ON","Resistance",0,0,"miR-204-5p activation"
307,"Resistant-local","miR204_ON","Survival",0,0,"miR-204-5p activation"
307,"Resistant-local","miR204_ON__SIRT1_ON","Apoptosis",0,0,"miR-204-5p activation + SIRT1 rescue"
307,"Resistant-local","miR204_ON__SIRT1_ON","Cell-cycle arrest",0,0,"miR-204-5p activation + SIRT1 rescue"
307,"Resistant-local","miR204_ON__SIRT1_ON","Other",0,0,"miR-204-5p activation + SIRT1 rescue"
307,"Resistant-local","miR204_ON__SIRT1_ON","Proliferation",0,0,"miR-204-5p activation + SIRT1 rescue"
307,"Resistant-local","miR204_ON__SIRT1_ON","Pyroptosis",0,0,"miR-204-5p activation + SIRT1 rescue"
307,"Resistant-local","miR204_ON__SIRT1_ON","Resistance",500,1,"miR-204-5p activation + SIRT1 rescue"
307,"Resistant-local","miR204_ON__SIRT1_ON","Survival",0,0,"miR-204-5p activation + SIRT1 rescue"
307,"Resistant-local","p53_OFF","Apoptosis",0,0,"Active p53 inhibition"
307,"Resistant-local","p53_OFF","Cell-cycle arrest",0,0,"Active p53 inhibition"
307,"Resistant-local","p53_OFF","Other",0,0,"Active p53 inhibition"
307,"Resistant-local","p53_OFF","Proliferation",0,0,"Active p53 inhibition"
307,"Resistant-local","p53_OFF","Pyroptosis",0,0,"Active p53 inhibition"
307,"Resistant-local","p53_OFF","Resistance",500,1,"Active p53 inhibition"
307,"Resistant-local","p53_OFF","Survival",0,0,"Active p53 inhibition"
307,"Resistant-local","p53_ON","Apoptosis",0,0,"Active p53 activation"
307,"Resistant-local","p53_ON","Cell-cycle arrest",0,0,"Active p53 activation"
307,"Resistant-local","p53_ON","Other",0,0,"Active p53 activation"
307,"Resistant-local","p53_ON","Proliferation",0,0,"Active p53 activation"
307,"Resistant-local","p53_ON","Pyroptosis",500,1,"Active p53 activation"
307,"Resistant-local","p53_ON","Resistance",0,0,"Active p53 activation"
307,"Resistant-local","p53_ON","Survival",0,0,"Active p53 activation"
307,"Resistant-local","p53_ON__CASP3_OFF","Apoptosis",0,0,"Active p53 activation + CASP3 inhibition"
307,"Resistant-local","p53_ON__CASP3_OFF","Cell-cycle arrest",500,1,"Active p53 activation + CASP3 inhibition"
307,"Resistant-local","p53_ON__CASP3_OFF","Other",0,0,"Active p53 activation + CASP3 inhibition"
307,"Resistant-local","p53_ON__CASP3_OFF","Proliferation",0,0,"Active p53 activation + CASP3 inhibition"
307,"Resistant-local","p53_ON__CASP3_OFF","Pyroptosis",0,0,"Active p53 activation + CASP3 inhibition"
307,"Resistant-local","p53_ON__CASP3_OFF","Resistance",0,0,"Active p53 activation + CASP3 inhibition"
307,"Resistant-local","p53_ON__CASP3_OFF","Survival",0,0,"Active p53 activation + CASP3 inhibition"
307,"Resistant-local","Reference","Apoptosis",0,0,"Reference: DDR ON + GSDME available"
307,"Resistant-local","Reference","Cell-cycle arrest",0,0,"Reference: DDR ON + GSDME available"
307,"Resistant-local","Reference","Other",0,0,"Reference: DDR ON + GSDME available"
307,"Resistant-local","Reference","Proliferation",0,0,"Reference: DDR ON + GSDME available"
307,"Resistant-local","Reference","Pyroptosis",48,0.096,"Reference: DDR ON + GSDME available"
307,"Resistant-local","Reference","Resistance",452,0.904,"Reference: DDR ON + GSDME available"
307,"Resistant-local","Reference","Survival",0,0,"Reference: DDR ON + GSDME available"
307,"Resistant-local","SIRT1_OFF","Apoptosis",0,0,"SIRT1 inhibition"
307,"Resistant-local","SIRT1_OFF","Cell-cycle arrest",0,0,"SIRT1 inhibition"
307,"Resistant-local","SIRT1_OFF","Other",0,0,"SIRT1 inhibition"
307,"Resistant-local","SIRT1_OFF","Proliferation",0,0,"SIRT1 inhibition"
307,"Resistant-local","SIRT1_OFF","Pyroptosis",500,1,"SIRT1 inhibition"
307,"Resistant-local","SIRT1_OFF","Resistance",0,0,"SIRT1 inhibition"
307,"Resistant-local","SIRT1_OFF","Survival",0,0,"SIRT1 inhibition"
307,"Resistant-local","SIRT1_OFF__GSDME_OFF","Apoptosis",500,1,"SIRT1 inhibition + GSDME unavailable"
307,"Resistant-local","SIRT1_OFF__GSDME_OFF","Cell-cycle arrest",0,0,"SIRT1 inhibition + GSDME unavailable"
307,"Resistant-local","SIRT1_OFF__GSDME_OFF","Other",0,0,"SIRT1 inhibition + GSDME unavailable"
307,"Resistant-local","SIRT1_OFF__GSDME_OFF","Proliferation",0,0,"SIRT1 inhibition + GSDME unavailable"
307,"Resistant-local","SIRT1_OFF__GSDME_OFF","Pyroptosis",0,0,"SIRT1 inhibition + GSDME unavailable"
307,"Resistant-local","SIRT1_OFF__GSDME_OFF","Resistance",0,0,"SIRT1 inhibition + GSDME unavailable"
307,"Resistant-local","SIRT1_OFF__GSDME_OFF","Survival",0,0,"SIRT1 inhibition + GSDME unavailable"
307,"Resistant-local","SIRT1_OFF__p53_OFF","Apoptosis",0,0,"SIRT1 inhibition + active p53 inhibition"
307,"Resistant-local","SIRT1_OFF__p53_OFF","Cell-cycle arrest",0,0,"SIRT1 inhibition + active p53 inhibition"
307,"Resistant-local","SIRT1_OFF__p53_OFF","Other",500,1,"SIRT1 inhibition + active p53 inhibition"
307,"Resistant-local","SIRT1_OFF__p53_OFF","Proliferation",0,0,"SIRT1 inhibition + active p53 inhibition"
307,"Resistant-local","SIRT1_OFF__p53_OFF","Pyroptosis",0,0,"SIRT1 inhibition + active p53 inhibition"
307,"Resistant-local","SIRT1_OFF__p53_OFF","Resistance",0,0,"SIRT1 inhibition + active p53 inhibition"
307,"Resistant-local","SIRT1_OFF__p53_OFF","Survival",0,0,"SIRT1 inhibition + active p53 inhibition"
307,"Resistant-local","SIRT1_ON","Apoptosis",0,0,"SIRT1 activation"
307,"Resistant-local","SIRT1_ON","Cell-cycle arrest",0,0,"SIRT1 activation"
307,"Resistant-local","SIRT1_ON","Other",0,0,"SIRT1 activation"
307,"Resistant-local","SIRT1_ON","Proliferation",0,0,"SIRT1 activation"
307,"Resistant-local","SIRT1_ON","Pyroptosis",0,0,"SIRT1 activation"
307,"Resistant-local","SIRT1_ON","Resistance",500,1,"SIRT1 activation"
307,"Resistant-local","SIRT1_ON","Survival",0,0,"SIRT1 activation"
509,"Global random","CASP3_OFF","Apoptosis",0,0,"CASP3 inhibition"
509,"Global random","CASP3_OFF","Cell-cycle arrest",244,0.488,"CASP3 inhibition"
509,"Global random","CASP3_OFF","Other",0,0,"CASP3 inhibition"
509,"Global random","CASP3_OFF","Proliferation",0,0,"CASP3 inhibition"
509,"Global random","CASP3_OFF","Pyroptosis",0,0,"CASP3 inhibition"
509,"Global random","CASP3_OFF","Resistance",256,0.512,"CASP3 inhibition"
509,"Global random","CASP3_OFF","Survival",0,0,"CASP3 inhibition"
509,"Global random","CASP3_ON","Apoptosis",0,0,"CASP3 activation"
509,"Global random","CASP3_ON","Cell-cycle arrest",0,0,"CASP3 activation"
509,"Global random","CASP3_ON","Other",0,0,"CASP3 activation"
509,"Global random","CASP3_ON","Proliferation",0,0,"CASP3 activation"
509,"Global random","CASP3_ON","Pyroptosis",500,1,"CASP3 activation"
509,"Global random","CASP3_ON","Resistance",0,0,"CASP3 activation"
509,"Global random","CASP3_ON","Survival",0,0,"CASP3 activation"
509,"Global random","CASP3_ON__GSDME_OFF","Apoptosis",500,1,"CASP3 activation + GSDME unavailable"
509,"Global random","CASP3_ON__GSDME_OFF","Cell-cycle arrest",0,0,"CASP3 activation + GSDME unavailable"
509,"Global random","CASP3_ON__GSDME_OFF","Other",0,0,"CASP3 activation + GSDME unavailable"
509,"Global random","CASP3_ON__GSDME_OFF","Proliferation",0,0,"CASP3 activation + GSDME unavailable"
509,"Global random","CASP3_ON__GSDME_OFF","Pyroptosis",0,0,"CASP3 activation + GSDME unavailable"
509,"Global random","CASP3_ON__GSDME_OFF","Resistance",0,0,"CASP3 activation + GSDME unavailable"
509,"Global random","CASP3_ON__GSDME_OFF","Survival",0,0,"CASP3 activation + GSDME unavailable"
509,"Global random","GSDME_OFF","Apoptosis",243,0.486,"GSDME unavailable"
509,"Global random","GSDME_OFF","Cell-cycle arrest",0,0,"GSDME unavailable"
509,"Global random","GSDME_OFF","Other",0,0,"GSDME unavailable"
509,"Global random","GSDME_OFF","Proliferation",0,0,"GSDME unavailable"
509,"Global random","GSDME_OFF","Pyroptosis",0,0,"GSDME unavailable"
509,"Global random","GSDME_OFF","Resistance",257,0.514,"GSDME unavailable"
509,"Global random","GSDME_OFF","Survival",0,0,"GSDME unavailable"
509,"Global random","MALAT1_OFF","Apoptosis",0,0,"MALAT1 inhibition"
509,"Global random","MALAT1_OFF","Cell-cycle arrest",0,0,"MALAT1 inhibition"
509,"Global random","MALAT1_OFF","Other",0,0,"MALAT1 inhibition"
509,"Global random","MALAT1_OFF","Proliferation",0,0,"MALAT1 inhibition"
509,"Global random","MALAT1_OFF","Pyroptosis",500,1,"MALAT1 inhibition"
509,"Global random","MALAT1_OFF","Resistance",0,0,"MALAT1 inhibition"
509,"Global random","MALAT1_OFF","Survival",0,0,"MALAT1 inhibition"
509,"Global random","MALAT1_OFF__GSDME_OFF","Apoptosis",500,1,"MALAT1 inhibition + GSDME unavailable"
509,"Global random","MALAT1_OFF__GSDME_OFF","Cell-cycle arrest",0,0,"MALAT1 inhibition + GSDME unavailable"
509,"Global random","MALAT1_OFF__GSDME_OFF","Other",0,0,"MALAT1 inhibition + GSDME unavailable"
509,"Global random","MALAT1_OFF__GSDME_OFF","Proliferation",0,0,"MALAT1 inhibition + GSDME unavailable"
509,"Global random","MALAT1_OFF__GSDME_OFF","Pyroptosis",0,0,"MALAT1 inhibition + GSDME unavailable"
509,"Global random","MALAT1_OFF__GSDME_OFF","Resistance",0,0,"MALAT1 inhibition + GSDME unavailable"
509,"Global random","MALAT1_OFF__GSDME_OFF","Survival",0,0,"MALAT1 inhibition + GSDME unavailable"
509,"Global random","MALAT1_OFF__miR204_OFF","Apoptosis",0,0,"MALAT1 inhibition + miR-204-5p inhibition"
509,"Global random","MALAT1_OFF__miR204_OFF","Cell-cycle arrest",0,0,"MALAT1 inhibition + miR-204-5p inhibition"
509,"Global random","MALAT1_OFF__miR204_OFF","Other",0,0,"MALAT1 inhibition + miR-204-5p inhibition"
509,"Global random","MALAT1_OFF__miR204_OFF","Proliferation",0,0,"MALAT1 inhibition + miR-204-5p inhibition"
509,"Global random","MALAT1_OFF__miR204_OFF","Pyroptosis",0,0,"MALAT1 inhibition + miR-204-5p inhibition"
509,"Global random","MALAT1_OFF__miR204_OFF","Resistance",500,1,"MALAT1 inhibition + miR-204-5p inhibition"
509,"Global random","MALAT1_OFF__miR204_OFF","Survival",0,0,"MALAT1 inhibition + miR-204-5p inhibition"
509,"Global random","MALAT1_OFF__SIRT1_ON","Apoptosis",0,0,"MALAT1 inhibition + SIRT1 rescue"
509,"Global random","MALAT1_OFF__SIRT1_ON","Cell-cycle arrest",0,0,"MALAT1 inhibition + SIRT1 rescue"
509,"Global random","MALAT1_OFF__SIRT1_ON","Other",0,0,"MALAT1 inhibition + SIRT1 rescue"
509,"Global random","MALAT1_OFF__SIRT1_ON","Proliferation",0,0,"MALAT1 inhibition + SIRT1 rescue"
509,"Global random","MALAT1_OFF__SIRT1_ON","Pyroptosis",0,0,"MALAT1 inhibition + SIRT1 rescue"
509,"Global random","MALAT1_OFF__SIRT1_ON","Resistance",500,1,"MALAT1 inhibition + SIRT1 rescue"
509,"Global random","MALAT1_OFF__SIRT1_ON","Survival",0,0,"MALAT1 inhibition + SIRT1 rescue"
509,"Global random","miR204_OFF","Apoptosis",0,0,"miR-204-5p inhibition"
509,"Global random","miR204_OFF","Cell-cycle arrest",0,0,"miR-204-5p inhibition"
509,"Global random","miR204_OFF","Other",0,0,"miR-204-5p inhibition"
509,"Global random","miR204_OFF","Proliferation",0,0,"miR-204-5p inhibition"
509,"Global random","miR204_OFF","Pyroptosis",0,0,"miR-204-5p inhibition"
509,"Global random","miR204_OFF","Resistance",500,1,"miR-204-5p inhibition"
509,"Global random","miR204_OFF","Survival",0,0,"miR-204-5p inhibition"
509,"Global random","miR204_ON","Apoptosis",0,0,"miR-204-5p activation"
509,"Global random","miR204_ON","Cell-cycle arrest",0,0,"miR-204-5p activation"
509,"Global random","miR204_ON","Other",0,0,"miR-204-5p activation"
509,"Global random","miR204_ON","Proliferation",0,0,"miR-204-5p activation"
509,"Global random","miR204_ON","Pyroptosis",500,1,"miR-204-5p activation"
509,"Global random","miR204_ON","Resistance",0,0,"miR-204-5p activation"
509,"Global random","miR204_ON","Survival",0,0,"miR-204-5p activation"
509,"Global random","miR204_ON__SIRT1_ON","Apoptosis",0,0,"miR-204-5p activation + SIRT1 rescue"
509,"Global random","miR204_ON__SIRT1_ON","Cell-cycle arrest",0,0,"miR-204-5p activation + SIRT1 rescue"
509,"Global random","miR204_ON__SIRT1_ON","Other",0,0,"miR-204-5p activation + SIRT1 rescue"
509,"Global random","miR204_ON__SIRT1_ON","Proliferation",0,0,"miR-204-5p activation + SIRT1 rescue"
509,"Global random","miR204_ON__SIRT1_ON","Pyroptosis",0,0,"miR-204-5p activation + SIRT1 rescue"
509,"Global random","miR204_ON__SIRT1_ON","Resistance",500,1,"miR-204-5p activation + SIRT1 rescue"
509,"Global random","miR204_ON__SIRT1_ON","Survival",0,0,"miR-204-5p activation + SIRT1 rescue"
509,"Global random","p53_OFF","Apoptosis",0,0,"Active p53 inhibition"
509,"Global random","p53_OFF","Cell-cycle arrest",0,0,"Active p53 inhibition"
509,"Global random","p53_OFF","Other",0,0,"Active p53 inhibition"
509,"Global random","p53_OFF","Proliferation",0,0,"Active p53 inhibition"
509,"Global random","p53_OFF","Pyroptosis",0,0,"Active p53 inhibition"
509,"Global random","p53_OFF","Resistance",500,1,"Active p53 inhibition"
509,"Global random","p53_OFF","Survival",0,0,"Active p53 inhibition"
509,"Global random","p53_ON","Apoptosis",0,0,"Active p53 activation"
509,"Global random","p53_ON","Cell-cycle arrest",0,0,"Active p53 activation"
509,"Global random","p53_ON","Other",0,0,"Active p53 activation"
509,"Global random","p53_ON","Proliferation",0,0,"Active p53 activation"
509,"Global random","p53_ON","Pyroptosis",500,1,"Active p53 activation"
509,"Global random","p53_ON","Resistance",0,0,"Active p53 activation"
509,"Global random","p53_ON","Survival",0,0,"Active p53 activation"
509,"Global random","p53_ON__CASP3_OFF","Apoptosis",0,0,"Active p53 activation + CASP3 inhibition"
509,"Global random","p53_ON__CASP3_OFF","Cell-cycle arrest",500,1,"Active p53 activation + CASP3 inhibition"
509,"Global random","p53_ON__CASP3_OFF","Other",0,0,"Active p53 activation + CASP3 inhibition"
509,"Global random","p53_ON__CASP3_OFF","Proliferation",0,0,"Active p53 activation + CASP3 inhibition"
509,"Global random","p53_ON__CASP3_OFF","Pyroptosis",0,0,"Active p53 activation + CASP3 inhibition"
509,"Global random","p53_ON__CASP3_OFF","Resistance",0,0,"Active p53 activation + CASP3 inhibition"
509,"Global random","p53_ON__CASP3_OFF","Survival",0,0,"Active p53 activation + CASP3 inhibition"
509,"Global random","Reference","Apoptosis",0,0,"Reference: DDR ON + GSDME available"
509,"Global random","Reference","Cell-cycle arrest",0,0,"Reference: DDR ON + GSDME available"
509,"Global random","Reference","Other",0,0,"Reference: DDR ON + GSDME available"
509,"Global random","Reference","Proliferation",0,0,"Reference: DDR ON + GSDME available"
509,"Global random","Reference","Pyroptosis",230,0.46,"Reference: DDR ON + GSDME available"
509,"Global random","Reference","Resistance",270,0.54,"Reference: DDR ON + GSDME available"
509,"Global random","Reference","Survival",0,0,"Reference: DDR ON + GSDME available"
509,"Global random","SIRT1_OFF","Apoptosis",0,0,"SIRT1 inhibition"
509,"Global random","SIRT1_OFF","Cell-cycle arrest",0,0,"SIRT1 inhibition"
509,"Global random","SIRT1_OFF","Other",0,0,"SIRT1 inhibition"
509,"Global random","SIRT1_OFF","Proliferation",0,0,"SIRT1 inhibition"
509,"Global random","SIRT1_OFF","Pyroptosis",500,1,"SIRT1 inhibition"
509,"Global random","SIRT1_OFF","Resistance",0,0,"SIRT1 inhibition"
509,"Global random","SIRT1_OFF","Survival",0,0,"SIRT1 inhibition"
509,"Global random","SIRT1_OFF__GSDME_OFF","Apoptosis",500,1,"SIRT1 inhibition + GSDME unavailable"
509,"Global random","SIRT1_OFF__GSDME_OFF","Cell-cycle arrest",0,0,"SIRT1 inhibition + GSDME unavailable"
509,"Global random","SIRT1_OFF__GSDME_OFF","Other",0,0,"SIRT1 inhibition + GSDME unavailable"
509,"Global random","SIRT1_OFF__GSDME_OFF","Proliferation",0,0,"SIRT1 inhibition + GSDME unavailable"
509,"Global random","SIRT1_OFF__GSDME_OFF","Pyroptosis",0,0,"SIRT1 inhibition + GSDME unavailable"
509,"Global random","SIRT1_OFF__GSDME_OFF","Resistance",0,0,"SIRT1 inhibition + GSDME unavailable"
509,"Global random","SIRT1_OFF__GSDME_OFF","Survival",0,0,"SIRT1 inhibition + GSDME unavailable"
509,"Global random","SIRT1_OFF__p53_OFF","Apoptosis",0,0,"SIRT1 inhibition + active p53 inhibition"
509,"Global random","SIRT1_OFF__p53_OFF","Cell-cycle arrest",0,0,"SIRT1 inhibition + active p53 inhibition"
509,"Global random","SIRT1_OFF__p53_OFF","Other",500,1,"SIRT1 inhibition + active p53 inhibition"
509,"Global random","SIRT1_OFF__p53_OFF","Proliferation",0,0,"SIRT1 inhibition + active p53 inhibition"
509,"Global random","SIRT1_OFF__p53_OFF","Pyroptosis",0,0,"SIRT1 inhibition + active p53 inhibition"
509,"Global random","SIRT1_OFF__p53_OFF","Resistance",0,0,"SIRT1 inhibition + active p53 inhibition"
509,"Global random","SIRT1_OFF__p53_OFF","Survival",0,0,"SIRT1 inhibition + active p53 inhibition"
509,"Global random","SIRT1_ON","Apoptosis",0,0,"SIRT1 activation"
509,"Global random","SIRT1_ON","Cell-cycle arrest",0,0,"SIRT1 activation"
509,"Global random","SIRT1_ON","Other",0,0,"SIRT1 activation"
509,"Global random","SIRT1_ON","Proliferation",0,0,"SIRT1 activation"
509,"Global random","SIRT1_ON","Pyroptosis",0,0,"SIRT1 activation"
509,"Global random","SIRT1_ON","Resistance",500,1,"SIRT1 activation"
509,"Global random","SIRT1_ON","Survival",0,0,"SIRT1 activation"
509,"Resistant-local","CASP3_OFF","Apoptosis",0,0,"CASP3 inhibition"
509,"Resistant-local","CASP3_OFF","Cell-cycle arrest",42,0.084,"CASP3 inhibition"
509,"Resistant-local","CASP3_OFF","Other",0,0,"CASP3 inhibition"
509,"Resistant-local","CASP3_OFF","Proliferation",0,0,"CASP3 inhibition"
509,"Resistant-local","CASP3_OFF","Pyroptosis",0,0,"CASP3 inhibition"
509,"Resistant-local","CASP3_OFF","Resistance",458,0.916,"CASP3 inhibition"
509,"Resistant-local","CASP3_OFF","Survival",0,0,"CASP3 inhibition"
509,"Resistant-local","CASP3_ON","Apoptosis",0,0,"CASP3 activation"
509,"Resistant-local","CASP3_ON","Cell-cycle arrest",0,0,"CASP3 activation"
509,"Resistant-local","CASP3_ON","Other",0,0,"CASP3 activation"
509,"Resistant-local","CASP3_ON","Proliferation",0,0,"CASP3 activation"
509,"Resistant-local","CASP3_ON","Pyroptosis",500,1,"CASP3 activation"
509,"Resistant-local","CASP3_ON","Resistance",0,0,"CASP3 activation"
509,"Resistant-local","CASP3_ON","Survival",0,0,"CASP3 activation"
509,"Resistant-local","CASP3_ON__GSDME_OFF","Apoptosis",500,1,"CASP3 activation + GSDME unavailable"
509,"Resistant-local","CASP3_ON__GSDME_OFF","Cell-cycle arrest",0,0,"CASP3 activation + GSDME unavailable"
509,"Resistant-local","CASP3_ON__GSDME_OFF","Other",0,0,"CASP3 activation + GSDME unavailable"
509,"Resistant-local","CASP3_ON__GSDME_OFF","Proliferation",0,0,"CASP3 activation + GSDME unavailable"
509,"Resistant-local","CASP3_ON__GSDME_OFF","Pyroptosis",0,0,"CASP3 activation + GSDME unavailable"
509,"Resistant-local","CASP3_ON__GSDME_OFF","Resistance",0,0,"CASP3 activation + GSDME unavailable"
509,"Resistant-local","CASP3_ON__GSDME_OFF","Survival",0,0,"CASP3 activation + GSDME unavailable"
509,"Resistant-local","GSDME_OFF","Apoptosis",40,0.08,"GSDME unavailable"
509,"Resistant-local","GSDME_OFF","Cell-cycle arrest",0,0,"GSDME unavailable"
509,"Resistant-local","GSDME_OFF","Other",0,0,"GSDME unavailable"
509,"Resistant-local","GSDME_OFF","Proliferation",0,0,"GSDME unavailable"
509,"Resistant-local","GSDME_OFF","Pyroptosis",0,0,"GSDME unavailable"
509,"Resistant-local","GSDME_OFF","Resistance",460,0.92,"GSDME unavailable"
509,"Resistant-local","GSDME_OFF","Survival",0,0,"GSDME unavailable"
509,"Resistant-local","MALAT1_OFF","Apoptosis",0,0,"MALAT1 inhibition"
509,"Resistant-local","MALAT1_OFF","Cell-cycle arrest",0,0,"MALAT1 inhibition"
509,"Resistant-local","MALAT1_OFF","Other",0,0,"MALAT1 inhibition"
509,"Resistant-local","MALAT1_OFF","Proliferation",0,0,"MALAT1 inhibition"
509,"Resistant-local","MALAT1_OFF","Pyroptosis",500,1,"MALAT1 inhibition"
509,"Resistant-local","MALAT1_OFF","Resistance",0,0,"MALAT1 inhibition"
509,"Resistant-local","MALAT1_OFF","Survival",0,0,"MALAT1 inhibition"
509,"Resistant-local","MALAT1_OFF__GSDME_OFF","Apoptosis",500,1,"MALAT1 inhibition + GSDME unavailable"
509,"Resistant-local","MALAT1_OFF__GSDME_OFF","Cell-cycle arrest",0,0,"MALAT1 inhibition + GSDME unavailable"
509,"Resistant-local","MALAT1_OFF__GSDME_OFF","Other",0,0,"MALAT1 inhibition + GSDME unavailable"
509,"Resistant-local","MALAT1_OFF__GSDME_OFF","Proliferation",0,0,"MALAT1 inhibition + GSDME unavailable"
509,"Resistant-local","MALAT1_OFF__GSDME_OFF","Pyroptosis",0,0,"MALAT1 inhibition + GSDME unavailable"
509,"Resistant-local","MALAT1_OFF__GSDME_OFF","Resistance",0,0,"MALAT1 inhibition + GSDME unavailable"
509,"Resistant-local","MALAT1_OFF__GSDME_OFF","Survival",0,0,"MALAT1 inhibition + GSDME unavailable"
509,"Resistant-local","MALAT1_OFF__miR204_OFF","Apoptosis",0,0,"MALAT1 inhibition + miR-204-5p inhibition"
509,"Resistant-local","MALAT1_OFF__miR204_OFF","Cell-cycle arrest",0,0,"MALAT1 inhibition + miR-204-5p inhibition"
509,"Resistant-local","MALAT1_OFF__miR204_OFF","Other",0,0,"MALAT1 inhibition + miR-204-5p inhibition"
509,"Resistant-local","MALAT1_OFF__miR204_OFF","Proliferation",0,0,"MALAT1 inhibition + miR-204-5p inhibition"
509,"Resistant-local","MALAT1_OFF__miR204_OFF","Pyroptosis",0,0,"MALAT1 inhibition + miR-204-5p inhibition"
509,"Resistant-local","MALAT1_OFF__miR204_OFF","Resistance",500,1,"MALAT1 inhibition + miR-204-5p inhibition"
509,"Resistant-local","MALAT1_OFF__miR204_OFF","Survival",0,0,"MALAT1 inhibition + miR-204-5p inhibition"
509,"Resistant-local","MALAT1_OFF__SIRT1_ON","Apoptosis",0,0,"MALAT1 inhibition + SIRT1 rescue"
509,"Resistant-local","MALAT1_OFF__SIRT1_ON","Cell-cycle arrest",0,0,"MALAT1 inhibition + SIRT1 rescue"
509,"Resistant-local","MALAT1_OFF__SIRT1_ON","Other",0,0,"MALAT1 inhibition + SIRT1 rescue"
509,"Resistant-local","MALAT1_OFF__SIRT1_ON","Proliferation",0,0,"MALAT1 inhibition + SIRT1 rescue"
509,"Resistant-local","MALAT1_OFF__SIRT1_ON","Pyroptosis",0,0,"MALAT1 inhibition + SIRT1 rescue"
509,"Resistant-local","MALAT1_OFF__SIRT1_ON","Resistance",500,1,"MALAT1 inhibition + SIRT1 rescue"
509,"Resistant-local","MALAT1_OFF__SIRT1_ON","Survival",0,0,"MALAT1 inhibition + SIRT1 rescue"
509,"Resistant-local","miR204_OFF","Apoptosis",0,0,"miR-204-5p inhibition"
509,"Resistant-local","miR204_OFF","Cell-cycle arrest",0,0,"miR-204-5p inhibition"
509,"Resistant-local","miR204_OFF","Other",0,0,"miR-204-5p inhibition"
509,"Resistant-local","miR204_OFF","Proliferation",0,0,"miR-204-5p inhibition"
509,"Resistant-local","miR204_OFF","Pyroptosis",0,0,"miR-204-5p inhibition"
509,"Resistant-local","miR204_OFF","Resistance",500,1,"miR-204-5p inhibition"
509,"Resistant-local","miR204_OFF","Survival",0,0,"miR-204-5p inhibition"
509,"Resistant-local","miR204_ON","Apoptosis",0,0,"miR-204-5p activation"
509,"Resistant-local","miR204_ON","Cell-cycle arrest",0,0,"miR-204-5p activation"
509,"Resistant-local","miR204_ON","Other",0,0,"miR-204-5p activation"
509,"Resistant-local","miR204_ON","Proliferation",0,0,"miR-204-5p activation"
509,"Resistant-local","miR204_ON","Pyroptosis",500,1,"miR-204-5p activation"
509,"Resistant-local","miR204_ON","Resistance",0,0,"miR-204-5p activation"
509,"Resistant-local","miR204_ON","Survival",0,0,"miR-204-5p activation"
509,"Resistant-local","miR204_ON__SIRT1_ON","Apoptosis",0,0,"miR-204-5p activation + SIRT1 rescue"
509,"Resistant-local","miR204_ON__SIRT1_ON","Cell-cycle arrest",0,0,"miR-204-5p activation + SIRT1 rescue"
509,"Resistant-local","miR204_ON__SIRT1_ON","Other",0,0,"miR-204-5p activation + SIRT1 rescue"
509,"Resistant-local","miR204_ON__SIRT1_ON","Proliferation",0,0,"miR-204-5p activation + SIRT1 rescue"
509,"Resistant-local","miR204_ON__SIRT1_ON","Pyroptosis",0,0,"miR-204-5p activation + SIRT1 rescue"
509,"Resistant-local","miR204_ON__SIRT1_ON","Resistance",500,1,"miR-204-5p activation + SIRT1 rescue"
509,"Resistant-local","miR204_ON__SIRT1_ON","Survival",0,0,"miR-204-5p activation + SIRT1 rescue"
509,"Resistant-local","p53_OFF","Apoptosis",0,0,"Active p53 inhibition"
509,"Resistant-local","p53_OFF","Cell-cycle arrest",0,0,"Active p53 inhibition"
509,"Resistant-local","p53_OFF","Other",0,0,"Active p53 inhibition"
509,"Resistant-local","p53_OFF","Proliferation",0,0,"Active p53 inhibition"
509,"Resistant-local","p53_OFF","Pyroptosis",0,0,"Active p53 inhibition"
509,"Resistant-local","p53_OFF","Resistance",500,1,"Active p53 inhibition"
509,"Resistant-local","p53_OFF","Survival",0,0,"Active p53 inhibition"
509,"Resistant-local","p53_ON","Apoptosis",0,0,"Active p53 activation"
509,"Resistant-local","p53_ON","Cell-cycle arrest",0,0,"Active p53 activation"
509,"Resistant-local","p53_ON","Other",0,0,"Active p53 activation"
509,"Resistant-local","p53_ON","Proliferation",0,0,"Active p53 activation"
509,"Resistant-local","p53_ON","Pyroptosis",500,1,"Active p53 activation"
509,"Resistant-local","p53_ON","Resistance",0,0,"Active p53 activation"
509,"Resistant-local","p53_ON","Survival",0,0,"Active p53 activation"
509,"Resistant-local","p53_ON__CASP3_OFF","Apoptosis",0,0,"Active p53 activation + CASP3 inhibition"
509,"Resistant-local","p53_ON__CASP3_OFF","Cell-cycle arrest",500,1,"Active p53 activation + CASP3 inhibition"
509,"Resistant-local","p53_ON__CASP3_OFF","Other",0,0,"Active p53 activation + CASP3 inhibition"
509,"Resistant-local","p53_ON__CASP3_OFF","Proliferation",0,0,"Active p53 activation + CASP3 inhibition"
509,"Resistant-local","p53_ON__CASP3_OFF","Pyroptosis",0,0,"Active p53 activation + CASP3 inhibition"
509,"Resistant-local","p53_ON__CASP3_OFF","Resistance",0,0,"Active p53 activation + CASP3 inhibition"
509,"Resistant-local","p53_ON__CASP3_OFF","Survival",0,0,"Active p53 activation + CASP3 inhibition"
509,"Resistant-local","Reference","Apoptosis",0,0,"Reference: DDR ON + GSDME available"
509,"Resistant-local","Reference","Cell-cycle arrest",0,0,"Reference: DDR ON + GSDME available"
509,"Resistant-local","Reference","Other",0,0,"Reference: DDR ON + GSDME available"
509,"Resistant-local","Reference","Proliferation",0,0,"Reference: DDR ON + GSDME available"
509,"Resistant-local","Reference","Pyroptosis",40,0.08,"Reference: DDR ON + GSDME available"
509,"Resistant-local","Reference","Resistance",460,0.92,"Reference: DDR ON + GSDME available"
509,"Resistant-local","Reference","Survival",0,0,"Reference: DDR ON + GSDME available"
509,"Resistant-local","SIRT1_OFF","Apoptosis",0,0,"SIRT1 inhibition"
509,"Resistant-local","SIRT1_OFF","Cell-cycle arrest",0,0,"SIRT1 inhibition"
509,"Resistant-local","SIRT1_OFF","Other",0,0,"SIRT1 inhibition"
509,"Resistant-local","SIRT1_OFF","Proliferation",0,0,"SIRT1 inhibition"
509,"Resistant-local","SIRT1_OFF","Pyroptosis",500,1,"SIRT1 inhibition"
509,"Resistant-local","SIRT1_OFF","Resistance",0,0,"SIRT1 inhibition"
509,"Resistant-local","SIRT1_OFF","Survival",0,0,"SIRT1 inhibition"
509,"Resistant-local","SIRT1_OFF__GSDME_OFF","Apoptosis",500,1,"SIRT1 inhibition + GSDME unavailable"
509,"Resistant-local","SIRT1_OFF__GSDME_OFF","Cell-cycle arrest",0,0,"SIRT1 inhibition + GSDME unavailable"
509,"Resistant-local","SIRT1_OFF__GSDME_OFF","Other",0,0,"SIRT1 inhibition + GSDME unavailable"
509,"Resistant-local","SIRT1_OFF__GSDME_OFF","Proliferation",0,0,"SIRT1 inhibition + GSDME unavailable"
509,"Resistant-local","SIRT1_OFF__GSDME_OFF","Pyroptosis",0,0,"SIRT1 inhibition + GSDME unavailable"
509,"Resistant-local","SIRT1_OFF__GSDME_OFF","Resistance",0,0,"SIRT1 inhibition + GSDME unavailable"
509,"Resistant-local","SIRT1_OFF__GSDME_OFF","Survival",0,0,"SIRT1 inhibition + GSDME unavailable"
509,"Resistant-local","SIRT1_OFF__p53_OFF","Apoptosis",0,0,"SIRT1 inhibition + active p53 inhibition"
509,"Resistant-local","SIRT1_OFF__p53_OFF","Cell-cycle arrest",0,0,"SIRT1 inhibition + active p53 inhibition"
509,"Resistant-local","SIRT1_OFF__p53_OFF","Other",500,1,"SIRT1 inhibition + active p53 inhibition"
509,"Resistant-local","SIRT1_OFF__p53_OFF","Proliferation",0,0,"SIRT1 inhibition + active p53 inhibition"
509,"Resistant-local","SIRT1_OFF__p53_OFF","Pyroptosis",0,0,"SIRT1 inhibition + active p53 inhibition"
509,"Resistant-local","SIRT1_OFF__p53_OFF","Resistance",0,0,"SIRT1 inhibition + active p53 inhibition"
509,"Resistant-local","SIRT1_OFF__p53_OFF","Survival",0,0,"SIRT1 inhibition + active p53 inhibition"
509,"Resistant-local","SIRT1_ON","Apoptosis",0,0,"SIRT1 activation"
509,"Resistant-local","SIRT1_ON","Cell-cycle arrest",0,0,"SIRT1 activation"
509,"Resistant-local","SIRT1_ON","Other",0,0,"SIRT1 activation"
509,"Resistant-local","SIRT1_ON","Proliferation",0,0,"SIRT1 activation"
509,"Resistant-local","SIRT1_ON","Pyroptosis",0,0,"SIRT1 activation"
509,"Resistant-local","SIRT1_ON","Resistance",500,1,"SIRT1 activation"
509,"Resistant-local","SIRT1_ON","Survival",0,0,"SIRT1 activation"
811,"Global random","CASP3_OFF","Apoptosis",0,0,"CASP3 inhibition"
811,"Global random","CASP3_OFF","Cell-cycle arrest",255,0.51,"CASP3 inhibition"
811,"Global random","CASP3_OFF","Other",0,0,"CASP3 inhibition"
811,"Global random","CASP3_OFF","Proliferation",0,0,"CASP3 inhibition"
811,"Global random","CASP3_OFF","Pyroptosis",0,0,"CASP3 inhibition"
811,"Global random","CASP3_OFF","Resistance",245,0.49,"CASP3 inhibition"
811,"Global random","CASP3_OFF","Survival",0,0,"CASP3 inhibition"
811,"Global random","CASP3_ON","Apoptosis",0,0,"CASP3 activation"
811,"Global random","CASP3_ON","Cell-cycle arrest",0,0,"CASP3 activation"
811,"Global random","CASP3_ON","Other",0,0,"CASP3 activation"
811,"Global random","CASP3_ON","Proliferation",0,0,"CASP3 activation"
811,"Global random","CASP3_ON","Pyroptosis",500,1,"CASP3 activation"
811,"Global random","CASP3_ON","Resistance",0,0,"CASP3 activation"
811,"Global random","CASP3_ON","Survival",0,0,"CASP3 activation"
811,"Global random","CASP3_ON__GSDME_OFF","Apoptosis",500,1,"CASP3 activation + GSDME unavailable"
811,"Global random","CASP3_ON__GSDME_OFF","Cell-cycle arrest",0,0,"CASP3 activation + GSDME unavailable"
811,"Global random","CASP3_ON__GSDME_OFF","Other",0,0,"CASP3 activation + GSDME unavailable"
811,"Global random","CASP3_ON__GSDME_OFF","Proliferation",0,0,"CASP3 activation + GSDME unavailable"
811,"Global random","CASP3_ON__GSDME_OFF","Pyroptosis",0,0,"CASP3 activation + GSDME unavailable"
811,"Global random","CASP3_ON__GSDME_OFF","Resistance",0,0,"CASP3 activation + GSDME unavailable"
811,"Global random","CASP3_ON__GSDME_OFF","Survival",0,0,"CASP3 activation + GSDME unavailable"
811,"Global random","GSDME_OFF","Apoptosis",254,0.508,"GSDME unavailable"
811,"Global random","GSDME_OFF","Cell-cycle arrest",0,0,"GSDME unavailable"
811,"Global random","GSDME_OFF","Other",0,0,"GSDME unavailable"
811,"Global random","GSDME_OFF","Proliferation",0,0,"GSDME unavailable"
811,"Global random","GSDME_OFF","Pyroptosis",0,0,"GSDME unavailable"
811,"Global random","GSDME_OFF","Resistance",246,0.492,"GSDME unavailable"
811,"Global random","GSDME_OFF","Survival",0,0,"GSDME unavailable"
811,"Global random","MALAT1_OFF","Apoptosis",0,0,"MALAT1 inhibition"
811,"Global random","MALAT1_OFF","Cell-cycle arrest",0,0,"MALAT1 inhibition"
811,"Global random","MALAT1_OFF","Other",0,0,"MALAT1 inhibition"
811,"Global random","MALAT1_OFF","Proliferation",0,0,"MALAT1 inhibition"
811,"Global random","MALAT1_OFF","Pyroptosis",500,1,"MALAT1 inhibition"
811,"Global random","MALAT1_OFF","Resistance",0,0,"MALAT1 inhibition"
811,"Global random","MALAT1_OFF","Survival",0,0,"MALAT1 inhibition"
811,"Global random","MALAT1_OFF__GSDME_OFF","Apoptosis",500,1,"MALAT1 inhibition + GSDME unavailable"
811,"Global random","MALAT1_OFF__GSDME_OFF","Cell-cycle arrest",0,0,"MALAT1 inhibition + GSDME unavailable"
811,"Global random","MALAT1_OFF__GSDME_OFF","Other",0,0,"MALAT1 inhibition + GSDME unavailable"
811,"Global random","MALAT1_OFF__GSDME_OFF","Proliferation",0,0,"MALAT1 inhibition + GSDME unavailable"
811,"Global random","MALAT1_OFF__GSDME_OFF","Pyroptosis",0,0,"MALAT1 inhibition + GSDME unavailable"
811,"Global random","MALAT1_OFF__GSDME_OFF","Resistance",0,0,"MALAT1 inhibition + GSDME unavailable"
811,"Global random","MALAT1_OFF__GSDME_OFF","Survival",0,0,"MALAT1 inhibition + GSDME unavailable"
811,"Global random","MALAT1_OFF__miR204_OFF","Apoptosis",0,0,"MALAT1 inhibition + miR-204-5p inhibition"
811,"Global random","MALAT1_OFF__miR204_OFF","Cell-cycle arrest",0,0,"MALAT1 inhibition + miR-204-5p inhibition"
811,"Global random","MALAT1_OFF__miR204_OFF","Other",0,0,"MALAT1 inhibition + miR-204-5p inhibition"
811,"Global random","MALAT1_OFF__miR204_OFF","Proliferation",0,0,"MALAT1 inhibition + miR-204-5p inhibition"
811,"Global random","MALAT1_OFF__miR204_OFF","Pyroptosis",0,0,"MALAT1 inhibition + miR-204-5p inhibition"
811,"Global random","MALAT1_OFF__miR204_OFF","Resistance",500,1,"MALAT1 inhibition + miR-204-5p inhibition"
811,"Global random","MALAT1_OFF__miR204_OFF","Survival",0,0,"MALAT1 inhibition + miR-204-5p inhibition"
811,"Global random","MALAT1_OFF__SIRT1_ON","Apoptosis",0,0,"MALAT1 inhibition + SIRT1 rescue"
811,"Global random","MALAT1_OFF__SIRT1_ON","Cell-cycle arrest",0,0,"MALAT1 inhibition + SIRT1 rescue"
811,"Global random","MALAT1_OFF__SIRT1_ON","Other",0,0,"MALAT1 inhibition + SIRT1 rescue"
811,"Global random","MALAT1_OFF__SIRT1_ON","Proliferation",0,0,"MALAT1 inhibition + SIRT1 rescue"
811,"Global random","MALAT1_OFF__SIRT1_ON","Pyroptosis",0,0,"MALAT1 inhibition + SIRT1 rescue"
811,"Global random","MALAT1_OFF__SIRT1_ON","Resistance",500,1,"MALAT1 inhibition + SIRT1 rescue"
811,"Global random","MALAT1_OFF__SIRT1_ON","Survival",0,0,"MALAT1 inhibition + SIRT1 rescue"
811,"Global random","miR204_OFF","Apoptosis",0,0,"miR-204-5p inhibition"
811,"Global random","miR204_OFF","Cell-cycle arrest",0,0,"miR-204-5p inhibition"
811,"Global random","miR204_OFF","Other",0,0,"miR-204-5p inhibition"
811,"Global random","miR204_OFF","Proliferation",0,0,"miR-204-5p inhibition"
811,"Global random","miR204_OFF","Pyroptosis",0,0,"miR-204-5p inhibition"
811,"Global random","miR204_OFF","Resistance",500,1,"miR-204-5p inhibition"
811,"Global random","miR204_OFF","Survival",0,0,"miR-204-5p inhibition"
811,"Global random","miR204_ON","Apoptosis",0,0,"miR-204-5p activation"
811,"Global random","miR204_ON","Cell-cycle arrest",0,0,"miR-204-5p activation"
811,"Global random","miR204_ON","Other",0,0,"miR-204-5p activation"
811,"Global random","miR204_ON","Proliferation",0,0,"miR-204-5p activation"
811,"Global random","miR204_ON","Pyroptosis",500,1,"miR-204-5p activation"
811,"Global random","miR204_ON","Resistance",0,0,"miR-204-5p activation"
811,"Global random","miR204_ON","Survival",0,0,"miR-204-5p activation"
811,"Global random","miR204_ON__SIRT1_ON","Apoptosis",0,0,"miR-204-5p activation + SIRT1 rescue"
811,"Global random","miR204_ON__SIRT1_ON","Cell-cycle arrest",0,0,"miR-204-5p activation + SIRT1 rescue"
811,"Global random","miR204_ON__SIRT1_ON","Other",0,0,"miR-204-5p activation + SIRT1 rescue"
811,"Global random","miR204_ON__SIRT1_ON","Proliferation",0,0,"miR-204-5p activation + SIRT1 rescue"
811,"Global random","miR204_ON__SIRT1_ON","Pyroptosis",0,0,"miR-204-5p activation + SIRT1 rescue"
811,"Global random","miR204_ON__SIRT1_ON","Resistance",500,1,"miR-204-5p activation + SIRT1 rescue"
811,"Global random","miR204_ON__SIRT1_ON","Survival",0,0,"miR-204-5p activation + SIRT1 rescue"
811,"Global random","p53_OFF","Apoptosis",0,0,"Active p53 inhibition"
811,"Global random","p53_OFF","Cell-cycle arrest",0,0,"Active p53 inhibition"
811,"Global random","p53_OFF","Other",0,0,"Active p53 inhibition"
811,"Global random","p53_OFF","Proliferation",0,0,"Active p53 inhibition"
811,"Global random","p53_OFF","Pyroptosis",0,0,"Active p53 inhibition"
811,"Global random","p53_OFF","Resistance",500,1,"Active p53 inhibition"
811,"Global random","p53_OFF","Survival",0,0,"Active p53 inhibition"
811,"Global random","p53_ON","Apoptosis",0,0,"Active p53 activation"
811,"Global random","p53_ON","Cell-cycle arrest",0,0,"Active p53 activation"
811,"Global random","p53_ON","Other",0,0,"Active p53 activation"
811,"Global random","p53_ON","Proliferation",0,0,"Active p53 activation"
811,"Global random","p53_ON","Pyroptosis",500,1,"Active p53 activation"
811,"Global random","p53_ON","Resistance",0,0,"Active p53 activation"
811,"Global random","p53_ON","Survival",0,0,"Active p53 activation"
811,"Global random","p53_ON__CASP3_OFF","Apoptosis",0,0,"Active p53 activation + CASP3 inhibition"
811,"Global random","p53_ON__CASP3_OFF","Cell-cycle arrest",500,1,"Active p53 activation + CASP3 inhibition"
811,"Global random","p53_ON__CASP3_OFF","Other",0,0,"Active p53 activation + CASP3 inhibition"
811,"Global random","p53_ON__CASP3_OFF","Proliferation",0,0,"Active p53 activation + CASP3 inhibition"
811,"Global random","p53_ON__CASP3_OFF","Pyroptosis",0,0,"Active p53 activation + CASP3 inhibition"
811,"Global random","p53_ON__CASP3_OFF","Resistance",0,0,"Active p53 activation + CASP3 inhibition"
811,"Global random","p53_ON__CASP3_OFF","Survival",0,0,"Active p53 activation + CASP3 inhibition"
811,"Global random","Reference","Apoptosis",0,0,"Reference: DDR ON + GSDME available"
811,"Global random","Reference","Cell-cycle arrest",0,0,"Reference: DDR ON + GSDME available"
811,"Global random","Reference","Other",0,0,"Reference: DDR ON + GSDME available"
811,"Global random","Reference","Proliferation",0,0,"Reference: DDR ON + GSDME available"
811,"Global random","Reference","Pyroptosis",252,0.504,"Reference: DDR ON + GSDME available"
811,"Global random","Reference","Resistance",248,0.496,"Reference: DDR ON + GSDME available"
811,"Global random","Reference","Survival",0,0,"Reference: DDR ON + GSDME available"
811,"Global random","SIRT1_OFF","Apoptosis",0,0,"SIRT1 inhibition"
811,"Global random","SIRT1_OFF","Cell-cycle arrest",0,0,"SIRT1 inhibition"
811,"Global random","SIRT1_OFF","Other",0,0,"SIRT1 inhibition"
811,"Global random","SIRT1_OFF","Proliferation",0,0,"SIRT1 inhibition"
811,"Global random","SIRT1_OFF","Pyroptosis",500,1,"SIRT1 inhibition"
811,"Global random","SIRT1_OFF","Resistance",0,0,"SIRT1 inhibition"
811,"Global random","SIRT1_OFF","Survival",0,0,"SIRT1 inhibition"
811,"Global random","SIRT1_OFF__GSDME_OFF","Apoptosis",500,1,"SIRT1 inhibition + GSDME unavailable"
811,"Global random","SIRT1_OFF__GSDME_OFF","Cell-cycle arrest",0,0,"SIRT1 inhibition + GSDME unavailable"
811,"Global random","SIRT1_OFF__GSDME_OFF","Other",0,0,"SIRT1 inhibition + GSDME unavailable"
811,"Global random","SIRT1_OFF__GSDME_OFF","Proliferation",0,0,"SIRT1 inhibition + GSDME unavailable"
811,"Global random","SIRT1_OFF__GSDME_OFF","Pyroptosis",0,0,"SIRT1 inhibition + GSDME unavailable"
811,"Global random","SIRT1_OFF__GSDME_OFF","Resistance",0,0,"SIRT1 inhibition + GSDME unavailable"
811,"Global random","SIRT1_OFF__GSDME_OFF","Survival",0,0,"SIRT1 inhibition + GSDME unavailable"
811,"Global random","SIRT1_OFF__p53_OFF","Apoptosis",0,0,"SIRT1 inhibition + active p53 inhibition"
811,"Global random","SIRT1_OFF__p53_OFF","Cell-cycle arrest",0,0,"SIRT1 inhibition + active p53 inhibition"
811,"Global random","SIRT1_OFF__p53_OFF","Other",500,1,"SIRT1 inhibition + active p53 inhibition"
811,"Global random","SIRT1_OFF__p53_OFF","Proliferation",0,0,"SIRT1 inhibition + active p53 inhibition"
811,"Global random","SIRT1_OFF__p53_OFF","Pyroptosis",0,0,"SIRT1 inhibition + active p53 inhibition"
811,"Global random","SIRT1_OFF__p53_OFF","Resistance",0,0,"SIRT1 inhibition + active p53 inhibition"
811,"Global random","SIRT1_OFF__p53_OFF","Survival",0,0,"SIRT1 inhibition + active p53 inhibition"
811,"Global random","SIRT1_ON","Apoptosis",0,0,"SIRT1 activation"
811,"Global random","SIRT1_ON","Cell-cycle arrest",0,0,"SIRT1 activation"
811,"Global random","SIRT1_ON","Other",0,0,"SIRT1 activation"
811,"Global random","SIRT1_ON","Proliferation",0,0,"SIRT1 activation"
811,"Global random","SIRT1_ON","Pyroptosis",0,0,"SIRT1 activation"
811,"Global random","SIRT1_ON","Resistance",500,1,"SIRT1 activation"
811,"Global random","SIRT1_ON","Survival",0,0,"SIRT1 activation"
811,"Resistant-local","CASP3_OFF","Apoptosis",0,0,"CASP3 inhibition"
811,"Resistant-local","CASP3_OFF","Cell-cycle arrest",39,0.078,"CASP3 inhibition"
811,"Resistant-local","CASP3_OFF","Other",0,0,"CASP3 inhibition"
811,"Resistant-local","CASP3_OFF","Proliferation",0,0,"CASP3 inhibition"
811,"Resistant-local","CASP3_OFF","Pyroptosis",0,0,"CASP3 inhibition"
811,"Resistant-local","CASP3_OFF","Resistance",461,0.922,"CASP3 inhibition"
811,"Resistant-local","CASP3_OFF","Survival",0,0,"CASP3 inhibition"
811,"Resistant-local","CASP3_ON","Apoptosis",0,0,"CASP3 activation"
811,"Resistant-local","CASP3_ON","Cell-cycle arrest",0,0,"CASP3 activation"
811,"Resistant-local","CASP3_ON","Other",0,0,"CASP3 activation"
811,"Resistant-local","CASP3_ON","Proliferation",0,0,"CASP3 activation"
811,"Resistant-local","CASP3_ON","Pyroptosis",500,1,"CASP3 activation"
811,"Resistant-local","CASP3_ON","Resistance",0,0,"CASP3 activation"
811,"Resistant-local","CASP3_ON","Survival",0,0,"CASP3 activation"
811,"Resistant-local","CASP3_ON__GSDME_OFF","Apoptosis",500,1,"CASP3 activation + GSDME unavailable"
811,"Resistant-local","CASP3_ON__GSDME_OFF","Cell-cycle arrest",0,0,"CASP3 activation + GSDME unavailable"
811,"Resistant-local","CASP3_ON__GSDME_OFF","Other",0,0,"CASP3 activation + GSDME unavailable"
811,"Resistant-local","CASP3_ON__GSDME_OFF","Proliferation",0,0,"CASP3 activation + GSDME unavailable"
811,"Resistant-local","CASP3_ON__GSDME_OFF","Pyroptosis",0,0,"CASP3 activation + GSDME unavailable"
811,"Resistant-local","CASP3_ON__GSDME_OFF","Resistance",0,0,"CASP3 activation + GSDME unavailable"
811,"Resistant-local","CASP3_ON__GSDME_OFF","Survival",0,0,"CASP3 activation + GSDME unavailable"
811,"Resistant-local","GSDME_OFF","Apoptosis",40,0.08,"GSDME unavailable"
811,"Resistant-local","GSDME_OFF","Cell-cycle arrest",0,0,"GSDME unavailable"
811,"Resistant-local","GSDME_OFF","Other",0,0,"GSDME unavailable"
811,"Resistant-local","GSDME_OFF","Proliferation",0,0,"GSDME unavailable"
811,"Resistant-local","GSDME_OFF","Pyroptosis",0,0,"GSDME unavailable"
811,"Resistant-local","GSDME_OFF","Resistance",460,0.92,"GSDME unavailable"
811,"Resistant-local","GSDME_OFF","Survival",0,0,"GSDME unavailable"
811,"Resistant-local","MALAT1_OFF","Apoptosis",0,0,"MALAT1 inhibition"
811,"Resistant-local","MALAT1_OFF","Cell-cycle arrest",0,0,"MALAT1 inhibition"
811,"Resistant-local","MALAT1_OFF","Other",0,0,"MALAT1 inhibition"
811,"Resistant-local","MALAT1_OFF","Proliferation",0,0,"MALAT1 inhibition"
811,"Resistant-local","MALAT1_OFF","Pyroptosis",500,1,"MALAT1 inhibition"
811,"Resistant-local","MALAT1_OFF","Resistance",0,0,"MALAT1 inhibition"
811,"Resistant-local","MALAT1_OFF","Survival",0,0,"MALAT1 inhibition"
811,"Resistant-local","MALAT1_OFF__GSDME_OFF","Apoptosis",500,1,"MALAT1 inhibition + GSDME unavailable"
811,"Resistant-local","MALAT1_OFF__GSDME_OFF","Cell-cycle arrest",0,0,"MALAT1 inhibition + GSDME unavailable"
811,"Resistant-local","MALAT1_OFF__GSDME_OFF","Other",0,0,"MALAT1 inhibition + GSDME unavailable"
811,"Resistant-local","MALAT1_OFF__GSDME_OFF","Proliferation",0,0,"MALAT1 inhibition + GSDME unavailable"
811,"Resistant-local","MALAT1_OFF__GSDME_OFF","Pyroptosis",0,0,"MALAT1 inhibition + GSDME unavailable"
811,"Resistant-local","MALAT1_OFF__GSDME_OFF","Resistance",0,0,"MALAT1 inhibition + GSDME unavailable"
811,"Resistant-local","MALAT1_OFF__GSDME_OFF","Survival",0,0,"MALAT1 inhibition + GSDME unavailable"
811,"Resistant-local","MALAT1_OFF__miR204_OFF","Apoptosis",0,0,"MALAT1 inhibition + miR-204-5p inhibition"
811,"Resistant-local","MALAT1_OFF__miR204_OFF","Cell-cycle arrest",0,0,"MALAT1 inhibition + miR-204-5p inhibition"
811,"Resistant-local","MALAT1_OFF__miR204_OFF","Other",0,0,"MALAT1 inhibition + miR-204-5p inhibition"
811,"Resistant-local","MALAT1_OFF__miR204_OFF","Proliferation",0,0,"MALAT1 inhibition + miR-204-5p inhibition"
811,"Resistant-local","MALAT1_OFF__miR204_OFF","Pyroptosis",0,0,"MALAT1 inhibition + miR-204-5p inhibition"
811,"Resistant-local","MALAT1_OFF__miR204_OFF","Resistance",500,1,"MALAT1 inhibition + miR-204-5p inhibition"
811,"Resistant-local","MALAT1_OFF__miR204_OFF","Survival",0,0,"MALAT1 inhibition + miR-204-5p inhibition"
811,"Resistant-local","MALAT1_OFF__SIRT1_ON","Apoptosis",0,0,"MALAT1 inhibition + SIRT1 rescue"
811,"Resistant-local","MALAT1_OFF__SIRT1_ON","Cell-cycle arrest",0,0,"MALAT1 inhibition + SIRT1 rescue"
811,"Resistant-local","MALAT1_OFF__SIRT1_ON","Other",0,0,"MALAT1 inhibition + SIRT1 rescue"
811,"Resistant-local","MALAT1_OFF__SIRT1_ON","Proliferation",0,0,"MALAT1 inhibition + SIRT1 rescue"
811,"Resistant-local","MALAT1_OFF__SIRT1_ON","Pyroptosis",0,0,"MALAT1 inhibition + SIRT1 rescue"
811,"Resistant-local","MALAT1_OFF__SIRT1_ON","Resistance",500,1,"MALAT1 inhibition + SIRT1 rescue"
811,"Resistant-local","MALAT1_OFF__SIRT1_ON","Survival",0,0,"MALAT1 inhibition + SIRT1 rescue"
811,"Resistant-local","miR204_OFF","Apoptosis",0,0,"miR-204-5p inhibition"
811,"Resistant-local","miR204_OFF","Cell-cycle arrest",0,0,"miR-204-5p inhibition"
811,"Resistant-local","miR204_OFF","Other",0,0,"miR-204-5p inhibition"
811,"Resistant-local","miR204_OFF","Proliferation",0,0,"miR-204-5p inhibition"
811,"Resistant-local","miR204_OFF","Pyroptosis",0,0,"miR-204-5p inhibition"
811,"Resistant-local","miR204_OFF","Resistance",500,1,"miR-204-5p inhibition"
811,"Resistant-local","miR204_OFF","Survival",0,0,"miR-204-5p inhibition"
811,"Resistant-local","miR204_ON","Apoptosis",0,0,"miR-204-5p activation"
811,"Resistant-local","miR204_ON","Cell-cycle arrest",0,0,"miR-204-5p activation"
811,"Resistant-local","miR204_ON","Other",0,0,"miR-204-5p activation"
811,"Resistant-local","miR204_ON","Proliferation",0,0,"miR-204-5p activation"
811,"Resistant-local","miR204_ON","Pyroptosis",500,1,"miR-204-5p activation"
811,"Resistant-local","miR204_ON","Resistance",0,0,"miR-204-5p activation"
811,"Resistant-local","miR204_ON","Survival",0,0,"miR-204-5p activation"
811,"Resistant-local","miR204_ON__SIRT1_ON","Apoptosis",0,0,"miR-204-5p activation + SIRT1 rescue"
811,"Resistant-local","miR204_ON__SIRT1_ON","Cell-cycle arrest",0,0,"miR-204-5p activation + SIRT1 rescue"
811,"Resistant-local","miR204_ON__SIRT1_ON","Other",0,0,"miR-204-5p activation + SIRT1 rescue"
811,"Resistant-local","miR204_ON__SIRT1_ON","Proliferation",0,0,"miR-204-5p activation + SIRT1 rescue"
811,"Resistant-local","miR204_ON__SIRT1_ON","Pyroptosis",0,0,"miR-204-5p activation + SIRT1 rescue"
811,"Resistant-local","miR204_ON__SIRT1_ON","Resistance",500,1,"miR-204-5p activation + SIRT1 rescue"
811,"Resistant-local","miR204_ON__SIRT1_ON","Survival",0,0,"miR-204-5p activation + SIRT1 rescue"
811,"Resistant-local","p53_OFF","Apoptosis",0,0,"Active p53 inhibition"
811,"Resistant-local","p53_OFF","Cell-cycle arrest",0,0,"Active p53 inhibition"
811,"Resistant-local","p53_OFF","Other",0,0,"Active p53 inhibition"
811,"Resistant-local","p53_OFF","Proliferation",0,0,"Active p53 inhibition"
811,"Resistant-local","p53_OFF","Pyroptosis",0,0,"Active p53 inhibition"
811,"Resistant-local","p53_OFF","Resistance",500,1,"Active p53 inhibition"
811,"Resistant-local","p53_OFF","Survival",0,0,"Active p53 inhibition"
811,"Resistant-local","p53_ON","Apoptosis",0,0,"Active p53 activation"
811,"Resistant-local","p53_ON","Cell-cycle arrest",0,0,"Active p53 activation"
811,"Resistant-local","p53_ON","Other",0,0,"Active p53 activation"
811,"Resistant-local","p53_ON","Proliferation",0,0,"Active p53 activation"
811,"Resistant-local","p53_ON","Pyroptosis",500,1,"Active p53 activation"
811,"Resistant-local","p53_ON","Resistance",0,0,"Active p53 activation"
811,"Resistant-local","p53_ON","Survival",0,0,"Active p53 activation"
811,"Resistant-local","p53_ON__CASP3_OFF","Apoptosis",0,0,"Active p53 activation + CASP3 inhibition"
811,"Resistant-local","p53_ON__CASP3_OFF","Cell-cycle arrest",500,1,"Active p53 activation + CASP3 inhibition"
811,"Resistant-local","p53_ON__CASP3_OFF","Other",0,0,"Active p53 activation + CASP3 inhibition"
811,"Resistant-local","p53_ON__CASP3_OFF","Proliferation",0,0,"Active p53 activation + CASP3 inhibition"
811,"Resistant-local","p53_ON__CASP3_OFF","Pyroptosis",0,0,"Active p53 activation + CASP3 inhibition"
811,"Resistant-local","p53_ON__CASP3_OFF","Resistance",0,0,"Active p53 activation + CASP3 inhibition"
811,"Resistant-local","p53_ON__CASP3_OFF","Survival",0,0,"Active p53 activation + CASP3 inhibition"
811,"Resistant-local","Reference","Apoptosis",0,0,"Reference: DDR ON + GSDME available"
811,"Resistant-local","Reference","Cell-cycle arrest",0,0,"Reference: DDR ON + GSDME available"
811,"Resistant-local","Reference","Other",0,0,"Reference: DDR ON + GSDME available"
811,"Resistant-local","Reference","Proliferation",0,0,"Reference: DDR ON + GSDME available"
811,"Resistant-local","Reference","Pyroptosis",43,0.086,"Reference: DDR ON + GSDME available"
811,"Resistant-local","Reference","Resistance",457,0.914,"Reference: DDR ON + GSDME available"
811,"Resistant-local","Reference","Survival",0,0,"Reference: DDR ON + GSDME available"
811,"Resistant-local","SIRT1_OFF","Apoptosis",0,0,"SIRT1 inhibition"
811,"Resistant-local","SIRT1_OFF","Cell-cycle arrest",0,0,"SIRT1 inhibition"
811,"Resistant-local","SIRT1_OFF","Other",0,0,"SIRT1 inhibition"
811,"Resistant-local","SIRT1_OFF","Proliferation",0,0,"SIRT1 inhibition"
811,"Resistant-local","SIRT1_OFF","Pyroptosis",500,1,"SIRT1 inhibition"
811,"Resistant-local","SIRT1_OFF","Resistance",0,0,"SIRT1 inhibition"
811,"Resistant-local","SIRT1_OFF","Survival",0,0,"SIRT1 inhibition"
811,"Resistant-local","SIRT1_OFF__GSDME_OFF","Apoptosis",500,1,"SIRT1 inhibition + GSDME unavailable"
811,"Resistant-local","SIRT1_OFF__GSDME_OFF","Cell-cycle arrest",0,0,"SIRT1 inhibition + GSDME unavailable"
811,"Resistant-local","SIRT1_OFF__GSDME_OFF","Other",0,0,"SIRT1 inhibition + GSDME unavailable"
811,"Resistant-local","SIRT1_OFF__GSDME_OFF","Proliferation",0,0,"SIRT1 inhibition + GSDME unavailable"
811,"Resistant-local","SIRT1_OFF__GSDME_OFF","Pyroptosis",0,0,"SIRT1 inhibition + GSDME unavailable"
811,"Resistant-local","SIRT1_OFF__GSDME_OFF","Resistance",0,0,"SIRT1 inhibition + GSDME unavailable"
811,"Resistant-local","SIRT1_OFF__GSDME_OFF","Survival",0,0,"SIRT1 inhibition + GSDME unavailable"
811,"Resistant-local","SIRT1_OFF__p53_OFF","Apoptosis",0,0,"SIRT1 inhibition + active p53 inhibition"
811,"Resistant-local","SIRT1_OFF__p53_OFF","Cell-cycle arrest",0,0,"SIRT1 inhibition + active p53 inhibition"
811,"Resistant-local","SIRT1_OFF__p53_OFF","Other",500,1,"SIRT1 inhibition + active p53 inhibition"
811,"Resistant-local","SIRT1_OFF__p53_OFF","Proliferation",0,0,"SIRT1 inhibition + active p53 inhibition"
811,"Resistant-local","SIRT1_OFF__p53_OFF","Pyroptosis",0,0,"SIRT1 inhibition + active p53 inhibition"
811,"Resistant-local","SIRT1_OFF__p53_OFF","Resistance",0,0,"SIRT1 inhibition + active p53 inhibition"
811,"Resistant-local","SIRT1_OFF__p53_OFF","Survival",0,0,"SIRT1 inhibition + active p53 inhibition"
811,"Resistant-local","SIRT1_ON","Apoptosis",0,0,"SIRT1 activation"
811,"Resistant-local","SIRT1_ON","Cell-cycle arrest",0,0,"SIRT1 activation"
811,"Resistant-local","SIRT1_ON","Other",0,0,"SIRT1 activation"
811,"Resistant-local","SIRT1_ON","Proliferation",0,0,"SIRT1 activation"
811,"Resistant-local","SIRT1_ON","Pyroptosis",0,0,"SIRT1 activation"
811,"Resistant-local","SIRT1_ON","Resistance",500,1,"SIRT1 activation"
811,"Resistant-local","SIRT1_ON","Survival",0,0,"SIRT1 activation"
