"file_id","file_name","file_size","md5sum","assay","workflow","case_id","case_barcode","sample_id","sample_barcode","sample_type","diagnoses","selection"
"f8537889-9a6f-45b8-9190-bad3e349cc60","59327904-71c8-493b-933b-6b41c9e0db44.mirbase21.isoforms.quantification.txt",358826,"e01a9afcaecf4f0687b1428f7f45b15a","miRNAseq","BCGSC miRNA Profiling","2c041473-eaaa-4b7c-9b2e-b9da3543ad18","TCGA-2V-A95S","d7873cbc-8d52-4869-b11a-4a23cb213dbd","TCGA-2V-A95S-01A","Primary Tumor","Hepatocellular carcinoma, NOS","selected"
"c731c97e-9f17-4e1f-8520-5ebaaec299ad","a9898557-6648-4f33-aec5-30a4466826fb.mirbase21.isoforms.quantification.txt",438129,"fe524c21844edaee3bfeeae932301938","miRNAseq","BCGSC miRNA Profiling","95b97198-1a1b-4f01-90f3-6c66638371d1","TCGA-2Y-A9GS","6ffc6d98-5f3c-4672-a390-98e0076d3e5a","TCGA-2Y-A9GS-01A","Primary Tumor","Hepatocellular carcinoma, NOS","selected"
"37747cf7-4a4f-4f70-8c39-095573ee1e41","ff7cd92c-77d0-4763-b235-663374894990.mirbase21.isoforms.quantification.txt",298303,"645a59a0cb8d3335f0c1603b045bda7e","miRNAseq","BCGSC miRNA Profiling","31a2ecc5-2d45-4823-8187-dc701dd412a8","TCGA-2Y-A9GT","d249fffe-46a4-428c-b433-08949432ded9","TCGA-2Y-A9GT-01A","Primary Tumor","Hepatocellular carcinoma, NOS","selected"
"c48264fd-0aba-4420-bdab-58afd1b58fe9","8ca147a7-72f8-4f1a-97ee-83d7f056ed0a.mirbase21.isoforms.quantification.txt",333157,"dadaf76d14cd44d454a6d8b77910b373","miRNAseq","BCGSC miRNA Profiling","b27720a2-e240-413c-a0f1-0b1af3621de2","TCGA-2Y-A9GU","6477af21-e833-4b46-8658-5da593030fed","TCGA-2Y-A9GU-01A","Primary Tumor","Hepatocellular carcinoma, NOS","selected"
"20926208-d22a-416f-833d-eea76ded4216","83649224-ec30-493c-80ca-b0334d1feb22.mirbase21.isoforms.quantification.txt",315487,"8f0f3d816d14e096d4aa2b0ec89fa651","miRNAseq","BCGSC miRNA Profiling","d1aa9c1a-d732-48c0-b669-8a14e0397344","TCGA-2Y-A9GV","cb3afdac-4a19-4d95-bd96-42a1fa5be795","TCGA-2Y-A9GV-01A","Primary Tumor","Neuroendocrine carcinoma, NOS; Hepatocellular carcinoma, NOS; Not Reported","selected"
"cc8946f7-6842-4814-859e-62b01cc1201d","5fad541b-0a85-4569-a998-0c85783d2b6d.mirbase21.isoforms.quantification.txt",389068,"8f848b3c15c3bca3c2639cf4242adfd0","miRNAseq","BCGSC miRNA Profiling","3e1920b3-3bd4-4506-a0cf-567257154bcf","TCGA-2Y-A9GW","5243430a-7662-4858-85ed-a0c95fd1ecdd","TCGA-2Y-A9GW-01A","Primary Tumor","Hepatocellular carcinoma, NOS","selected"
"a0e4fe0c-d6f7-4f67-9f2d-dca04e61cbd6","4e5a770a-15c3-4869-b40a-2a6a7571c43a.mirbase21.isoforms.quantification.txt",347598,"ae584798f8d6021ded3187431cbb6677","miRNAseq","BCGSC miRNA Profiling","d6c2c6ce-3483-4fe5-aef6-e40419f728cf","TCGA-2Y-A9GX","481741ac-d3ae-4e1f-92ee-18d382017605","TCGA-2Y-A9GX-01A","Primary Tumor","Hepatocellular carcinoma, NOS","selected"
"d11e2359-eb99-49c1-817b-17f38593ea0b","cd0d5df3-bf9f-492b-8dee-0fb9f5954e77.mirbase21.isoforms.quantification.txt",349463,"582036fdd9e2e0af8173ff8bbce45224","miRNAseq","BCGSC miRNA Profiling","75030b63-59af-4705-86e7-3a431b7cf65a","TCGA-2Y-A9GY","8a3626bf-811b-4a1c-8e68-999b6fe7bc0e","TCGA-2Y-A9GY-01A","Primary Tumor","Hepatocellular carcinoma, NOS","selected"
"7626ba1c-5f06-4d60-a8f2-b94751a90758","0ad7de9f-5762-408a-9396-3d6508d66113.mirbase21.isoforms.quantification.txt",369443,"8d879187cee3706ef01f55403ce81da5","miRNAseq","BCGSC miRNA Profiling","0e8c3831-def9-4efa-9f93-8942072d6a77","TCGA-2Y-A9GZ","dd954cb4-abf3-417f-a1e1-ca745b60750c","TCGA-2Y-A9GZ-01A","Primary Tumor","Hepatocellular carcinoma, NOS","selected"
"91df7f6f-48bb-40c8-bb31-d20880b12b9c","ffff31dd-d2f1-46d9-9af2-0d9ce312719e.mirbase21.isoforms.quantification.txt",335427,"f0f2c594739dbf4a3b1bff854d6c536c","miRNAseq","BCGSC miRNA Profiling","492ff93f-432b-4b73-8706-632fb2c83eb4","TCGA-2Y-A9H0","605ef0eb-ebc3-4123-a952-1d1beacba4cd","TCGA-2Y-A9H0-01A","Primary Tumor","Hepatocellular carcinoma, NOS","selected"
"3c1c177a-261e-4300-9454-40ae1a1a876b","9544a26b-3c44-44db-958f-444a62b5aee8.mirbase21.isoforms.quantification.txt",268219,"badbbb99222edccd1f547807d42d2bbb","miRNAseq","BCGSC miRNA Profiling","9c5e2438-f587-4935-92f0-4bfd57468eaa","TCGA-2Y-A9H1","379fce58-0772-41bb-9153-dc00ecc30cec","TCGA-2Y-A9H1-01A","Primary Tumor","Hepatocellular carcinoma, NOS","selected"
"8ddaf35e-39dc-4ed5-ba5e-1d0db637a638","62a05ead-a7e0-4dba-ac7e-d55ea3802305.mirbase21.isoforms.quantification.txt",372720,"9549393e91e0056cea13ce305fa59b06","miRNAseq","BCGSC miRNA Profiling","cf7f0473-eaf3-4259-a68e-475a782fc84c","TCGA-2Y-A9H2","10eb3f76-4d00-4b1d-8697-ee5306f2cc8e","TCGA-2Y-A9H2-01A","Primary Tumor","Hepatocellular carcinoma, NOS","selected"
"50e57de5-1376-4ef8-8ff4-8a7a5f594dbc","b83124e2-38f0-428d-989a-e6739e67c4bc.mirbase21.isoforms.quantification.txt",302270,"e41f57fd3f558c82f0e85e9f2f691d33","miRNAseq","BCGSC miRNA Profiling","9b69d7f9-38eb-48e1-bdc0-a092a53bc709","TCGA-2Y-A9H3","28fe46e4-b049-4892-9f57-deed8e4f4fc8","TCGA-2Y-A9H3-01A","Primary Tumor","Hepatocellular carcinoma, NOS","selected"
"7f240aff-7db6-4f3a-85fc-ba75262ad8d2","455502e4-9e9b-48b5-a6be-1a722de47909.mirbase21.isoforms.quantification.txt",336867,"9d1de0ee3b613fc06f3b1a7c310a156b","miRNAseq","BCGSC miRNA Profiling","801b1d2c-eb6f-4eef-a00b-83da939d755a","TCGA-2Y-A9H4","c53e6fd9-76e1-44c3-af36-d1d0dfc2802a","TCGA-2Y-A9H4-01A","Primary Tumor","Hepatocellular carcinoma, NOS","selected"
"1749d261-7285-4a0a-beb9-b553826aad3d","8dab0c1c-714d-41e8-9632-c415a6f75a37.mirbase21.isoforms.quantification.txt",424024,"f01af9f8bf30b03251616f947da553c6","miRNAseq","BCGSC miRNA Profiling","51810579-e20d-4f08-93e7-891d645931db","TCGA-2Y-A9H5","45ce6d64-65d7-4bdd-8444-ffe9af6f5df4","TCGA-2Y-A9H5-01A","Primary Tumor","Hepatocellular carcinoma, NOS","selected"
"115ee1f1-abfe-457f-9985-525d1873af4c","ac615e2d-87bb-4d61-b1e7-64db75196c16.mirbase21.isoforms.quantification.txt",413230,"82cca4782c79ee44ac3c4880dc85719f","miRNAseq","BCGSC miRNA Profiling","bc3502bc-bbf6-44f2-a1f4-d1567819aefb","TCGA-2Y-A9H6","9bf4058e-e487-4033-88d9-4951f47afe4c","TCGA-2Y-A9H6-01A","Primary Tumor","Not Reported; Hepatocellular carcinoma, NOS","selected"
"033c2010-955f-4614-b273-43012a4c360c","8c74c2c6-7e5b-48a5-a714-5c93be6105e0.mirbase21.isoforms.quantification.txt",327508,"598e1ad1d2ddacee376704d4f08a6fd8","miRNAseq","BCGSC miRNA Profiling","18602ec8-aed1-4515-b0d1-0db6d1cbb2c4","TCGA-2Y-A9H7","47b918da-fc82-40f9-a6f3-e8b2df75188b","TCGA-2Y-A9H7-01A","Primary Tumor","Basal cell carcinoma, NOS; Hepatocellular carcinoma, NOS","selected"
"46e54433-1cd2-4dbb-ac91-684a61e110eb","61e3dd1f-0928-4e9b-9cdf-88521223011f.mirbase21.isoforms.quantification.txt",443856,"557dbe3c11c81fcacc49af608128ce34","miRNAseq","BCGSC miRNA Profiling","3528dd91-1a6d-4d41-a3ee-829c857cc904","TCGA-2Y-A9H8","aaaecdc1-bf19-4208-89db-57e2feb355fc","TCGA-2Y-A9H8-01A","Primary Tumor","Hepatocellular carcinoma, NOS","selected"
"7614ddd0-448b-4276-841f-33b20478da1d","7d11f015-f4ee-439e-87b5-e3844e6d1f04.mirbase21.isoforms.quantification.txt",296954,"5fb5283799679289d13cbaa51ee6a895","miRNAseq","BCGSC miRNA Profiling","efc3e5e4-0d8e-4bef-a259-29f8ed21684f","TCGA-2Y-A9H9","42d4cda4-bf55-41b5-9b91-04132a081e13","TCGA-2Y-A9H9-01A","Primary Tumor","Hepatocellular carcinoma, NOS","selected"
"78a94492-19ff-4d20-9881-3c271e219403","4468ae63-f2d9-4ddb-9d9b-8809b7af8dde.mirbase21.isoforms.quantification.txt",421435,"f898980ce41ac82415b25c63a8f615d0","miRNAseq","BCGSC miRNA Profiling","a25a714e-c142-482b-91c8-4fea763e0254","TCGA-2Y-A9HA","40ec7948-f54b-4888-a0c2-df47f32a85f4","TCGA-2Y-A9HA-01A","Primary Tumor","Hepatocellular carcinoma, NOS","selected"
"d5af8512-63ee-4e49-adcb-19aa0d7bd3a6","777d840d-5f6d-4ff6-ae84-31da3c44e2da.mirbase21.isoforms.quantification.txt",322063,"88b52a4e1b35157b480f85ae301113a8","miRNAseq","BCGSC miRNA Profiling","b181b591-269c-4e48-b681-243d28772025","TCGA-2Y-A9HB","055fc79d-b598-4dd6-8fc4-a7accb86d90a","TCGA-2Y-A9HB-01A","Primary Tumor","Hepatocellular carcinoma, NOS","selected"
"d3f08446-6237-4905-8c36-8f5603d63c64","dcce94e4-c58a-413b-9997-2926da57c1a0.mirbase21.isoforms.quantification.txt",218040,"1da9dcc8cc1f5d3d61c4ba579084e869","miRNAseq","BCGSC miRNA Profiling","94e387ae-b641-4e9f-bb53-22c7b2a9cccb","TCGA-3K-AAZ8","bb485b2f-3a35-41e1-81b8-d6b0ba4f8a64","TCGA-3K-AAZ8-01A","Primary Tumor","Hepatocellular carcinoma, NOS","selected"
"771b3532-f106-42ee-a823-a72085f83a51","cadddce5-0b78-4632-854d-393a196e8d42.mirbase21.isoforms.quantification.txt",377117,"39425fc28209e6ca315f44d4d768c18d","miRNAseq","BCGSC miRNA Profiling","91a0c8cd-4f23-4569-8e5c-e5442f7af530","TCGA-4R-AA8I","d01bd9b6-1f1e-48de-a8e4-caa975d31f03","TCGA-4R-AA8I-01A","Primary Tumor","Hepatocellular carcinoma, NOS; Basal cell carcinoma, NOS","selected"
"55bfea68-afdf-490c-9e6a-fbac06584f23","39e7493d-bff8-4207-8dbb-47bb904091db.mirbase21.isoforms.quantification.txt",419554,"7ec6e603018068b8f6bef08cc3ba38c7","miRNAseq","BCGSC miRNA Profiling","073e51f9-fb79-4a5f-9ba0-2c9af03c0b85","TCGA-5C-A9VG","c8a68467-9ea9-437d-b79e-62df8e25695b","TCGA-5C-A9VG-01A","Primary Tumor","Hepatocellular carcinoma, NOS","selected"
"4d75664a-8a57-4609-a812-3f048f387954","7ce5abdc-78da-4f44-98b4-635c84898e3c.mirbase21.isoforms.quantification.txt",391632,"829e83377ecdc80433c660de73f38164","miRNAseq","BCGSC miRNA Profiling","60fcd491-0170-46c0-ab14-d71f88267a14","TCGA-5C-A9VH","4fd4d1c8-64f9-4463-970e-6b5409e36807","TCGA-5C-A9VH-01A","Primary Tumor","Hepatocellular carcinoma, NOS","selected"
"065af76c-49dd-4e47-ab93-aa0390ed9b31","667d4cd7-8532-41e8-a66c-1da3740604f4.mirbase21.isoforms.quantification.txt",333139,"bf0febaf331a867601c1ed4d97a723b3","miRNAseq","BCGSC miRNA Profiling","290890eb-321c-45dc-9cd1-45676c6e5e96","TCGA-5R-AA1C","59c12b57-2eea-4f8b-bbd7-6e504c1034d6","TCGA-5R-AA1C-01A","Primary Tumor","Hepatocellular carcinoma, NOS","selected"
"734e764a-6a45-4aad-a255-3016bef03a57","78f528c8-f036-4aca-b1bd-26e96e8ecdbc.mirbase21.isoforms.quantification.txt",301661,"a4c49f6c2069544372d8fb6b031cb3a6","miRNAseq","BCGSC miRNA Profiling","d3d3dba9-139e-4f57-ac70-b741553d1687","TCGA-5R-AA1D","4b868f02-7246-49b7-b0bb-4efdded82daa","TCGA-5R-AA1D-01A","Primary Tumor","Hepatocellular carcinoma, NOS","selected"
"ad23a0a5-78ee-407f-9318-c8d6afac4199","db9e753d-f9b3-409d-8b18-26c4f8a433c4.mirbase21.isoforms.quantification.txt",342220,"8627162f928e6f5ecb794fe2c63bff87","miRNAseq","BCGSC miRNA Profiling","477affb9-7c8b-4895-a4f3-6cc6ef8ec5e4","TCGA-5R-AAAM","e4e33aac-7fd7-4c43-ae92-c0eb7af07183","TCGA-5R-AAAM-01A","Primary Tumor","Hepatocellular carcinoma, NOS","selected"
"388f263e-42ff-45a2-a4ca-429b0b48cdae","b10f89c0-3a9a-4b2f-b953-f2ca72741f14.mirbase21.isoforms.quantification.txt",408910,"cb8ff7b92e784eec6fe7fb08190ed84a","miRNAseq","BCGSC miRNA Profiling","5c9a21a3-d471-401a-9568-59dc84245d28","TCGA-BC-4072","b390716a-8160-464f-9a7f-a9d7e3ce99b4","TCGA-BC-4072-01B","Primary Tumor","Hepatocellular carcinoma, NOS","selected"
"c436ee94-06ca-486c-abec-6ce944346304","9895d0e5-e30f-434f-9839-ac6f727832fe.mirbase21.isoforms.quantification.txt",393337,"cf2536048f7a6f0aa4fd3dde0427f468","miRNAseq","BCGSC miRNA Profiling","00f209c3-041a-4c6e-8b0f-6383eb3c85fc","TCGA-BC-4073","9c101575-699b-4629-8a69-e57fe2d0c727","TCGA-BC-4073-01B","Primary Tumor","Hepatocellular carcinoma, NOS","selected"
"69736b19-dda0-4d08-9f9e-e9ccc3138929","b6fe3163-d533-441a-bf22-6fa4a54098f9.mirbase21.isoforms.quantification.txt",434580,"1f25296d69f429a6727683feb98263b1","miRNAseq","BCGSC miRNA Profiling","dfa15fbe-bb14-40ce-afc6-70694112e3e2","TCGA-BC-A10Q","bf225dc1-4309-4304-849e-cbcc23c8442c","TCGA-BC-A10Q-01A","Primary Tumor","Hepatocellular carcinoma, NOS","selected"
"4c98f3a9-4b46-484f-b5e4-34137b235971","8e323c18-cbaf-4dbc-b6a0-09492c3d4546.mirbase21.isoforms.quantification.txt",447163,"751e39ae2f95dc2ed9c135985af0129b","miRNAseq","BCGSC miRNA Profiling","dfa15fbe-bb14-40ce-afc6-70694112e3e2","TCGA-BC-A10Q","5d3bf988-3331-4412-bc17-b8f4650a8623","TCGA-BC-A10Q-11A","Solid Tissue Normal","Hepatocellular carcinoma, NOS","selected"
"b5648023-1414-45a6-982c-383b4cee0008","981704c7-4fc8-45d0-b709-52645fb73081.mirbase21.isoforms.quantification.txt",425735,"a0c63f9d52805fd9ea038e2fce92290b","miRNAseq","BCGSC miRNA Profiling","0bf5bbd4-d9e8-42a6-9ab5-f2c174dec12c","TCGA-BC-A10R","995180f2-5aa7-47b9-bb3f-585f94b2457a","TCGA-BC-A10R-01A","Primary Tumor","Hepatocellular carcinoma, NOS","selected"
"733f8288-d48d-472b-a1bc-977ec7d797a1","7bb700da-edf4-4831-80ef-8d252f590257.mirbase21.isoforms.quantification.txt",452569,"243e00c906c34aee8a15294616c89334","miRNAseq","BCGSC miRNA Profiling","0bf5bbd4-d9e8-42a6-9ab5-f2c174dec12c","TCGA-BC-A10R","1ea00561-3d1d-49d0-a3f7-d34eb8fec235","TCGA-BC-A10R-11A","Solid Tissue Normal","Hepatocellular carcinoma, NOS","selected"
"964276d6-521f-4117-9421-22b35d1ae43e","71828329-0504-41cf-acbb-15211d441b77.mirbase21.isoforms.quantification.txt",349715,"356560094ecfdf0fe31d6dc82437f0fe","miRNAseq","BCGSC miRNA Profiling","592ef526-176a-42e0-bbeb-fb62d369a343","TCGA-BC-A10S","ade2df15-2ed2-4dee-a710-e2814de6e4ef","TCGA-BC-A10S-01A","Primary Tumor","Hepatocellular carcinoma, NOS","selected"
"fdd0fa70-0129-4518-8a44-8757df9c4e64","1feb2941-a2a2-41d3-a86a-b9fa45afeaf8.mirbase21.isoforms.quantification.txt",368354,"55f15696354ab840016a2d3cce8c3535","miRNAseq","BCGSC miRNA Profiling","8a9cde9a-c38c-423e-bc14-354ee26468c9","TCGA-BC-A10T","d2f6cea0-ecec-49f1-a851-e332e79ce098","TCGA-BC-A10T-01A","Primary Tumor","Hepatocellular carcinoma, NOS","selected"
"ec23e6a8-e342-4a85-b10c-952f3c821b36","0688773f-5979-42e2-89a4-9b2ebc66efb3.mirbase21.isoforms.quantification.txt",523176,"841053ae411f00b86ae9dab57bfcdb38","miRNAseq","BCGSC miRNA Profiling","8a9cde9a-c38c-423e-bc14-354ee26468c9","TCGA-BC-A10T","055e602f-5d95-432d-afcc-627f1f032464","TCGA-BC-A10T-11A","Solid Tissue Normal","Hepatocellular carcinoma, NOS","selected"
"ad430bb7-93c6-41ed-acee-337d126c783c","38927918-4429-41ba-acab-0b033f03fbdb.mirbase21.isoforms.quantification.txt",335269,"8d43a315282a0ea9d389862403f9f732","miRNAseq","BCGSC miRNA Profiling","23103931-cc29-4f89-ae9c-79d53401ecea","TCGA-BC-A10U","f948e99c-22ba-4037-8a69-34b15f9fa557","TCGA-BC-A10U-01A","Primary Tumor","Hepatocellular carcinoma, NOS","selected"
"4a504921-f507-4852-b013-d23ee6f694d0","f595361f-f599-4b24-bbdd-43f518a26f59.mirbase21.isoforms.quantification.txt",489260,"223436a8fbcc0e8612f64c35e84e9d1b","miRNAseq","BCGSC miRNA Profiling","23103931-cc29-4f89-ae9c-79d53401ecea","TCGA-BC-A10U","e0fd6db2-23ce-44eb-87a2-1f8e3cee2d64","TCGA-BC-A10U-11A","Solid Tissue Normal","Hepatocellular carcinoma, NOS","selected"
"1baad9a8-89db-493f-9069-05cc2c27f29c","0103c54a-8604-407a-b852-687b3d2908d0.mirbase21.isoforms.quantification.txt",458587,"6d1523ebd9dfab813a30544a3b4e1db8","miRNAseq","BCGSC miRNA Profiling","39baf24a-4032-4c23-b3fe-2c50df1881f6","TCGA-BC-A10W","18fd84d2-dda5-4916-b42b-5ee6ac00496f","TCGA-BC-A10W-01A","Primary Tumor","Hepatocellular carcinoma, NOS","selected"
"85c4496c-46a7-4a9e-a4b3-d505a550e1cb","bf3dc47f-18db-4c48-afc9-8683324e8aba.mirbase21.isoforms.quantification.txt",434959,"a4e0afa99048d28e4bb4dec7242f4cad","miRNAseq","BCGSC miRNA Profiling","39baf24a-4032-4c23-b3fe-2c50df1881f6","TCGA-BC-A10W","dc9a2f36-3f59-4744-a2f8-f2017c16f3d9","TCGA-BC-A10W-11A","Solid Tissue Normal","Hepatocellular carcinoma, NOS","selected"
"c952455e-4eb8-44df-a8a9-aef00db65582","537f8def-d07e-4fc8-9bb0-943f27754958.mirbase21.isoforms.quantification.txt",486597,"e717803c98ccc5271fb69646c5a13f6b","miRNAseq","BCGSC miRNA Profiling","3dc48ea9-a3c6-437f-af5a-88feb300cc5f","TCGA-BC-A10X","1ae03bc9-de5a-417c-a617-7256c8d2d9b8","TCGA-BC-A10X-01A","Primary Tumor","Hepatocellular carcinoma, NOS","selected"
"bdfb9655-6296-4494-8e31-c0727c5cd495","9f69d15c-37d7-4864-a081-b5bc2ee2c228.mirbase21.isoforms.quantification.txt",453209,"31562f921b15f8ee8ef57754af4d4eae","miRNAseq","BCGSC miRNA Profiling","3dc48ea9-a3c6-437f-af5a-88feb300cc5f","TCGA-BC-A10X","d746f333-a5dd-4464-a091-84e9cf9665b8","TCGA-BC-A10X-11A","Solid Tissue Normal","Hepatocellular carcinoma, NOS","selected"
"abae7622-80f8-4c21-b25f-1c36c2ed9438","896c837f-0ecc-4fe2-b4c0-6e5015dd78b9.mirbase21.isoforms.quantification.txt",381354,"635fa2f46c5b8c11640d9f016889a547","miRNAseq","BCGSC miRNA Profiling","6533648f-1353-4253-b65b-d472aacf5751","TCGA-BC-A10Y","06ba5a5e-1718-4208-9811-8a157a520645","TCGA-BC-A10Y-01A","Primary Tumor","Hepatocellular carcinoma, NOS","selected"
"159b9ef9-5c6b-43c1-96cd-7e291e0d6dfc","75769ec4-1b3c-4bef-adcb-c9c4c6f5f935.mirbase21.isoforms.quantification.txt",467410,"bc12f6fa8b382e65e1ceafe9c51b8174","miRNAseq","BCGSC miRNA Profiling","6533648f-1353-4253-b65b-d472aacf5751","TCGA-BC-A10Y","297d707f-df19-4e78-9008-b2f568068eb4","TCGA-BC-A10Y-11A","Solid Tissue Normal","Hepatocellular carcinoma, NOS","selected"
"55c0118b-704b-40ef-bded-3b1a965d2366","b9c3eb5c-c32b-49f8-8842-b7c4bb3ac617.mirbase21.isoforms.quantification.txt",377909,"7ea715174e50bd5fb6cb277f8910e0a9","miRNAseq","BCGSC miRNA Profiling","709f1e4d-f5e8-4a0b-8254-23f037f4bae7","TCGA-BC-A10Z","a758e425-e4f9-4b71-86f0-f82f4331055d","TCGA-BC-A10Z-01A","Primary Tumor","Hepatocellular carcinoma, NOS","selected"
"afe16528-b61a-404b-9bf5-6a1164b0fb5e","acb7c5d3-9a10-457d-85ec-e5dec820e316.mirbase21.isoforms.quantification.txt",489419,"81d54eb4e5c854444719c4b9c7a41984","miRNAseq","BCGSC miRNA Profiling","709f1e4d-f5e8-4a0b-8254-23f037f4bae7","TCGA-BC-A10Z","91614e15-a2e1-4025-9974-7802db70a6f3","TCGA-BC-A10Z-11A","Solid Tissue Normal","Hepatocellular carcinoma, NOS","selected"
"dc7d14cd-f20c-45b2-90b8-2b7a47eff4f5","361b95f8-ca60-4407-9e47-e10b62ffd0a6.mirbase21.isoforms.quantification.txt",514354,"6f69ee18c6f535ddf87acc2f6523c504","miRNAseq","BCGSC miRNA Profiling","cf028bce-d20d-42b8-8507-1ec94a391e85","TCGA-BC-A110","4db99739-f0d5-4db9-a5fa-4445c7a61b4b","TCGA-BC-A110-01A","Primary Tumor","Nephroblastoma, NOS; Hepatocellular carcinoma, NOS","selected"
"d02c6401-e1db-4ed2-85dd-f047bc127d6a","7e544e23-5e93-4444-9938-088e11af1e45.mirbase21.isoforms.quantification.txt",511743,"06f31e380c4e484a15f85d9b94e12c6a","miRNAseq","BCGSC miRNA Profiling","cf028bce-d20d-42b8-8507-1ec94a391e85","TCGA-BC-A110","aa8d7157-7345-4255-84d4-c4b6747e3a72","TCGA-BC-A110-11A","Solid Tissue Normal","Nephroblastoma, NOS; Hepatocellular carcinoma, NOS","selected"
"ca5d1492-6475-4769-8cea-157b96857d82","0359e426-0a77-4137-85ae-cab8e0030ff1.mirbase21.isoforms.quantification.txt",376302,"5a6315d599ea469366043bde62837b13","miRNAseq","BCGSC miRNA Profiling","a2c17e87-d8bc-4160-88ae-e3e894d013e4","TCGA-BC-A112","6b3da272-71dc-4aec-ab4c-42bf93523bb4","TCGA-BC-A112-01A","Primary Tumor","Hepatocellular carcinoma, NOS; Adenocarcinoma, NOS","selected"
"edca3d69-3b69-4547-b4e3-316e5bb383fb","5a91b852-33c5-4b9d-9a66-556225bc37ff.mirbase21.isoforms.quantification.txt",407725,"92cb0cd0af40cbddfdba23d5f5bd4bb2","miRNAseq","BCGSC miRNA Profiling","4bbdbe77-f3cb-4b64-9826-72debb734784","TCGA-BC-A216","f8b5247f-5276-4189-9041-2d914482d539","TCGA-BC-A216-01A","Primary Tumor","Hepatocellular carcinoma, NOS","selected"
"762b44bb-82a4-4b50-b2a9-ec68ecdaa0be","86924ac9-d465-4f2b-9fdf-a93b92769fcf.mirbase21.isoforms.quantification.txt",444826,"9d982981e77c8e98450bbc0542199e9a","miRNAseq","BCGSC miRNA Profiling","4bbdbe77-f3cb-4b64-9826-72debb734784","TCGA-BC-A216","b3ddee9b-04d5-4fa3-94c1-754bcc2a0f5d","TCGA-BC-A216-11A","Solid Tissue Normal","Hepatocellular carcinoma, NOS","selected"
"5ab87d0d-641d-4237-9e00-c178490c5e55","5d6ca5f2-fa4c-489c-8df2-6f4f9df4b18a.mirbase21.isoforms.quantification.txt",543008,"589855dae39d8b86417e3dcd340b8d89","miRNAseq","BCGSC miRNA Profiling","6dcfc418-ab28-4365-95ea-c1ae254f2341","TCGA-BC-A217","c827a8b9-359c-4a6f-b950-839b3fb0c097","TCGA-BC-A217-01A","Primary Tumor","Hepatocellular carcinoma, NOS","selected"
"0548f9ab-37f2-4df1-a17b-c97623ee16b7","09124be1-370b-488d-862e-060f9ecd04b3.mirbase21.isoforms.quantification.txt",335697,"94092d077d32fbd5f6aca32d591132da","miRNAseq","BCGSC miRNA Profiling","07dd49fc-8a76-41e8-9eb3-107336f68701","TCGA-BC-A3KF","ece7aff8-7303-4d9a-b5ef-abb871571686","TCGA-BC-A3KF-01A","Primary Tumor","Hepatocellular carcinoma, NOS","selected"
"c186202c-d265-4ef6-a267-bca6b6350094","c09b4cf3-f097-4ab0-9058-6887326ee3c6.mirbase21.isoforms.quantification.txt",536798,"469a6face0c2e8417109a8c24edf810e","miRNAseq","BCGSC miRNA Profiling","75f43fca-200a-48b0-bb67-0693d7b91119","TCGA-BC-A3KG","da632ff7-e6b4-4ecd-ab72-a08461588b44","TCGA-BC-A3KG-01A","Primary Tumor","Hepatocellular carcinoma, NOS","selected"
"587d879f-09a3-45cb-9a73-1befad2601dc","ff2c34e5-cd30-4bc5-bda7-dda749ed0eeb.mirbase21.isoforms.quantification.txt",301278,"224e6780a2728964139e3111e00deca4","miRNAseq","BCGSC miRNA Profiling","6bb5d506-8fca-43f3-90a6-03c915d7ede2","TCGA-BC-A5W4","7b9c40bf-6ad0-491e-84fc-f835fe3589c5","TCGA-BC-A5W4-01A","Primary Tumor","Not Reported; Hepatocellular carcinoma, NOS","selected"
"049d13e7-99c5-43a9-b07e-3d5333358ac3","0d58136c-c8b2-464d-82dc-015ce228e44d.mirbase21.isoforms.quantification.txt",307138,"e304520b30232f7a58843b945dbad8a0","miRNAseq","BCGSC miRNA Profiling","79df037c-7d37-4e6c-a654-57708a4f87aa","TCGA-BC-A69H","7b0389ae-8b72-4e9a-ac52-802a384a14a3","TCGA-BC-A69H-01A","Primary Tumor","Hepatocellular carcinoma, NOS","selected"
"67f13a8e-aafe-45a8-92fd-4f41849016d9","8c8e40d1-f62f-4d9d-9435-ef0bc4fcd64e.mirbase21.isoforms.quantification.txt",241386,"26c11ec9a7677bea1b5d0c635d4f544a","miRNAseq","BCGSC miRNA Profiling","70aecc90-17f0-4064-8ebb-be81f9b1d7fd","TCGA-BC-A69I","e36d5a75-0bc8-480d-8458-e23cb453c279","TCGA-BC-A69I-01A","Primary Tumor","Hepatocellular carcinoma, NOS","selected"
"ff0b98ff-6596-4636-bd58-918e60f37746","80c2311b-57f0-41b9-a066-f36310e34c93.mirbase21.isoforms.quantification.txt",363885,"810cb3e26062d11d31c068c0eae8d5ca","miRNAseq","BCGSC miRNA Profiling","f53a70d9-a774-4969-896e-2dcdd4d02a7a","TCGA-BC-A8YO","4218932d-170a-41f0-89ec-92a71a7b13dd","TCGA-BC-A8YO-01A","Primary Tumor","Hepatocellular carcinoma, NOS","selected"
"3e16423f-121f-4b15-80a5-76ec1a99ef49","86e6bb39-2e99-460d-98a0-5cd1fe4f0927.mirbase21.isoforms.quantification.txt",383205,"5093cd6648ccfeda1a9b7612d4b01cb4","miRNAseq","BCGSC miRNA Profiling","13a97cee-76b0-46a1-b728-d87b2248311e","TCGA-BD-A2L6","7a489d88-3ae5-40f5-9126-92664b250fd6","TCGA-BD-A2L6-01A","Primary Tumor","Hepatocellular carcinoma, NOS","selected"
"d273f38a-4cbc-48d9-b0db-cb135debb869","397a0e07-2aaa-4350-8250-97aae1d432ee.mirbase21.isoforms.quantification.txt",465875,"3f045ee9f88b77807a4bab0934b5d224","miRNAseq","BCGSC miRNA Profiling","13a97cee-76b0-46a1-b728-d87b2248311e","TCGA-BD-A2L6","6049cd94-d7bf-4d5e-8f78-6aab65c58fa4","TCGA-BD-A2L6-11A","Solid Tissue Normal","Hepatocellular carcinoma, NOS","selected"
"593f8124-4a30-46d7-aed7-00a755e09765","7f1e1a91-aa48-4fdb-bb19-cbc09dd557b3.mirbase21.isoforms.quantification.txt",438343,"83363eb1167a44d94748c782aa8964b8","miRNAseq","BCGSC miRNA Profiling","de302b98-250d-42fe-9945-11e1b2bbd3c6","TCGA-BD-A3EP","553dfa2d-c496-4982-8ba1-32d5054864be","TCGA-BD-A3EP-01A","Primary Tumor","Hepatocellular carcinoma, NOS","selected"
"7d4150bc-5d83-4027-921d-f874bf7d3292","3fb17e7c-311e-438b-9ddc-a07c3102a1ca.mirbase21.isoforms.quantification.txt",338737,"3b324ed447707efc35a1fdaf37e3fb76","miRNAseq","BCGSC miRNA Profiling","de302b98-250d-42fe-9945-11e1b2bbd3c6","TCGA-BD-A3EP","708114ce-2aa0-48f9-a23f-780add9da784","TCGA-BD-A3EP-11A","Solid Tissue Normal","Hepatocellular carcinoma, NOS","selected"
"6e461744-2df3-4de1-b1bc-eaff41a9555d","a9a8e5af-cfdc-4ff3-8cff-28be61e254ac.mirbase21.isoforms.quantification.txt",429401,"829316550021e1e07b4a99698f882f19","miRNAseq","BCGSC miRNA Profiling","9457a9a1-3dd1-4d88-b1e1-d20aae4491dd","TCGA-BD-A3ER","7e3bb1d9-c3b4-4af8-85d3-f51f3b77d066","TCGA-BD-A3ER-01A","Primary Tumor","Not Reported; Hepatocellular carcinoma, NOS","selected"
"e8a8780b-decb-450d-b5d8-ab0309c5a2a0","1da9bf4c-70ae-4550-bb32-49c7c297f7a9.mirbase21.isoforms.quantification.txt",330420,"a7d95395eef88b367f283d7b3f17bbc9","miRNAseq","BCGSC miRNA Profiling","ee63c44b-91f4-4004-8dea-192eab527036","TCGA-BW-A5NO","3cbd785d-cad5-4299-8fe8-695ca8db726d","TCGA-BW-A5NO-01A","Primary Tumor","Hepatocellular carcinoma, NOS","selected"
"a4b642b4-8e2f-4f8a-a25f-3bd4e4d33574","14ae1d6b-f3d1-4db2-a838-e6213fd09e90.mirbase21.isoforms.quantification.txt",326940,"8b797156e2879dca79f7bd0880301a24","miRNAseq","BCGSC miRNA Profiling","56a82a56-0241-4d3d-9de2-696b0c36df91","TCGA-BW-A5NP","c13884b6-eaef-4e1c-8fa7-5fe76548d32f","TCGA-BW-A5NP-01A","Primary Tumor","Hepatocellular carcinoma, NOS","selected"
"2ec47a54-32d2-41e8-aa51-8fe8ea541049","de1a7fe5-a943-438d-adbe-c6f546dba34d.mirbase21.isoforms.quantification.txt",437413,"431364bbda67ca42f94b2b0abda8ab3d","miRNAseq","BCGSC miRNA Profiling","c7f1b389-aec7-4993-8afb-b7a56064f8fc","TCGA-BW-A5NQ","c8ffe03a-62c3-4b47-9dea-cb3377f59abb","TCGA-BW-A5NQ-01A","Primary Tumor","Hepatocellular carcinoma, NOS; Adenocarcinoma, NOS","selected"
"55de7558-c231-4c4a-b509-101b7d5149af","72184b26-6781-483e-ad23-f8dfdb6e793b.mirbase21.isoforms.quantification.txt",395729,"6494488b5f6fd53d98c57e0c16f38ec8","miRNAseq","BCGSC miRNA Profiling","6a93206a-c25c-4e45-b0ba-0a21bd8253b6","TCGA-CC-5258","d928ac5d-960f-4ebe-8826-0e03b55dc34e","TCGA-CC-5258-01A","Primary Tumor","Hepatocellular carcinoma, NOS","selected"
"2cc426bd-1a72-4549-8a3e-57945f0dff94","7ad6fce7-22f0-4da1-8d9e-c4f6968fb606.mirbase21.isoforms.quantification.txt",428198,"a1b5ff36656aeabe760db52bf7fac8e7","miRNAseq","BCGSC miRNA Profiling","7444eea6-90e8-42dd-a7b5-0afc6d96e1e8","TCGA-CC-5259","e5587496-5655-4b18-82e3-e00593a1c64c","TCGA-CC-5259-01A","Primary Tumor","Hepatocellular carcinoma, NOS","selected"
"792815ab-ff9d-4afd-bb5e-c23d9d1529b3","8b7e6354-b9aa-4d36-8809-75ff780f4452.mirbase21.isoforms.quantification.txt",459433,"1c4e976afe1e1c502085d0811b94ae50","miRNAseq","BCGSC miRNA Profiling","ca8afb2c-be3d-41e8-8dbc-19fe7ab6154b","TCGA-CC-5260","7f347680-cd4d-4289-8f8f-3b0541381a42","TCGA-CC-5260-01A","Primary Tumor","Hepatocellular carcinoma, NOS","selected"
"010e6148-8f39-410e-9a96-c9d6237ad1ed","c580b2d1-38be-4af3-8391-b43b6631c85c.mirbase21.isoforms.quantification.txt",537677,"5506a39ef32b0b727003da2a7b3da3e1","miRNAseq","BCGSC miRNA Profiling","1ad7f17e-b3b8-40e9-aab8-5a17e0aec408","TCGA-CC-5261","538998f3-5230-4963-8b67-d34de695e97d","TCGA-CC-5261-01A","Primary Tumor","Hepatocellular carcinoma, NOS","selected"
"cb3c49c9-2e27-466a-8198-9f5a2c3329a0","0226e845-59fc-4009-9a8d-dc5bd823c072.mirbase21.isoforms.quantification.txt",566252,"11081b4eb573c865a065d3c451024b3f","miRNAseq","BCGSC miRNA Profiling","1b428ada-eb3f-40c2-b4bf-1bbf6b61729d","TCGA-CC-5262","dc595eed-d459-40fd-8417-6a1c56759ec8","TCGA-CC-5262-01A","Primary Tumor","Hepatocellular carcinoma, NOS","selected"
"b6552c1a-4b24-40eb-a1d0-8c86715aa15d","40d03dfc-1661-482b-9e7a-bf9bc9199f4c.mirbase21.isoforms.quantification.txt",380007,"e40735a9a38c518ec08c44df36581abd","miRNAseq","BCGSC miRNA Profiling","a6af3061-1484-4f6c-bb4b-c8f4626b4161","TCGA-CC-5263","efa9f768-cc58-4ce4-a47a-ed598797adc8","TCGA-CC-5263-01A","Primary Tumor","Hepatocellular carcinoma, NOS","selected"
"ae4d80e3-84ad-48c6-a0ed-9e330f933535","c704eab3-20b4-4ad3-8d3b-1e72a9b8560a.mirbase21.isoforms.quantification.txt",330856,"1518141b976d97974025ee2027dfe6d0","miRNAseq","BCGSC miRNA Profiling","61902cb6-b041-48ac-aacc-483a28949865","TCGA-CC-5264","ec67465b-dc08-4e09-8af2-3b489bd15393","TCGA-CC-5264-01A","Primary Tumor","Hepatocellular carcinoma, NOS","selected"
"d98989e9-c4e8-4a68-be5a-6516682687b1","4299f87c-507a-468d-86e4-37c3ca74cfc8.mirbase21.isoforms.quantification.txt",419031,"e78a41825a6aa22170f0fa5f4ba7dc57","miRNAseq","BCGSC miRNA Profiling","e2f6d3aa-b817-4193-a550-8e53265aa336","TCGA-CC-A123","98eeca7b-4918-4176-927d-0ac1e48c5d7e","TCGA-CC-A123-01A","Primary Tumor","Hepatocellular carcinoma, NOS; Not Reported","selected"
"72a874d1-cd56-41e3-b689-0894cd41c487","a85e4244-3af2-4b71-9a1a-40691e6fd63a.mirbase21.isoforms.quantification.txt",522826,"4d4f2b575f3b8582752dc309235d4ba5","miRNAseq","BCGSC miRNA Profiling","670c1cbc-4494-45f1-bb8b-18db82d4f7e0","TCGA-CC-A1HT","96f911ed-2064-4745-ad07-6c47b0a0c7cd","TCGA-CC-A1HT-01A","Primary Tumor","Hepatocellular carcinoma, NOS","selected"
"07af090e-e579-414e-9003-a327a1cb0095","d489621d-966b-44fd-81ca-12e4e131b119.mirbase21.isoforms.quantification.txt",476266,"84f2b5881fb9d0a93a526ad29804a302","miRNAseq","BCGSC miRNA Profiling","8e938868-d992-47c4-becb-93b0f7fffe07","TCGA-CC-A3M9","3319fcfb-a070-403e-bb86-cfd0d6da68e6","TCGA-CC-A3M9-01A","Primary Tumor","Hepatocellular carcinoma, spindle cell variant","selected"
"5db58f8d-4df8-4659-94c2-fd79a97e9d6f","03a67e6e-2788-4676-8f8d-fd4b4a2ab207.mirbase21.isoforms.quantification.txt",500231,"f8eccd52ab6bcf9a5249752c8cc5b46f","miRNAseq","BCGSC miRNA Profiling","613ddb95-14d7-4941-b374-fb5cd344d1bb","TCGA-CC-A3MA","6955889c-d216-44ca-be25-70fb7d00bc64","TCGA-CC-A3MA-01A","Primary Tumor","Hepatocellular carcinoma, NOS","selected"
"7bdac5d2-e0f4-4b15-8c10-a533ab1ded35","225e67dc-dce6-4f4f-9957-b51db2326d0e.mirbase21.isoforms.quantification.txt",380228,"f9c8440b5279d126fe272519168872e4","miRNAseq","BCGSC miRNA Profiling","2c53d48d-e3bc-49f3-bbe0-2eee24252b4c","TCGA-CC-A3MB","0466f2a2-3e22-4bde-907d-82d963ea9746","TCGA-CC-A3MB-01A","Primary Tumor","Hepatocellular carcinoma, NOS; Not Reported","selected"
"da36f131-23a5-415c-b7e5-c909959d8c92","c8b127d4-c7c0-4d10-b5f5-fac6b08a54e0.mirbase21.isoforms.quantification.txt",388190,"dcf3cc3980389d74626846d709411438","miRNAseq","BCGSC miRNA Profiling","0277f393-3743-47d6-a96f-155baec9eb49","TCGA-CC-A3MC","38e9689a-3698-45cd-a7a4-d2c4f0af11c6","TCGA-CC-A3MC-01A","Primary Tumor","Hepatocellular carcinoma, NOS","selected"
"f3b10b9a-c838-44f8-b764-3099629bd02d","4f891294-41ea-4556-81e0-e302b23933cf.mirbase21.isoforms.quantification.txt",369450,"a0426455a140b3d90f7c0edf4b239ef4","miRNAseq","BCGSC miRNA Profiling","7e589ee1-ffcc-448a-a275-829ca26a597e","TCGA-CC-A5UC","f83ace1a-16f0-4d9a-89cc-077fbaa69d0c","TCGA-CC-A5UC-01A","Primary Tumor","Not Reported; Hepatocellular carcinoma, NOS","selected"
"9073dd21-189f-466d-b404-f07ab40115f6","9964e88d-3bd6-4732-83d1-47996e3edc33.mirbase21.isoforms.quantification.txt",406844,"f58a4878d95a70f426d3684db13c4dab","miRNAseq","BCGSC miRNA Profiling","3837c8ac-6c9e-499b-a4e7-d42c870bcb49","TCGA-CC-A5UD","24fb408b-5259-4928-ad19-02b8add76539","TCGA-CC-A5UD-01A","Primary Tumor","Hepatocellular carcinoma, NOS","selected"
"f6698194-9e28-4006-97da-583a34978624","aca86ddd-3dbc-4c4f-983c-96b39cf82560.mirbase21.isoforms.quantification.txt",337812,"db75e7da7d64ef52c252a5f812ef78e1","miRNAseq","BCGSC miRNA Profiling","23d8e6a0-fa79-4323-a0a6-2dea2a319667","TCGA-CC-A5UE","e8a5ec1d-b962-4b48-8eae-d49bd6291b6b","TCGA-CC-A5UE-01A","Primary Tumor","Hepatocellular carcinoma, NOS","selected"
"21b22c72-7186-43f9-8643-5b63e194df82","c1c3e084-2f21-4e22-978d-67d4d119898c.mirbase21.isoforms.quantification.txt",334786,"148fb870c571a6724917fc50dd0390f8","miRNAseq","BCGSC miRNA Profiling","220f75d7-08a4-4936-b4b2-0750e87ccdf5","TCGA-CC-A7IE","b58106e6-417f-41f7-88ec-2e9e51495631","TCGA-CC-A7IE-01A","Primary Tumor","Hepatocellular carcinoma, NOS; Not Reported","selected"
"24aebca3-ce88-4756-9978-7e9a0acb3e2d","e1d950e4-8a82-4f29-b5d4-c900e4d6b6e2.mirbase21.isoforms.quantification.txt",347228,"4dc8e8b0fb3046ede412c21082c39119","miRNAseq","BCGSC miRNA Profiling","e0674b82-2fba-421e-be62-58efd0348d44","TCGA-CC-A7IF","85bf24dd-ed33-4b46-9739-1994ae3a2c91","TCGA-CC-A7IF-01A","Primary Tumor","Hepatocellular carcinoma, NOS; Not Reported","selected"
"904d173a-aacc-49f2-9ca4-3cb284077a9e","868ecf12-86ae-4c38-9e57-333bee64d530.mirbase21.isoforms.quantification.txt",369619,"408609c1f9a843c7608ae34198cd7f0b","miRNAseq","BCGSC miRNA Profiling","534a7b11-3abd-4581-a9c9-d984d6aa33a0","TCGA-CC-A7IG","642a133c-371d-4c40-a0e5-6568313de439","TCGA-CC-A7IG-01A","Primary Tumor","Hepatocellular carcinoma, NOS","selected"
"3002282b-19f7-4c44-8e4f-b1adf8f555b8","42bacae0-6c7d-4f8f-90b3-0c9a446c69d5.mirbase21.isoforms.quantification.txt",272818,"c71aee7d9f8cf9ff9aa7ed50ac74c2c1","miRNAseq","BCGSC miRNA Profiling","e4e0bc11-ad61-4419-857c-44fb5c7877a3","TCGA-CC-A7IH","40f9f3b1-545d-4743-912c-9c92aac5f396","TCGA-CC-A7IH-01A","Primary Tumor","Hepatocellular carcinoma, NOS","selected"
"25bc1e01-0f3a-4402-9786-4d4b4383dc1d","8b8f8870-db9d-40e4-ac1e-0f8939fe33c6.mirbase21.isoforms.quantification.txt",413662,"6ebd3ac172564b879a2611f794123be3","miRNAseq","BCGSC miRNA Profiling","aaf7c9b5-6cb7-42bf-a0d1-07975eae3be9","TCGA-CC-A7II","ad384cc4-8444-419f-a2e7-27dfc417ea82","TCGA-CC-A7II-01A","Primary Tumor","Hepatocellular carcinoma, NOS","selected"
"3b5cf0e5-b6b0-4bc7-a5b5-3308bb828086","293a8556-f8f1-47a2-ac91-a374da82d8c9.mirbase21.isoforms.quantification.txt",350991,"6420844a95cc29c9087417caea2156b6","miRNAseq","BCGSC miRNA Profiling","e610a644-0504-445a-bba1-4bae360de4c1","TCGA-CC-A7IJ","23d951c1-92e2-4b6b-b716-ff5829e28303","TCGA-CC-A7IJ-01A","Primary Tumor","Hepatocellular carcinoma, NOS","selected"
"3dbb5fc3-d17f-444f-85f9-55edc5a1cf59","718c9279-60a5-464c-b2fa-3e4093ba0c82.mirbase21.isoforms.quantification.txt",266549,"a610614d3b5673e464797bfa9f85d61d","miRNAseq","BCGSC miRNA Profiling","eba5208b-404a-45df-9133-31ff122e7fc0","TCGA-CC-A7IK","9ae951fb-97e7-42d2-bb74-a490e22583ee","TCGA-CC-A7IK-01A","Primary Tumor","Hepatocellular carcinoma, NOS","selected"
"d96f74d9-eb4d-4eea-a573-2fd17ca71b33","f7f8c1ac-96cb-49bf-a485-dc8404105191.mirbase21.isoforms.quantification.txt",208329,"5860e655b4d4c6c3b650784a087fe8b3","miRNAseq","BCGSC miRNA Profiling","b54df65f-8a6b-4405-9918-90d53418804c","TCGA-CC-A7IL","1445b31d-812d-4ddf-8965-0a970b9ea562","TCGA-CC-A7IL-01A","Primary Tumor","Hepatocellular carcinoma, NOS","selected"
"445e8e47-67a5-4f63-8133-9b7f9ec9feec","3f72e70d-9a02-4e0d-bf6a-54c0571feb6f.mirbase21.isoforms.quantification.txt",269136,"e8b0504468e028a92553829eda5d558d","miRNAseq","BCGSC miRNA Profiling","d18cd259-267e-47b5-9353-ad3454e048a0","TCGA-CC-A8HS","41ca0b98-d4b2-4a09-a5e3-20fedb440926","TCGA-CC-A8HS-01A","Primary Tumor","Hepatocellular carcinoma, NOS","selected"
"e739eb47-d126-46f1-b0d0-3b896c6b8bd9","93e57b40-82ef-4723-bb9e-eacbb0011e01.mirbase21.isoforms.quantification.txt",255062,"307f20091cfd9fb096dcd5cd8b562c83","miRNAseq","BCGSC miRNA Profiling","95408571-9d4e-412b-8ee8-7992e0270b0f","TCGA-CC-A8HT","5f78bf91-e73d-4b78-9cd7-ec6502e764aa","TCGA-CC-A8HT-01A","Primary Tumor","Hepatocellular carcinoma, NOS","selected"
"64881e35-b8f0-442b-9619-fe322b538e3b","3ec71687-7091-4bc3-9d68-eb400ee34eb8.mirbase21.isoforms.quantification.txt",242723,"10af194238be982c4a7fd6a9c1055532","miRNAseq","BCGSC miRNA Profiling","1943ff2c-ca53-4e3c-acc1-5ae84f4ba230","TCGA-CC-A8HU","78dfb76e-4ca8-4b43-b967-eeef66d0f676","TCGA-CC-A8HU-01A","Primary Tumor","Hepatocellular carcinoma, NOS","selected"
"c0306fb9-16db-4fc9-8a26-15bc49b93c09","ce3ca9b0-9356-482a-8e26-4494bf071ac2.mirbase21.isoforms.quantification.txt",284270,"20f2b7292807e53f7ff250b0da23fc0c","miRNAseq","BCGSC miRNA Profiling","5b32d3f4-9b88-42de-aaac-22d1d2f5cde0","TCGA-CC-A8HV","0633d181-7845-4578-9778-daa6d1c128cb","TCGA-CC-A8HV-01A","Primary Tumor","Not Reported; Hepatocellular carcinoma, NOS","selected"
"b8fdd0e8-0654-485a-a921-d877a8b44e83","cc0bf161-b962-4988-b921-6f5d6725702c.mirbase21.isoforms.quantification.txt",353025,"52d08380bfabdb8e87d2db0e7b627b16","miRNAseq","BCGSC miRNA Profiling","f661a921-2e59-424b-a145-e22664b73728","TCGA-CC-A9FS","729ca3a4-1c6b-4c84-b4ce-150bb21d631d","TCGA-CC-A9FS-01A","Primary Tumor","Not Reported; Hepatocellular carcinoma, NOS","selected"
"cc231119-46a1-4c72-bbe1-8db014bbb251","6b1023dc-6b32-414d-a5c2-3afa7b99e72a.mirbase21.isoforms.quantification.txt",342594,"58a3f0e6eb6877f7f3c3431a681f1de7","miRNAseq","BCGSC miRNA Profiling","5e2a99a1-41c1-49ca-97d6-69f9b9938d24","TCGA-CC-A9FU","ca56e355-4821-4169-b069-aea16c5b456b","TCGA-CC-A9FU-01A","Primary Tumor","Hepatocellular carcinoma, NOS","selected"
"393c5be0-d09c-4148-80e4-29c39eb118ae","ec845651-28b8-4f1e-9612-123a06506aa4.mirbase21.isoforms.quantification.txt",334478,"f48e15d22a6aff7043109f8f138102b5","miRNAseq","BCGSC miRNA Profiling","c4e6527a-8f58-4f6b-93b1-04abb5680ed0","TCGA-CC-A9FV","f268bd70-c419-4c38-8513-787aae53f337","TCGA-CC-A9FV-01A","Primary Tumor","Hepatocellular carcinoma, NOS","selected"
"48225b5d-a6b0-4b59-ae6c-118a967ffd89","8ebaac55-efbf-4abe-a616-3fb5853be418.mirbase21.isoforms.quantification.txt",302652,"0ab07f33a53dc4e6c9713c254838771c","miRNAseq","BCGSC miRNA Profiling","027322f0-d720-41f8-897c-a10e5c1424c5","TCGA-CC-A9FW","3aabe8f1-7f16-4e31-973a-3289dec74ba7","TCGA-CC-A9FW-01A","Primary Tumor","Hepatocellular carcinoma, NOS","selected"
"38a812a3-526b-4b87-88aa-54da742464ec","e85de304-84a8-4ba5-8c64-8ec4a80db5a9.mirbase21.isoforms.quantification.txt",323223,"4e495c8f7a0fdcbd6904ce8278dbd60a","miRNAseq","BCGSC miRNA Profiling","aeb17d2b-fa8c-4989-bf3a-d2c74b785455","TCGA-DD-A113","546f37ab-fbfe-404e-b24f-0aa8201b8ec7","TCGA-DD-A113-01A","Primary Tumor","Hepatocellular carcinoma, NOS","selected"
"4bdb45f0-749b-4bfb-bcab-fa5f667d8a81","13737350-fbb4-4aab-b8e9-15a9333f4918.mirbase21.isoforms.quantification.txt",377833,"6168c1b47565062c469ff130f82b6be5","miRNAseq","BCGSC miRNA Profiling","aeb17d2b-fa8c-4989-bf3a-d2c74b785455","TCGA-DD-A113","2378318c-5cf4-419f-ac5c-64d40cb7e753","TCGA-DD-A113-11A","Solid Tissue Normal","Hepatocellular carcinoma, NOS","selected"
"8816a486-2f90-4b6b-8dcb-4d2ef493fc8d","342aff96-4185-4216-ba76-672a53535719.mirbase21.isoforms.quantification.txt",522225,"173201c46e95697ce7f652d8c5017e00","miRNAseq","BCGSC miRNA Profiling","02931491-f56b-4233-a079-812e08bc0c59","TCGA-DD-A114","8659e0b1-4c44-41e6-b1df-85ae143f40ae","TCGA-DD-A114-01A","Primary Tumor","Hepatocellular carcinoma, NOS","selected"
"e8986308-266b-4c08-983c-c800d7c8c7c4","e2b1fa8a-9f03-45fb-b870-abd1df3c5eef.mirbase21.isoforms.quantification.txt",550579,"5832b9697b6b248d0c9b0fdf4a389945","miRNAseq","BCGSC miRNA Profiling","02931491-f56b-4233-a079-812e08bc0c59","TCGA-DD-A114","f7b6ba23-4351-406d-a6a6-59bf8616184a","TCGA-DD-A114-11A","Solid Tissue Normal","Hepatocellular carcinoma, NOS","selected"
"5e776c1d-0ec1-43bc-806a-073ed6c6c8d0","236884e8-0123-42cd-a95e-651d8c5b21c9.mirbase21.isoforms.quantification.txt",505227,"d68efe6d0fa5941a2cafa4ec65a624fa","miRNAseq","BCGSC miRNA Profiling","45b566d7-f120-471c-a94a-be7936889f2d","TCGA-DD-A115","670ffb57-959a-496a-bd9f-d04f71b0c357","TCGA-DD-A115-01A","Primary Tumor","Hepatocellular carcinoma, NOS","selected"
"4dc6c531-81a2-42b2-a23d-124842d285f8","d37dfe18-165b-4b64-bef9-b05520bcb0c7.mirbase21.isoforms.quantification.txt",395308,"a273b675d7175949987be3ef6da8308c","miRNAseq","BCGSC miRNA Profiling","994347ba-3045-4ade-926f-06420fbd906c","TCGA-DD-A116","6be74119-a0bf-4f76-93b3-2433d07ce0d1","TCGA-DD-A116-01A","Primary Tumor","Hepatocellular carcinoma, NOS","selected"
"f740d904-0607-4e04-a259-c81c1ef8698f","b0c63e2f-982b-46bc-9189-e29064d1d0d4.mirbase21.isoforms.quantification.txt",325301,"b3bfc087e74ece2c31e0f85f0c976b55","miRNAseq","BCGSC miRNA Profiling","994347ba-3045-4ade-926f-06420fbd906c","TCGA-DD-A116","bb746b3c-ef5d-405c-96c3-876207a965a2","TCGA-DD-A116-11A","Solid Tissue Normal","Hepatocellular carcinoma, NOS","selected"
"800bebbc-8e6e-4134-abd8-7e071fafba9e","466776cb-6906-4da2-b788-a05a154decf3.mirbase21.isoforms.quantification.txt",360091,"9932a31cadebfab38a8067b83d24debf","miRNAseq","BCGSC miRNA Profiling","7d914d07-f250-4c7a-8fa2-df14e708936e","TCGA-DD-A118","b1da5474-3d42-433c-918e-22cb5c353a13","TCGA-DD-A118-01A","Primary Tumor","Hepatocellular carcinoma, NOS","selected"
"ae310f83-f7ce-4fd9-b642-a6fe62ecfe60","87c8870e-e6a4-4872-8a22-9a52739cbd63.mirbase21.isoforms.quantification.txt",469738,"7de71e945bc09a6e2337c58ea337ef4a","miRNAseq","BCGSC miRNA Profiling","7d914d07-f250-4c7a-8fa2-df14e708936e","TCGA-DD-A118","ba0e5d15-cdac-4fc0-97e7-ef81d921d5d4","TCGA-DD-A118-11A","Solid Tissue Normal","Hepatocellular carcinoma, NOS","selected"
"292db261-28dc-4c23-9fb3-f696c841ec12","19171014-6453-4d92-aa2d-5d08dfaf3b97.mirbase21.isoforms.quantification.txt",380915,"ef24c7f8122d4786643c62bce7ecca81","miRNAseq","BCGSC miRNA Profiling","66c6f413-b7a8-4d7c-9e1d-c4fb257b9e5c","TCGA-DD-A119","7f290198-d88f-465c-8b83-d48bdaa57b4b","TCGA-DD-A119-01A","Primary Tumor","Hepatocellular carcinoma, NOS","selected"
"ccd11d05-8199-4a10-8215-1af618a2a2ec","40f5172c-e22b-4663-9c4a-dde3297fa6fd.mirbase21.isoforms.quantification.txt",399683,"99fa2a127e64949d47cc21ca472a2daa","miRNAseq","BCGSC miRNA Profiling","66c6f413-b7a8-4d7c-9e1d-c4fb257b9e5c","TCGA-DD-A119","d9735f12-76c0-4f95-9ce5-91ca885862b4","TCGA-DD-A119-11A","Solid Tissue Normal","Hepatocellular carcinoma, NOS","selected"
"b0554614-2933-49e3-8020-b68979259718","61ec8919-8b12-43d7-b127-8b68a66bd033.mirbase21.isoforms.quantification.txt",376871,"bc193e2839d207dd927ebb034484003a","miRNAseq","BCGSC miRNA Profiling","609c82fd-eb3a-46d7-8c09-0cde281a50b3","TCGA-DD-A11A","b614fd23-a9ba-420d-9c01-1e82b721e1e8","TCGA-DD-A11A-01A","Primary Tumor","Hepatocellular carcinoma, NOS","selected"
"427861e2-2e90-41df-9949-060a085b0fb8","ce78a1cc-86d6-4cf7-8d5c-498ae9d6ba3f.mirbase21.isoforms.quantification.txt",449638,"66df53256335a245ff096fcece1e1ad3","miRNAseq","BCGSC miRNA Profiling","609c82fd-eb3a-46d7-8c09-0cde281a50b3","TCGA-DD-A11A","0cfc44e7-7450-4815-ac7c-414003a7d6df","TCGA-DD-A11A-11A","Solid Tissue Normal","Hepatocellular carcinoma, NOS","selected"
"caeea9ae-7114-4e89-8364-6f8741fc336a","1b0766e1-f7de-44c8-ba72-0c3c086e836f.mirbase21.isoforms.quantification.txt",357342,"9dfe0de875a7d65df5692b0b2765c101","miRNAseq","BCGSC miRNA Profiling","1b1b1af0-b19b-4086-b1b7-669fa0b88235","TCGA-DD-A11B","cc6197e4-ec24-4cc7-a69d-e20d4bf14c62","TCGA-DD-A11B-01A","Primary Tumor","Hepatocellular carcinoma, NOS","selected"
"33d5aa5c-19b5-43c0-9e9b-f7f6120e15e9","f2072ee7-8f82-46a3-a941-bd9ce06c16b4.mirbase21.isoforms.quantification.txt",494476,"a05964e7981d41759ea9069a9111add7","miRNAseq","BCGSC miRNA Profiling","1b1b1af0-b19b-4086-b1b7-669fa0b88235","TCGA-DD-A11B","8a77f4b1-8b1d-419b-8d1e-73bf2041303a","TCGA-DD-A11B-11A","Solid Tissue Normal","Hepatocellular carcinoma, NOS","selected"
"19cedaa1-6605-4eab-92d3-578804cf8987","dd7dac70-c361-4516-b162-c05fe2e30e75.mirbase21.isoforms.quantification.txt",285513,"c4a61ec3932307c09f6bf5bfdcaab8c9","miRNAseq","BCGSC miRNA Profiling","023a1ad1-fb16-437e-9806-5063b47f76bd","TCGA-DD-A11C","bf79978c-a9c7-429e-bb78-20eea5f16fdf","TCGA-DD-A11C-01A","Primary Tumor","Hepatocellular carcinoma, NOS","selected"
"f304bc76-75c7-4ad6-8f7e-b4ba2834fe5f","1cad3ea0-5791-4db3-834f-e20a69e43c6b.mirbase21.isoforms.quantification.txt",365561,"eafc56c3ef69054513974ffb0e7a58fa","miRNAseq","BCGSC miRNA Profiling","023a1ad1-fb16-437e-9806-5063b47f76bd","TCGA-DD-A11C","f115356f-bccb-4718-9fd1-73bca239cbe4","TCGA-DD-A11C-11A","Solid Tissue Normal","Hepatocellular carcinoma, NOS","selected"
"baa96a23-2d38-477e-9f4c-b7d9506cb92f","b9c836ee-4178-4200-a770-df35e8b108d8.mirbase21.isoforms.quantification.txt",458302,"9a69d1664abeecb11231bfdf67625044","miRNAseq","BCGSC miRNA Profiling","0ef95351-0133-4f34-a59c-90934fb161f8","TCGA-DD-A11D","f1fa4bcc-bcac-4174-984c-f057af2b9826","TCGA-DD-A11D-01A","Primary Tumor","Hepatocellular carcinoma, NOS","selected"
"fb288e4b-df0d-4fe4-b648-a79b54ba00fb","2efef94c-4889-4a1b-942c-aea0f71399b2.mirbase21.isoforms.quantification.txt",468391,"6a4136cd882f3fe7ac59906ac039888a","miRNAseq","BCGSC miRNA Profiling","0ef95351-0133-4f34-a59c-90934fb161f8","TCGA-DD-A11D","2969dd04-f315-48ae-b92c-995bd3fc59c4","TCGA-DD-A11D-11A","Solid Tissue Normal","Hepatocellular carcinoma, NOS","selected"
"873fb905-6359-4b79-a442-cd678f07402d","fd25ab2b-b048-400c-bab5-38bf4a039640.mirbase21.isoforms.quantification.txt",462533,"dc36a33effade4d2bf1463e310e4449e","miRNAseq","BCGSC miRNA Profiling","8052c374-9435-4588-b970-68565c56dbb7","TCGA-DD-A1EA","ad574b69-318d-449a-ad7d-78de9de5a042","TCGA-DD-A1EA-01A","Primary Tumor","Hepatocellular carcinoma, NOS","selected"
"48cc12da-37e3-43e8-a7de-303ecd909430","3a52c147-c498-477f-8c2a-35b4240b3364.mirbase21.isoforms.quantification.txt",496919,"687ee486a53d9fa98e5a480d4ac1c6bd","miRNAseq","BCGSC miRNA Profiling","68015cc7-d3a1-4c90-b8fb-5d14143d9960","TCGA-DD-A1EB","fee48a64-cf2f-4ae9-b3cf-315410d8e8ae","TCGA-DD-A1EB-01A","Primary Tumor","Hepatocellular carcinoma, NOS","selected"
"a3e10f19-a842-4fcb-9cd9-1b73f06b4857","b5e433b6-600f-44f7-9b75-5647ec0aa9d8.mirbase21.isoforms.quantification.txt",521538,"7d75850de5fd3f270aab6432b55242be","miRNAseq","BCGSC miRNA Profiling","68015cc7-d3a1-4c90-b8fb-5d14143d9960","TCGA-DD-A1EB","759a494f-c699-4dd6-9553-45265c667dae","TCGA-DD-A1EB-11A","Solid Tissue Normal","Hepatocellular carcinoma, NOS","selected"
"6b4d6375-1416-4240-9c19-381c5b306633","daa97789-dc09-463b-93a4-c0a70a1bf829.mirbase21.isoforms.quantification.txt",408406,"bd49d0c86afae4c11e01d8fb7de6f5a7","miRNAseq","BCGSC miRNA Profiling","520a709a-87f6-4f3d-b2a2-9192e3b65c5b","TCGA-DD-A1EC","1a0498cb-07d9-418a-8d88-cf52a373d9f0","TCGA-DD-A1EC-01A","Primary Tumor","Hepatocellular carcinoma, NOS","selected"
"5c886171-d556-4dae-b7a2-9f10f291fc63","8e03b4c8-4049-44a4-91b4-7aecd34a76e5.mirbase21.isoforms.quantification.txt",548992,"a110c03e6016200e2e2e6478e0c3bdee","miRNAseq","BCGSC miRNA Profiling","520a709a-87f6-4f3d-b2a2-9192e3b65c5b","TCGA-DD-A1EC","d41b3e1e-885e-4e68-b6e7-d2ce582e9c2b","TCGA-DD-A1EC-11A","Solid Tissue Normal","Hepatocellular carcinoma, NOS","selected"
"d24c5940-a45c-4789-9f0a-72e48cd6dcfd","67a5165d-0e1f-4e3b-aaf5-7b1dc1d78c46.mirbase21.isoforms.quantification.txt",379003,"2d3618447cba654361c473afb480e140","miRNAseq","BCGSC miRNA Profiling","0ff6364a-e6f4-47ca-a7e7-14705bf0a8df","TCGA-DD-A1ED","1cf84c3e-e7e2-43a6-b9af-e0042312f02f","TCGA-DD-A1ED-01A","Primary Tumor","Hepatocellular carcinoma, NOS","selected"
"737cdeca-d8f1-49e4-be85-2a1ed87a2a37","49eca4e4-2ada-42f4-838a-0cbf235807d2.mirbase21.isoforms.quantification.txt",334934,"51f2d98e7c2579ada531394ef795f959","miRNAseq","BCGSC miRNA Profiling","654af137-70d9-4ee4-9f69-793e352d30f8","TCGA-DD-A1EE","43879fcb-cf8f-4b51-a5a7-1232df941865","TCGA-DD-A1EE-01A","Primary Tumor","Hepatocellular carcinoma, NOS","selected"
"2b075eb8-4d22-4eef-9562-46612573c0c9","c7339bf1-f0bc-45a6-a623-2c593268008a.mirbase21.isoforms.quantification.txt",461732,"8e691721de3410989d340ded13c0a172","miRNAseq","BCGSC miRNA Profiling","654af137-70d9-4ee4-9f69-793e352d30f8","TCGA-DD-A1EE","d9fd7e08-27aa-4081-96fe-86b7ec06d3df","TCGA-DD-A1EE-11A","Solid Tissue Normal","Hepatocellular carcinoma, NOS","selected"
"d67ff1a1-d569-4c10-82d2-347e79cfa861","97640a9e-59b7-4f5d-a654-c6893e4fa416.mirbase21.isoforms.quantification.txt",455611,"e5454cb4206f1a6b313b195ff517770e","miRNAseq","BCGSC miRNA Profiling","1c1e8987-676f-417b-b3b4-e0321367df55","TCGA-DD-A1EF","f11e2b07-2848-4601-b19f-eed188aa4c3b","TCGA-DD-A1EF-01A","Primary Tumor","Hepatocellular carcinoma, NOS","selected"
"659585b0-2801-47d0-ad83-8cb38306cce1","32ad6800-b6d0-43d4-bf5e-332ab2927739.mirbase21.isoforms.quantification.txt",535449,"1abb163f9eb839e21ef51152f936bb25","miRNAseq","BCGSC miRNA Profiling","6c79f64b-63fe-46f5-bf7b-77208231b0f2","TCGA-DD-A1EG","e8b59658-06c6-46b7-b51f-ed52de0c403e","TCGA-DD-A1EG-01A","Primary Tumor","Hepatocellular carcinoma, NOS","selected"
"725ea4e2-de53-4266-a86f-c66f62141bbc","3cab1095-053c-4c07-92c2-05ff34e8cf39.mirbase21.isoforms.quantification.txt",419479,"1e078d93c4d42080bdcaac2c1a6dfb0d","miRNAseq","BCGSC miRNA Profiling","6c79f64b-63fe-46f5-bf7b-77208231b0f2","TCGA-DD-A1EG","47e4251c-0035-411a-b2dc-ddbae8ee757a","TCGA-DD-A1EG-11A","Solid Tissue Normal","Hepatocellular carcinoma, NOS","selected"
"b864d697-a761-438d-921e-9b9044eebfbb","71e4165a-b0b3-4584-add1-17d2e8d8066c.mirbase21.isoforms.quantification.txt",447890,"275a9a10e9623f075241a2ddd8e591c0","miRNAseq","BCGSC miRNA Profiling","cab5b264-abab-4bdb-816e-9d2c0ac30629","TCGA-DD-A1EH","44c98b82-adcb-4597-a9db-83e7d2a0e2f9","TCGA-DD-A1EH-01A","Primary Tumor","Hepatocellular carcinoma, NOS","selected"
"747212be-85ca-4247-ab89-c87973d0373b","021a7a45-65f2-4d27-af1c-4bfc1cbeb77a.mirbase21.isoforms.quantification.txt",482907,"3899367eb394cab558c07b965f05cdae","miRNAseq","BCGSC miRNA Profiling","cab5b264-abab-4bdb-816e-9d2c0ac30629","TCGA-DD-A1EH","db3d6662-eebb-4396-93e3-b5f1022c90d2","TCGA-DD-A1EH-11A","Solid Tissue Normal","Hepatocellular carcinoma, NOS","selected"
"7b72a3da-54e0-4ba8-a044-e17e94a05429","7cf036ae-7bf7-4234-8ccd-206945bce686.mirbase21.isoforms.quantification.txt",401260,"7f5304833cd944ee238773ce9132bfe9","miRNAseq","BCGSC miRNA Profiling","3acf7438-fd65-442c-8a30-68b6714537f3","TCGA-DD-A1EI","65fb618a-9296-47ad-bba9-a93fc3f88e68","TCGA-DD-A1EI-01A","Primary Tumor","Hepatocellular carcinoma, NOS","selected"
"feeba585-0a93-44ef-95e3-ba99b94bd7de","b8aef3cd-383c-455f-918a-cfd7405ef7f5.mirbase21.isoforms.quantification.txt",408877,"d78c0cd6393c4d20d9d85695b3d14cc1","miRNAseq","BCGSC miRNA Profiling","3acf7438-fd65-442c-8a30-68b6714537f3","TCGA-DD-A1EI","48f02d39-0821-4a45-87a1-11349283e105","TCGA-DD-A1EI-11A","Solid Tissue Normal","Hepatocellular carcinoma, NOS","selected"
"725ba189-bc0d-4811-bcec-fc8c522729f7","0777899a-fe18-4b82-ab1f-9b8f90c5f65d.mirbase21.isoforms.quantification.txt",430607,"19f090d1c5836a2a5de1114d821d300f","miRNAseq","BCGSC miRNA Profiling","52292ffc-0902-4d97-b461-20723987a177","TCGA-DD-A1EJ","2d549bb0-9e98-40c7-8b33-545c481dd105","TCGA-DD-A1EJ-01A","Primary Tumor","Hepatocellular carcinoma, NOS","selected"
"57356eb7-59d8-4128-b345-e0b246092c8c","fce8c96b-2490-4ac7-8dc8-85ae1d467aa0.mirbase21.isoforms.quantification.txt",439361,"ee99f2bed3076364fda26c6e52364c6d","miRNAseq","BCGSC miRNA Profiling","52292ffc-0902-4d97-b461-20723987a177","TCGA-DD-A1EJ","617875bb-9eaf-4436-ac52-7b23e526df90","TCGA-DD-A1EJ-11A","Solid Tissue Normal","Hepatocellular carcinoma, NOS","selected"
"f2bfa338-e77f-4ffd-8fb8-1fc96ac56dee","5ef61536-fc67-417b-a93a-521c0a518441.mirbase21.isoforms.quantification.txt",437618,"3a717ab04c4dd576a98adbd2b7e44cc7","miRNAseq","BCGSC miRNA Profiling","a5e4412b-0e49-4d86-9cce-71f440a84048","TCGA-DD-A1EK","71ccf91a-f2af-4c6b-a22f-769f4cc96163","TCGA-DD-A1EK-01A","Primary Tumor","Hepatocellular carcinoma, NOS","selected"
"0645c2b6-2481-4df8-b01a-76bed194c780","c9ed9784-8393-4df6-8f37-a5be03669c3d.mirbase21.isoforms.quantification.txt",328038,"1d6543a7aa141c9da82dd8fc519e90f3","miRNAseq","BCGSC miRNA Profiling","2854ffe8-1f77-497a-bf49-11e0189fee35","TCGA-DD-A1EL","5a756b40-6c08-47e8-9b25-9b3ffff39606","TCGA-DD-A1EL-01A","Primary Tumor","Hepatocellular carcinoma, NOS","selected"
"7e372e75-ea1e-4be0-936a-8582c7b4ef44","40e8a612-65e5-4fcd-b836-879510c5dfaf.mirbase21.isoforms.quantification.txt",389573,"f9c25b300ccaa3694eb867cdbd0ec0cd","miRNAseq","BCGSC miRNA Profiling","2854ffe8-1f77-497a-bf49-11e0189fee35","TCGA-DD-A1EL","8c47698b-2797-4343-9a22-7f5094fddd72","TCGA-DD-A1EL-11A","Solid Tissue Normal","Hepatocellular carcinoma, NOS","selected"
"47c7e39d-f1ca-47e0-9224-82ee8406c8f3","c20c5f2c-d2a8-4069-91c7-b81d71fb7601.mirbase21.isoforms.quantification.txt",422003,"239236839dec0ffaf97253ff60e87b78","miRNAseq","BCGSC miRNA Profiling","dd056692-4e2a-4e45-a4d0-357af9754f0e","TCGA-DD-A39V","23fcd37f-a46a-4f99-944e-aed930b009f7","TCGA-DD-A39V-01A","Primary Tumor","Hepatocellular carcinoma, NOS","selected"
"9c2fe6c1-74d9-4b53-b3b2-6de928d5d7dd","d0b6bf8b-b8b0-4d16-8c1a-4a3b3507fb14.mirbase21.isoforms.quantification.txt",407510,"9d64b47bfcaeb073829ba4c0ba564d15","miRNAseq","BCGSC miRNA Profiling","dd056692-4e2a-4e45-a4d0-357af9754f0e","TCGA-DD-A39V","bee5bcfe-cbfd-4cfc-8214-dc83f557c678","TCGA-DD-A39V-11A","Solid Tissue Normal","Hepatocellular carcinoma, NOS","selected"
"8e668af9-d71c-4b49-9daf-479534f60f18","17a97808-a8f7-4c49-a471-46ac9c44540f.mirbase21.isoforms.quantification.txt",483265,"5a63fffb58d35aff940b59272cd9cf35","miRNAseq","BCGSC miRNA Profiling","48d33449-b969-423a-b4e7-541809109617","TCGA-DD-A39W","88dd13c0-6e32-4a07-8250-620e85dc1f40","TCGA-DD-A39W-01A","Primary Tumor","Hepatocellular carcinoma, NOS","selected"
"40b43dfa-1299-4c11-b309-3ee7884c3930","ea66d60b-c21a-4899-997e-e54b733673a5.mirbase21.isoforms.quantification.txt",411115,"68857286f66a2a8cbfcd60ad969f3eb9","miRNAseq","BCGSC miRNA Profiling","48d33449-b969-423a-b4e7-541809109617","TCGA-DD-A39W","b24629ef-b23a-4c2b-879c-6a8a2fd58973","TCGA-DD-A39W-11A","Solid Tissue Normal","Hepatocellular carcinoma, NOS","selected"
"84867980-8f07-46da-977b-961de22796f1","27261a28-d8a7-4aa4-8b0a-028f0b038486.mirbase21.isoforms.quantification.txt",372281,"fa0936f40b28fec5668e871f93f30f01","miRNAseq","BCGSC miRNA Profiling","0d0a10b4-7b99-4043-a129-89844f258156","TCGA-DD-A39X","75148cc5-ac7b-408c-b14f-595763e494eb","TCGA-DD-A39X-01A","Primary Tumor","Hepatocellular carcinoma, NOS","selected"
"06ba6f0c-2dbb-431f-bdaf-ffce9a4acd33","26ed5a27-73f0-441f-bb31-f61d80ca1d51.mirbase21.isoforms.quantification.txt",395759,"3203636a496b2f84295d6e18ebb6aafb","miRNAseq","BCGSC miRNA Profiling","0d0a10b4-7b99-4043-a129-89844f258156","TCGA-DD-A39X","4b14715b-84e2-4ff9-9db6-998f42fe9fa8","TCGA-DD-A39X-11A","Solid Tissue Normal","Hepatocellular carcinoma, NOS","selected"
"feba936a-cd3e-4af8-84bd-1f1d6fba7d56","1eb9f5e8-9ac3-454b-8c63-d4040d87eb2e.mirbase21.isoforms.quantification.txt",473041,"6d0f0fa4ffae07e18ea9bc91b5c06b3e","miRNAseq","BCGSC miRNA Profiling","bed1d731-e382-4b80-9604-e6dd68d9c0ab","TCGA-DD-A39Y","5c9a03b5-3bbe-4377-b837-20cc178a9c2c","TCGA-DD-A39Y-01A","Primary Tumor","Hepatocellular carcinoma, NOS","selected"
"b06a6f18-7172-4f91-b107-b7fb908dfa79","60138250-ac3b-49ae-b41a-ddfea66833c4.mirbase21.isoforms.quantification.txt",394891,"d4028fe490d18b880e57355331578b0d","miRNAseq","BCGSC miRNA Profiling","42cb60f0-1a9e-4f59-8e2e-50c25e85cb98","TCGA-DD-A39Z","02d27600-4857-4316-974d-0cf70c4c7056","TCGA-DD-A39Z-01A","Primary Tumor","Hepatocellular carcinoma, NOS","selected"
"f816dd03-f55b-4c65-801c-62646d655c2a","f7332a1d-ba16-44cd-b6c8-2639fdd568bf.mirbase21.isoforms.quantification.txt",426600,"a7400a3124a3fdd753cc4f98965daf13","miRNAseq","BCGSC miRNA Profiling","42cb60f0-1a9e-4f59-8e2e-50c25e85cb98","TCGA-DD-A39Z","7da50944-297e-46ab-8e8e-20631c68d010","TCGA-DD-A39Z-11A","Solid Tissue Normal","Hepatocellular carcinoma, NOS","selected"
"f9d93e54-7994-4c68-bc14-7778d8bba4d6","d29cbafb-e1f9-4d1f-b31c-ea71d91edc09.mirbase21.isoforms.quantification.txt",453732,"e1944c3063c29eb239d9a2309341bd11","miRNAseq","BCGSC miRNA Profiling","ae99d9fd-1735-4217-b4ef-33b377fbd594","TCGA-DD-A3A0","ef575b18-0cd6-40f0-ac36-076347748a05","TCGA-DD-A3A0-01A","Primary Tumor","Hepatocellular carcinoma, NOS; Not Reported","selected"
"8224ac3f-5c8b-4db1-a8ac-08fb5617f80a","4e4dfc8e-ed7b-4876-b65b-0e18427fa897.mirbase21.isoforms.quantification.txt",392768,"11d4b6a9aabd0259c3e218c531cc351d","miRNAseq","BCGSC miRNA Profiling","877b9f6b-9b34-40ed-933f-8fef204edf21","TCGA-DD-A3A1","fb5cca74-f88a-410f-9220-503cd644c002","TCGA-DD-A3A1-01A","Primary Tumor","Hepatocellular carcinoma, NOS","selected"
"cd726eb5-27cb-4ca8-9646-dd57803dd573","db6c70f9-0f91-4892-be97-ad787e722586.mirbase21.isoforms.quantification.txt",432604,"4bb2be5117c680a7ab5b1975d31c43a9","miRNAseq","BCGSC miRNA Profiling","877b9f6b-9b34-40ed-933f-8fef204edf21","TCGA-DD-A3A1","118cbeed-8dee-4253-9850-f2ba7e589a0d","TCGA-DD-A3A1-11A","Solid Tissue Normal","Hepatocellular carcinoma, NOS","selected"
"51e2a13b-c946-487e-b08a-cd085ff38c74","96cba414-a0c4-4699-85ea-22dce0c73355.mirbase21.isoforms.quantification.txt",252761,"1d404a5ba71fbacc8090f073b0b5cee6","miRNAseq","BCGSC miRNA Profiling","357c1c08-f368-4cae-8f20-9be241b30479","TCGA-DD-A3A2","8deaa382-46df-4f30-b6ee-c2cacf762eb3","TCGA-DD-A3A2-01A","Primary Tumor","Hepatocellular carcinoma, NOS","selected"
"f41acabb-79ca-43b5-ac04-a2cff11d1527","2408a145-2389-4920-8275-f55028477272.mirbase21.isoforms.quantification.txt",387063,"f494ae96131fc3af9eba43198603a4e8","miRNAseq","BCGSC miRNA Profiling","357c1c08-f368-4cae-8f20-9be241b30479","TCGA-DD-A3A2","b25d09df-dc59-4a79-8e1b-38e525232901","TCGA-DD-A3A2-11A","Solid Tissue Normal","Hepatocellular carcinoma, NOS","selected"
"38b043ec-c2ef-40f9-af68-246ebf30af29","b04c6179-5e1a-4def-bc45-90558b394a21.mirbase21.isoforms.quantification.txt",372067,"92cacf9b02465c46746aa99ebd0b48da","miRNAseq","BCGSC miRNA Profiling","516c8594-2973-41e5-a5ce-76d177edfa48","TCGA-DD-A3A3","94306c6e-490a-4681-b61e-6a9e935065bc","TCGA-DD-A3A3-01A","Primary Tumor","Hepatocellular carcinoma, NOS","selected"
"68e61ff1-6b05-4a5a-a038-21ada4b21d79","a666dd4f-cb34-44b5-97f7-b224805da718.mirbase21.isoforms.quantification.txt",515303,"1677e70771cf7551c683c3a5a6c63462","miRNAseq","BCGSC miRNA Profiling","516c8594-2973-41e5-a5ce-76d177edfa48","TCGA-DD-A3A3","1079b0a9-f74e-4d0a-bed0-22aad6ea64e2","TCGA-DD-A3A3-11A","Solid Tissue Normal","Hepatocellular carcinoma, NOS","selected"
"894c9d43-e802-4c31-ae44-a8e5f665c019","74a33529-dde1-4aa5-849f-c8011c4bc26b.mirbase21.isoforms.quantification.txt",272586,"c65b5b9e02a4b17c0cf91f5b038ba288","miRNAseq","BCGSC miRNA Profiling","ab35c9f9-3040-424d-a89f-dff3a1365bc6","TCGA-DD-A3A4","8bcc5576-c437-4ea7-a914-d4b465c8d5dd","TCGA-DD-A3A4-01A","Primary Tumor","Hepatocellular carcinoma, NOS","selected"
"b39ee0e5-40dc-4a07-a2bc-a01471226def","94cf0aec-2bff-4c96-94fc-7f79f1997dd5.mirbase21.isoforms.quantification.txt",376452,"4e858b8bf51a4dd66c5e51e90c598705","miRNAseq","BCGSC miRNA Profiling","ab35c9f9-3040-424d-a89f-dff3a1365bc6","TCGA-DD-A3A4","0e4ced27-5d8e-4c6f-bb6e-583d5ef4d5a1","TCGA-DD-A3A4-11A","Solid Tissue Normal","Hepatocellular carcinoma, NOS","selected"
"29c68da8-b8f3-4f24-a7af-3fb16ba866dd","901e4374-c44c-4069-8458-59b29947023a.mirbase21.isoforms.quantification.txt",453855,"99c857c62927e7bc1715c094f9cb2558","miRNAseq","BCGSC miRNA Profiling","d8549d23-37d4-42bd-b472-f49bbebd09b0","TCGA-DD-A3A5","2be2966f-d7be-4fb4-bee9-c00c47f7ab69","TCGA-DD-A3A5-01A","Primary Tumor","Hepatocellular carcinoma, NOS","selected"
"329ed5f4-1e6b-4619-99ce-9debc2f286b2","74ba733b-d534-4acf-8b41-aed84a626897.mirbase21.isoforms.quantification.txt",318184,"e00711d466915102a34a95c6aea3057a","miRNAseq","BCGSC miRNA Profiling","d8549d23-37d4-42bd-b472-f49bbebd09b0","TCGA-DD-A3A5","3e439275-1fcb-4bed-a34b-883baa5151e1","TCGA-DD-A3A5-11A","Solid Tissue Normal","Hepatocellular carcinoma, NOS","selected"
"709336a5-ee49-4833-a96c-c11c7627e5d9","8f1b5875-074e-4000-b83f-733d45b9801e.mirbase21.isoforms.quantification.txt",450896,"faa6348bf0ff9273f802f68f89545161","miRNAseq","BCGSC miRNA Profiling","c4c4820b-6f4c-4cdd-b233-4d22f5933fd9","TCGA-DD-A3A6","8bbfeeab-ff99-4bd0-b407-e1e532bd04fc","TCGA-DD-A3A6-01A","Primary Tumor","Hepatocellular carcinoma, NOS","selected"
"20bf8cf0-9a72-45e0-87ea-26db3be1442d","eddf2be1-b21f-47a0-8288-41a988744f80.mirbase21.isoforms.quantification.txt",353230,"e7be8437153ce323f9a10fa02b35ed41","miRNAseq","BCGSC miRNA Profiling","c4c4820b-6f4c-4cdd-b233-4d22f5933fd9","TCGA-DD-A3A6","88af1e79-aa6c-46fb-b087-bb4ce8aeb1ad","TCGA-DD-A3A6-11A","Solid Tissue Normal","Hepatocellular carcinoma, NOS","selected"
"a474a6e7-cb2b-4c34-9113-53163e9a3c6e","5b3c1508-dd1c-4b54-95f1-c37f540de214.mirbase21.isoforms.quantification.txt",372470,"ac0f3d62eaa4b8f81ff30a315d6b3ab9","miRNAseq","BCGSC miRNA Profiling","614c0ecf-6a84-4c86-8706-79be5bb00991","TCGA-DD-A3A7","1ef290a3-d054-4e3a-9683-8f99a2010e3e","TCGA-DD-A3A7-01A","Primary Tumor","Hepatocellular carcinoma, NOS","selected"
"437d62bf-2bba-4d13-898d-00190f7ef01b","1130990d-3295-4019-a8e2-1cc827aa76ca.mirbase21.isoforms.quantification.txt",262827,"6fded32814294e71bb3f690c7569b2ee","miRNAseq","BCGSC miRNA Profiling","69d6881b-9e9a-407b-8b02-bad5fc2455bf","TCGA-DD-A3A8","93d007f8-84d9-427d-a1e9-54919605f7b3","TCGA-DD-A3A8-01A","Primary Tumor","Squamous cell carcinoma, NOS; Hepatocellular carcinoma, NOS; Adenocarcinoma, NOS","selected"
"d5a8e2e1-f6ad-4b82-913d-285b83b8c167","d61a613f-28a1-4a43-ba05-d1a97b66f9f3.mirbase21.isoforms.quantification.txt",380728,"e613c1b0ca252a72e8093fd4c244d080","miRNAseq","BCGSC miRNA Profiling","69d6881b-9e9a-407b-8b02-bad5fc2455bf","TCGA-DD-A3A8","f070e7db-1215-4864-9293-c778f161ae68","TCGA-DD-A3A8-11A","Solid Tissue Normal","Squamous cell carcinoma, NOS; Hepatocellular carcinoma, NOS; Adenocarcinoma, NOS","selected"
"961cd50e-bfaf-4964-8e5b-48cf0b0e0791","bdfd12a9-cc75-4714-ab33-1e784d07de50.mirbase21.isoforms.quantification.txt",331528,"abc2c9dc4c7bfb313933b7af33dde820","miRNAseq","BCGSC miRNA Profiling","457cca7c-a8b4-414e-a3c0-7fccf0ee2034","TCGA-DD-A3A9","9bfbc85e-86e0-4ac5-9304-84b1eb32b9cc","TCGA-DD-A3A9-01A","Primary Tumor","Hepatocellular carcinoma, NOS","selected"
"a683bda0-9a65-4c36-9452-7bc83189d29a","9a24b33a-33e4-4bba-81be-cc37f5bd7e8f.mirbase21.isoforms.quantification.txt",303375,"a327f4c92d1d3ab9e21c5b5baaefab68","miRNAseq","BCGSC miRNA Profiling","bee9d6c8-948f-4b76-97ca-b985064249ef","TCGA-DD-A4NA","1e7c53f1-dfb6-4a50-bd83-f8062b1306f2","TCGA-DD-A4NA-01A","Primary Tumor","Hepatocellular carcinoma, NOS","selected"
"8c4342ca-7581-4618-9279-561f85ed15b3","e15f71db-2d5a-4c5b-87f7-9116e6438696.mirbase21.isoforms.quantification.txt",330611,"1811859dfd74be73ffafd2960020940f","miRNAseq","BCGSC miRNA Profiling","c0bf9278-9cbb-4361-b4d8-ab172b67e276","TCGA-DD-A4ND","4282039e-396b-44d8-b4ec-ac14c46ddef6","TCGA-DD-A4ND-01A","Primary Tumor","Not Reported; Hepatocellular carcinoma, NOS; Infiltrating duct carcinoma, NOS; Malignant melanoma, NOS","selected"
"f19336a9-5f6b-4b91-a358-f36c1b88fd05","3a134229-ca4d-4f91-9b3b-924d5bb890e0.mirbase21.isoforms.quantification.txt",348265,"5b356fd8eb437cd1db5f64cdbdf0a540","miRNAseq","BCGSC miRNA Profiling","bce25281-502e-4599-9679-32dc8462ffb1","TCGA-DD-A4NE","c8cb1326-7ab9-4e3d-bdc9-9ce42715dac7","TCGA-DD-A4NE-01A","Primary Tumor","Hepatocellular carcinoma, NOS","selected"
"2822abab-df09-4b94-bbab-3cb7568eeb2a","a37291cc-6784-4d48-b4a0-27d2350c2dc5.mirbase21.isoforms.quantification.txt",278392,"de3e10bd40423325d55b495ed81d3e67","miRNAseq","BCGSC miRNA Profiling","1043bc90-72c9-48c9-ae24-f617d0485e78","TCGA-DD-A4NF","64150fa1-b4bf-4918-a801-e6a2cc70e5c7","TCGA-DD-A4NF-01A","Primary Tumor","Hepatocellular carcinoma, NOS","selected"
"4dcf743d-b00d-49f2-ba17-ccf024cbcb05","1f0d96c8-c319-461e-ae7c-5bf12e9ed5f5.mirbase21.isoforms.quantification.txt",252896,"e1507361e1932859546c26d1555c77af","miRNAseq","BCGSC miRNA Profiling","89791f8f-dc06-4a04-b166-afbfd6cf53de","TCGA-DD-A4NG","38507edd-dfb4-4931-9895-2c0482bd4555","TCGA-DD-A4NG-01A","Primary Tumor","Hepatocellular carcinoma, NOS","selected"
"5016c57b-be93-4681-a791-d70e818db99e","5cf6d701-7ef9-4f5f-aef3-264e1cfb279d.mirbase21.isoforms.quantification.txt",409799,"31cb9076a54433800b236b9b6f3d6f79","miRNAseq","BCGSC miRNA Profiling","4012ea90-5768-4acc-af3a-ba954f493db4","TCGA-DD-A4NH","493270aa-eb7d-4047-b438-c4e056e626ee","TCGA-DD-A4NH-01A","Primary Tumor","Hepatocellular carcinoma, NOS","selected"
"0ae6ec10-03a0-47bd-852c-65356fbda7d0","0847bfd1-e96b-4246-9e9d-ee7e121e93d7.mirbase21.isoforms.quantification.txt",292890,"c5252c927d6aec7af7e03dd7ae024ad2","miRNAseq","BCGSC miRNA Profiling","518aa9cc-71cf-4734-9d55-b435da99d300","TCGA-DD-A4NI","453e3da6-a1b3-4303-9a08-17d99027910f","TCGA-DD-A4NI-01A","Primary Tumor","Adenocarcinoma, NOS; Hepatocellular carcinoma, NOS","selected"
"d5a34e09-d668-4164-b039-96e49707349f","781988c7-83c1-491e-9122-b75f5e78c96b.mirbase21.isoforms.quantification.txt",243465,"5ad39bf210b15b5b69a5656523bb81f9","miRNAseq","BCGSC miRNA Profiling","e0067280-2722-46f2-a5a8-352c77b47e38","TCGA-DD-A4NL","ae09a90d-e285-44c1-993d-75b9aa7749c4","TCGA-DD-A4NL-01A","Primary Tumor","Hepatocellular carcinoma, NOS","selected"
"a44469d7-f577-4188-8d4c-fd611e5e22ab","99c2dd95-0ea8-4159-8dc2-1ed74d2f98ad.mirbase21.isoforms.quantification.txt",343581,"df5ef7eed32efe601bed0b12f63b3f18","miRNAseq","BCGSC miRNA Profiling","b96b7620-5506-4def-aff2-5e888eaf3ea5","TCGA-DD-A4NN","423590e6-7496-40ee-8b1d-99986366ebc8","TCGA-DD-A4NN-01A","Primary Tumor","Hepatocellular carcinoma, NOS","selected"
"a5baed78-a8ce-42e9-b87d-5164e50a9c01","e99c958b-8470-4cce-a431-8bb4575797b0.mirbase21.isoforms.quantification.txt",290332,"ce281c89fac4cc65cdae0e35ed1b99de","miRNAseq","BCGSC miRNA Profiling","75f78c38-6854-4390-ad11-789b4e549d63","TCGA-DD-A4NO","4ef18704-c08f-4f69-a5ae-09ade360650e","TCGA-DD-A4NO-01A","Primary Tumor","Hepatocellular carcinoma, NOS","selected"
"3eeb8c3e-ce3a-4d0c-a766-2aa96c14fb7d","aeaebde8-5fbb-42ff-9201-7dbcb63987c4.mirbase21.isoforms.quantification.txt",270106,"fd655536f75782495f9db049bc6f7558","miRNAseq","BCGSC miRNA Profiling","001887aa-36d0-463f-8bca-dec7043b4f2e","TCGA-DD-A4NP","8d3e521b-6df4-4633-bb44-7647ded94130","TCGA-DD-A4NP-01A","Primary Tumor","Hepatocellular carcinoma, NOS","selected"
"fa41e713-7dc3-41c9-bbf4-db8d17cc0b21","45da1c01-0316-4dbf-939b-4a758fd7e5e7.mirbase21.isoforms.quantification.txt",301223,"b4c4412ece3d046a833b0300a5095d08","miRNAseq","BCGSC miRNA Profiling","c05720fe-19c1-4cff-819b-6806b26fc312","TCGA-DD-A4NQ","1e18c64b-42c7-424b-bd32-a1e7797f28a7","TCGA-DD-A4NQ-01A","Primary Tumor","Hepatocellular carcinoma, NOS","selected"
"9bc42ddf-03a7-489d-95c1-fc4c6e098a67","56d1bce5-12cf-4634-8031-71cbe49cdc87.mirbase21.isoforms.quantification.txt",210154,"a93530e8fc8b640ac2fe237f6c36871e","miRNAseq","BCGSC miRNA Profiling","52a7f734-da07-49c5-861d-c70da37ff959","TCGA-DD-A4NR","71bc4fd0-374f-423e-a8b4-ae1bceceda83","TCGA-DD-A4NR-01A","Primary Tumor","Hepatocellular carcinoma, NOS","selected"
"21b58db5-12dd-490b-97e0-15395d2aac23","c8cf3427-099c-417f-8b4a-c05782bf57a1.mirbase21.isoforms.quantification.txt",279605,"2f8634d4508047c74202d36674a5657a","miRNAseq","BCGSC miRNA Profiling","a6a3f07c-ced4-451b-b2e5-c93e4ed622c1","TCGA-DD-A4NS","fbab0003-7e83-46d4-a265-c19f9b183292","TCGA-DD-A4NS-01A","Primary Tumor","Hepatocellular carcinoma, NOS","selected"
"5b5f59e5-1083-485d-ba2e-776052f61bd5","2e99a80a-5419-4962-8de7-2c1719385498.mirbase21.isoforms.quantification.txt",247722,"035baaf5026032d9ea8c6c6d1e1a96f1","miRNAseq","BCGSC miRNA Profiling","8e5ce60b-2eda-482d-b109-210df1321aff","TCGA-DD-A4NV","118f2987-8ab8-4e16-8010-94971faa29a0","TCGA-DD-A4NV-01A","Primary Tumor","Hepatocellular carcinoma, NOS","selected"
"76afe7ce-daeb-4663-b48b-76fa4b02103d","b80f0918-7128-4b02-a481-ce03bd9f66d4.mirbase21.isoforms.quantification.txt",298021,"1cd2feffcaeb6d89b009a400e88c094a","miRNAseq","BCGSC miRNA Profiling","b6c0266a-cf34-464a-808d-1d3c28dc90f2","TCGA-DD-A73A","51a910ec-5097-4f8e-b520-b574e23f33df","TCGA-DD-A73A-01A","Primary Tumor","Hepatocellular carcinoma, NOS","selected"
"b0e73eb5-d469-4e3f-a62a-995af1816919","bc0b410a-3426-46dc-adaf-317a79fc5347.mirbase21.isoforms.quantification.txt",309298,"ad328e41e110ce5b204857ea9bc27ea1","miRNAseq","BCGSC miRNA Profiling","5449c232-56f1-4e03-9421-aba3ae180107","TCGA-DD-A73B","7a4f8926-1472-4a9b-b0f6-e28bd7ceb6e8","TCGA-DD-A73B-01A","Primary Tumor","Hepatocellular carcinoma, NOS","selected"
"096529d6-cefd-444b-ac04-bd77e9098c20","ad114591-0409-4bc5-8f0b-dbb44a5ad0eb.mirbase21.isoforms.quantification.txt",292793,"78cc3906a25e05bbb04a7846d2bd2152","miRNAseq","BCGSC miRNA Profiling","79f9331c-9e00-4277-a9d1-7c848e132134","TCGA-DD-A73C","2473ff5a-9cd4-4695-b5f3-36a30e2a04a1","TCGA-DD-A73C-01A","Primary Tumor","Hepatocellular carcinoma, NOS","selected"
"554b8194-f1fc-4073-aa95-5a3a882faa0f","092c7bb9-0d2d-4bc6-a9b9-7ca5f6adc721.mirbase21.isoforms.quantification.txt",318306,"5ed16761bb29213f0dd49eadb59817aa","miRNAseq","BCGSC miRNA Profiling","24170a77-94e0-4002-9d3e-a46c84e84fca","TCGA-DD-A73D","294d514d-43dd-4fda-852a-792a8999493a","TCGA-DD-A73D-01A","Primary Tumor","Hepatocellular carcinoma, NOS","selected"
"fd3bf88d-8d92-4616-9c6e-1d04e6dd6bfd","34f04a31-ce87-49c8-88a9-23761b370a79.mirbase21.isoforms.quantification.txt",233698,"23a77560401e3f0043fdce069be2c243","miRNAseq","BCGSC miRNA Profiling","e0863874-f7b8-49b6-a88b-5ae5f1ec2b15","TCGA-DD-A73E","d4fcbd8f-0b83-4b9d-ac2c-ce8c47412cc3","TCGA-DD-A73E-01A","Primary Tumor","Hepatocellular carcinoma, NOS","selected"
"f4f35bc7-58f6-49b5-8bfc-1fd184f3be8d","bcee2b22-b36a-4df1-b479-7bc569ad7fb6.mirbase21.isoforms.quantification.txt",372765,"83e5eed57831d55c6f0e2d8bdd5d11f4","miRNAseq","BCGSC miRNA Profiling","870c86e7-d6e1-4f9d-bb0b-bd1c66d6bcde","TCGA-DD-A73F","a15cf382-8456-4096-96a6-f211dea6ba78","TCGA-DD-A73F-01A","Primary Tumor","Hepatocellular carcinoma, NOS","selected"
"153ea728-4907-499f-a0fb-1fab37feabb9","0dae804e-9318-4680-8839-b747282e2885.mirbase21.isoforms.quantification.txt",359555,"e3f673c12cece45fe636177b84636324","miRNAseq","BCGSC miRNA Profiling","4774367c-5d8f-4b23-934a-e6d33a89dca8","TCGA-DD-A73G","985f2e16-e330-4896-b5e7-971fb8be57ed","TCGA-DD-A73G-01A","Primary Tumor","Hepatocellular carcinoma, NOS","selected"
"00b9598a-9429-4608-aacd-d7bbe8f65798","af206222-82e9-498c-9bd1-23d68cf30e64.mirbase21.isoforms.quantification.txt",305253,"9ee6c55887d97499648c49036b6a0b3a","miRNAseq","BCGSC miRNA Profiling","496beef9-80d9-4734-a23d-334ae1b6aaab","TCGA-DD-AAC8","3e29928b-b802-4eb8-bfcc-a88e3edf1806","TCGA-DD-AAC8-01A","Primary Tumor","Hepatocellular carcinoma, NOS","selected"
"226d74c6-3ed1-4022-aec1-15ba8de5a4a3","a274e7d2-8690-4ada-812e-aa34b5193c1f.mirbase21.isoforms.quantification.txt",335346,"9b173740e9d6bb6ba9fa05b2de68119e","miRNAseq","BCGSC miRNA Profiling","ac6a1e0c-dba0-4b21-b12b-a501ed796bec","TCGA-DD-AAC9","d657ebda-3f44-4dee-8963-88dd5c4f5002","TCGA-DD-AAC9-01A","Primary Tumor","Hepatocellular carcinoma, NOS","selected"
"4ed165d8-215c-49f0-85db-a2f165b90fef","2f1713bc-4214-48c2-8ae5-f14c3862c469.mirbase21.isoforms.quantification.txt",326001,"5805b4be7bba8ffaae7ef2dbd60dae3d","miRNAseq","BCGSC miRNA Profiling","d6486001-240a-455a-980c-e06c25c61fa5","TCGA-DD-AACA","df383057-c8c2-4691-b040-609377773e2a","TCGA-DD-AACA-01A","Primary Tumor","Hepatocellular carcinoma, NOS","selected"
"f8eadab6-6437-4a27-9743-c9bfb63782a3","b6ae2a2c-d7f2-4f2f-805e-b6b2d9582e27.mirbase21.isoforms.quantification.txt",439411,"e4baf6110924ec07ec67ada63f2ef70c","miRNAseq","BCGSC miRNA Profiling","6d2e8bc2-ca86-41c1-ae49-289e20fce758","TCGA-DD-AACB","b6104862-f135-46a7-86a4-1e12b96386e6","TCGA-DD-AACB-01A","Primary Tumor","Hepatocellular carcinoma, NOS","selected"
"6587d93c-cffc-4c86-8748-c3970c5c3a8f","b53da069-da4d-4c2a-a8de-3ccdaaf6eb45.mirbase21.isoforms.quantification.txt",321313,"a6319a043937a574dd0e0b57cd0ae6a6","miRNAseq","BCGSC miRNA Profiling","41fb30aa-63b4-4cc6-a275-b77048612fa0","TCGA-DD-AACD","3c6d6d34-3bed-49ef-8737-5c96a6e79e16","TCGA-DD-AACD-01A","Primary Tumor","Hepatocellular carcinoma, NOS","selected"
"74f069fa-4791-425e-86c6-77a0d19c88c6","972201d5-1b6f-4a8d-8fdb-34163ed87cd2.mirbase21.isoforms.quantification.txt",302733,"a89d753f17be32e8a79ad872269e44a0","miRNAseq","BCGSC miRNA Profiling","abbcf6bd-4683-45ac-947a-51ae6ef0a244","TCGA-DD-AACE","ffaf08d5-9193-45f3-91b3-b32a78dd6724","TCGA-DD-AACE-01A","Primary Tumor","Hepatocellular carcinoma, NOS","selected"
"220198bd-e335-48e1-8022-acc44a710c34","6a977249-94ab-48da-9668-f69f8465396a.mirbase21.isoforms.quantification.txt",358919,"6c51e708817b688f3338dfe78d59a4af","miRNAseq","BCGSC miRNA Profiling","635aad0b-9c47-4564-821f-c00ddb280d53","TCGA-DD-AACF","0a4ceca6-6ac5-416e-bdb9-4ef957f5f9ee","TCGA-DD-AACF-01A","Primary Tumor","Hepatocellular carcinoma, NOS","selected"
"ce9c1d62-a831-467d-8a0f-f8d9591b4da3","b0354201-e6f5-4e3e-82a0-e52004ae4627.mirbase21.isoforms.quantification.txt",324976,"ffd03c67060383de576e04a5dff155af","miRNAseq","BCGSC miRNA Profiling","b5bef77a-f46c-406c-9aa8-55f7a61aa885","TCGA-DD-AACG","503cf010-40b3-41b0-b4e9-5ca06b5afb95","TCGA-DD-AACG-01A","Primary Tumor","Hepatocellular carcinoma, NOS","selected"
"4715e8cf-3ff4-4bf0-8c7a-e22430cf363b","4ae84788-7325-49b6-b203-99556411adb6.mirbase21.isoforms.quantification.txt",428568,"61bdd453bd5c6c53725e527dafcf6730","miRNAseq","BCGSC miRNA Profiling","219b067c-522f-4971-b0d0-86f9971d369d","TCGA-DD-AACH","31dfd0a9-31c4-4665-adad-3cbe49c1c5eb","TCGA-DD-AACH-01A","Primary Tumor","Hepatocellular carcinoma, NOS","selected"
"363361ea-2d44-4236-85be-914aec7ca34c","55afd366-3eca-49ab-a17c-fe187111710c.mirbase21.isoforms.quantification.txt",310005,"f8c4598f5217ff4c34f959e0f6266c68","miRNAseq","BCGSC miRNA Profiling","e6fa354e-ada7-41e0-8c8b-38520a5e6601","TCGA-DD-AACI","3df80a55-0381-48a9-acb0-58bcf702e209","TCGA-DD-AACI-01A","Primary Tumor","Hepatocellular carcinoma, NOS","selected"
"7351176c-3fd2-4069-afa1-fc9b220c5e2d","ef02342e-9301-464a-9753-3824b47e25ab.mirbase21.isoforms.quantification.txt",264224,"5cbbc344641c5ecf5a39130a067b90f4","miRNAseq","BCGSC miRNA Profiling","93afbfa1-4d03-4105-8dda-b095f0ab308a","TCGA-DD-AACJ","24b87b32-13c6-4f3c-8dd1-775b15f5654b","TCGA-DD-AACJ-01A","Primary Tumor","Hepatocellular carcinoma, NOS","selected"
"ea36f9a7-e4c8-492c-9e6c-0ed16b325a9e","610a0c74-2476-49c5-847f-9d0db6ee0895.mirbase21.isoforms.quantification.txt",300380,"54e5be2fd496923bc91f8703deead8ec","miRNAseq","BCGSC miRNA Profiling","d7cd045a-0be2-4b6d-aefd-5d75e57bc6f6","TCGA-DD-AACK","9d81f1db-2a62-4ac1-b7d3-2f7b18f0ec1e","TCGA-DD-AACK-01A","Primary Tumor","Hepatocellular carcinoma, NOS","selected"
"b5b2d0f6-30f7-4c6b-a51a-8846ab3669d1","1c56012f-ac4e-4385-8db0-d6b99d932dca.mirbase21.isoforms.quantification.txt",392219,"e1f924a542d9546709f504000e64ec57","miRNAseq","BCGSC miRNA Profiling","3da3cfec-5464-4dd8-9757-a0cdfe3536f8","TCGA-DD-AACL","bfa0e9b2-6a36-4865-9455-0a942dc9ca44","TCGA-DD-AACL-01A","Primary Tumor","Hepatocellular carcinoma, NOS","selected"
"8c66bf2b-0590-4cfe-9151-dd7d33cc6d3c","2844d435-3e7f-4fd1-8750-e1a8a60113fb.mirbase21.isoforms.quantification.txt",432469,"36c9ecddd9d1783383d2b25abb1699f4","miRNAseq","BCGSC miRNA Profiling","173088ed-6bc0-4ccf-80e7-c647028cccd6","TCGA-DD-AACM","66a01b18-fcb1-466d-aebf-401816b17ec2","TCGA-DD-AACM-01A","Primary Tumor","Hepatocellular carcinoma, NOS","selected"
"2f910ac9-52f6-4384-8d5e-dba6d40a31de","bb405508-0f6a-4353-8c87-887be99855d5.mirbase21.isoforms.quantification.txt",411355,"8dd85dc786ad88c917b1c0d6c7fb2df1","miRNAseq","BCGSC miRNA Profiling","0afd4283-7311-4d69-a2f5-779628da45fc","TCGA-DD-AACN","a118a851-65b2-4604-8b33-b731410cc205","TCGA-DD-AACN-01A","Primary Tumor","Hepatocellular carcinoma, NOS","selected"
"8d57b847-1d62-47cf-ad18-3563a4bfb569","83710382-1a90-40ba-a7dc-83a298093892.mirbase21.isoforms.quantification.txt",311703,"e8982a0a32e0b31d5915d415c54df35e","miRNAseq","BCGSC miRNA Profiling","34413807-07be-4204-b095-5e1dd1ed87dc","TCGA-DD-AACO","c71f310e-5777-4e78-aafa-64a5510b45c1","TCGA-DD-AACO-01A","Primary Tumor","Hepatocellular carcinoma, NOS","selected"
"c7866ced-f741-4aff-8b6b-01c85173ef40","ea6d4198-dce5-4974-8670-8431d51278aa.mirbase21.isoforms.quantification.txt",363941,"7dbc2f18838810ca3780a7f67ace1957","miRNAseq","BCGSC miRNA Profiling","7ad77384-0946-4fb5-9b10-bdc8a5fc8d87","TCGA-DD-AACP","2fb00cd2-6470-42f1-83bb-2c89e170fbd9","TCGA-DD-AACP-01A","Primary Tumor","Hepatocellular carcinoma, NOS","selected"
"4caf087c-0210-4657-91ba-89d93a012944","248a77b0-118c-4097-b6ea-5550f11fc304.mirbase21.isoforms.quantification.txt",368487,"ffb46fdd988528cf44c800329e4d4441","miRNAseq","BCGSC miRNA Profiling","0f34d654-8984-4b8b-b345-67066d611513","TCGA-DD-AACQ","9f0fa2f5-a595-4ba1-a42f-e2079c71c750","TCGA-DD-AACQ-01A","Primary Tumor","Hepatocellular carcinoma, NOS","selected"
"57c1ac64-7aa6-43f1-93c3-6cea7286e08a","2a557cae-3241-4c06-a07f-d50c58e64ea8.mirbase21.isoforms.quantification.txt",336504,"3081a90ba50a4184e68976345465fe60","miRNAseq","BCGSC miRNA Profiling","82d6268a-de59-4a14-abd2-7492178fa5bd","TCGA-DD-AACS","87bac135-bc68-4ced-bc5f-f36699c593c9","TCGA-DD-AACS-01A","Primary Tumor","Hepatocellular carcinoma, NOS","selected"
"27e5101f-8484-43df-87b2-7fd4326f1af4","1bbd61b2-e53c-4253-b21a-64476da33b76.mirbase21.isoforms.quantification.txt",315618,"d8e33b7666531cb48c09a4b468fc1411","miRNAseq","BCGSC miRNA Profiling","3ea084c5-3783-4fde-b341-5914d2edb977","TCGA-DD-AACT","d1cdc76a-e306-44a0-b509-8ddef84ddfdf","TCGA-DD-AACT-01A","Primary Tumor","Hepatocellular carcinoma, NOS","selected"
"ea114d18-4825-4786-8e6d-24a8d400a88d","bcb8ac97-0173-475b-aaf6-ab2e7df9bea2.mirbase21.isoforms.quantification.txt",357599,"df6e2bdb327bc6c930f000c45ceaffea","miRNAseq","BCGSC miRNA Profiling","88b6181c-1086-42df-8bb9-1069ec2dc675","TCGA-DD-AACU","c43a96b1-db0b-481c-8d94-46155dc7cdda","TCGA-DD-AACU-01A","Primary Tumor","Hepatocellular carcinoma, NOS","selected"
"24140f03-fbfd-4357-bd42-48fe25a0f5fa","369005cb-f8ec-47b0-b0c5-78b6c96419db.mirbase21.isoforms.quantification.txt",318422,"177242d8f65976ee5dbea0d64b612720","miRNAseq","BCGSC miRNA Profiling","8e79ea29-787e-4a33-8465-9891776f47ed","TCGA-DD-AACV","e37b6eaa-e3e8-4268-ae61-7a571488f519","TCGA-DD-AACV-01A","Primary Tumor","Hepatocellular carcinoma, NOS","selected"
"514f89d7-05be-46cf-842b-71426c868671","6bee6719-9ee9-4561-8c59-1667f2632d52.mirbase21.isoforms.quantification.txt",366070,"d9c35da4713e3a134e34813fad7c0672","miRNAseq","BCGSC miRNA Profiling","67a00f5f-c753-48f9-bc24-8287f50ec776","TCGA-DD-AACW","32c40946-b067-48a5-8a7c-cd1923bd6d60","TCGA-DD-AACW-01A","Primary Tumor","Hepatocellular carcinoma, NOS","selected"
"bc501bdc-538a-4485-8175-0dc5d63eff16","db841100-f796-4bff-8ca7-ff76d73f100c.mirbase21.isoforms.quantification.txt",291486,"72b5d9380f9fd9c6fb1ae38c10370dd9","miRNAseq","BCGSC miRNA Profiling","431a72e1-ea03-4e40-89c4-2f02d454c897","TCGA-DD-AACX","373ca39a-ac3e-4129-95ae-18eed3237cac","TCGA-DD-AACX-01A","Primary Tumor","Hepatocellular carcinoma, NOS","selected"
"93dfa5a5-982e-45bc-ad9d-6a0acb694dfc","96d02c57-f553-4677-84fd-5e3f3187942b.mirbase21.isoforms.quantification.txt",308764,"a6343f9629e5987b45f427e90dc7a76f","miRNAseq","BCGSC miRNA Profiling","d884561b-5828-4c47-acd7-3f02e181b596","TCGA-DD-AACY","d99a9d3c-de04-454e-8aa8-2624fd07f2c3","TCGA-DD-AACY-01A","Primary Tumor","Hepatocellular carcinoma, NOS","selected"
"9f731277-ab73-4fcd-b976-ff371a7c8a20","bbb9946b-cdb3-4baf-b6d8-4de40280dfe9.mirbase21.isoforms.quantification.txt",332879,"ba0419b28c189b384dd9a031cf9b0581","miRNAseq","BCGSC miRNA Profiling","cce2bb32-84cb-4991-9628-1ea408a9b11a","TCGA-DD-AACZ","b67f0f40-26ed-4fa0-b9b4-94686c48c593","TCGA-DD-AACZ-01A","Primary Tumor","Hepatocellular carcinoma, NOS","selected"
"668adc47-ff5a-4219-ba4b-46cc4780688c","03143e09-b5e5-4cea-bb79-6f016da1fe3a.mirbase21.isoforms.quantification.txt",328932,"f7b43e33daa8f3e7c686883a77cd6640","miRNAseq","BCGSC miRNA Profiling","09790a9b-cc2f-4d7e-a971-8fb4ecd9f791","TCGA-DD-AAD0","387f3824-23a9-4acb-b330-ea2573f8dc0d","TCGA-DD-AAD0-01A","Primary Tumor","Hepatocellular carcinoma, NOS","selected"
"0c3ce3e3-fbe1-4605-9cd7-2e630d38d5b7","910c28fe-5ca7-4930-804d-ecaadacf55c8.mirbase21.isoforms.quantification.txt",414233,"62ea543a61989744f6316a155df42830","miRNAseq","BCGSC miRNA Profiling","1f482810-433a-4d46-b81b-f7909fff8c09","TCGA-DD-AAD1","a727f2ad-4d22-4d42-a8ce-37e5cfaf75c8","TCGA-DD-AAD1-01A","Primary Tumor","Hepatocellular carcinoma, NOS","selected"
"cb95914e-1f63-4ac2-b89d-bff6b9e2dc8b","6cbec671-f495-42de-be76-51c92313e4a3.mirbase21.isoforms.quantification.txt",313587,"72002095a1e4f350bfd54a90a2aa4760","miRNAseq","BCGSC miRNA Profiling","03f5de7d-45a9-4a73-8c61-ed816d4a3ac5","TCGA-DD-AAD2","51cd88e1-b32b-41b4-b971-eef962f15720","TCGA-DD-AAD2-01A","Primary Tumor","Hepatocellular carcinoma, NOS","selected"
"bf7e5b05-adb4-4cb6-b423-b21f9e54143c","516c902d-f4ac-4a9b-8913-4425aa2b25d0.mirbase21.isoforms.quantification.txt",410729,"b29a4262688dbf1d6dab629c34310f92","miRNAseq","BCGSC miRNA Profiling","0d13229a-304a-48a6-a761-12e68e94a4b4","TCGA-DD-AAD3","bfc24617-ab7b-494e-b404-ab0c1934b5b3","TCGA-DD-AAD3-01A","Primary Tumor","Hepatocellular carcinoma, NOS","selected"
"8b8f0e18-3e3c-4e8e-bbd1-dc7a3d516479","fad661ce-7835-444c-9205-f93085723284.mirbase21.isoforms.quantification.txt",393986,"d3482a819b0652ab4f34824a6f5ef6dc","miRNAseq","BCGSC miRNA Profiling","6312d5b5-68ad-4d4f-a0a9-03d895ae30f9","TCGA-DD-AAD5","3a5f387a-a6c4-479f-a172-ee734fbbb365","TCGA-DD-AAD5-01A","Primary Tumor","Hepatocellular carcinoma, NOS","selected"
"d4eda295-58cb-4d54-bbba-094e6ed85a40","1a251feb-6ab7-4f0c-af70-1982f1d844ee.mirbase21.isoforms.quantification.txt",347384,"cacda0c84b9725a654a4d55966db9641","miRNAseq","BCGSC miRNA Profiling","418e79d1-51c7-4cef-a1b6-e291fb13c2a5","TCGA-DD-AAD6","873e2132-94ee-426a-9f9a-6488373ab2ad","TCGA-DD-AAD6-01A","Primary Tumor","Hepatocellular carcinoma, NOS","selected"
"1cec4cdb-41d5-4055-9d50-e46859636d0b","a17de051-13cf-4141-a4b8-39e9df126ad6.mirbase21.isoforms.quantification.txt",394576,"2a41b96e4348f6c321aa4c7ce4b99e9c","miRNAseq","BCGSC miRNA Profiling","24b66729-242b-4771-819d-77c9a1fcbb10","TCGA-DD-AAD8","a4847550-1a54-489f-a533-79b159cdb8cd","TCGA-DD-AAD8-01A","Primary Tumor","Hepatocellular carcinoma, NOS","selected"
"8677b5c8-3acb-4a1b-8166-5eb08a0290d6","5bb99078-09c8-4d10-80c8-6ce28b5b1431.mirbase21.isoforms.quantification.txt",352365,"96e6525df4c4c3f0a23ea0cb8ce6b031","miRNAseq","BCGSC miRNA Profiling","e50edba1-8ec4-47e7-a01e-9f1b2cd75fd7","TCGA-DD-AADA","3065d32f-2852-4478-a6e7-c8129a2acf0b","TCGA-DD-AADA-01A","Primary Tumor","Hepatocellular carcinoma, NOS","selected"
"3f126015-e960-4743-9222-80d4ba0d232f","a151175e-11b0-4ea1-a70d-5e803ba64b1d.mirbase21.isoforms.quantification.txt",357202,"76578522ccf79305d46b3e181d4cfbed","miRNAseq","BCGSC miRNA Profiling","5eaaf7ae-36af-4fb4-8940-e0861983ceb0","TCGA-DD-AADB","d7116164-d537-4b2d-b699-ec091c094363","TCGA-DD-AADB-01A","Primary Tumor","Hepatocellular carcinoma, NOS","selected"
"ec5dcefa-1c1d-45e5-b721-a3d48f16eeaa","7b657360-fb03-46da-ad9f-bec8a929dfe8.mirbase21.isoforms.quantification.txt",395160,"f3d837c4cf973adaaa24988b08f46cf2","miRNAseq","BCGSC miRNA Profiling","4100fd8b-cf37-4e63-a73d-95c9c392d606","TCGA-DD-AADC","874df34f-4b31-4201-8537-6572ca07a130","TCGA-DD-AADC-01A","Primary Tumor","Hepatocellular carcinoma, NOS","selected"
"9e3d52c8-99c6-4ca8-9186-40f92f2aab55","33940733-3ad4-4d76-974e-82b216a415e7.mirbase21.isoforms.quantification.txt",388789,"993f29aaa795f0d37c84fa2948c3c661","miRNAseq","BCGSC miRNA Profiling","b44f664c-444c-4c64-a407-52fd9b55f178","TCGA-DD-AADD","e5819156-d6d0-4295-9787-65ab37c3d900","TCGA-DD-AADD-01A","Primary Tumor","Hepatocellular carcinoma, NOS","selected"
"f56211e2-fefd-42c3-b927-bd7ee7110159","379fc46a-2ed8-4b30-bf3a-501746ed820b.mirbase21.isoforms.quantification.txt",284140,"806ec905b0ade65d9b628f8a87fd6f3c","miRNAseq","BCGSC miRNA Profiling","0904fd43-e25c-4d0f-acee-29faa3fd933b","TCGA-DD-AADE","64bcb18b-1287-4e57-8851-d83b3e2757f3","TCGA-DD-AADE-01A","Primary Tumor","Hepatocellular carcinoma, NOS","selected"
"d71156ad-9228-43dd-81ff-500a975a120d","76c953d7-7e2e-423b-b6e6-46f2b0faad96.mirbase21.isoforms.quantification.txt",373606,"595658592986f045fb4f8416de3172c3","miRNAseq","BCGSC miRNA Profiling","70bb26b8-b38b-4e79-90e7-033a38405b00","TCGA-DD-AADF","f38012cb-8922-4401-b2c1-05cc36c3c79f","TCGA-DD-AADF-01A","Primary Tumor","Hepatocellular carcinoma, NOS","selected"
"e420b18a-1cd0-4694-9ae6-fe1b0a6b71a9","96bb382e-1568-4254-a5b3-3ac82b18941b.mirbase21.isoforms.quantification.txt",333848,"142a1cb41d00d3cd1693e71f8b8584b5","miRNAseq","BCGSC miRNA Profiling","89d1261c-6d93-4298-a2af-b5ff52be0cb6","TCGA-DD-AADG","1acafc42-0ee1-405c-af15-c71581ff6d69","TCGA-DD-AADG-01A","Primary Tumor","Hepatocellular carcinoma, NOS","selected"
"d23bf720-451e-447f-a030-ce59f2406845","70e9d4c3-f430-4d93-9b91-887aecc22c53.mirbase21.isoforms.quantification.txt",361994,"e722576a035ab37a77271bef032eaf52","miRNAseq","BCGSC miRNA Profiling","97472e71-66eb-434b-81b0-d727765f44cb","TCGA-DD-AADI","49b874c4-a313-4678-ab43-3e4fa8bf97b7","TCGA-DD-AADI-01A","Primary Tumor","Hepatocellular carcinoma, NOS","selected"
"55d94c4b-a892-4a9b-bfc0-4f5f9ef80efa","3cc55495-cb0b-489e-8c03-c6858b4e2765.mirbase21.isoforms.quantification.txt",339066,"7c521dcafd196479b2ce75d8206a7abb","miRNAseq","BCGSC miRNA Profiling","1d880aea-9efe-4a43-8a6a-6a81801da9e0","TCGA-DD-AADJ","5733ea09-3aae-4aea-9828-00104bea3be1","TCGA-DD-AADJ-01A","Primary Tumor","Hepatocellular carcinoma, NOS","selected"
"ff35df43-bc0d-40b2-95e0-5094536930a9","49c03a76-913a-4d4a-9e90-a05e05c9471d.mirbase21.isoforms.quantification.txt",342662,"cf0f0d06612505d79f61043c39b135ee","miRNAseq","BCGSC miRNA Profiling","40f30ffb-51de-4786-a88f-16c170aac207","TCGA-DD-AADK","c7352d50-28d0-4284-a54a-df0f9629efdc","TCGA-DD-AADK-01A","Primary Tumor","Hepatocellular carcinoma, NOS","selected"
"e39bbb4f-14e2-4f69-a6b5-13d52328c7a0","9c7d1a38-8681-428c-92a4-2e25f69c4426.mirbase21.isoforms.quantification.txt",306784,"13ed5ec05abf02298e0333daa940a9a5","miRNAseq","BCGSC miRNA Profiling","a7f7e313-4636-4c54-b2b7-f5928a8368e4","TCGA-DD-AADL","3299e2bc-db36-4b1d-ad37-f0e10cf11338","TCGA-DD-AADL-01A","Primary Tumor","Hepatocellular carcinoma, NOS","selected"
"3f6523a8-5f28-4eb4-b6a8-9af72df2fd40","f72fe51e-7fa1-41e9-b906-5fd6c0bd67f2.mirbase21.isoforms.quantification.txt",317475,"345a02d8e45515be0ad624ec21d076d5","miRNAseq","BCGSC miRNA Profiling","62c02da8-e4b4-4294-9923-8992d187fc7b","TCGA-DD-AADM","96ff95cf-c5d9-4a58-b252-74859c1a8103","TCGA-DD-AADM-01A","Primary Tumor","Hepatocellular carcinoma, NOS","selected"
"0381d941-99ca-4836-bc1a-c55f76e0a89a","0bb4da57-ea6b-42f6-bcc4-83d9dcc3a61c.mirbase21.isoforms.quantification.txt",314738,"c8608f11a21dbdb2ade3d7c8dc40fd79","miRNAseq","BCGSC miRNA Profiling","32e39c1d-b8e8-4efe-b451-8efb112d3518","TCGA-DD-AADN","cb0f3b50-8342-4d9f-9810-98eba5ae6a8f","TCGA-DD-AADN-01A","Primary Tumor","Hepatocellular carcinoma, NOS","selected"
"c6ff49db-f83c-4aee-b2d2-10c78daab32f","3372c1f7-4eb2-4edc-9b12-8804394c6ed2.mirbase21.isoforms.quantification.txt",337727,"79030aaf1213d2fc8c31db26077a5ae4","miRNAseq","BCGSC miRNA Profiling","9f056388-7529-4fd1-af11-c82cc350f51c","TCGA-DD-AADO","dff1bb71-01ee-480e-83c9-98abafe60d2e","TCGA-DD-AADO-01A","Primary Tumor","Hepatocellular carcinoma, NOS","selected"
"4eab00ce-42cd-4be1-92b8-61110984a066","5eb4d768-57c9-4ae6-8ad0-fdec9cb5ddc0.mirbase21.isoforms.quantification.txt",357609,"975350fe0cbbce9caf8f5d0c6079019f","miRNAseq","BCGSC miRNA Profiling","96d42ecc-1157-453a-9661-9248ddf8f273","TCGA-DD-AADP","de29419c-e3db-4c0a-b2bc-1d73154e1e32","TCGA-DD-AADP-01A","Primary Tumor","Hepatocellular carcinoma, NOS","selected"
"21d6c57b-7fec-4e81-8472-25738bae2cc9","78bd6a83-4790-4e02-810d-f0ada082b4fa.mirbase21.isoforms.quantification.txt",296721,"23523a4be2eda412edb6a3e62c859e50","miRNAseq","BCGSC miRNA Profiling","485d283a-552c-485a-84fb-3abdb98dc797","TCGA-DD-AADQ","b2060a24-43d9-48f2-8a45-1db926042938","TCGA-DD-AADQ-01A","Primary Tumor","Hepatocellular carcinoma, NOS","selected"
"25db6a32-abb3-4e3d-af4c-2cfc18947fc7","5f0183e5-bd0a-42fa-b2b3-c7097a135c13.mirbase21.isoforms.quantification.txt",267909,"e8d6a1d79dd19ba92516df4d127d9708","miRNAseq","BCGSC miRNA Profiling","899d8ea5-49dc-4970-8848-ea6ea088a272","TCGA-DD-AADR","44b29302-be2e-4e06-864a-44df6155250b","TCGA-DD-AADR-01A","Primary Tumor","Hepatocellular carcinoma, NOS","selected"
"6345c1c6-47b1-4fa5-886e-38853b28619f","c95f61b8-74f7-4561-b930-2e41dbc5a7d0.mirbase21.isoforms.quantification.txt",328539,"3bfb04f134e8494f79199a37b18c7306","miRNAseq","BCGSC miRNA Profiling","460a3cbd-c63c-4e6f-b670-2619687ac5a0","TCGA-DD-AADS","31a1acbe-df1c-42b1-817a-da0e805c7fb3","TCGA-DD-AADS-01A","Primary Tumor","Hepatocellular carcinoma, NOS","selected"
"6038a4ee-b872-4c41-a24f-94c179781e62","92b5c325-e74e-478a-9042-918d4021402c.mirbase21.isoforms.quantification.txt",266370,"ce8fe749795a41c2743776370c3a8a36","miRNAseq","BCGSC miRNA Profiling","cf358fb8-866c-4780-a550-d6c1c30b8c63","TCGA-DD-AADU","8566dfb0-570b-4540-b4cd-eaec48cc27fd","TCGA-DD-AADU-01A","Primary Tumor","Hepatocellular carcinoma, NOS","selected"
"aa4fa9b8-64b3-4a02-9f97-3f2358572b78","d83e165f-72b3-4b6e-b18b-881bfff3589a.mirbase21.isoforms.quantification.txt",372683,"f08d73ef090889c70524a8591e7d9f84","miRNAseq","BCGSC miRNA Profiling","4c78b999-4797-4e19-8bc5-9ffd01cf768a","TCGA-DD-AADV","bbe36805-117d-4923-92de-64b83dd318f0","TCGA-DD-AADV-01A","Primary Tumor","Hepatocellular carcinoma, NOS; Adenocarcinoma, NOS","selected"
"805a2f50-21c1-4657-97fb-579b46554207","efbb2c7f-fc73-4115-a161-b76fec920b49.mirbase21.isoforms.quantification.txt",400119,"c59968298f9686aaa4d0e295d746dcbf","miRNAseq","BCGSC miRNA Profiling","1bcf1762-7926-45f6-a367-d45fc3af7bc3","TCGA-DD-AADW","db312a8d-28b5-4828-9731-5a175eb2c517","TCGA-DD-AADW-01A","Primary Tumor","Hepatocellular carcinoma, NOS","selected"
"b597ff2b-c272-46ba-bfac-a7d3e97e1a22","47e1a1e5-2faf-4617-8c8c-4653846d8196.mirbase21.isoforms.quantification.txt",337042,"6cbce450a97ef8d4e5d544d516bed4d3","miRNAseq","BCGSC miRNA Profiling","e42e4244-dce8-453a-b5e0-7593a9b5af61","TCGA-DD-AADY","a6a4b393-f67d-4b53-a5d0-3407fa71b9f1","TCGA-DD-AADY-01A","Primary Tumor","Hepatocellular carcinoma, NOS","selected"
"7405357f-2686-4df9-aa73-0003b704fefc","5a5895ab-6690-4686-a918-9fce6858e69f.mirbase21.isoforms.quantification.txt",463214,"7b5b1a32d7e34646432352c2ad252bd1","miRNAseq","BCGSC miRNA Profiling","5e4136e4-ddd8-4faf-8a8e-5f836fd97f49","TCGA-DD-AAE0","29ef7722-025a-458b-aa60-1ca9c3e70ada","TCGA-DD-AAE0-01A","Primary Tumor","Hepatocellular carcinoma, NOS","selected"
"0aba9968-88fb-4eca-b68d-61430a513039","007e6b48-0d61-426e-95de-600454b93fdc.mirbase21.isoforms.quantification.txt",356850,"064f389e2277dbc199a4b4a283a52c9e","miRNAseq","BCGSC miRNA Profiling","3bbff405-dae4-4dc9-985a-33e7ac9cb2dd","TCGA-DD-AAE1","d949102d-e461-4c1f-b168-d41027d9a1fc","TCGA-DD-AAE1-01A","Primary Tumor","Hepatocellular carcinoma, NOS","selected"
"7a8ca216-6598-4633-a1e7-885fe8d0d8bb","54504827-f0cb-474a-99a7-5f51a0fce0cb.mirbase21.isoforms.quantification.txt",445117,"093a07535210918ba7ce34819dda5ad8","miRNAseq","BCGSC miRNA Profiling","56447eb8-c50c-4e31-a29e-bde6bfd31af4","TCGA-DD-AAE2","6fdfd765-bbf7-4094-b5f9-3332e9514873","TCGA-DD-AAE2-01A","Primary Tumor","Hepatocellular carcinoma, NOS","selected"
"b5c41106-b412-4da6-8b9b-867c7ee0d969","66485330-03b4-4028-ab51-89cfcc028998.mirbase21.isoforms.quantification.txt",296090,"cf90e91a329f7e72e84fca72c0100efa","miRNAseq","BCGSC miRNA Profiling","3c969bdf-cae8-44f5-839f-5abd4cba0ec8","TCGA-DD-AAE3","45f03983-5591-49d2-a555-43279e78cc07","TCGA-DD-AAE3-01A","Primary Tumor","Hepatocellular carcinoma, NOS","selected"
"cdf4864f-18ae-460a-8fbe-57177f6bf30c","4faf0730-c99c-4ffd-aa5c-f88facfadc22.mirbase21.isoforms.quantification.txt",321927,"de689a73d57cea60cdaf9dfbce7aa581","miRNAseq","BCGSC miRNA Profiling","c797d6ad-05d4-4322-bad2-29801a986b4e","TCGA-DD-AAE4","1cf2d738-51f7-4038-b07d-e66a1995c8ca","TCGA-DD-AAE4-01A","Primary Tumor","Hepatocellular carcinoma, NOS","selected"
"01466799-d9a0-4e48-8830-804fcd58eb92","c36c20f6-3a1f-485f-93d1-fef32590367f.mirbase21.isoforms.quantification.txt",381803,"2760c9951238499ebeef4ea9579d697a","miRNAseq","BCGSC miRNA Profiling","a61f823b-9164-4bd6-92f4-0a8d8ff0f55e","TCGA-DD-AAE6","99cc40c9-d05e-4b6b-ac17-1524d2adf79b","TCGA-DD-AAE6-01A","Primary Tumor","Hepatocellular carcinoma, NOS","selected"
"b18f3c4e-0a0e-4ede-8963-c09ebce1bbf0","f1a9ddc7-d348-45e5-bb51-c0a27b94ed4e.mirbase21.isoforms.quantification.txt",320381,"6132eb58ee4f67e266dc4e31030c85f9","miRNAseq","BCGSC miRNA Profiling","427fdbf8-1603-466f-a5c6-963bb2ec3dac","TCGA-DD-AAE7","974eae11-2dfb-4f80-8aa7-338076d54204","TCGA-DD-AAE7-01A","Primary Tumor","Tubular adenocarcinoma; Hepatocellular carcinoma, NOS","selected"
"917e9dd3-48b0-4014-8632-df12b2438690","186eef89-94fb-4a1c-9a81-f37733cea0f6.mirbase21.isoforms.quantification.txt",422957,"27433d98dea694604af7f9696bbd53eb","miRNAseq","BCGSC miRNA Profiling","b929ece7-6caf-4081-83d3-9923306b4a8a","TCGA-DD-AAE8","99fcb09e-a7db-4218-983d-3f6df4872996","TCGA-DD-AAE8-01A","Primary Tumor","Hepatocellular carcinoma, NOS; Adenocarcinoma, NOS","selected"
"3150849f-149a-42d3-9e0b-86b62ff91aad","849d6286-68b5-4f23-933f-cb16233182f6.mirbase21.isoforms.quantification.txt",271164,"6a780e7bd6e4a3cb0ce08f43718fe34e","miRNAseq","BCGSC miRNA Profiling","4c960eee-e4b5-499d-a596-238aa78745a4","TCGA-DD-AAE9","0a21720b-c36f-402b-b0f4-69570fce8976","TCGA-DD-AAE9-01A","Primary Tumor","Hepatocellular carcinoma, NOS","selected"
"ca0d520f-4243-4181-ba77-fc76334589be","2233f072-da5c-4a4c-9780-5d44c405063c.mirbase21.isoforms.quantification.txt",345592,"19447c2a6511279c602a94b36f5ce174","miRNAseq","BCGSC miRNA Profiling","ad9657aa-34e9-48b1-ba63-916fe7bd14bb","TCGA-DD-AAEA","3bf98906-2844-4070-9deb-3a792f19281b","TCGA-DD-AAEA-01A","Primary Tumor","Hepatocellular carcinoma, NOS; Squamous cell carcinoma, NOS","selected"
"e1c171f8-ed60-4a53-873e-d9ceeb6bd76d","58246d31-2921-45b6-a4f8-9f5358fc291a.mirbase21.isoforms.quantification.txt",344217,"a7d92a236e288a6a636abcb259a7cfcb","miRNAseq","BCGSC miRNA Profiling","f0ece8e2-a6b0-4ed9-a613-d2fbb20e51b1","TCGA-DD-AAEB","a89b7843-1c53-4d0c-977f-9674bfa717f1","TCGA-DD-AAEB-01A","Primary Tumor","Hepatocellular carcinoma, NOS","selected"
"1bedf838-c5cc-4cc9-9228-387ca1be243d","5f990734-d72b-4d4d-ab34-2750b8c112e3.mirbase21.isoforms.quantification.txt",315508,"d5a4c525a5aa36efbd4221aa9849eb50","miRNAseq","BCGSC miRNA Profiling","527d2bc3-7fdd-4b08-839d-67e2f246db04","TCGA-DD-AAED","4d6702b7-c774-466f-9c42-dde5c4c422d0","TCGA-DD-AAED-01A","Primary Tumor","Hepatocellular carcinoma, NOS","selected"
"3f465612-deda-4723-89b7-55297ef699df","170b2ffd-eae5-42d1-bfcd-6f5cbc6778cd.mirbase21.isoforms.quantification.txt",297620,"bf553433a509e4fbed1ee78fc48894b7","miRNAseq","BCGSC miRNA Profiling","3c51fee0-da54-40e9-a954-dfe30f6f075c","TCGA-DD-AAEE","2df88392-7502-4dfe-8f51-7334f363883e","TCGA-DD-AAEE-01A","Primary Tumor","Hepatocellular carcinoma, NOS","selected"
"b02f8a12-19d4-4c29-b047-888e100ef011","26430cf4-543a-425c-99ad-f2897a850aea.mirbase21.isoforms.quantification.txt",338387,"c13c852a18c4dd999267c272d0582021","miRNAseq","BCGSC miRNA Profiling","bd627786-31a8-46d9-b3e2-7f489d50f608","TCGA-DD-AAEG","e8159d19-97f4-4690-b60b-40080d1e83eb","TCGA-DD-AAEG-01A","Primary Tumor","Hepatocellular carcinoma, NOS; Squamous cell carcinoma, NOS","selected"
"86dbd497-0fe2-417e-a1d3-dcd2d2ec89b3","df784dda-e12d-48c2-9d47-278abd464cc0.mirbase21.isoforms.quantification.txt",340096,"661bf91e4deef703db1ac9f42baf39f9","miRNAseq","BCGSC miRNA Profiling","fbb0e4bc-5398-4a7e-963c-86ea1108a2de","TCGA-DD-AAEH","4f20bdec-deac-4529-8e2f-823cfa8341e2","TCGA-DD-AAEH-01A","Primary Tumor","Hepatocellular carcinoma, NOS","selected"
"951805f7-0e38-4bdd-a288-df62cac1814a","02d09d16-5e5a-4d9d-963c-5859315e6023.mirbase21.isoforms.quantification.txt",280225,"3a35e55016ea4eb2197e66631c1bbe95","miRNAseq","BCGSC miRNA Profiling","34416be6-b6d6-4029-b899-9ba685e39590","TCGA-DD-AAEI","dcc6d13a-31e3-495a-8d63-5c897fc3c4a0","TCGA-DD-AAEI-01A","Primary Tumor","Hepatocellular carcinoma, NOS","selected"
"3a7026cc-a6a7-446c-b02b-9d337875852a","b6813a98-5d95-4441-bd69-f053c92e8f27.mirbase21.isoforms.quantification.txt",339991,"dd56a1e0d549785664fa021b4b3d73c9","miRNAseq","BCGSC miRNA Profiling","6ea0ef82-694d-492d-95da-a3bc8de99149","TCGA-DD-AAEK","bda59599-c551-4e99-804b-c58af26a039b","TCGA-DD-AAEK-01A","Primary Tumor","Hepatocellular carcinoma, NOS","selected"
"05cd7e9c-90f0-4e60-8a35-0af8c6205f2c","b40effaf-d8b9-4f36-90c2-c2ca51d08a4d.mirbase21.isoforms.quantification.txt",330138,"173202e65fbd920cfe57e3498688f375","miRNAseq","BCGSC miRNA Profiling","0004d251-3f70-4395-b175-c94c2f5b1b81","TCGA-DD-AAVP","9259e9ee-7279-4b62-8512-509cb705029c","TCGA-DD-AAVP-01A","Primary Tumor","Hepatocellular carcinoma, NOS","selected"
"a0cbf5fc-34ab-46f0-a91c-c2a1b00d223e","29ff8d60-f6e8-4af5-87c5-afb5982f7fea.mirbase21.isoforms.quantification.txt",454550,"3a2975f3db93f13ba002550c2f42ca3a","miRNAseq","BCGSC miRNA Profiling","80e7742f-abbe-4f11-b4e4-c999dc1bd459","TCGA-DD-AAVQ","9fefeef1-1d0b-4fef-a46a-6017c8f746a5","TCGA-DD-AAVQ-01A","Primary Tumor","Hepatocellular carcinoma, NOS","selected"
"5c7d1225-eb63-494b-9cba-0101d5a6c3e7","d5f883b0-f230-4afb-bcbb-68d9310afc1b.mirbase21.isoforms.quantification.txt",392930,"8feea71ea19e0785422c569f3c020594","miRNAseq","BCGSC miRNA Profiling","834cff01-3c12-42fa-abbe-ae0ae168c568","TCGA-DD-AAVR","afa9379a-fb68-4153-9327-411007f223eb","TCGA-DD-AAVR-01A","Primary Tumor","Hepatocellular carcinoma, NOS","selected"
"1214ba24-d347-4903-98ca-2f621a489c0f","9b0502d5-f003-48e3-b936-c688800758fe.mirbase21.isoforms.quantification.txt",361202,"f2d86ff42614e8b345f442b5524362a2","miRNAseq","BCGSC miRNA Profiling","9fc30c21-2c78-4843-a658-fe84a64b8fad","TCGA-DD-AAVS","8a8c8e2f-36fd-4fa4-8b45-f92607f26845","TCGA-DD-AAVS-01A","Primary Tumor","Hepatocellular carcinoma, NOS","selected"
"53e4d5ab-fd49-4c7c-9c44-d10da6db27a9","487a666a-91a5-4865-96fa-bca3391b5ed7.mirbase21.isoforms.quantification.txt",322964,"f1ea8b8ab7f588b231f24d29c5da29cb","miRNAseq","BCGSC miRNA Profiling","146c5332-1af5-4c49-b740-9a9edc795f24","TCGA-DD-AAVU","7b4920a8-a742-4065-bad4-14473fe429a1","TCGA-DD-AAVU-01A","Primary Tumor","Hepatocellular carcinoma, NOS","selected"
"1032e95a-b752-449a-9308-21a66b7400b6","c201e9d6-600d-405a-84ff-fb7011c9379d.mirbase21.isoforms.quantification.txt",393796,"08a80b3753611521f28e2ba5a28c11d7","miRNAseq","BCGSC miRNA Profiling","915f531b-8448-41c7-9dfb-9c83062b906e","TCGA-DD-AAVV","4e04e745-d37e-4412-9995-fae0927b6140","TCGA-DD-AAVV-01A","Primary Tumor","Hepatocellular carcinoma, NOS","selected"
"49807958-05b3-40ff-8cb8-9da9ad239533","0e93f98e-61d9-429a-97c9-fb038adc628f.mirbase21.isoforms.quantification.txt",341784,"ea1fbb9438d3bfb0a52527ab52799a80","miRNAseq","BCGSC miRNA Profiling","11823a8a-194f-4e6b-a373-ef5a3fc7d2b9","TCGA-DD-AAVW","aaee0b65-c176-431d-a2d5-4912c8281a7c","TCGA-DD-AAVW-01A","Primary Tumor","Hepatocellular carcinoma, NOS","selected"
"3eaccdd9-da89-4875-94d5-a621999bdcfc","820f4603-0895-4741-865c-fdd98fbcb4fb.mirbase21.isoforms.quantification.txt",287151,"a206d293b990960361a07051ba418e92","miRNAseq","BCGSC miRNA Profiling","afcb9708-92b3-4727-9c0d-63e7ff22d87b","TCGA-DD-AAVX","512f703d-14cb-4e9f-9356-4a6d8325caba","TCGA-DD-AAVX-01A","Primary Tumor","Hepatocellular carcinoma, NOS","selected"
"1fcc1c39-99f3-4639-ae11-638fab1d9fb8","6bd6a451-df95-439e-8e6f-b802716ad6fe.mirbase21.isoforms.quantification.txt",274200,"1d274b0af0457275de904a708a3026ee","miRNAseq","BCGSC miRNA Profiling","c36f9ffe-515b-4895-b82a-aadc49fe3016","TCGA-DD-AAVY","ddc48731-4b43-4122-9e19-9be1e072ac2c","TCGA-DD-AAVY-01A","Primary Tumor","Hepatocellular carcinoma, NOS","selected"
"9c7d4947-3509-4f17-8e73-42e7d4e8c0ee","524eabdf-de41-43d2-9aba-fcdc5eb804d3.mirbase21.isoforms.quantification.txt",461229,"0812ab35503aecc0530154935ee6f646","miRNAseq","BCGSC miRNA Profiling","11f69d9f-a67d-41fa-95a9-baa194b3fcfb","TCGA-DD-AAVZ","d04de415-140d-4600-8586-4f5ff51f043e","TCGA-DD-AAVZ-01A","Primary Tumor","Hepatocellular carcinoma, NOS","selected"
"c19e9819-87b7-463f-81d8-cb7034c60e42","45f7ed20-6d17-4bbd-b526-bf0a7f3a30f3.mirbase21.isoforms.quantification.txt",369604,"e803b636396c832b9096fc438e6fc13b","miRNAseq","BCGSC miRNA Profiling","109436aa-a655-429b-8d3b-1a43385c9016","TCGA-DD-AAW0","c7da1402-2958-469e-9956-395c03833125","TCGA-DD-AAW0-01A","Primary Tumor","Hepatocellular carcinoma, NOS","selected"
"374c9093-b8bf-4506-ae01-61db63927888","e506c101-f715-4ec6-97e0-c06b57b1aa4b.mirbase21.isoforms.quantification.txt",310593,"3bc8924b6b89f49747015b20168bc274","miRNAseq","BCGSC miRNA Profiling","31c7d56b-4af7-4fdb-ba83-63bf615fcc3d","TCGA-DD-AAW1","6396d448-e089-4406-9b7b-d0710c48ed1d","TCGA-DD-AAW1-01A","Primary Tumor","Hepatocellular carcinoma, NOS","selected"
"6ae4fa11-635e-450e-93b1-15a0143e9620","0a14c3bb-956b-43b7-a27e-8f61b9910ecb.mirbase21.isoforms.quantification.txt",329285,"4073da51175c82135a801f303fa31f43","miRNAseq","BCGSC miRNA Profiling","03df105e-a005-4577-bfdb-9644758d778e","TCGA-DD-AAW2","6af93255-f2a0-43b1-b78f-2e8f53bf6764","TCGA-DD-AAW2-01A","Primary Tumor","Hepatocellular carcinoma, NOS","selected"
"0bffd391-54f5-4bca-924a-9902121c6316","59bc176f-d882-4a02-9383-7bd4c63a1f24.mirbase21.isoforms.quantification.txt",329150,"c677cddb72183d87c8c5a4facffb5dc3","miRNAseq","BCGSC miRNA Profiling","564b4f4d-3c18-40d5-9d95-916774df600c","TCGA-DD-AAW3","95c763b1-759b-47a3-8009-de916d6d457e","TCGA-DD-AAW3-01A","Primary Tumor","Hepatocellular carcinoma, NOS","selected"
"a1c1568c-6e65-4019-8fad-7f0b6c8d1717","52832743-dae0-4e46-bc29-c70f461a5e60.mirbase21.isoforms.quantification.txt",279550,"263a202293e5926d4f0f642d97a0de5e","miRNAseq","BCGSC miRNA Profiling","56403463-1727-4c23-a709-de5f168c4073","TCGA-ED-A459","97fa4d8b-1c05-41a6-97c4-0b27dc70eb4c","TCGA-ED-A459-01A","Primary Tumor","Hepatocellular carcinoma, NOS","selected"
"49a1fd04-9a21-412b-8084-47d6e9052441","7bd84371-ef67-48d7-94ff-4269ff901518.mirbase21.isoforms.quantification.txt",294057,"4964073acdd2cb07e229bb09e6b31cab","miRNAseq","BCGSC miRNA Profiling","c52abac9-07da-4b3d-bf8a-2161cacf9682","TCGA-ED-A4XI","25eb5afd-e7a6-4f3c-82b4-a3de1f8f9be1","TCGA-ED-A4XI-01A","Primary Tumor","Hepatocellular carcinoma, NOS","selected"
"4c6fd9b0-da04-48a8-9b5a-ee630eb13711","08797325-53a1-4f07-8282-a400bf801525.mirbase21.isoforms.quantification.txt",455655,"9f93b3ab08b359931096680f28985339","miRNAseq","BCGSC miRNA Profiling","cebdafee-8ffd-4ee2-8dd1-9225e06623c2","TCGA-ED-A5KG","7e3298d1-7ee0-470d-be0f-fc638ea6c62e","TCGA-ED-A5KG-01A","Primary Tumor","Hepatocellular carcinoma, NOS; Not Reported","selected"
"210db2ec-0bbf-4bd5-aecf-c9cbd94fe32f","58e3480f-4db5-4661-9e5f-6fcf020c255b.mirbase21.isoforms.quantification.txt",312786,"9c942fb50997703ea4782a8a698a6b62","miRNAseq","BCGSC miRNA Profiling","a4af0084-edd4-4dcd-8975-4a59ee5da64c","TCGA-ED-A627","975ec176-7f4a-4bf2-85ea-df821b23865c","TCGA-ED-A627-01A","Primary Tumor","Hepatocellular carcinoma, NOS","selected"
"6f549093-ba89-412a-8fec-eb6d8335ef7d","359c393d-f522-462f-b476-d8f158566038.mirbase21.isoforms.quantification.txt",338697,"2b43325fed332a9116b48070a4a43529","miRNAseq","BCGSC miRNA Profiling","b75ca9e4-a474-4960-9343-c8e9524cd096","TCGA-ED-A66X","c46cc628-1a71-4a9a-9111-8c78f89694f8","TCGA-ED-A66X-01A","Primary Tumor","Hepatocellular carcinoma, NOS; Not Reported","selected"
"8198ae0c-a0bb-41ab-8614-28cdf5b6265e","a283a0b1-5017-46a4-887e-61d252d0852c.mirbase21.isoforms.quantification.txt",290672,"77dc9c86e7a5b8f456908e6ec7734cc8","miRNAseq","BCGSC miRNA Profiling","34303cdd-c31c-4b95-9965-2a5513dc322d","TCGA-ED-A66Y","bc90ead3-1a92-49c8-9d97-ef4a8751833a","TCGA-ED-A66Y-01A","Primary Tumor","Hepatocellular carcinoma, NOS","selected"
"ea735648-0470-4e98-a1c4-0cda50029723","0b7c5e69-5473-46a3-8180-ef2a730ec308.mirbase21.isoforms.quantification.txt",449342,"7c3b1ba33370d0e4d905456893ab7230","miRNAseq","BCGSC miRNA Profiling","470d52b8-3d74-4789-b714-b9869a96657b","TCGA-ED-A7PX","35600f0a-effb-40a5-a608-d60a42f3a43d","TCGA-ED-A7PX-01A","Primary Tumor","Hepatocellular carcinoma, NOS","selected"
"8ca14454-a1cd-49fc-b002-1a26a74c8a58","4c27833c-e999-46e9-bd70-d24774c2498a.mirbase21.isoforms.quantification.txt",311801,"53e19b05e5890224f6d8421d77d2ee34","miRNAseq","BCGSC miRNA Profiling","a396e048-5aa0-4d71-96bd-7f4fdf6934aa","TCGA-ED-A7PY","7c611dd6-6237-45f6-ae24-50bfa63d7835","TCGA-ED-A7PY-01A","Primary Tumor","Hepatocellular carcinoma, NOS","selected"
"932159e4-deb7-49ee-8227-5fc616fca06f","770c43b0-60c4-463c-b3f3-e64f6abc62a3.mirbase21.isoforms.quantification.txt",353090,"b5928e1c62bdec342d299426bb12d444","miRNAseq","BCGSC miRNA Profiling","87750e70-3af7-452a-9aa5-375acd3843ea","TCGA-ED-A7PZ","6931e9f2-8dae-45cf-9fa3-dee9d629472a","TCGA-ED-A7PZ-01A","Primary Tumor","Hepatocellular carcinoma, NOS","selected"
"cc876329-ba84-4a59-8094-9702eb155dd7","a16ad38a-6ee4-4a87-a12a-56cd0acd3518.mirbase21.isoforms.quantification.txt",422752,"bed6a9f91e7787667852c755c8e33035","miRNAseq","BCGSC miRNA Profiling","20bb3855-66e2-46d4-b189-006b4b254c2e","TCGA-ED-A7XO","8ae44ec9-741c-484b-a784-a0cb2f02aaa0","TCGA-ED-A7XO-01A","Primary Tumor","Hepatocellular carcinoma, NOS","selected"
"9dcab191-2cb5-4e77-bdba-c70d7208154b","5ea09d8e-b18f-4ac6-8f56-a4804ac268c5.mirbase21.isoforms.quantification.txt",346503,"480fb44a79f587debf5e51a49303c22c","miRNAseq","BCGSC miRNA Profiling","cca827ca-0066-497d-83dc-477f3b08ea6d","TCGA-ED-A7XP","cbdaac78-7866-47b0-bbde-62e1b84b96d7","TCGA-ED-A7XP-01A","Primary Tumor","Hepatocellular carcinoma, NOS","selected"
"3ac9623a-afca-4b71-acea-3fc2440887dc","bde1eec3-f5af-4f18-bfdc-29689b07b5cf.mirbase21.isoforms.quantification.txt",430731,"7ea45539b4fef9633cfbb57e342bef4e","miRNAseq","BCGSC miRNA Profiling","a96b67ba-6180-4b80-8792-877860421ca0","TCGA-ED-A82E","f05898c4-ee50-4a7b-8504-1cbb6f7b1e41","TCGA-ED-A82E-01A","Primary Tumor","Hepatocellular carcinoma, NOS","selected"
"b35e6f13-cb67-483b-8889-7de9647cecfd","2e6b5b0f-4792-4d5f-b35a-c116f287cfe7.mirbase21.isoforms.quantification.txt",351860,"55499de0dd0c50ebf94ecebc703f6b5a","miRNAseq","BCGSC miRNA Profiling","2bea076b-c923-4a91-a37b-c6615fec021c","TCGA-ED-A8O5","384d3f50-c931-45e4-bd65-bcfed8e1c602","TCGA-ED-A8O5-01A","Primary Tumor","Hepatocellular carcinoma, NOS","selected"
"30a03732-f8f1-4215-8e90-1e2cc8a1c420","7038fd4b-e4ee-4d9c-a37e-38a3208a9f2d.mirbase21.isoforms.quantification.txt",317369,"4dce02e7fad79a5a5e7de79c0b6c5b5e","miRNAseq","BCGSC miRNA Profiling","7fb03840-5153-4dc6-a302-5a89aa4e1fb6","TCGA-ED-A8O6","7c3d43a4-d7b7-4988-8195-fbfcd14592fc","TCGA-ED-A8O6-01A","Primary Tumor","Hepatocellular carcinoma, NOS","selected"
"aaa1d5cf-65e7-46be-9c7e-c364cab17116","597643a7-def3-4cfe-a3d9-f7846ae93629.mirbase21.isoforms.quantification.txt",387020,"cb774be48389f1a90b7ffafea03be67a","miRNAseq","BCGSC miRNA Profiling","959918d7-cb84-4745-a72f-d138176b1ecb","TCGA-EP-A12J","9d2fd2fd-b53a-4dbd-ace1-278e53f629af","TCGA-EP-A12J-01A","Primary Tumor","Hepatocellular carcinoma, NOS","selected"
"299a2914-6415-4d65-bacb-4a036de2c036","ca28f377-d686-41f9-90fb-9da55fec40cb.mirbase21.isoforms.quantification.txt",560126,"464eb27b4645699411f64e3caeefc22e","miRNAseq","BCGSC miRNA Profiling","959918d7-cb84-4745-a72f-d138176b1ecb","TCGA-EP-A12J","1a528b30-2444-4d9f-a6d6-1c43a175cbba","TCGA-EP-A12J-11A","Solid Tissue Normal","Hepatocellular carcinoma, NOS","selected"
"04837459-70d3-4a28-8d25-cb2ac4d97988","6a18967a-f620-468b-b24f-9f20be5b9a32.mirbase21.isoforms.quantification.txt",379006,"a8ef29d82f13fcc9801b85e437440e56","miRNAseq","BCGSC miRNA Profiling","b7d6621c-8bce-4a01-8588-9d7761d9372b","TCGA-EP-A26S","a0b2ff38-e6bf-4f27-98ab-5cf924b0e236","TCGA-EP-A26S-01A","Primary Tumor","Hepatocellular carcinoma, NOS","selected"
"fdda8023-37f4-4cf1-821d-a53b2a91a6ce","86053d87-2e30-43f8-8122-80b106d0ece1.mirbase21.isoforms.quantification.txt",448284,"4168c7f75e3e9637b9121ebcbbc610c8","miRNAseq","BCGSC miRNA Profiling","b7d6621c-8bce-4a01-8588-9d7761d9372b","TCGA-EP-A26S","5e0097a1-7d93-48b7-aad7-5f6c7af55596","TCGA-EP-A26S-11A","Solid Tissue Normal","Hepatocellular carcinoma, NOS","selected"
"e2ac43f0-764a-409b-bebc-48bf57455057","e64cb35d-cd67-41c0-8795-5b32c02d997a.mirbase21.isoforms.quantification.txt",400014,"295a5a56aa16cd6dc7b14ad483844479","miRNAseq","BCGSC miRNA Profiling","440375d7-cdcd-418a-8992-0a8ca42d290d","TCGA-EP-A2KA","e6e1bf11-da29-4052-85a1-584401f0fa3d","TCGA-EP-A2KA-01A","Primary Tumor","Hepatocellular carcinoma, NOS","selected"
"94ba5f73-cf56-4d52-966c-69f925929e8d","583b0e63-4946-4de0-b75c-842006c67d6a.mirbase21.isoforms.quantification.txt",330737,"77bdc3954d16292b3c04f9522520e5c9","miRNAseq","BCGSC miRNA Profiling","18c08546-bed3-4ed9-b223-479afe633c8e","TCGA-EP-A2KB","e2895132-da4f-4db5-b417-510e99fce776","TCGA-EP-A2KB-01A","Primary Tumor","Hepatocellular carcinoma, NOS","selected"
"0bfdd777-62f2-4153-8487-7e60b2e18573","a2de32df-8442-4a1b-baf6-6dabcfd85c17.mirbase21.isoforms.quantification.txt",368801,"1e675e85404ac0e9fb822383e0a10832","miRNAseq","BCGSC miRNA Profiling","71681db9-fa90-4fe1-a497-67d501eb75f0","TCGA-EP-A2KC","e3e1e85e-585f-4a19-b972-6119f1e39237","TCGA-EP-A2KC-01A","Primary Tumor","Hepatocellular carcinoma, NOS","selected"
"b4c702c0-765b-46eb-b7d2-8d21fa1a26b7","cb397725-dd14-428f-a0db-ea518d15ea68.mirbase21.isoforms.quantification.txt",540052,"6276ca3c73296ceeb88e07e89278d1e4","miRNAseq","BCGSC miRNA Profiling","a196a937-b17d-4d4a-965b-8af0f4f41367","TCGA-EP-A3JL","93612bcd-f1d2-44dd-8abf-7da2865878ce","TCGA-EP-A3JL-01A","Primary Tumor","Hepatocellular carcinoma, NOS; Not Reported","selected"
"3ab0dee4-b492-418e-a0f6-a97094a42afc","6f6eef7e-83e6-41bc-b40b-d1f6c66731b2.mirbase21.isoforms.quantification.txt",330357,"369f9207cde69ebf040e8005553d82b9","miRNAseq","BCGSC miRNA Profiling","f15279dd-5d12-460b-9bd1-b4f95681ca65","TCGA-EP-A3RK","253da6ee-8786-4a20-a0dc-58816a8a9c39","TCGA-EP-A3RK-01A","Primary Tumor","Hepatocellular carcinoma, NOS","selected"
"b513d3f7-f425-4455-9603-b14f72bb8c94","abd0c7a6-54da-4fa7-bbef-c09b851b051f.mirbase21.isoforms.quantification.txt",429774,"6a5e2901910236407fc3b0bd095914c2","miRNAseq","BCGSC miRNA Profiling","f15279dd-5d12-460b-9bd1-b4f95681ca65","TCGA-EP-A3RK","13576f15-4fba-4ea4-b682-32271d2768b5","TCGA-EP-A3RK-11A","Solid Tissue Normal","Hepatocellular carcinoma, NOS","selected"
"da15726b-759d-4124-8504-e2905bbd1c9c","8e297689-1dd3-4d5f-8893-484abf3d0147.mirbase21.isoforms.quantification.txt",288261,"df30634af2d6f87cd22f5e7b6cd5723f","miRNAseq","BCGSC miRNA Profiling","728aedb3-551a-4c16-9be3-7733a9539e9e","TCGA-ES-A2HS","a06fe860-8d5f-4ed0-b7fc-72f74567fb7e","TCGA-ES-A2HS-01A","Primary Tumor","Hepatocellular carcinoma, NOS; Adenocarcinoma, NOS","selected"
"6c9696ef-1806-4488-b26f-0e1ed0ae30b0","2447723d-3a89-48b6-aa99-63c566454297.mirbase21.isoforms.quantification.txt",314328,"3358faead481d8fa62cb6f6b2e06f117","miRNAseq","BCGSC miRNA Profiling","7dd3bda9-3a0a-46fa-b052-a6d24b847804","TCGA-ES-A2HT","9b68c72d-30d4-4a7a-ade7-a2bde50a84f2","TCGA-ES-A2HT-01A","Primary Tumor","Hepatocellular carcinoma, NOS","selected"
"7cd0277b-da80-4aac-aa51-a778679889c0","be1cbfe1-c7af-413f-ab60-3b3c23bdd8f7.mirbase21.isoforms.quantification.txt",367828,"e079939d81008c7861606e54209b2a72","miRNAseq","BCGSC miRNA Profiling","7dd3bda9-3a0a-46fa-b052-a6d24b847804","TCGA-ES-A2HT","723a470f-6855-409a-aad4-d6b933313239","TCGA-ES-A2HT-11A","Solid Tissue Normal","Hepatocellular carcinoma, NOS","selected"
"a087096c-fecc-4ebc-bfd4-afcb900858af","49f9328f-6ec8-4c31-8259-ddb174434745.mirbase21.isoforms.quantification.txt",374540,"a54501a88bd0bfa80655f46a630d9fab","miRNAseq","BCGSC miRNA Profiling","c95ed407-bcc2-44aa-bc59-bf7549f2d665","TCGA-FV-A23B","d056433d-c3e2-467a-8151-ddf2a6d8683a","TCGA-FV-A23B-01A","Primary Tumor","Hepatocellular carcinoma, NOS","selected"
"17850827-db0b-4c4d-a8ca-196ca23a783a","cb2f5baf-965c-4d3a-b3da-ae81a765a573.mirbase21.isoforms.quantification.txt",481972,"fdf60bbd1d07e15e72ec7d4eac78340e","miRNAseq","BCGSC miRNA Profiling","c95ed407-bcc2-44aa-bc59-bf7549f2d665","TCGA-FV-A23B","cf3e04fe-9fc4-4293-a7c0-b46510f590e9","TCGA-FV-A23B-11A","Solid Tissue Normal","Hepatocellular carcinoma, NOS","selected"
"a89488d6-93a7-4d4a-96d5-4b946789df8d","27e7d519-6ec2-4f9d-8f95-3f89ff5a7382.mirbase21.isoforms.quantification.txt",321730,"38ffff5cb188a7ff3996d5f086953dad","miRNAseq","BCGSC miRNA Profiling","d680df09-368e-42b5-b540-45c41ed31042","TCGA-FV-A2QQ","a0096af4-abd3-4f6e-a6ac-2cf2e57c7bd9","TCGA-FV-A2QQ-01A","Primary Tumor","Hepatocellular carcinoma, NOS","selected"
"297a6309-dfdb-4672-9462-ff11a824abd1","354872f0-cdae-4c0d-8480-cdb607884751.mirbase21.isoforms.quantification.txt",449632,"200555474863ed42a599dc9ee1df1f54","miRNAseq","BCGSC miRNA Profiling","d3a03f7a-3482-4548-957e-05c692b20101","TCGA-FV-A2QR","5e6e2c83-3102-4130-98aa-167c8be39120","TCGA-FV-A2QR-01A","Primary Tumor","Hepatocellular carcinoma, NOS","selected"
"f8b4ca12-de7a-4ea0-be0a-fa263a3ccb12","18912712-285a-4063-9e71-c78b24fe2473.mirbase21.isoforms.quantification.txt",528556,"3d04657104eed09375a85167d4ce6eac","miRNAseq","BCGSC miRNA Profiling","d3a03f7a-3482-4548-957e-05c692b20101","TCGA-FV-A2QR","7029f596-0988-4b9a-9c87-56fd5ce60ea2","TCGA-FV-A2QR-11A","Solid Tissue Normal","Hepatocellular carcinoma, NOS","selected"
"e56f5075-3a18-4d0e-b45c-fd20dcd3e527","74e525d4-d88d-4ddd-b5b5-652fd172f1ce.mirbase21.isoforms.quantification.txt",437287,"75ef0720b9a292b817ed1e091281337c","miRNAseq","BCGSC miRNA Profiling","bfd20d71-18a5-4f01-8d56-84378ad92359","TCGA-FV-A3I1","a744be68-d008-4847-a11d-89918a419a5f","TCGA-FV-A3I1-01A","Primary Tumor","Hepatocellular carcinoma, NOS; Adenocarcinoma, NOS","selected"
"1b99b402-c72f-4c14-908c-b70298b57287","8c2656f8-a22b-44e4-b1b5-42b376062557.mirbase21.isoforms.quantification.txt",417254,"77e93f20fc30fdb2da67975bb9023b80","miRNAseq","BCGSC miRNA Profiling","bfd20d71-18a5-4f01-8d56-84378ad92359","TCGA-FV-A3I1","3811dc8f-a2bb-402f-a631-090773c27786","TCGA-FV-A3I1-11A","Solid Tissue Normal","Hepatocellular carcinoma, NOS; Adenocarcinoma, NOS","selected"
"69959ddf-cf16-465a-a493-42ebf5d58d3c","b9eb1d95-fe8a-4baa-9d57-f610c1ed5345.mirbase21.isoforms.quantification.txt",494530,"0cea005ebc490d2352145955a21c3f5a","miRNAseq","BCGSC miRNA Profiling","17833039-0d7e-47f0-90e6-8cabae94c124","TCGA-FV-A3R2","50d807b1-a8cb-4299-a597-0d3f8dd98692","TCGA-FV-A3R2-11A","Solid Tissue Normal","Hepatocellular carcinoma, NOS; Papillary transitional cell carcinoma","selected"
"819ea752-ca65-4894-a9cd-f91e81d43d76","d93c366b-83c1-4b88-9c8a-c9cf38781807.mirbase21.isoforms.quantification.txt",383695,"4b99f5d54db5bf739d9c05a8efd41cdf","miRNAseq","BCGSC miRNA Profiling","bd48fa5e-0152-46f0-a4fa-8cf723ff2dcd","TCGA-FV-A495","b7fc877d-6055-4a28-bbdf-50ce7236b7bf","TCGA-FV-A495-01A","Primary Tumor","Hepatocellular carcinoma, NOS","selected"
"6fd0f85f-27e1-415d-a163-e4523d3cc700","cde91b00-ef02-4bf7-ba86-cea7b09ad1b8.mirbase21.isoforms.quantification.txt",314185,"195081d8667f0138e89cd0aba201308b","miRNAseq","BCGSC miRNA Profiling","8afa3140-dcbd-44c0-ab13-4ada6a0444d4","TCGA-FV-A496","fd1e3b28-c143-4ef6-a699-3a61cb20a5ed","TCGA-FV-A496-01A","Primary Tumor","Hepatocellular carcinoma, NOS","selected"
"fe91936c-d237-4cdb-bbeb-2c46d49d3c5d","d0378554-ee39-4846-b1c1-1249b1725d2d.mirbase21.isoforms.quantification.txt",276201,"6aff1d0247032da48ce40533d49896a6","miRNAseq","BCGSC miRNA Profiling","5c08008d-5ed4-4480-bd00-c8a2d8c787dc","TCGA-FV-A4ZP","856ae98c-ce7b-4436-922b-bf76456a5edd","TCGA-FV-A4ZP-01A","Primary Tumor","Hepatocellular carcinoma, NOS; Basaloid squamous cell carcinoma","selected"
"f122172e-e54f-4866-ae2e-71d26ebf7111","039fa257-824f-4ed9-afef-3eda8149d2d9.mirbase21.isoforms.quantification.txt",349400,"f7b8e8f9d658bef7c3d6b9b7f5fe2e0a","miRNAseq","BCGSC miRNA Profiling","65e430e1-0c9a-4045-83a9-653b7cff811d","TCGA-FV-A4ZQ","56daad30-a336-4311-9feb-26cf3e48c734","TCGA-FV-A4ZQ-01A","Primary Tumor","Hepatocellular carcinoma, NOS","selected"
"421d9957-15c3-42fb-9ecf-af5fb12b1ef0","ecdc85cf-62a3-4620-ab6d-a0d493b8378f.mirbase21.isoforms.quantification.txt",409715,"e7244baa0f97db9789ca398439107b2e","miRNAseq","BCGSC miRNA Profiling","b865dec4-f051-4fbe-9405-f832ff2010d7","TCGA-G3-A25S","d12be3f6-68bc-4583-9478-fc01a0eb9387","TCGA-G3-A25S-01A","Primary Tumor","Hepatocellular carcinoma, NOS","selected"
"cac91ba7-7558-42ae-96c4-86b972cfefc5","c3afbb5e-ca67-4066-ab1c-40da03559d36.mirbase21.isoforms.quantification.txt",500214,"e08546f56af3d77972249b91a0ee3c12","miRNAseq","BCGSC miRNA Profiling","f6e5979d-d6a9-4408-bd1b-1b37d1064e83","TCGA-G3-A25T","d42d6e07-8e0e-4345-b1b9-1b8b4574d042","TCGA-G3-A25T-01A","Primary Tumor","Hepatocellular carcinoma, NOS","selected"
"70b93837-a171-4567-976b-7fef6361a9d2","d3389e1d-e4c8-4980-aa36-a10ed6ce3da6.mirbase21.isoforms.quantification.txt",436913,"a2f80c415ecb6d018464400dd588a146","miRNAseq","BCGSC miRNA Profiling","b9835dc5-bf31-4541-a973-e8ca802d80ba","TCGA-G3-A25U","824e95b4-5d35-4b11-b320-fcf96e78ad10","TCGA-G3-A25U-01A","Primary Tumor","Hepatocellular carcinoma, NOS","selected"
"41921c42-5cea-428e-9985-ebaa530359e3","c6b81f67-b1c2-44c7-8f24-85efb08fecef.mirbase21.isoforms.quantification.txt",484539,"0a3e4ecd060c3b38ca0319ea43591e1b","miRNAseq","BCGSC miRNA Profiling","f435ec00-0db8-46b4-96bf-890a9d931df3","TCGA-G3-A25V","634ab666-0845-4b62-a2a1-abd408d8b829","TCGA-G3-A25V-01A","Primary Tumor","Hepatocellular carcinoma, NOS","selected"
"f9d5b6c3-8753-42ed-a935-1e3bc73fd42c","81e685d7-44d8-47a5-b481-68f71448cfa4.mirbase21.isoforms.quantification.txt",403842,"ddee28e673c4e2b5fd6d539880288fc4","miRNAseq","BCGSC miRNA Profiling","06ac44e9-1226-4202-828b-6f224766d7ac","TCGA-G3-A25W","859cde68-b3bb-4867-bced-c016bfaffde9","TCGA-G3-A25W-01A","Primary Tumor","Hepatocellular carcinoma, NOS; Papillary renal cell carcinoma","selected"
"9fe5223b-8858-4b1a-8118-543a2101f387","de0f9891-174c-4b34-a73a-d91b614d7703.mirbase21.isoforms.quantification.txt",530882,"e329da76b6e17bc8fb125a3366165396","miRNAseq","BCGSC miRNA Profiling","08428220-abd4-484e-85ca-3673454c837e","TCGA-G3-A25X","5ff97822-0520-45b7-a28a-a1c68c5ac324","TCGA-G3-A25X-01A","Primary Tumor","Hepatocellular carcinoma, NOS","selected"
"eea248d5-58ea-4c7d-ac24-cc421662a872","943c6db7-635b-42bf-919d-c5698d69d3f7.mirbase21.isoforms.quantification.txt",533728,"2ff476c4c8fd89ffc10af0f2cae0bc67","miRNAseq","BCGSC miRNA Profiling","239b4298-b090-480a-a19f-9758a827aa30","TCGA-G3-A25Y","433df923-691a-41f8-8718-6f9783f59873","TCGA-G3-A25Y-01A","Primary Tumor","Hepatocellular carcinoma, NOS","selected"
"df5d976d-56c6-417e-b0bd-18c04040d77d","6debe1b4-9c59-4818-a15a-3619bcbef0f8.mirbase21.isoforms.quantification.txt",402147,"b6795d47f2c5974aa753f7de3d4a4c38","miRNAseq","BCGSC miRNA Profiling","2f3d22ad-6917-4189-89d9-2a06c2d2de0a","TCGA-G3-A25Z","6fa5e58b-6bc3-4b13-b76d-92bcb28dc908","TCGA-G3-A25Z-01A","Primary Tumor","Hepatocellular carcinoma, NOS","selected"
"ad0dfeba-4a18-40d5-9c69-2ac3844045c6","f598c235-a92d-4524-88f2-361ae658ede3.mirbase21.isoforms.quantification.txt",435563,"64c9580699ef478d86633545d73b8bde","miRNAseq","BCGSC miRNA Profiling","8a14d153-bbf7-4512-a067-976edfb65f91","TCGA-G3-A3CG","d02deece-d8bc-4614-ac26-60a4282fdb07","TCGA-G3-A3CG-01A","Primary Tumor","Adenocarcinoma, NOS; Hepatocellular carcinoma, NOS","selected"
"22a83bbf-fec4-46a2-918c-bfac4f84a6d0","802d73fc-b3e8-4eb0-ae3e-16db43c7c207.mirbase21.isoforms.quantification.txt",441856,"da91f4269e243925fa98c05e24fb96e3","miRNAseq","BCGSC miRNA Profiling","3a2d7482-c246-411e-841f-71d96e353328","TCGA-G3-A3CH","4621932d-aa60-4886-8ed4-3a34edd8baf4","TCGA-G3-A3CH-01A","Primary Tumor","Hepatocellular carcinoma, NOS","selected"
"3b5ae4de-4d8a-4042-b918-93fb21e6dad0","43529af3-1a79-4746-beb0-f7e6f6e4494b.mirbase21.isoforms.quantification.txt",420856,"ad0ed73b4f5156b12405e07ec514aff5","miRNAseq","BCGSC miRNA Profiling","3a2d7482-c246-411e-841f-71d96e353328","TCGA-G3-A3CH","6b915dde-b8ac-4cc6-839b-e226e914b499","TCGA-G3-A3CH-11A","Solid Tissue Normal","Hepatocellular carcinoma, NOS","selected"
"ed88a2d4-8aa6-4362-939d-884b6dc08933","8a66f451-5529-47a5-86ee-9ba8761739fc.mirbase21.isoforms.quantification.txt",441203,"f7bbab2af362244e5825533c185c600e","miRNAseq","BCGSC miRNA Profiling","b5465221-78fe-40a8-abec-bed600602dd4","TCGA-G3-A3CI","2c1ac52f-293b-4cc1-9c90-2870cc4b14e1","TCGA-G3-A3CI-01A","Primary Tumor","Hepatocellular carcinoma, NOS","selected"
"e84d6827-8b0a-40a6-83d7-0d3fda5fe706","849d7c70-bab7-481c-8eb9-084268a5a197.mirbase21.isoforms.quantification.txt",403158,"4c83cffee4e761e1b022cbd24db8f5ae","miRNAseq","BCGSC miRNA Profiling","cb8f3c76-da86-4a1d-977c-44ab399b342a","TCGA-G3-A3CJ","a8ab7daf-079d-458b-ad09-a99306384864","TCGA-G3-A3CJ-01A","Primary Tumor","Hepatocellular carcinoma, NOS","selected"
"535a0335-0eaf-43d2-ae24-c7752ff650ff","6f73d11b-c0c0-4059-bea6-a9b896501a19.mirbase21.isoforms.quantification.txt",382198,"38bf23fc64ccfa9f78761980397e9acd","miRNAseq","BCGSC miRNA Profiling","39eb1db0-2722-4af4-8254-d0e10256c64d","TCGA-G3-A3CK","2f38c711-639f-4611-9076-dc99a1db8239","TCGA-G3-A3CK-01A","Primary Tumor","Hepatocellular carcinoma, NOS","selected"
"7b7623a0-f491-448e-b02b-0203100ffbe8","95bc7f9d-12d4-41ef-b9a0-24d24c4b6a61.mirbase21.isoforms.quantification.txt",318262,"9d0c85b9c7595d7f842b91a8fb456a05","miRNAseq","BCGSC miRNA Profiling","14201da5-4446-47be-af72-120b7780c6bf","TCGA-G3-A5SI","81ade549-b8a5-4cbe-9970-1be85c005002","TCGA-G3-A5SI-01A","Primary Tumor","Hepatocellular carcinoma, NOS","selected"
"803b465b-55b9-42a5-ac74-a207d295e3b9","1d255947-1b6d-4ef4-a892-5b73b847e820.mirbase21.isoforms.quantification.txt",376303,"16459c4635c456b6cdba8dde233983d5","miRNAseq","BCGSC miRNA Profiling","2c8a1e74-33de-453f-8d1e-e226185e52fc","TCGA-G3-A5SJ","74a3b091-f6de-49fe-be1d-7e091348da2c","TCGA-G3-A5SJ-01A","Primary Tumor","Hepatocellular carcinoma, NOS","selected"
"b66d60b3-5619-43d3-b75e-dc0cc8cf5f5b","9770e617-ca2b-45e8-8aee-5451d7a98d08.mirbase21.isoforms.quantification.txt",302829,"4eb765f8ec1e500e1086a66083d5f659","miRNAseq","BCGSC miRNA Profiling","24259d55-20ac-4359-861f-dcad7ad88cee","TCGA-G3-A5SK","b245c6c9-405b-48c9-bcaa-02bcdf11bd2e","TCGA-G3-A5SK-01A","Primary Tumor","Hepatocellular carcinoma, NOS","selected"
"13679665-45ba-4d46-8b6b-bb01c261eaaf","5e78bdca-c018-460b-ba96-a5d7a71a6e76.mirbase21.isoforms.quantification.txt",284247,"79b1140c23cb801f4b755c856c4f673e","miRNAseq","BCGSC miRNA Profiling","9a56d8a8-dadd-442e-bc09-732cd619aef7","TCGA-G3-A5SL","5af5519d-73ee-481b-a47c-06f54dbd372f","TCGA-G3-A5SL-01A","Primary Tumor","Hepatocellular carcinoma, NOS","selected"
"4b1c29d5-92ac-4a2b-9d11-8de85fff8916","23f0a16f-a9e0-484b-b605-d98c1bbf3e8b.mirbase21.isoforms.quantification.txt",346899,"afbda2ccc76a856cd8302763347242b7","miRNAseq","BCGSC miRNA Profiling","d397e70f-c174-4656-9b7e-5e4c00754410","TCGA-G3-A5SM","8313a442-e572-476a-b96f-565b105834ea","TCGA-G3-A5SM-01A","Primary Tumor","Hepatocellular carcinoma, NOS","selected"
"f58fec13-ca70-405e-bd53-b496a8d1c151","979c3a0a-2e28-4848-aa90-c4d8bd085192.mirbase21.isoforms.quantification.txt",272685,"c10ba3d71d772080ec383f50c370f57e","miRNAseq","BCGSC miRNA Profiling","87aa894e-7676-40b7-9557-6541446d8cea","TCGA-G3-A6UC","00c2eeb7-b822-4dbd-a127-98aad0c0f184","TCGA-G3-A6UC-01A","Primary Tumor","Hepatocellular carcinoma, NOS; Adenocarcinoma, NOS","selected"
"1b72091b-b824-452f-a199-bd750ab10990","d56eae47-6e27-4938-92dd-e3b5c69d2480.mirbase21.isoforms.quantification.txt",239039,"36d9b16c2a42f4bc7771869727f3f46c","miRNAseq","BCGSC miRNA Profiling","869f8a17-bced-4002-bd60-99df84a03b93","TCGA-G3-A7M5","738d9234-646f-431b-8ee3-661d2b3ca23b","TCGA-G3-A7M5-01A","Primary Tumor","Hepatocellular carcinoma, NOS","selected"
"e60251d0-5de4-4efd-9280-84dc7fe078d1","b2d17e99-d35b-4bd2-87a3-f87135048fae.mirbase21.isoforms.quantification.txt",368949,"a48457cec9b50cafb0028fba44795498","miRNAseq","BCGSC miRNA Profiling","2681f83d-233f-4ea2-b5e6-3c05af81f123","TCGA-G3-A7M6","33b4c69a-230a-4d4b-9d6b-5f1c28d7d25b","TCGA-G3-A7M6-01A","Primary Tumor","Hepatocellular carcinoma, NOS","selected"
"55f8f46e-8d10-4939-ab49-e359b6f08dbb","ed7def30-5c70-4235-a8b1-0d780fd9db93.mirbase21.isoforms.quantification.txt",296234,"e151332b4e257f86677096143247bde3","miRNAseq","BCGSC miRNA Profiling","3d048a45-3d5d-4563-acc8-3c662861f18a","TCGA-G3-A7M7","fd7c8159-102b-4af5-ae93-4e468e54ec10","TCGA-G3-A7M7-01A","Primary Tumor","Hepatocellular carcinoma, NOS","selected"
"620b5868-0c63-4c09-9687-bdf9bc9f53bd","a56674bc-71b0-47e2-9cf5-3a312e81ec0a.mirbase21.isoforms.quantification.txt",259192,"e45ad70fe75ba5326d60beda53454c77","miRNAseq","BCGSC miRNA Profiling","01cc571c-a47c-4548-9c14-5e51c79b095b","TCGA-G3-A7M8","957cbaf2-52d1-4102-a87e-f1d0d5687c17","TCGA-G3-A7M8-01A","Primary Tumor","Hepatocellular carcinoma, NOS","selected"
"326a88f2-7005-4369-bc2b-919a7ea53383","394f3b80-4109-49ad-b6e6-740735852656.mirbase21.isoforms.quantification.txt",522256,"d22b823fe1367a9c013ce8162ce05dec","miRNAseq","BCGSC miRNA Profiling","115b754d-8559-4f1d-af44-fcd8c2cef86a","TCGA-G3-A7M9","0ffdd482-a87e-45bc-a39b-09f5c4f23b55","TCGA-G3-A7M9-01A","Primary Tumor","Hepatocellular carcinoma, NOS; Basal cell carcinoma, NOS; Squamous cell carcinoma, NOS","selected"
"afc4d931-a0d6-4173-88d5-dbab9eefd810","e48b2770-6f4e-4b3c-9a65-7f9d8a9b6124.mirbase21.isoforms.quantification.txt",332767,"22ac942c9c4f1c9a802041e1b157e175","miRNAseq","BCGSC miRNA Profiling","d74ddbe2-5860-40b1-9bd8-99cc50f3392d","TCGA-G3-AAUZ","7c4e023a-de49-4a4a-b4cf-26731b5650b2","TCGA-G3-AAUZ-01A","Primary Tumor","Hepatocellular carcinoma, NOS","selected"
"aebbd658-204e-48d6-8b2c-7ea8706d5438","eaa45812-1023-4f52-b558-c7996dbae434.mirbase21.isoforms.quantification.txt",335835,"38e5ae86e47dbdf160f411c9f7f97405","miRNAseq","BCGSC miRNA Profiling","6e657705-8579-433b-af7a-b6155b599518","TCGA-G3-AAV0","d4862074-e347-4318-a4a4-bf1878ead618","TCGA-G3-AAV0-01A","Primary Tumor","Hepatocellular carcinoma, NOS","selected"
"e48ef868-f69b-4bdd-b663-226aa313a251","93eee06c-72d2-4e9a-a22b-87778b4c670d.mirbase21.isoforms.quantification.txt",257129,"c5445797260849b4370c2d75ae1b187e","miRNAseq","BCGSC miRNA Profiling","ee6d81bf-0470-4652-aff0-d85f6ab67626","TCGA-G3-AAV1","ad535210-07ee-41a5-b9f7-8548e41df779","TCGA-G3-AAV1-01A","Primary Tumor","Hepatocellular carcinoma, NOS","selected"
"34d713ae-75bd-484b-8b04-5616d6dd5d18","a8a3015d-9acf-4391-a356-60e11916382d.mirbase21.isoforms.quantification.txt",284084,"b62530c4e1a997e0c4faaeab563cf182","miRNAseq","BCGSC miRNA Profiling","1724c96a-2aa3-43d4-992a-08af948c0f45","TCGA-G3-AAV2","a82bc212-23ad-4e9b-af92-653f4b3c9df4","TCGA-G3-AAV2-01A","Primary Tumor","Hepatocellular carcinoma, NOS","selected"
"e11af3a4-2632-4e36-90eb-6877a8a77ab3","8932fca5-b6ea-4523-b4ab-a64cb53c4fcc.mirbase21.isoforms.quantification.txt",317438,"91b1122a366a0325a27d4e19146fe8ed","miRNAseq","BCGSC miRNA Profiling","efc865fd-7c74-4361-9d7a-eef923dbcd24","TCGA-G3-AAV3","b0d2fd7c-04e8-459b-80ee-e7f786f163d1","TCGA-G3-AAV3-01A","Primary Tumor","Hepatocellular carcinoma, NOS","selected"
"6749fce1-76c9-4fe6-a8c3-257868004142","b5ca2ac1-447b-47af-8481-14ab6b367020.mirbase21.isoforms.quantification.txt",315257,"834a0031bc54be9a192b2c0af337b554","miRNAseq","BCGSC miRNA Profiling","0955d871-5413-4ab2-8fdf-b4feb3aeef5d","TCGA-G3-AAV4","076a7d31-e804-4637-b23e-d0e30d32bed4","TCGA-G3-AAV4-01A","Primary Tumor","Hepatocellular carcinoma, NOS","selected"
"b58e8749-d223-461c-a66e-9cbff901d444","9c644f65-0ebb-4862-98a9-308b81c8fb26.mirbase21.isoforms.quantification.txt",286564,"6036083718e171cb3f0a39839b158cd1","miRNAseq","BCGSC miRNA Profiling","4dff4242-4a53-4f46-b200-7ed83f6b7808","TCGA-G3-AAV5","4e8b5c38-4e61-4f34-9255-da81ff5db4b7","TCGA-G3-AAV5-01A","Primary Tumor","Hepatocellular carcinoma, NOS","selected"
"861e5580-2336-4425-affd-f22d2f08f165","8c7295bb-90cf-4fb3-a177-9f119a251021.mirbase21.isoforms.quantification.txt",378090,"2b767a199fb1850591df213a7795b025","miRNAseq","BCGSC miRNA Profiling","a6733fa1-030a-45ed-9c24-0e64164d4998","TCGA-G3-AAV6","df60f0b3-aa75-41ac-9921-fe3bbc3998eb","TCGA-G3-AAV6-01A","Primary Tumor","Hepatocellular carcinoma, NOS","selected"
"1a742d56-8d41-4b04-8f32-27a16aaea4eb","61e93f10-1af1-47db-8a46-61aab938adad.mirbase21.isoforms.quantification.txt",386163,"caf795b69bef5736b4e8603271a9832f","miRNAseq","BCGSC miRNA Profiling","5d259f26-3bef-4fe4-948b-495183f5f8be","TCGA-G3-AAV7","5cdd976b-bb2b-47a9-a745-ad446797ac34","TCGA-G3-AAV7-01A","Primary Tumor","Hepatocellular carcinoma, NOS","selected"
"2205c814-2a4c-4052-af03-b37dc83b3d08","17b55c6c-0cb8-4ac9-98a0-a11e132c2ef9.mirbase21.isoforms.quantification.txt",461517,"f37a260aac4bcca05e4cee45a0a5f160","miRNAseq","BCGSC miRNA Profiling","fb2abc2a-ecf1-4184-912f-26a649f861ff","TCGA-GJ-A3OU","fe863395-3ebb-45c5-aab9-b0181906c89c","TCGA-GJ-A3OU-01A","Primary Tumor","Hepatocellular carcinoma, clear cell type","selected"
"facb0daa-72bf-4a0a-959e-209f81a5e97c","991e8d57-55d8-4882-be48-d25f14caa337.mirbase21.isoforms.quantification.txt",268310,"383185f466b4c01f6a04b8ccbb92716c","miRNAseq","BCGSC miRNA Profiling","1b326242-4be6-4f05-b5fb-07ed76b49850","TCGA-GJ-A6C0","9d33dab1-ce73-42c6-b504-42e127839882","TCGA-GJ-A6C0-01A","Primary Tumor","Hepatocellular carcinoma, NOS","selected"
"c5b65ef8-d6f9-40b0-93ae-53fa1a4199f8","82a5b0fa-7a93-42f4-a9da-c195998203bf.mirbase21.isoforms.quantification.txt",325599,"016e2a20ff860e35ae384f73c0541399","miRNAseq","BCGSC miRNA Profiling","45f00f00-d793-4dca-aeb9-7626d4575c90","TCGA-GJ-A9DB","ee280cfa-626f-4d7b-a51f-c5dd82635d43","TCGA-GJ-A9DB-01A","Primary Tumor","Hepatocellular carcinoma, NOS","selected"
"6d7df059-c900-420a-97ed-2405e38e1fff","6ec36b37-f3f8-44cc-8306-14581b78222b.mirbase21.isoforms.quantification.txt",344501,"8539a450cfc99a25cd06264fb73416be","miRNAseq","BCGSC miRNA Profiling","2d00f09f-0074-46c8-b357-b5f33567762a","TCGA-HP-A5MZ","9ec5013e-aabb-487a-87d7-49b4b6bd0f6a","TCGA-HP-A5MZ-01A","Primary Tumor","Hepatocellular carcinoma, NOS","selected"
"f306c7f8-5f02-4227-a932-d5125f92f58f","191bae10-9f2a-40ef-aed7-349901cb9097.mirbase21.isoforms.quantification.txt",332196,"e4d5565bf9fd4cbf0cc8df0bed0ce844","miRNAseq","BCGSC miRNA Profiling","7f8e25d4-6021-4327-96ab-79b6fcc97a24","TCGA-HP-A5N0","26dc1e14-4925-4258-8e46-1d52dfdd1b4f","TCGA-HP-A5N0-01A","Primary Tumor","Hepatocellular carcinoma, clear cell type","selected"
"4950b664-df2a-4246-a685-be2ced4778c1","e4c90512-0e06-4517-95fe-c10b999f5f81.mirbase21.isoforms.quantification.txt",286151,"af00effb12bb86ac00291826193ec210","miRNAseq","BCGSC miRNA Profiling","3134f7d1-3359-497a-b8be-1f317d8ddaaa","TCGA-K7-A5RF","2fa93cb3-45bd-492c-b254-64bb0c9dddd9","TCGA-K7-A5RF-01A","Primary Tumor","Hepatocellular carcinoma, NOS","selected"
"41db1708-30ee-40c4-9aa3-aafc784eb4f0","2b9e6cab-267c-4b13-bda5-6c2795648419.mirbase21.isoforms.quantification.txt",414754,"4dc719d79917f8ae731dbeb3160299d6","miRNAseq","BCGSC miRNA Profiling","4fd3ed02-7b66-47bf-8b92-31fee1093a87","TCGA-K7-A5RG","3add537e-0692-4d5c-9c32-1341adcb3bfa","TCGA-K7-A5RG-01A","Primary Tumor","Hepatocellular carcinoma, NOS","selected"
"2a18dc34-bd5b-4938-973c-752ddb32dec0","e965389c-978f-4429-a424-6577705c7501.mirbase21.isoforms.quantification.txt",223567,"b7977318cd994bb4df39fd653e946f2a","miRNAseq","BCGSC miRNA Profiling","81eddcda-0069-4652-9dc6-8aac89cba1ff","TCGA-K7-A6G5","63a726a2-46cd-48dc-bab7-195b16fb0f25","TCGA-K7-A6G5-01A","Primary Tumor","Hepatocellular carcinoma, NOS","selected"
"b38584d8-28ec-4f05-8f9e-47031ac1cd9c","342bcb05-1df2-4c6b-993a-c7c5932c2e43.mirbase21.isoforms.quantification.txt",277213,"3e938a83e784fb9af262e2e129219fcd","miRNAseq","BCGSC miRNA Profiling","5a7706ba-3cea-41eb-b78a-fd69206daa93","TCGA-KR-A7K0","cbd70f3d-2af2-4645-bd83-aed0d0857083","TCGA-KR-A7K0-01A","Primary Tumor","Squamous cell carcinoma, NOS; Hepatocellular carcinoma, NOS","selected"
"2d4d3f00-3a3f-47b8-bdaf-54217d223876","2b8ce171-41a0-4a37-9fdc-55bbfaa53ea0.mirbase21.isoforms.quantification.txt",404696,"dd2131acb0a358593bb484086b044269","miRNAseq","BCGSC miRNA Profiling","7ba3d8f1-0c26-4c49-8d6b-0f2875b58daf","TCGA-KR-A7K7","f178cc5c-525a-418b-a868-fa6e7c50947c","TCGA-KR-A7K7-01A","Primary Tumor","Adenocarcinoma, NOS; Hepatocellular carcinoma, NOS","selected"
"36541644-f1ed-4fcb-ac28-8b3b8211f756","5646ff33-83b9-4339-86e6-957c3bb3dbe2.mirbase21.isoforms.quantification.txt",404135,"cee9d86a8da4e226d3460461524e3d5b","miRNAseq","BCGSC miRNA Profiling","4b0e544c-4090-4ebb-b3e5-2623aa91356c","TCGA-KR-A7K8","30f43a40-040f-4c42-a84e-0ba7ec9c8945","TCGA-KR-A7K8-01A","Primary Tumor","Hepatocellular carcinoma, NOS","selected"
"ba859d08-9e15-4974-82e9-a476f0172980","d87dd38a-7821-46ad-bf0a-05357d7c8e31.mirbase21.isoforms.quantification.txt",234184,"0d65e79983ba874b68c057f1dceb80c3","miRNAseq","BCGSC miRNA Profiling","c618da6d-3c66-4a6a-8832-3526a3b75410","TCGA-LG-A6GG","18000b40-b2e5-4c32-81fe-c7c208e99f33","TCGA-LG-A6GG-01A","Primary Tumor","Melanoma, NOS; Hepatocellular carcinoma, NOS","selected"
"bf6d7455-5582-4555-bb1a-3796191a7893","500ea92a-9419-4b24-9872-2ea52caa57f6.mirbase21.isoforms.quantification.txt",293445,"d3069474d14eda7dbb088afe59e35497","miRNAseq","BCGSC miRNA Profiling","8c2783ef-aa41-44c9-be87-fa4c84108f1e","TCGA-LG-A9QC","c8b18401-ab61-4925-a022-62b5f7190139","TCGA-LG-A9QC-01A","Primary Tumor","Hepatocellular carcinoma, NOS","selected"
"fd2a3c93-b639-4a2a-a255-6dc0c9395ea1","982dd56f-fbe2-4ca5-8b6d-1028faec1872.mirbase21.isoforms.quantification.txt",296045,"560aaaf5a9956cf5ea3f15735f5e4bf3","miRNAseq","BCGSC miRNA Profiling","948a9bbc-60b0-4fb7-a707-76bc41294217","TCGA-LG-A9QD","3b829cbd-1abb-41f8-9633-597e6b79e362","TCGA-LG-A9QD-01A","Primary Tumor","Hepatocellular carcinoma, NOS","selected"
"0472d893-7516-4e6a-9d5d-e7ef59adae59","a09e7d02-5f22-4307-9f97-ac8d1e209c26.mirbase21.isoforms.quantification.txt",358305,"a45ea6d34c8045d5a3bc562b8792b346","miRNAseq","BCGSC miRNA Profiling","a6c0def6-7649-485a-a679-50dafb5eade5","TCGA-MI-A75C","db785f76-45d8-49b5-af40-57b01eebcc1b","TCGA-MI-A75C-01A","Primary Tumor","Hepatocellular carcinoma, NOS","selected"
"de3b6901-1073-4221-93ee-1e520574b843","e390957f-32d9-497b-9c43-52dc5e11219a.mirbase21.isoforms.quantification.txt",431188,"3763819d7b9325a25a989312fa7778f2","miRNAseq","BCGSC miRNA Profiling","010d5817-9a3f-4a06-8643-653116c044ff","TCGA-MI-A75E","63552745-eb7f-4948-a552-05b77f645de4","TCGA-MI-A75E-01A","Primary Tumor","Hepatocellular carcinoma, NOS","selected"
"6d831ba5-20c5-4243-81a7-2b2f269527e7","c0d60dd9-776e-4c40-8898-179e14d597a4.mirbase21.isoforms.quantification.txt",364690,"96a17566e9dc7b53da3d893a6e7a97fe","miRNAseq","BCGSC miRNA Profiling","22dd3876-1f2c-4ddd-8fae-f5fb820993ba","TCGA-MI-A75G","688494f9-f573-4d02-a4a1-11341076e1fb","TCGA-MI-A75G-01A","Primary Tumor","Hepatocellular carcinoma, NOS","selected"
"ef41c4f0-e121-4882-8a4f-4c1f933a677a","0a96c3ce-15cb-4b73-9048-6456503e658f.mirbase21.isoforms.quantification.txt",340336,"0cb368a88155b4c97ae61aa393d79d94","miRNAseq","BCGSC miRNA Profiling","f3f6ba92-c68f-4313-99f4-0281272e02b6","TCGA-MI-A75H","637339c3-46aa-4e37-82c8-09ef2b18cf9c","TCGA-MI-A75H-01A","Primary Tumor","Squamous cell carcinoma, NOS; Hepatocellular carcinoma, NOS","selected"
"8ddc86b3-844e-40f6-b19f-a3533d3a1034","dc4a6111-da4a-490a-a558-37e1a9918773.mirbase21.isoforms.quantification.txt",352944,"99412901df8c412cdb70932b7e4f8768","miRNAseq","BCGSC miRNA Profiling","55e53229-c58f-4922-8869-0f5e2f6c2d7d","TCGA-MI-A75I","f43f95a7-29d8-499a-b8ea-f2a2edd906f9","TCGA-MI-A75I-01A","Primary Tumor","Not Reported; Hepatocellular carcinoma, NOS","selected"
"a6bcfee1-fee1-495b-a7a0-e06facd60735","5edba520-5738-48bd-ac79-bdaedada2ebc.mirbase21.isoforms.quantification.txt",233526,"aeadaef3aea8aa5e57880c9f8b31e4f7","miRNAseq","BCGSC miRNA Profiling","25e893ad-a0fd-45ae-9aa9-9bcd7c2ec8e5","TCGA-MR-A520","d7f0e432-c20b-4b2b-8d73-2a235f339be7","TCGA-MR-A520-01A","Primary Tumor","Hepatocellular carcinoma, NOS","selected"
"c21ad7bb-22d4-4c10-b46b-38673821d9dd","15d68565-07c1-48a6-ae7a-c50554117271.mirbase21.isoforms.quantification.txt",293916,"280a45f1ebd8aed00173ab928ce2286c","miRNAseq","BCGSC miRNA Profiling","9aea3437-572a-48c6-beb9-9bdbcb243875","TCGA-NI-A4U2","83e8cddf-0a86-4fed-96ea-0ea1c39ceec5","TCGA-NI-A4U2-01A","Primary Tumor","Hepatocellular carcinoma, NOS","selected"
"626fc863-d350-4313-bff9-3118533095f2","0883bceb-9610-45aa-be13-cd33b5f72f17.mirbase21.isoforms.quantification.txt",224085,"7cb68a3b8df768c3ebca6a8217c856b3","miRNAseq","BCGSC miRNA Profiling","420dc176-e9a8-484b-bfa3-1b84e039c26b","TCGA-NI-A8LF","74f6a3da-57d7-4b32-8ef2-186bd131f3b0","TCGA-NI-A8LF-01A","Primary Tumor","Hepatocellular carcinoma, NOS","selected"
"941620a8-1514-47fa-acf9-4c95e4ae09ec","bbd7a051-b040-4622-8a3b-d4a139a4d1da.mirbase21.isoforms.quantification.txt",362193,"2cace4ae8af35143be922b693e6c6c13","miRNAseq","BCGSC miRNA Profiling","76cc9c06-0827-465e-bab3-5f4115295ebe","TCGA-O8-A75V","2953eefa-b97d-4328-90e1-5f991e2c2713","TCGA-O8-A75V-01A","Primary Tumor","Hepatocellular carcinoma, NOS","selected"
"6d30b2d3-cc33-47ea-ac9a-af7307f5f264","4cb977db-be5f-497d-a4a2-96e6873699dd.mirbase21.isoforms.quantification.txt",334889,"24f0db33e5af5020ef63049ae84c8a8c","miRNAseq","BCGSC miRNA Profiling","1987b453-f97d-45c7-9c89-b9a33313d645","TCGA-PD-A5DF","0b88d087-50fb-4893-ae37-2fc5990a5b15","TCGA-PD-A5DF-01A","Primary Tumor","Hepatocellular carcinoma, NOS","selected"
"41503d09-a11c-4745-87f4-4c47b709177d","6308fe4c-f116-4331-a353-4beef7e208c0.mirbase21.isoforms.quantification.txt",342915,"fd8e5fbfe8ddef601b1dab7e205b5645","miRNAseq","BCGSC miRNA Profiling","b0952fd6-62ee-44ef-9a2a-e5262ed4721a","TCGA-QA-A7B7","82d635ac-27d1-4aad-bc9c-d52885345163","TCGA-QA-A7B7-01A","Primary Tumor","Hepatocellular carcinoma, NOS","selected"
"6dbdb245-5bef-4e55-aa67-28cf1aceb42a","8a06b6b5-2dca-4127-adb3-4a5a325b844c.mirbase21.isoforms.quantification.txt",406259,"cc66d399041d20c62a38499db71c00d9","miRNAseq","BCGSC miRNA Profiling","c6a74db2-cf97-4c7b-be8c-557ee27e1d43","TCGA-RC-A6M3","642ac714-e100-4da6-a696-0cf9465a10b4","TCGA-RC-A6M3-01A","Primary Tumor","Hepatocellular carcinoma, NOS","selected"
"d69e3b28-764f-4b27-b178-567949323d97","1e0c6e5b-80ba-421a-8e63-5664661f1325.mirbase21.isoforms.quantification.txt",298423,"024a701300cc15a231ae6c758b3341c6","miRNAseq","BCGSC miRNA Profiling","2d1dc64d-27de-4c83-a7fa-88da5b48bf24","TCGA-RC-A6M4","81585e57-7e85-44bb-88be-f2764e35269d","TCGA-RC-A6M4-01A","Primary Tumor","Hepatocellular carcinoma, NOS","selected"
"36806cd0-414b-418a-8776-7da4871fc453","26933338-7154-4889-bb42-adec893736bd.mirbase21.isoforms.quantification.txt",445541,"3837026767b98ce996cddc78d4bace70","miRNAseq","BCGSC miRNA Profiling","a62f065e-7491-493a-87b3-d213cd87091d","TCGA-RC-A6M6","9dc8f8f5-bfec-48df-9ce8-ee9526c6a4d8","TCGA-RC-A6M6-01A","Primary Tumor","Hepatocellular carcinoma, NOS","selected"
"5db14648-c079-4bec-a4f7-a09ad84aee58","ea44663a-8213-475a-96a7-388a1336d8ba.mirbase21.isoforms.quantification.txt",295579,"5e870bb1af5165c62ceccd2b7e8f8da7","miRNAseq","BCGSC miRNA Profiling","f5de6712-4de4-43de-8eb5-ec2a798c8438","TCGA-RC-A7S9","d70c86b2-d403-4cb3-a381-076819b5b414","TCGA-RC-A7S9-01A","Primary Tumor","Hepatocellular carcinoma, NOS","selected"
"12c6f239-9781-4fb0-bcc5-6183d3c41412","9533971b-f059-4aec-979f-53da68b5d312.mirbase21.isoforms.quantification.txt",344398,"5fa6116c9fae0cd14dd4bc87f0c8c573","miRNAseq","BCGSC miRNA Profiling","26d93d77-ab66-45aa-a162-98d091221afb","TCGA-RC-A7SB","a3f87572-a82e-4cd9-821d-a1ea2caf867c","TCGA-RC-A7SB-01A","Primary Tumor","Hepatocellular carcinoma, NOS","selected"
"5a37904b-7780-4d9c-bf63-ffab35e76c9a","383b1f5e-651e-4f4d-9241-5c4b330a5184.mirbase21.isoforms.quantification.txt",401524,"e0e20bbc554aabdbdd01491094f7a9e4","miRNAseq","BCGSC miRNA Profiling","714a6878-ed2a-47f3-9755-b705ac144d68","TCGA-RC-A7SF","ffaa3256-0dc7-4e99-9ed5-cac165f3750e","TCGA-RC-A7SF-01A","Primary Tumor","Hepatocellular carcinoma, NOS","selected"
"ec4bf615-af1b-4a62-af91-5596aa8c83db","e9307701-8161-4e20-8922-6a4a9012bd6b.mirbase21.isoforms.quantification.txt",397721,"358795ac55d68bc5e03f500685338d34","miRNAseq","BCGSC miRNA Profiling","32a98b3d-4cbd-4dcc-ac71-428fafc5e1c3","TCGA-RC-A7SH","4006aaa4-b2ec-47fe-b35a-319d16e30dd0","TCGA-RC-A7SH-01A","Primary Tumor","Hepatocellular carcinoma, clear cell type","selected"
"af946a98-bcb9-4485-bb42-6f5325ef1bc8","412bf7ff-29d9-44be-a605-cd503334690d.mirbase21.isoforms.quantification.txt",402107,"3028a7aedb76ea3c8f5674b6adefe9e0","miRNAseq","BCGSC miRNA Profiling","acfd58eb-c546-49c3-a846-684f22428219","TCGA-RC-A7SK","97c393d9-bb30-4504-8621-fd7827b6cd16","TCGA-RC-A7SK-01A","Primary Tumor","Hepatocellular carcinoma, NOS","selected"
"29b8e5ca-164e-47a0-975a-1bfe12ee415b","aa788683-c450-4324-b955-f9c37943622b.mirbase21.isoforms.quantification.txt",349663,"6f94763712cf7427e665790c096c5f19","miRNAseq","BCGSC miRNA Profiling","08cbbb39-d05a-48b0-a966-5212c5923c8b","TCGA-RG-A7D4","20a2b10b-b7e3-4fe3-b8b6-ecbd4e91c5eb","TCGA-RG-A7D4-01A","Primary Tumor","Hepatocellular carcinoma, NOS","selected"
"a6699afd-776c-4c60-ab64-84928c5e21c1","369d9ca8-1583-4490-b0c4-3072d9f8cee1.mirbase21.isoforms.quantification.txt",349241,"2836c8074b03155cbcf2a4620ef577a3","miRNAseq","BCGSC miRNA Profiling","59f163d2-6a7c-41b8-b4d6-f07174dafc6e","TCGA-T1-A6J8","44173ac6-a31d-4034-8e96-db1fd1daadbb","TCGA-T1-A6J8-01A","Primary Tumor","Not Reported; Hepatocellular carcinoma, NOS","selected"
"2d673ce9-41bc-45ca-b463-1fac9d9b12f5","450198c1-92fc-4460-9430-eb9ab8458b50.mirbase21.isoforms.quantification.txt",258502,"b64507f77dbcbdd40fdd771f0ef62065","miRNAseq","BCGSC miRNA Profiling","af1e56af-410c-4cad-a4e8-1c6937f1a350","TCGA-UB-A7MB","110dc5cc-bfe1-427d-87ef-037b719bf96f","TCGA-UB-A7MB-01A","Primary Tumor","Hepatocellular carcinoma, NOS","selected"
"24c0f040-6cf2-4fc6-8f7b-cfd2a76c0e60","003a196f-0773-4e8f-8909-bcd66e4a57b1.mirbase21.isoforms.quantification.txt",221367,"def56fc9d9eb06d9f1d9fc116b9fa4e3","miRNAseq","BCGSC miRNA Profiling","f82aff25-0725-48d1-aefd-d60800f7d1ab","TCGA-UB-A7MC","208fa54c-b09d-421b-bacd-fe9e91fca556","TCGA-UB-A7MC-01A","Primary Tumor","Hepatocellular carcinoma, NOS","selected"
"94cac39c-f479-45de-bc4f-073df19eb43e","3576181c-00cb-4ced-a01e-98e36c5ccb47.mirbase21.isoforms.quantification.txt",423342,"9dc959825f36a5aea9daf82824984e99","miRNAseq","BCGSC miRNA Profiling","c49b41bf-0025-4682-966b-cfe8fb2b2546","TCGA-UB-A7MD","2a293fef-70c7-4884-98ba-a5fea95bf541","TCGA-UB-A7MD-01A","Primary Tumor","Hepatocellular carcinoma, NOS","selected"
"b53c82f6-9d13-4814-8701-ce6d43a326be","66aff8a7-d401-44e9-99be-ef0e8d3d211c.mirbase21.isoforms.quantification.txt",411890,"30c828d196bac293d4d508a5c00e36b2","miRNAseq","BCGSC miRNA Profiling","be1240f0-34dc-4205-b152-c26f11d28462","TCGA-UB-A7ME","e473499a-00c0-47a4-8e1c-feae98a8df32","TCGA-UB-A7ME-01A","Primary Tumor","Hepatocellular carcinoma, NOS","selected"
"de059af1-c5de-430b-9ea2-36cbdb0e5cc7","72c184e6-0ce3-4b0a-954c-ce0bc4bf9770.mirbase21.isoforms.quantification.txt",277158,"5d26573308db66f836cac60d5a521c5d","miRNAseq","BCGSC miRNA Profiling","8eef926b-f316-4fdb-b84a-262010258feb","TCGA-UB-A7MF","d421eeed-621f-4137-9d3f-1e06c8eb9606","TCGA-UB-A7MF-01A","Primary Tumor","Adenocarcinoma, NOS; Hepatocellular carcinoma, NOS","selected"
"a30f0500-0eed-4e5d-a6cc-d76dee6883c9","d8cb4b80-dee8-492f-85f1-80d057bb8491.mirbase21.isoforms.quantification.txt",359932,"e67c36f7fa95e6710eb9d1ec3ad380c9","miRNAseq","BCGSC miRNA Profiling","ae8d4b34-d40a-482d-9d45-23242843df00","TCGA-UB-AA0U","e1af89c8-f9ab-4599-a1f5-c7145d40378e","TCGA-UB-AA0U-01A","Primary Tumor","Hepatocellular carcinoma, NOS","selected"
"ec3fe772-4b7e-4f32-ab3f-c43203d28efd","adcaa95e-63a9-4fe5-9f1b-7691806a5e09.mirbase21.isoforms.quantification.txt",329679,"64bc77d8234b42c108a8fc4f7f59d741","miRNAseq","BCGSC miRNA Profiling","ea214f79-0f6b-403f-8693-c844bf4b77cb","TCGA-UB-AA0V","04a89fe8-95fd-4c44-95ef-7953a6aaf304","TCGA-UB-AA0V-01A","Primary Tumor","Hepatocellular carcinoma, NOS; Squamous cell carcinoma, NOS","selected"
"1d963945-5d12-4bb7-be57-8a1d61224160","a070a1ad-53be-4574-b1e8-0a33fee84d99.mirbase21.isoforms.quantification.txt",298995,"8cac93754c2a1aa63bcdcf08de3eab0e","miRNAseq","BCGSC miRNA Profiling","491a3734-dcb8-4779-b098-0b5567f13f87","TCGA-WQ-A9G7","59c5fc11-a9e1-4a62-9565-8a1dcc5b27aa","TCGA-WQ-A9G7-01A","Primary Tumor","Hepatocellular carcinoma, NOS","selected"
"e9f1fc5b-6d3c-4fce-8031-534afaf409e8","9169fcfd-1d80-457f-94ff-9280d3820767.mirbase21.isoforms.quantification.txt",337676,"a1f7a26bd8ea34e490ff82519a9af50c","miRNAseq","BCGSC miRNA Profiling","d5471a2b-f14c-44de-9142-5a5fb07b6fc2","TCGA-WQ-AB4B","0ee59a68-ae0f-4421-9805-d4c48c64b613","TCGA-WQ-AB4B-01A","Primary Tumor","Hepatocellular carcinoma, NOS","selected"
"d3c35f7d-1d9a-40ab-9cd4-8212cc078a34","a76951f9-752c-46e0-80f3-8f7ec736517a.mirbase21.isoforms.quantification.txt",405988,"152afcc67e029865af2f012de89c2955","miRNAseq","BCGSC miRNA Profiling","5436fafb-bc16-4450-ac8b-568e1e5ee5fe","TCGA-WX-AA44","faf5de3b-b8b2-43d9-89c4-1a6b2ee207a5","TCGA-WX-AA44-01A","Primary Tumor","Hepatocellular carcinoma, NOS","selected"
"a667efc0-3e1a-4207-9a16-36f7c63470c7","b3c65989-3437-43f4-a60e-3c83ef8bfe11.mirbase21.isoforms.quantification.txt",257349,"3ea19047c1ad97ab24847fee5b1bb519","miRNAseq","BCGSC miRNA Profiling","02c41e28-cf14-42e2-9e15-f43248ae16e0","TCGA-WX-AA46","3117e503-dd64-4fbe-8ea6-406637d39c5f","TCGA-WX-AA46-01A","Primary Tumor","Hepatocellular carcinoma, NOS","selected"
"9dd815d3-a57b-4ec1-8a1a-cfa368853e46","cda2f20a-eefd-4222-8ecb-2dfdec801e34.mirbase21.isoforms.quantification.txt",304314,"94b8b1b94047f80503cfaf88d737dc44","miRNAseq","BCGSC miRNA Profiling","39e147c9-2acb-4ba8-a991-e43e1719b2d8","TCGA-WX-AA47","45f1a40f-b2c2-45a2-aec8-954945857c31","TCGA-WX-AA47-01A","Primary Tumor","Hepatocellular carcinoma, NOS","selected"
"09dcdc9e-532c-4a8f-95bd-b6865b354959","bcf3b757-c820-42f6-92b7-de59611b23b2.mirbase21.isoforms.quantification.txt",253600,"3b74392ce78a20826f0650f68d93a19f","miRNAseq","BCGSC miRNA Profiling","4db9de75-9297-46e5-acc5-9275f52a642a","TCGA-XR-A8TC","607a26fb-b0af-4de3-982d-b8b557e84175","TCGA-XR-A8TC-01A","Primary Tumor","Hepatocellular carcinoma, NOS","selected"
"a82a41c9-99b1-443f-b323-41d12f05a93a","a96f2f6c-38e0-453c-961d-aa83b92652da.mirbase21.isoforms.quantification.txt",397735,"e822f5829b054fe7c99f17009154b27b","miRNAseq","BCGSC miRNA Profiling","574ba00b-fee6-4aab-ac01-6ffaf8fdc0c5","TCGA-XR-A8TD","4ef6344b-e31c-425e-96c8-97daa428f5bc","TCGA-XR-A8TD-01A","Primary Tumor","Hepatocellular carcinoma, clear cell type","selected"
"49f42853-2f75-425d-a9f9-cc46c0e3766e","a40b7a69-5437-4c6a-b84c-df44cd389c2d.mirbase21.isoforms.quantification.txt",274831,"d22e211f89e423d715875bf7c592fc39","miRNAseq","BCGSC miRNA Profiling","ec4b4d34-2576-4412-b036-7460e64f4398","TCGA-XR-A8TE","14f227ac-51c0-46bf-9194-d4406a10482a","TCGA-XR-A8TE-01A","Primary Tumor","Hepatocellular carcinoma, NOS","selected"
"5ed283d5-c11c-438a-87c5-88066bfc8145","083f1b5b-2032-41e0-957f-1d9c57544459.mirbase21.isoforms.quantification.txt",195165,"487a5f86a27decce2a3a752ffad82232","miRNAseq","BCGSC miRNA Profiling","1e9f910c-82c0-4222-a62f-b656839307fc","TCGA-XR-A8TF","6ddbc513-b220-4814-835c-274365f30040","TCGA-XR-A8TF-01A","Primary Tumor","Hepatocellular carcinoma, NOS","selected"
"b74a3e55-fd01-4186-ba74-01b3b32b85f9","00b95bbf-a84b-47c3-9060-60110d92e1eb.mirbase21.isoforms.quantification.txt",313752,"32bc731280a90d9e140f0474760cfb9b","miRNAseq","BCGSC miRNA Profiling","1d7d5166-6582-4ea1-b242-37c2c3919a3c","TCGA-XR-A8TG","e96bf364-973c-4282-b3eb-a445b4bc59b6","TCGA-XR-A8TG-01A","Primary Tumor","Hepatocellular carcinoma, NOS; Melanoma, NOS","selected"
"503aa7f2-7222-495a-9d93-4762313dc62a","6e21987e-242f-47ad-ae69-b81c99cbe578.mirbase21.isoforms.quantification.txt",403523,"7a149b07046f2d5e8f62dddbec62386f","miRNAseq","BCGSC miRNA Profiling","bb2069d3-e699-4a8a-bb61-b3c28b98a66b","TCGA-YA-A8S7","ae98b44c-15ab-4534-8ecc-274d4784ae4f","TCGA-YA-A8S7-01A","Primary Tumor","Hepatocellular carcinoma, NOS","selected"
"486799da-2157-4966-90ae-8fb06bcbb954","f972e4dd-a966-48ea-a52f-240084fa7aa9.mirbase21.isoforms.quantification.txt",371170,"b4dc5d401d2a974aed2d00850aa18cf7","miRNAseq","BCGSC miRNA Profiling","91909c63-debc-42ad-b4be-56870195bdcb","TCGA-ZP-A9CV","c8c067a3-f48a-4b5d-bf4c-0e1530618f1b","TCGA-ZP-A9CV-01A","Primary Tumor","Hepatocellular carcinoma, NOS","selected"
"3d9ab482-9d8e-40ca-b774-9b5c68b59789","acf3d05a-0ca4-4fee-8f07-44b93017b5fd.mirbase21.isoforms.quantification.txt",315641,"fe39ac77b595cb118a16362b46305ec5","miRNAseq","BCGSC miRNA Profiling","34fd27ce-930a-4f29-8a6e-dae4949d92eb","TCGA-ZP-A9CY","ab63fd64-07e1-432c-b904-57adbc7b95db","TCGA-ZP-A9CY-01A","Primary Tumor","Hepatocellular carcinoma, NOS","selected"
"f7724e85-5d52-4a82-9c3f-fb2cea20d052","f48e205c-4a87-4bbc-af09-75836ab10605.mirbase21.isoforms.quantification.txt",286735,"5818410cac7bd40566644f179cf8ee18","miRNAseq","BCGSC miRNA Profiling","22077056-067d-4db5-98e5-106778ceca56","TCGA-ZP-A9CZ","6e118e72-6654-42fc-92f5-c7a39e44bb15","TCGA-ZP-A9CZ-01A","Primary Tumor","Hepatocellular carcinoma, NOS","selected"
"3038607d-bb58-49f7-97f3-784a2eb596f4","a5b64d9b-e61c-43a9-a501-b56426bf2082.mirbase21.isoforms.quantification.txt",271988,"b7331e144f4c3aaf30ae17d91aec0a2d","miRNAseq","BCGSC miRNA Profiling","396ef7c2-343e-4d5c-9b20-adc0a52c1978","TCGA-ZP-A9D0","89213a53-9609-47e5-a4ab-af534237caac","TCGA-ZP-A9D0-01A","Primary Tumor","Hepatocellular carcinoma, NOS","selected"
"c8ba6102-e366-4361-8eb1-91d19292b8cf","4e1c557a-767a-42e6-b0bd-c8e25fa23491.mirbase21.isoforms.quantification.txt",337133,"a0b70e847e7388ea461935f98f5b9300","miRNAseq","BCGSC miRNA Profiling","447ac9e3-0533-461a-bc92-906a7b2180c3","TCGA-ZP-A9D1","d64641fe-43f3-4251-8332-72c6af236178","TCGA-ZP-A9D1-01A","Primary Tumor","Hepatocellular carcinoma, NOS; Clear cell carcinoma","selected"
"bd5b0179-2b0c-44ca-8dad-31bf411c6852","eab498eb-bd1e-4044-9a20-1299b7cfa505.mirbase21.isoforms.quantification.txt",440861,"0f862ade021ef94b858eef1fe1850575","miRNAseq","BCGSC miRNA Profiling","cbb89556-d783-4e70-8db4-ef53e9a45922","TCGA-ZP-A9D2","44ab8403-654c-49cd-9577-090448c1d9eb","TCGA-ZP-A9D2-01A","Primary Tumor","Hepatocellular carcinoma, NOS","selected"
"edb25df0-2504-4651-a567-048f0fb762c4","263b29b2-cd3b-46fe-aae1-3621f4ba5aef.mirbase21.isoforms.quantification.txt",332747,"6da9de0ef56950217ded5b5b9eb98fcc","miRNAseq","BCGSC miRNA Profiling","4244912d-8527-410c-a084-a56c55eb1f82","TCGA-ZP-A9D4","545da348-26c6-4e80-90c0-d9422797b8fd","TCGA-ZP-A9D4-01A","Primary Tumor","Hepatocellular carcinoma, NOS","selected"
"3fc25b84-6256-40b3-82df-8694cd7e45d1","2adb35ac-1ec2-45c9-837a-efc4eb7595be.mirbase21.isoforms.quantification.txt",362368,"9ceec6e50707a706918f3267c089a6bf","miRNAseq","BCGSC miRNA Profiling","9197ca4c-e48c-43af-ba61-d894faf3cc24","TCGA-ZS-A9CD","e7570871-e848-416e-b84c-19c052a10a78","TCGA-ZS-A9CD-01A","Primary Tumor","Hepatocellular carcinoma, NOS","selected"
"91a1ce11-5134-43a1-a672-39d705887cf2","0644e07b-831c-436a-b3cb-83d79a48820b.mirbase21.isoforms.quantification.txt",311422,"e5f0ef5f69e14e6a22b66656cba0e551","miRNAseq","BCGSC miRNA Profiling","7bdc5f86-4d7d-4f1f-bc23-ab51fa9fb947","TCGA-ZS-A9CE","12076740-d690-48ac-9630-5105ac239111","TCGA-ZS-A9CE-01A","Primary Tumor","Hepatocellular carcinoma, NOS; Not Reported; Basaloid squamous cell carcinoma","selected"
"40e7ad65-d48d-43aa-b031-35ffbaf0da7d","37be4551-2938-4c1b-906b-396a8ba94095.mirbase21.isoforms.quantification.txt",291214,"904b996bb21448df69facf9426ad66ad","miRNAseq","BCGSC miRNA Profiling","7fe5e2d9-c514-47bc-8387-3f940f7a822d","TCGA-ZS-A9CF","b5eb7e48-6f6c-4485-ba52-6430518192b4","TCGA-ZS-A9CF-01A","Primary Tumor","Hepatocellular carcinoma, NOS","selected"
"c1e9c329-15bc-44a9-94b6-39d81d689cdf","fffd6110-afd2-45bd-a6f4-3b01c576ec5e.mirbase21.isoforms.quantification.txt",312708,"0acece87cc808067352afa1e195e46b7","miRNAseq","BCGSC miRNA Profiling","3f6a6891-c6d5-447b-ad32-325fd46ec32b","TCGA-ZS-A9CG","a31bfe51-1193-49d8-b469-1b8d0c1f1cee","TCGA-ZS-A9CG-01A","Primary Tumor","Hepatocellular carcinoma, NOS","selected"
"902a4484-1b5a-4dd6-bbf3-ad57b6663f5a","f96109b6-750e-48d4-800f-a90649830f59.rna_seq.augmented_star_gene_counts.tsv",4220511,"0534057f732ba7cd5bf5fb7f98f0d6cd","RNAseq","STAR - Counts","2c041473-eaaa-4b7c-9b2e-b9da3543ad18","TCGA-2V-A95S","d7873cbc-8d52-4869-b11a-4a23cb213dbd","TCGA-2V-A95S-01A","Primary Tumor","Hepatocellular carcinoma, NOS","selected"
"d1b00628-da8a-4b57-a162-97129cf1ba73","4b0c5f90-5ce7-4f70-b5ef-6bd77ed04534.rna_seq.augmented_star_gene_counts.tsv",4229983,"025b23b6dbc21c55328fbe51072e3272","RNAseq","STAR - Counts","95b97198-1a1b-4f01-90f3-6c66638371d1","TCGA-2Y-A9GS","6ffc6d98-5f3c-4672-a390-98e0076d3e5a","TCGA-2Y-A9GS-01A","Primary Tumor","Hepatocellular carcinoma, NOS","selected"
"3903fc44-5102-44ab-a18e-774108846f70","c843bc23-4341-4136-bc1e-fe4177eb3540.rna_seq.augmented_star_gene_counts.tsv",4209822,"7a3b07f8102e5fb94854fa5229395d58","RNAseq","STAR - Counts","31a2ecc5-2d45-4823-8187-dc701dd412a8","TCGA-2Y-A9GT","d249fffe-46a4-428c-b433-08949432ded9","TCGA-2Y-A9GT-01A","Primary Tumor","Hepatocellular carcinoma, NOS","selected"
"023b8a0a-1b32-4feb-8b9d-0844dc0e7c6c","a7d51d09-db64-418f-a44f-574d3fbe3501.rna_seq.augmented_star_gene_counts.tsv",4206881,"6e724d4527649c1138eb224277425a52","RNAseq","STAR - Counts","b27720a2-e240-413c-a0f1-0b1af3621de2","TCGA-2Y-A9GU","6477af21-e833-4b46-8658-5da593030fed","TCGA-2Y-A9GU-01A","Primary Tumor","Hepatocellular carcinoma, NOS","selected"
"e86ffb5d-3328-48f1-8311-bfba3d21c85d","129a524f-97d3-4433-a63d-18e807af3f04.rna_seq.augmented_star_gene_counts.tsv",4210518,"1c945c8b7c67dada15377e16b9f54281","RNAseq","STAR - Counts","d1aa9c1a-d732-48c0-b669-8a14e0397344","TCGA-2Y-A9GV","cb3afdac-4a19-4d95-bd96-42a1fa5be795","TCGA-2Y-A9GV-01A","Primary Tumor","Neuroendocrine carcinoma, NOS; Hepatocellular carcinoma, NOS; Not Reported","selected"
"932a3fef-7955-4246-88c7-c6579691501d","65cef856-5e89-4954-bf0c-532e188c1646.rna_seq.augmented_star_gene_counts.tsv",4213486,"7653f830cb1114cd7ee36f88a39440c8","RNAseq","STAR - Counts","3e1920b3-3bd4-4506-a0cf-567257154bcf","TCGA-2Y-A9GW","5243430a-7662-4858-85ed-a0c95fd1ecdd","TCGA-2Y-A9GW-01A","Primary Tumor","Hepatocellular carcinoma, NOS","selected"
"b0ab5d25-e993-48fe-b538-699300a90ef1","c169d445-fd3f-45b8-bdff-d91951609960.rna_seq.augmented_star_gene_counts.tsv",4223385,"0a2643544164ae3a296214315fd34628","RNAseq","STAR - Counts","d6c2c6ce-3483-4fe5-aef6-e40419f728cf","TCGA-2Y-A9GX","481741ac-d3ae-4e1f-92ee-18d382017605","TCGA-2Y-A9GX-01A","Primary Tumor","Hepatocellular carcinoma, NOS","selected"
"c62d541d-71d6-461c-b316-6e4a4238d050","17692fc8-9ad4-4751-b389-707f12d1b357.rna_seq.augmented_star_gene_counts.tsv",4225655,"f18fd36e5c027af5ac01b6fb27e6ac0b","RNAseq","STAR - Counts","75030b63-59af-4705-86e7-3a431b7cf65a","TCGA-2Y-A9GY","8a3626bf-811b-4a1c-8e68-999b6fe7bc0e","TCGA-2Y-A9GY-01A","Primary Tumor","Hepatocellular carcinoma, NOS","selected"
"be0308e2-3a8c-4691-8b4d-ea9459255d8c","706dad3a-fff4-49dd-b4ca-12a411d8726f.rna_seq.augmented_star_gene_counts.tsv",4217596,"415e607e0cff04f028847c6dc1ebdcd9","RNAseq","STAR - Counts","0e8c3831-def9-4efa-9f93-8942072d6a77","TCGA-2Y-A9GZ","dd954cb4-abf3-417f-a1e1-ca745b60750c","TCGA-2Y-A9GZ-01A","Primary Tumor","Hepatocellular carcinoma, NOS","selected"
"79ab15c3-648d-4e4d-8b06-5bca7fb64683","6250f43f-aa5e-4382-a359-e90c65d5aec6.rna_seq.augmented_star_gene_counts.tsv",4219311,"8d69704c9a9f082d6278ae48f996df16","RNAseq","STAR - Counts","492ff93f-432b-4b73-8706-632fb2c83eb4","TCGA-2Y-A9H0","605ef0eb-ebc3-4123-a952-1d1beacba4cd","TCGA-2Y-A9H0-01A","Primary Tumor","Hepatocellular carcinoma, NOS","selected"
"5a46660d-4eb2-42de-92e7-8b55f9d07a44","f7b0a537-4bfc-4cb1-9c5c-f3dd917405d5.rna_seq.augmented_star_gene_counts.tsv",4194214,"653502d9797566d70eaa37fb1b8856a7","RNAseq","STAR - Counts","9c5e2438-f587-4935-92f0-4bfd57468eaa","TCGA-2Y-A9H1","379fce58-0772-41bb-9153-dc00ecc30cec","TCGA-2Y-A9H1-01A","Primary Tumor","Hepatocellular carcinoma, NOS","selected"
"9a37d6a0-6635-4746-928e-78e0d92fd060","00be7d10-fd2d-4483-a712-72f24846610f.rna_seq.augmented_star_gene_counts.tsv",4231947,"eaef0c42b60c2a7cb933123a90416589","RNAseq","STAR - Counts","cf7f0473-eaf3-4259-a68e-475a782fc84c","TCGA-2Y-A9H2","10eb3f76-4d00-4b1d-8697-ee5306f2cc8e","TCGA-2Y-A9H2-01A","Primary Tumor","Hepatocellular carcinoma, NOS","selected"
"e106f526-1eda-40aa-80e8-ac417b0a8fb5","974d3345-ad1d-49c6-a55d-bbe364b5a44e.rna_seq.augmented_star_gene_counts.tsv",4198973,"58c494bf577ab3bedfd1c436c07db23f","RNAseq","STAR - Counts","9b69d7f9-38eb-48e1-bdc0-a092a53bc709","TCGA-2Y-A9H3","28fe46e4-b049-4892-9f57-deed8e4f4fc8","TCGA-2Y-A9H3-01A","Primary Tumor","Hepatocellular carcinoma, NOS","selected"
"f8a5ba3d-cecf-45fd-8b92-14ca47945d1c","d0b863c1-59d4-456d-a408-6db40db6c06b.rna_seq.augmented_star_gene_counts.tsv",4205510,"203eb6688e958d78c61ff861a9d4001e","RNAseq","STAR - Counts","801b1d2c-eb6f-4eef-a00b-83da939d755a","TCGA-2Y-A9H4","c53e6fd9-76e1-44c3-af36-d1d0dfc2802a","TCGA-2Y-A9H4-01A","Primary Tumor","Hepatocellular carcinoma, NOS","selected"
"cdca623f-7431-4d68-b54d-f2fd13ecfbf9","e2288704-0fb1-41cc-82f8-b73e41ebb576.rna_seq.augmented_star_gene_counts.tsv",4219591,"0d8d36d1e4e5722474bb20a6fe5f11b7","RNAseq","STAR - Counts","51810579-e20d-4f08-93e7-891d645931db","TCGA-2Y-A9H5","45ce6d64-65d7-4bdd-8444-ffe9af6f5df4","TCGA-2Y-A9H5-01A","Primary Tumor","Hepatocellular carcinoma, NOS","selected"
"3a872621-c164-4e4a-8271-a637a726d63b","4d017184-bc82-462e-8331-5f985205f201.rna_seq.augmented_star_gene_counts.tsv",4216796,"bdfa544f1282a75fe7e8e9b34ed66ac5","RNAseq","STAR - Counts","bc3502bc-bbf6-44f2-a1f4-d1567819aefb","TCGA-2Y-A9H6","9bf4058e-e487-4033-88d9-4951f47afe4c","TCGA-2Y-A9H6-01A","Primary Tumor","Not Reported; Hepatocellular carcinoma, NOS","selected"
"9ece0f6e-7b10-478f-8644-0f4198f2c09c","63e01cb1-aae8-466c-8c89-cc26f3ed3492.rna_seq.augmented_star_gene_counts.tsv",4216314,"d0bfe1885c756b8981abad888e6b6623","RNAseq","STAR - Counts","18602ec8-aed1-4515-b0d1-0db6d1cbb2c4","TCGA-2Y-A9H7","47b918da-fc82-40f9-a6f3-e8b2df75188b","TCGA-2Y-A9H7-01A","Primary Tumor","Basal cell carcinoma, NOS; Hepatocellular carcinoma, NOS","selected"
"6a7615b4-460b-48ca-93de-345711844462","7b0ef66b-10f6-4e0f-bd72-0546fa26b6e1.rna_seq.augmented_star_gene_counts.tsv",4217627,"f3f3c6e12713c34ddc7bc3e5fd32bd52","RNAseq","STAR - Counts","3528dd91-1a6d-4d41-a3ee-829c857cc904","TCGA-2Y-A9H8","aaaecdc1-bf19-4208-89db-57e2feb355fc","TCGA-2Y-A9H8-01A","Primary Tumor","Hepatocellular carcinoma, NOS","selected"
"0cb37227-b328-4083-8c3c-fb8a850fc5bf","fda7f242-9bc2-477e-8603-8495d2e9f225.rna_seq.augmented_star_gene_counts.tsv",4218853,"2979b970f48c731a5c70dcb3e7626e0b","RNAseq","STAR - Counts","efc3e5e4-0d8e-4bef-a259-29f8ed21684f","TCGA-2Y-A9H9","42d4cda4-bf55-41b5-9b91-04132a081e13","TCGA-2Y-A9H9-01A","Primary Tumor","Hepatocellular carcinoma, NOS","selected"
"c55ad7ab-27f1-49b5-844c-00daa90a9e55","14e80841-cfb9-42fb-9cae-db9f282ba4fd.rna_seq.augmented_star_gene_counts.tsv",4233061,"e321d1d702ae0e4a443a2038886a8f01","RNAseq","STAR - Counts","a25a714e-c142-482b-91c8-4fea763e0254","TCGA-2Y-A9HA","40ec7948-f54b-4888-a0c2-df47f32a85f4","TCGA-2Y-A9HA-01A","Primary Tumor","Hepatocellular carcinoma, NOS","selected"
"02957f01-c615-4576-8d45-473204cb284a","a2289b57-3c34-4fec-a5c5-10bea95e30fb.rna_seq.augmented_star_gene_counts.tsv",4217980,"3098970d868f5d1046360bc2086eb9e7","RNAseq","STAR - Counts","b181b591-269c-4e48-b681-243d28772025","TCGA-2Y-A9HB","055fc79d-b598-4dd6-8fc4-a7accb86d90a","TCGA-2Y-A9HB-01A","Primary Tumor","Hepatocellular carcinoma, NOS","selected"
"8c797f41-9dea-4121-8dc3-8b1fa10503a7","fc47ffc6-4a8e-446e-91d9-e983362c6dfe.rna_seq.augmented_star_gene_counts.tsv",4213362,"7274a1720c81cb9f88503953d743243f","RNAseq","STAR - Counts","94e387ae-b641-4e9f-bb53-22c7b2a9cccb","TCGA-3K-AAZ8","bb485b2f-3a35-41e1-81b8-d6b0ba4f8a64","TCGA-3K-AAZ8-01A","Primary Tumor","Hepatocellular carcinoma, NOS","selected"
"82dd1ddd-d629-492f-8f9c-14382a82de96","495c8ae2-4d4d-49ac-9b0a-3081f02fd041.rna_seq.augmented_star_gene_counts.tsv",4225374,"c27ba8450cc2daa0335920870f91a134","RNAseq","STAR - Counts","91a0c8cd-4f23-4569-8e5c-e5442f7af530","TCGA-4R-AA8I","d01bd9b6-1f1e-48de-a8e4-caa975d31f03","TCGA-4R-AA8I-01A","Primary Tumor","Hepatocellular carcinoma, NOS; Basal cell carcinoma, NOS","selected"
"1c6ab128-b7bd-4a6c-8e5d-8cd3d154f802","5957c3ef-b6e7-4b4d-b8cf-d04f85b4160b.rna_seq.augmented_star_gene_counts.tsv",4220068,"9d24a2be388cee6e2db71d77b1e1dccc","RNAseq","STAR - Counts","073e51f9-fb79-4a5f-9ba0-2c9af03c0b85","TCGA-5C-A9VG","c8a68467-9ea9-437d-b79e-62df8e25695b","TCGA-5C-A9VG-01A","Primary Tumor","Hepatocellular carcinoma, NOS","selected"
"767226e6-cc1b-449d-b697-4d3ec2660006","1a29d66d-8bda-44d8-9b7c-262d69825276.rna_seq.augmented_star_gene_counts.tsv",4217526,"da902741e9793ec4a641fe9c2bc5b0db","RNAseq","STAR - Counts","60fcd491-0170-46c0-ab14-d71f88267a14","TCGA-5C-A9VH","4fd4d1c8-64f9-4463-970e-6b5409e36807","TCGA-5C-A9VH-01A","Primary Tumor","Hepatocellular carcinoma, NOS","selected"
"a7c4c791-8baf-49db-998f-19898bfac217","64c42fa6-9a40-4007-a0c1-c71dd67f402a.rna_seq.augmented_star_gene_counts.tsv",4196694,"44147d20b460b156bd2f47c605a11870","RNAseq","STAR - Counts","290890eb-321c-45dc-9cd1-45676c6e5e96","TCGA-5R-AA1C","59c12b57-2eea-4f8b-bbd7-6e504c1034d6","TCGA-5R-AA1C-01A","Primary Tumor","Hepatocellular carcinoma, NOS","selected"
"9ebb875a-484b-4b77-aa66-2f727cb3eb7a","26be3fb3-4d31-4707-8af2-e21220262bb3.rna_seq.augmented_star_gene_counts.tsv",4215581,"5363c5ba29fed4428afb2cadc920befd","RNAseq","STAR - Counts","d3d3dba9-139e-4f57-ac70-b741553d1687","TCGA-5R-AA1D","4b868f02-7246-49b7-b0bb-4efdded82daa","TCGA-5R-AA1D-01A","Primary Tumor","Hepatocellular carcinoma, NOS","selected"
"a9cfbc5e-776c-4865-be20-d26741ce5c78","d9c7fcac-4608-4952-8678-71e82b96b29c.rna_seq.augmented_star_gene_counts.tsv",4211648,"7e189ea48a7e6b17d81aa753d8fd61e6","RNAseq","STAR - Counts","477affb9-7c8b-4895-a4f3-6cc6ef8ec5e4","TCGA-5R-AAAM","e4e33aac-7fd7-4c43-ae92-c0eb7af07183","TCGA-5R-AAAM-01A","Primary Tumor","Hepatocellular carcinoma, NOS","selected"
"1cc916ad-8d93-4be4-a6a5-95c411cc57a9","c93de8da-4aa3-498e-83df-0ae6819b3d74.rna_seq.augmented_star_gene_counts.tsv",4245070,"ca1133c64155daa81dfd53aeceee120e","RNAseq","STAR - Counts","5c9a21a3-d471-401a-9568-59dc84245d28","TCGA-BC-4072","b390716a-8160-464f-9a7f-a9d7e3ce99b4","TCGA-BC-4072-01B","Primary Tumor","Hepatocellular carcinoma, NOS","selected"
"2c4002ec-6a46-4ca1-a227-e656ad54a631","4fd965ea-f490-456a-83fc-38cf9be8f44e.rna_seq.augmented_star_gene_counts.tsv",4235063,"48e42da47e5bba2b5385a6e2f8961060","RNAseq","STAR - Counts","00f209c3-041a-4c6e-8b0f-6383eb3c85fc","TCGA-BC-4073","9c101575-699b-4629-8a69-e57fe2d0c727","TCGA-BC-4073-01B","Primary Tumor","Hepatocellular carcinoma, NOS","selected"
"df736f4c-b9d6-4805-bd7d-7bc6d92174d7","e576f331-424e-43f0-af27-20e07d91c826.rna_seq.augmented_star_gene_counts.tsv",4223797,"8e0c59d0d0efd855bdd59fdd4e84e2d0","RNAseq","STAR - Counts","dfa15fbe-bb14-40ce-afc6-70694112e3e2","TCGA-BC-A10Q","bf225dc1-4309-4304-849e-cbcc23c8442c","TCGA-BC-A10Q-01A","Primary Tumor","Hepatocellular carcinoma, NOS","selected"
"6e812349-35e7-44e7-ac7c-a4bc19d81fd0","14fc153e-3cb3-4d3f-8259-b73a436f3d0b.rna_seq.augmented_star_gene_counts.tsv",4201688,"6eef53bb76ba2ab3fc3842fb29cfae88","RNAseq","STAR - Counts","dfa15fbe-bb14-40ce-afc6-70694112e3e2","TCGA-BC-A10Q","5d3bf988-3331-4412-bc17-b8f4650a8623","TCGA-BC-A10Q-11A","Solid Tissue Normal","Hepatocellular carcinoma, NOS","selected"
"d80985cc-be01-452c-931c-65fccbe783d9","01a67ac4-91db-4a3d-9137-fe2240acc861.rna_seq.augmented_star_gene_counts.tsv",4220262,"65cd2791cb00e320933c2511b66dd7cf","RNAseq","STAR - Counts","0bf5bbd4-d9e8-42a6-9ab5-f2c174dec12c","TCGA-BC-A10R","995180f2-5aa7-47b9-bb3f-585f94b2457a","TCGA-BC-A10R-01A","Primary Tumor","Hepatocellular carcinoma, NOS","selected"
"d139256a-c9e8-417b-90af-c466a58d459d","c0b92413-c9f7-4a67-9ca7-cb065ac9c407.rna_seq.augmented_star_gene_counts.tsv",4209435,"8e93ddc7538d8b7aaa829d040c7e4d25","RNAseq","STAR - Counts","0bf5bbd4-d9e8-42a6-9ab5-f2c174dec12c","TCGA-BC-A10R","1ea00561-3d1d-49d0-a3f7-d34eb8fec235","TCGA-BC-A10R-11A","Solid Tissue Normal","Hepatocellular carcinoma, NOS","selected"
"ba700885-85dc-47fb-b8fb-c5af6b8284e9","2932aeb2-cb1f-43bd-abb2-701a0b9e2875.rna_seq.augmented_star_gene_counts.tsv",4217566,"ccfc11bc57684e58db170f06a176c9ad","RNAseq","STAR - Counts","592ef526-176a-42e0-bbeb-fb62d369a343","TCGA-BC-A10S","ade2df15-2ed2-4dee-a710-e2814de6e4ef","TCGA-BC-A10S-01A","Primary Tumor","Hepatocellular carcinoma, NOS","selected"
"35c358f0-4afc-4bd3-a0f4-2741134d6f35","533c5b0b-6eda-46c5-9cf0-8c6decb728c9.rna_seq.augmented_star_gene_counts.tsv",4227337,"69bc0158cc1444d14c2007cf219b12b2","RNAseq","STAR - Counts","8a9cde9a-c38c-423e-bc14-354ee26468c9","TCGA-BC-A10T","d2f6cea0-ecec-49f1-a851-e332e79ce098","TCGA-BC-A10T-01A","Primary Tumor","Hepatocellular carcinoma, NOS","selected"
"0dbea4cc-32b6-42af-b4f0-fa0a67b05a7f","ebbdae1d-a199-4577-a73a-77e9c6a55a92.rna_seq.augmented_star_gene_counts.tsv",4196151,"100989b20d9deb7c2da3433def64bdf2","RNAseq","STAR - Counts","8a9cde9a-c38c-423e-bc14-354ee26468c9","TCGA-BC-A10T","055e602f-5d95-432d-afcc-627f1f032464","TCGA-BC-A10T-11A","Solid Tissue Normal","Hepatocellular carcinoma, NOS","selected"
"bca5a800-5af4-437d-9ce4-7571fb046ba5","ae0c04e0-d029-4432-bcd9-96c3c5d5dcd3.rna_seq.augmented_star_gene_counts.tsv",4231482,"250188fd38156a7ee01fd6d93c11fadf","RNAseq","STAR - Counts","23103931-cc29-4f89-ae9c-79d53401ecea","TCGA-BC-A10U","f948e99c-22ba-4037-8a69-34b15f9fa557","TCGA-BC-A10U-01A","Primary Tumor","Hepatocellular carcinoma, NOS","selected"
"1080a7ed-8a78-43fc-a962-35127d9db655","8f7a6ea3-dbbe-4b88-bb00-718a9ce7411d.rna_seq.augmented_star_gene_counts.tsv",4206448,"9f68c4b87652d33e81c5ed1f728ce1f9","RNAseq","STAR - Counts","23103931-cc29-4f89-ae9c-79d53401ecea","TCGA-BC-A10U","e0fd6db2-23ce-44eb-87a2-1f8e3cee2d64","TCGA-BC-A10U-11A","Solid Tissue Normal","Hepatocellular carcinoma, NOS","selected"
"f031e82a-99ac-46fc-abeb-7ad9bd535812","71709b9d-4bb5-443c-89a6-863ddeea86ad.rna_seq.augmented_star_gene_counts.tsv",4232306,"6252a811fb52b6da99ce7eab6861927e","RNAseq","STAR - Counts","39baf24a-4032-4c23-b3fe-2c50df1881f6","TCGA-BC-A10W","18fd84d2-dda5-4916-b42b-5ee6ac00496f","TCGA-BC-A10W-01A","Primary Tumor","Hepatocellular carcinoma, NOS","selected"
"66cf470a-ec42-4f85-b4b2-bf7e8055a55b","9b5248e9-4b02-4ffc-a3e2-242616d08ed2.rna_seq.augmented_star_gene_counts.tsv",4207283,"004f69acd2e9b2a9423e3c281fdf137a","RNAseq","STAR - Counts","39baf24a-4032-4c23-b3fe-2c50df1881f6","TCGA-BC-A10W","dc9a2f36-3f59-4744-a2f8-f2017c16f3d9","TCGA-BC-A10W-11A","Solid Tissue Normal","Hepatocellular carcinoma, NOS","selected"
"e820ebb7-91de-45f6-b03d-f97fca659059","c8675707-b978-48d7-b510-186676ab831a.rna_seq.augmented_star_gene_counts.tsv",4220880,"1403e293c424596ecd0eb1993824637b","RNAseq","STAR - Counts","3dc48ea9-a3c6-437f-af5a-88feb300cc5f","TCGA-BC-A10X","1ae03bc9-de5a-417c-a617-7256c8d2d9b8","TCGA-BC-A10X-01A","Primary Tumor","Hepatocellular carcinoma, NOS","selected"
"51c45ad0-3a73-4561-9a2c-7a4c00de52c5","d47d25be-4859-450a-a110-0e4bc7e2896b.rna_seq.augmented_star_gene_counts.tsv",4216048,"efd62c3dd85e193dea58563e03c72c1b","RNAseq","STAR - Counts","3dc48ea9-a3c6-437f-af5a-88feb300cc5f","TCGA-BC-A10X","d746f333-a5dd-4464-a091-84e9cf9665b8","TCGA-BC-A10X-11A","Solid Tissue Normal","Hepatocellular carcinoma, NOS","selected"
"d4426c56-9349-4770-b13c-17a2173015a0","96038519-51a9-4188-bc3c-5e5a4d219a77.rna_seq.augmented_star_gene_counts.tsv",4230347,"0504f3fae49d7d10209f2da4021a1c8c","RNAseq","STAR - Counts","6533648f-1353-4253-b65b-d472aacf5751","TCGA-BC-A10Y","06ba5a5e-1718-4208-9811-8a157a520645","TCGA-BC-A10Y-01A","Primary Tumor","Hepatocellular carcinoma, NOS","selected"
"c1566f1c-3b79-4803-8a62-23de06619811","e5ec55da-630f-406e-b561-399fd081e43d.rna_seq.augmented_star_gene_counts.tsv",4211503,"e665fb3b32ea06ff873186829c4f0f52","RNAseq","STAR - Counts","6533648f-1353-4253-b65b-d472aacf5751","TCGA-BC-A10Y","297d707f-df19-4e78-9008-b2f568068eb4","TCGA-BC-A10Y-11A","Solid Tissue Normal","Hepatocellular carcinoma, NOS","selected"
"b242b4fc-5d69-42c7-9a07-bdd47f4668cf","72e8b0e1-ff24-4ecf-82d2-24b96b885521.rna_seq.augmented_star_gene_counts.tsv",4227134,"966d940c7bfebe6e9e5559dc75219144","RNAseq","STAR - Counts","709f1e4d-f5e8-4a0b-8254-23f037f4bae7","TCGA-BC-A10Z","a758e425-e4f9-4b71-86f0-f82f4331055d","TCGA-BC-A10Z-01A","Primary Tumor","Hepatocellular carcinoma, NOS","selected"
"6e36807b-e15a-416b-bded-7202a9dab757","53cdad59-2abc-49cb-8757-ca9d1fee5c1c.rna_seq.augmented_star_gene_counts.tsv",4210774,"77f31215705044ae05c4f8863c620274","RNAseq","STAR - Counts","709f1e4d-f5e8-4a0b-8254-23f037f4bae7","TCGA-BC-A10Z","91614e15-a2e1-4025-9974-7802db70a6f3","TCGA-BC-A10Z-11A","Solid Tissue Normal","Hepatocellular carcinoma, NOS","selected"
"9784c055-2da9-4720-8df8-115b5f7c4928","e880e928-7728-4184-af70-d4790dbeb3e9.rna_seq.augmented_star_gene_counts.tsv",4198179,"bfee351bde1b61a27895295a665ca078","RNAseq","STAR - Counts","cf028bce-d20d-42b8-8507-1ec94a391e85","TCGA-BC-A110","4db99739-f0d5-4db9-a5fa-4445c7a61b4b","TCGA-BC-A110-01A","Primary Tumor","Nephroblastoma, NOS; Hepatocellular carcinoma, NOS","selected"
"e5c65ba0-d937-4ed9-aa81-99bc48717a2d","6317d700-9096-4ae7-9b13-40c9b64bf319.rna_seq.augmented_star_gene_counts.tsv",4203632,"a9b353c68e23cdfe02e30df0243ff7d1","RNAseq","STAR - Counts","cf028bce-d20d-42b8-8507-1ec94a391e85","TCGA-BC-A110","aa8d7157-7345-4255-84d4-c4b6747e3a72","TCGA-BC-A110-11A","Solid Tissue Normal","Nephroblastoma, NOS; Hepatocellular carcinoma, NOS","selected"
"28c03921-6a64-4ce6-9627-8734812e4809","96aa5d94-f2d7-4173-8477-ccbfaa3451b5.rna_seq.augmented_star_gene_counts.tsv",4225269,"614edf7695567270a369a32c648c11f9","RNAseq","STAR - Counts","a2c17e87-d8bc-4160-88ae-e3e894d013e4","TCGA-BC-A112","6b3da272-71dc-4aec-ab4c-42bf93523bb4","TCGA-BC-A112-01A","Primary Tumor","Hepatocellular carcinoma, NOS; Adenocarcinoma, NOS","selected"
"ebb6d650-3376-438d-a66c-9b866551be5a","b5f97bc7-e5cb-4ec7-9e39-4a51bdc36b0d.rna_seq.augmented_star_gene_counts.tsv",4231455,"4e382e4a322e6407e4c955114f36ae0e","RNAseq","STAR - Counts","4bbdbe77-f3cb-4b64-9826-72debb734784","TCGA-BC-A216","f8b5247f-5276-4189-9041-2d914482d539","TCGA-BC-A216-01A","Primary Tumor","Hepatocellular carcinoma, NOS","selected"
"095b68ff-e317-4667-b1d1-ff69254d146a","1432142c-908d-46d7-9a2a-2597a0f00ae8.rna_seq.augmented_star_gene_counts.tsv",4204246,"0ecc766b77899935681ac871a2123245","RNAseq","STAR - Counts","4bbdbe77-f3cb-4b64-9826-72debb734784","TCGA-BC-A216","b3ddee9b-04d5-4fa3-94c1-754bcc2a0f5d","TCGA-BC-A216-11A","Solid Tissue Normal","Hepatocellular carcinoma, NOS","selected"
"95158561-ffa4-4cef-bc12-9ef0368c1f10","9f1e5b80-35f2-4e10-bd73-b031bb2401bd.rna_seq.augmented_star_gene_counts.tsv",4234420,"da419e3d8beb5cc123315e91548fe9b3","RNAseq","STAR - Counts","6dcfc418-ab28-4365-95ea-c1ae254f2341","TCGA-BC-A217","c827a8b9-359c-4a6f-b950-839b3fb0c097","TCGA-BC-A217-01A","Primary Tumor","Hepatocellular carcinoma, NOS","selected"
"f609a9c2-1c53-4bbb-9b40-ce736514e7de","4a47d2f4-1b4e-4c95-a58b-81e5bc954160.rna_seq.augmented_star_gene_counts.tsv",4230651,"93ee950e1a1a16d9176f92b686b792fe","RNAseq","STAR - Counts","07dd49fc-8a76-41e8-9eb3-107336f68701","TCGA-BC-A3KF","ece7aff8-7303-4d9a-b5ef-abb871571686","TCGA-BC-A3KF-01A","Primary Tumor","Hepatocellular carcinoma, NOS","selected"
"f12570e9-0af7-4882-8cd5-33171e3537b0","ea02af31-a02a-457a-acca-6003c8584b2d.rna_seq.augmented_star_gene_counts.tsv",4235735,"deb0517233d8b9c1010500a0fa2feb5e","RNAseq","STAR - Counts","75f43fca-200a-48b0-bb67-0693d7b91119","TCGA-BC-A3KG","da632ff7-e6b4-4ecd-ab72-a08461588b44","TCGA-BC-A3KG-01A","Primary Tumor","Hepatocellular carcinoma, NOS","selected"
"fe9e4c81-7149-4cfd-b1a2-60884268988b","8f7fc4d6-30f6-4361-94f3-48ef923cc9ec.rna_seq.augmented_star_gene_counts.tsv",4205529,"4e58e0d392f63de6cc556025b8c68d76","RNAseq","STAR - Counts","6bb5d506-8fca-43f3-90a6-03c915d7ede2","TCGA-BC-A5W4","7b9c40bf-6ad0-491e-84fc-f835fe3589c5","TCGA-BC-A5W4-01A","Primary Tumor","Not Reported; Hepatocellular carcinoma, NOS","selected"
"572d387f-648a-4547-871a-f0be87a9d3ee","d17659bf-fc02-4c26-bb3c-206fc71e644d.rna_seq.augmented_star_gene_counts.tsv",4212635,"a1e0fbe82f8611928d63bd58bd6a12e1","RNAseq","STAR - Counts","79df037c-7d37-4e6c-a654-57708a4f87aa","TCGA-BC-A69H","7b0389ae-8b72-4e9a-ac52-802a384a14a3","TCGA-BC-A69H-01A","Primary Tumor","Hepatocellular carcinoma, NOS","selected"
"d2fea0af-ffc7-45c7-a6cc-6cc7379df6fb","8096a292-e2e5-4e8f-af7b-ce2e41a5544f.rna_seq.augmented_star_gene_counts.tsv",4206773,"c9e82c372d087379d386e3af351c5e44","RNAseq","STAR - Counts","70aecc90-17f0-4064-8ebb-be81f9b1d7fd","TCGA-BC-A69I","e36d5a75-0bc8-480d-8458-e23cb453c279","TCGA-BC-A69I-01A","Primary Tumor","Hepatocellular carcinoma, NOS","selected"
"4a39b419-4c93-4c65-bdc3-075c1c067a41","69044cff-0eaa-4acc-a163-4b9ab15a7595.rna_seq.augmented_star_gene_counts.tsv",4234145,"8ed372f7580a83927d627126866a7725","RNAseq","STAR - Counts","f53a70d9-a774-4969-896e-2dcdd4d02a7a","TCGA-BC-A8YO","4218932d-170a-41f0-89ec-92a71a7b13dd","TCGA-BC-A8YO-01A","Primary Tumor","Hepatocellular carcinoma, NOS","selected"
"aa987424-2d82-42ae-a319-10b36194675c","11795d2c-eeb4-4d71-ba35-0ceac205bd18.rna_seq.augmented_star_gene_counts.tsv",4221481,"6a8bd5e2ec8fef178e05ae286516c23d","RNAseq","STAR - Counts","13a97cee-76b0-46a1-b728-d87b2248311e","TCGA-BD-A2L6","7a489d88-3ae5-40f5-9126-92664b250fd6","TCGA-BD-A2L6-01A","Primary Tumor","Hepatocellular carcinoma, NOS","selected"
"369e78e8-f553-4fe0-88d2-908b624b6f8b","44a940fc-2b05-4010-80c0-68bf08b39be6.rna_seq.augmented_star_gene_counts.tsv",4221504,"34fcfb17ede317df34ba3e8534328ac4","RNAseq","STAR - Counts","13a97cee-76b0-46a1-b728-d87b2248311e","TCGA-BD-A2L6","6049cd94-d7bf-4d5e-8f78-6aab65c58fa4","TCGA-BD-A2L6-11A","Solid Tissue Normal","Hepatocellular carcinoma, NOS","selected"
"8177645a-a3a1-4f95-b6a1-0d2a3fd37b3c","ee85234b-dd0c-4700-b245-f00055f004b6.rna_seq.augmented_star_gene_counts.tsv",4220624,"841d7ae3f4f87dbc309fbe8e8d19eaef","RNAseq","STAR - Counts","de302b98-250d-42fe-9945-11e1b2bbd3c6","TCGA-BD-A3EP","553dfa2d-c496-4982-8ba1-32d5054864be","TCGA-BD-A3EP-01A","Primary Tumor","Hepatocellular carcinoma, NOS","selected"
"5faa2c8d-32d4-47c3-9689-8841e48e4eff","a5aab9e0-f114-4f42-b36e-5f1bdc49f128.rna_seq.augmented_star_gene_counts.tsv",4203069,"139dc84f4f1c91c440903dc4158c480e","RNAseq","STAR - Counts","de302b98-250d-42fe-9945-11e1b2bbd3c6","TCGA-BD-A3EP","708114ce-2aa0-48f9-a23f-780add9da784","TCGA-BD-A3EP-11A","Solid Tissue Normal","Hepatocellular carcinoma, NOS","selected"
"b17f1eb3-14c8-45da-a580-59a5e77d9a33","f9c05849-4905-4ded-82ff-0f83be46b772.rna_seq.augmented_star_gene_counts.tsv",4210585,"9c19cdf30c6713ce657537005b21f47e","RNAseq","STAR - Counts","9457a9a1-3dd1-4d88-b1e1-d20aae4491dd","TCGA-BD-A3ER","7e3bb1d9-c3b4-4af8-85d3-f51f3b77d066","TCGA-BD-A3ER-01A","Primary Tumor","Not Reported; Hepatocellular carcinoma, NOS","selected"
"bf7f888f-1eb2-4452-98fa-884499cc7ea7","2d9df75d-2a82-4612-9910-2f9252129f61.rna_seq.augmented_star_gene_counts.tsv",4205591,"57445e8d9bc893cd5039c6f8ece7f75d","RNAseq","STAR - Counts","ee63c44b-91f4-4004-8dea-192eab527036","TCGA-BW-A5NO","3cbd785d-cad5-4299-8fe8-695ca8db726d","TCGA-BW-A5NO-01A","Primary Tumor","Hepatocellular carcinoma, NOS","selected"
"476c323f-4a20-41a3-91b3-7c9a81b4fbc1","16d06971-fbf9-4b5f-b119-2816c48bcfb7.rna_seq.augmented_star_gene_counts.tsv",4222885,"c78635fef039eb258290c71e92a5d3ba","RNAseq","STAR - Counts","56a82a56-0241-4d3d-9de2-696b0c36df91","TCGA-BW-A5NP","c13884b6-eaef-4e1c-8fa7-5fe76548d32f","TCGA-BW-A5NP-01A","Primary Tumor","Hepatocellular carcinoma, NOS","selected"
"8956b891-ff72-4207-a509-866e7bb62cce","1a7e9700-1994-4624-bfe9-e94f33ee3989.rna_seq.augmented_star_gene_counts.tsv",4229322,"ec5e782fa07b978be89bc7cb01447f2e","RNAseq","STAR - Counts","c7f1b389-aec7-4993-8afb-b7a56064f8fc","TCGA-BW-A5NQ","c8ffe03a-62c3-4b47-9dea-cb3377f59abb","TCGA-BW-A5NQ-01A","Primary Tumor","Hepatocellular carcinoma, NOS; Adenocarcinoma, NOS","selected"
"1e65110a-b37b-42e6-8f99-b96116fdac71","1dc8062e-ec15-4146-a586-112cf061e620.rna_seq.augmented_star_gene_counts.tsv",4225949,"011ec97adbe2159493595fd04a65e162","RNAseq","STAR - Counts","6a93206a-c25c-4e45-b0ba-0a21bd8253b6","TCGA-CC-5258","d928ac5d-960f-4ebe-8826-0e03b55dc34e","TCGA-CC-5258-01A","Primary Tumor","Hepatocellular carcinoma, NOS","selected"
"ad30a245-b70d-44de-b3bf-b4dc4cbc2d18","bf31551a-22a7-4840-b734-748efb6301c4.rna_seq.augmented_star_gene_counts.tsv",4186467,"2ebbb1eb720fef51e7a7bf40fd02f011","RNAseq","STAR - Counts","7444eea6-90e8-42dd-a7b5-0afc6d96e1e8","TCGA-CC-5259","e5587496-5655-4b18-82e3-e00593a1c64c","TCGA-CC-5259-01A","Primary Tumor","Hepatocellular carcinoma, NOS","selected"
"e9a08dd9-4a87-44d5-bc76-eb714ac62d09","45be9c1e-b486-4657-8446-0aa69d88bf90.rna_seq.augmented_star_gene_counts.tsv",4223507,"a3688818b56923d0b2981dcad95b7ac2","RNAseq","STAR - Counts","ca8afb2c-be3d-41e8-8dbc-19fe7ab6154b","TCGA-CC-5260","7f347680-cd4d-4289-8f8f-3b0541381a42","TCGA-CC-5260-01A","Primary Tumor","Hepatocellular carcinoma, NOS","selected"
"0cf6ddfa-58d3-47b6-b2ae-885749b456c5","e615e629-be8c-4dce-a004-160e9d69b2db.rna_seq.augmented_star_gene_counts.tsv",4228232,"b702601500cc5408baf7cc3915889317","RNAseq","STAR - Counts","1ad7f17e-b3b8-40e9-aab8-5a17e0aec408","TCGA-CC-5261","538998f3-5230-4963-8b67-d34de695e97d","TCGA-CC-5261-01A","Primary Tumor","Hepatocellular carcinoma, NOS","selected"
"4e34e3c0-7b98-4a4f-8889-489f87383ba4","9d164d74-ec27-4cef-81b0-0580550e96af.rna_seq.augmented_star_gene_counts.tsv",4216005,"1fc033c03fbab635d3a6ee359bd09e41","RNAseq","STAR - Counts","1b428ada-eb3f-40c2-b4bf-1bbf6b61729d","TCGA-CC-5262","dc595eed-d459-40fd-8417-6a1c56759ec8","TCGA-CC-5262-01A","Primary Tumor","Hepatocellular carcinoma, NOS","selected"
"71eec830-b5e6-4a18-8b28-c8961fef01c9","79c7fd6b-6178-4857-815f-84e0286cb439.rna_seq.augmented_star_gene_counts.tsv",4238119,"6df09e6931b2d1534ce1b3fae3cc3489","RNAseq","STAR - Counts","a6af3061-1484-4f6c-bb4b-c8f4626b4161","TCGA-CC-5263","efa9f768-cc58-4ce4-a47a-ed598797adc8","TCGA-CC-5263-01A","Primary Tumor","Hepatocellular carcinoma, NOS","selected"
"9f2f2efc-0c29-4c3e-82aa-8b2755f237f9","4fd3d968-f8ba-445e-93c9-b87c79c66222.rna_seq.augmented_star_gene_counts.tsv",4239637,"2c175a965df537cddd15f4964b9708ff","RNAseq","STAR - Counts","61902cb6-b041-48ac-aacc-483a28949865","TCGA-CC-5264","ec67465b-dc08-4e09-8af2-3b489bd15393","TCGA-CC-5264-01A","Primary Tumor","Hepatocellular carcinoma, NOS","selected"
"bae83cb3-fb86-4648-802d-504d2e110c1e","209d1c0d-246c-4981-8ec5-ba5c71f61340.rna_seq.augmented_star_gene_counts.tsv",4198256,"5c2e4d52fb8bbc635c66ebedef7ba74d","RNAseq","STAR - Counts","e2f6d3aa-b817-4193-a550-8e53265aa336","TCGA-CC-A123","98eeca7b-4918-4176-927d-0ac1e48c5d7e","TCGA-CC-A123-01A","Primary Tumor","Hepatocellular carcinoma, NOS; Not Reported","selected"
"56f31145-6c4f-40f2-9f1b-2c428f1c6f6d","7df90db3-232d-4e82-b960-7dcee63635bd.rna_seq.augmented_star_gene_counts.tsv",4256866,"86e17f1f5dbea3ce2f51e2a4b3a048e2","RNAseq","STAR - Counts","670c1cbc-4494-45f1-bb8b-18db82d4f7e0","TCGA-CC-A1HT","96f911ed-2064-4745-ad07-6c47b0a0c7cd","TCGA-CC-A1HT-01A","Primary Tumor","Hepatocellular carcinoma, NOS","selected"
"7d22b54a-47ae-49de-bc78-909ac1bf4c63","84e50732-46c9-46c4-9619-1bb14f5205ae.rna_seq.augmented_star_gene_counts.tsv",4231525,"4662c79fd85cb4db63b26b418e6faf20","RNAseq","STAR - Counts","8e938868-d992-47c4-becb-93b0f7fffe07","TCGA-CC-A3M9","3319fcfb-a070-403e-bb86-cfd0d6da68e6","TCGA-CC-A3M9-01A","Primary Tumor","Hepatocellular carcinoma, spindle cell variant","selected"
"7445bd44-47b4-4a4d-b38f-2873def428f9","09264879-4172-4297-a98a-32eade65d63b.rna_seq.augmented_star_gene_counts.tsv",4235117,"ed3f5df278d7239bd767efd756e9ff8f","RNAseq","STAR - Counts","613ddb95-14d7-4941-b374-fb5cd344d1bb","TCGA-CC-A3MA","6955889c-d216-44ca-be25-70fb7d00bc64","TCGA-CC-A3MA-01A","Primary Tumor","Hepatocellular carcinoma, NOS","selected"
"293f1d34-2368-4382-809a-3b04083329ca","a4bcd2df-1155-4528-86bc-232b0349c1a0.rna_seq.augmented_star_gene_counts.tsv",4227908,"f43687bff7e674061dca9b522282de36","RNAseq","STAR - Counts","2c53d48d-e3bc-49f3-bbe0-2eee24252b4c","TCGA-CC-A3MB","0466f2a2-3e22-4bde-907d-82d963ea9746","TCGA-CC-A3MB-01A","Primary Tumor","Hepatocellular carcinoma, NOS; Not Reported","selected"
"e8627623-e4a5-46a1-8914-6b41bd84635d","b8347a97-a39f-4ade-8740-ef405eae9955.rna_seq.augmented_star_gene_counts.tsv",4216765,"55c320552db50a976acdfb713b8bc03d","RNAseq","STAR - Counts","0277f393-3743-47d6-a96f-155baec9eb49","TCGA-CC-A3MC","38e9689a-3698-45cd-a7a4-d2c4f0af11c6","TCGA-CC-A3MC-01A","Primary Tumor","Hepatocellular carcinoma, NOS","selected"
"fd229d04-f96d-4e4f-bef7-24bbb9e1fffc","14e1be2c-29eb-4d35-b813-c29d85b096c4.rna_seq.augmented_star_gene_counts.tsv",4208570,"275c03da1b108c9579b3e87528639d2f","RNAseq","STAR - Counts","7e589ee1-ffcc-448a-a275-829ca26a597e","TCGA-CC-A5UC","f83ace1a-16f0-4d9a-89cc-077fbaa69d0c","TCGA-CC-A5UC-01A","Primary Tumor","Not Reported; Hepatocellular carcinoma, NOS","selected"
"954f3c93-7105-4ace-9c1a-f8a650179ec0","9e28b00a-85df-4126-a619-cffc2d5abad2.rna_seq.augmented_star_gene_counts.tsv",4223401,"ce5316b0e3953aeff29b35b03ece4749","RNAseq","STAR - Counts","3837c8ac-6c9e-499b-a4e7-d42c870bcb49","TCGA-CC-A5UD","24fb408b-5259-4928-ad19-02b8add76539","TCGA-CC-A5UD-01A","Primary Tumor","Hepatocellular carcinoma, NOS","selected"
"845b36d6-842d-4467-a59e-b7d9272a47b1","1523dcd5-18e0-464b-a443-eaa98da5f9aa.rna_seq.augmented_star_gene_counts.tsv",4226471,"5c2894d6b58e727a9d8bd1943b6a321b","RNAseq","STAR - Counts","23d8e6a0-fa79-4323-a0a6-2dea2a319667","TCGA-CC-A5UE","e8a5ec1d-b962-4b48-8eae-d49bd6291b6b","TCGA-CC-A5UE-01A","Primary Tumor","Hepatocellular carcinoma, NOS","selected"
"e1ab994c-401a-4b92-ae85-59a421b89b52","3ed45813-2a31-43ca-944e-e671af9f9b91.rna_seq.augmented_star_gene_counts.tsv",4212562,"7d91a9f8d3b6d5cf42dc3d550316e64e","RNAseq","STAR - Counts","220f75d7-08a4-4936-b4b2-0750e87ccdf5","TCGA-CC-A7IE","b58106e6-417f-41f7-88ec-2e9e51495631","TCGA-CC-A7IE-01A","Primary Tumor","Hepatocellular carcinoma, NOS; Not Reported","selected"
"8336ea51-7b0f-4fc5-b684-94c03d640da9","46622c50-de5b-4dde-a9c7-386d571817d8.rna_seq.augmented_star_gene_counts.tsv",4214047,"8652f6c25b39e20aaf784310b16783a1","RNAseq","STAR - Counts","e0674b82-2fba-421e-be62-58efd0348d44","TCGA-CC-A7IF","85bf24dd-ed33-4b46-9739-1994ae3a2c91","TCGA-CC-A7IF-01A","Primary Tumor","Hepatocellular carcinoma, NOS; Not Reported","selected"
"bd469f11-1e6e-4ae5-9da4-09fe0fcdde41","4586df36-efce-4c32-8788-6789935fdcc5.rna_seq.augmented_star_gene_counts.tsv",4223261,"5ae873b06b51fe1eb464a3a2896f6d19","RNAseq","STAR - Counts","534a7b11-3abd-4581-a9c9-d984d6aa33a0","TCGA-CC-A7IG","642a133c-371d-4c40-a0e5-6568313de439","TCGA-CC-A7IG-01A","Primary Tumor","Hepatocellular carcinoma, NOS","selected"
"ac431eeb-97c7-4c44-aabe-350bda67d59d","7e019662-154e-4eca-b85c-ac01411fabea.rna_seq.augmented_star_gene_counts.tsv",4223139,"6655ebe776e013f1a811354993a6d1fd","RNAseq","STAR - Counts","e4e0bc11-ad61-4419-857c-44fb5c7877a3","TCGA-CC-A7IH","40f9f3b1-545d-4743-912c-9c92aac5f396","TCGA-CC-A7IH-01A","Primary Tumor","Hepatocellular carcinoma, NOS","selected"
"4bc85c3a-2187-474d-9fc7-874bad1eb196","8e3661d6-d095-490c-bc01-d8d7b3f23ed9.rna_seq.augmented_star_gene_counts.tsv",4229753,"3b4d766a2756293ec944cf0562dc287b","RNAseq","STAR - Counts","aaf7c9b5-6cb7-42bf-a0d1-07975eae3be9","TCGA-CC-A7II","ad384cc4-8444-419f-a2e7-27dfc417ea82","TCGA-CC-A7II-01A","Primary Tumor","Hepatocellular carcinoma, NOS","selected"
"0bee0323-d4e5-4f61-97a3-d12e0d21c18d","e6c37259-ade1-42e8-8087-88e04862218c.rna_seq.augmented_star_gene_counts.tsv",4239826,"1c60dd217c50722e2eb250e786170b1b","RNAseq","STAR - Counts","e610a644-0504-445a-bba1-4bae360de4c1","TCGA-CC-A7IJ","23d951c1-92e2-4b6b-b716-ff5829e28303","TCGA-CC-A7IJ-01A","Primary Tumor","Hepatocellular carcinoma, NOS","selected"
"e9c3fdc0-ea70-491c-8370-c86f37ff815f","1b8a76cc-0a8b-422b-901e-2c1a45fb9486.rna_seq.augmented_star_gene_counts.tsv",4223438,"6a2c433223c881a53d00ef84d79fbbbb","RNAseq","STAR - Counts","eba5208b-404a-45df-9133-31ff122e7fc0","TCGA-CC-A7IK","9ae951fb-97e7-42d2-bb74-a490e22583ee","TCGA-CC-A7IK-01A","Primary Tumor","Hepatocellular carcinoma, NOS","selected"
"d16e6c9d-cb8e-43d4-886a-6656b4cca09b","4df97711-6ecf-483c-a2c7-4952c44a2b69.rna_seq.augmented_star_gene_counts.tsv",4213843,"df3db637614efa085aa9ba84da7ef4d6","RNAseq","STAR - Counts","b54df65f-8a6b-4405-9918-90d53418804c","TCGA-CC-A7IL","1445b31d-812d-4ddf-8965-0a970b9ea562","TCGA-CC-A7IL-01A","Primary Tumor","Hepatocellular carcinoma, NOS","selected"
"19533c53-3be7-4ede-bf65-d805e82aaf2b","a877ebcc-8616-4dfd-b00b-bdd6f45d6371.rna_seq.augmented_star_gene_counts.tsv",4228799,"4a6d705cae779f36d7ae11f682f41a33","RNAseq","STAR - Counts","d18cd259-267e-47b5-9353-ad3454e048a0","TCGA-CC-A8HS","41ca0b98-d4b2-4a09-a5e3-20fedb440926","TCGA-CC-A8HS-01A","Primary Tumor","Hepatocellular carcinoma, NOS","selected"
"c1b5df5c-b7fd-486b-8f49-1f748af9a079","a580b9de-6718-427e-88b4-612c04876d1e.rna_seq.augmented_star_gene_counts.tsv",4228163,"8a5f47d586cc37b65c82f70a3beb701b","RNAseq","STAR - Counts","95408571-9d4e-412b-8ee8-7992e0270b0f","TCGA-CC-A8HT","5f78bf91-e73d-4b78-9cd7-ec6502e764aa","TCGA-CC-A8HT-01A","Primary Tumor","Hepatocellular carcinoma, NOS","selected"
"858fa98b-752a-4005-a292-1c5c7153ceb5","e6a2ee0a-fc09-4f09-a78e-c9d1916720cc.rna_seq.augmented_star_gene_counts.tsv",4222701,"736c630dbab03659c368c5b787e7b4cb","RNAseq","STAR - Counts","1943ff2c-ca53-4e3c-acc1-5ae84f4ba230","TCGA-CC-A8HU","78dfb76e-4ca8-4b43-b967-eeef66d0f676","TCGA-CC-A8HU-01A","Primary Tumor","Hepatocellular carcinoma, NOS","selected"
"fd50b935-b9e1-4e0d-bedb-a357adc2b57e","c7228ad9-de8e-45c5-8e6d-e9151b848106.rna_seq.augmented_star_gene_counts.tsv",4221358,"883a2ba840519846e950bb8e09e867d6","RNAseq","STAR - Counts","5b32d3f4-9b88-42de-aaac-22d1d2f5cde0","TCGA-CC-A8HV","0633d181-7845-4578-9778-daa6d1c128cb","TCGA-CC-A8HV-01A","Primary Tumor","Not Reported; Hepatocellular carcinoma, NOS","selected"
"9a764e34-3125-4e05-876a-0b7ca4ce4e62","c1224885-8e33-45f5-a9ee-431c9b79fb9e.rna_seq.augmented_star_gene_counts.tsv",4216656,"7666ffe35029de151512be6eb885a082","RNAseq","STAR - Counts","f661a921-2e59-424b-a145-e22664b73728","TCGA-CC-A9FS","729ca3a4-1c6b-4c84-b4ce-150bb21d631d","TCGA-CC-A9FS-01A","Primary Tumor","Not Reported; Hepatocellular carcinoma, NOS","selected"
"f3cc686f-c4e3-4d83-839c-dcb2f71ab9f7","7db97dea-5d1e-4a8a-be9c-4e0ab324c4ae.rna_seq.augmented_star_gene_counts.tsv",4227849,"eb90eb61809d0dbe189f56dc66251b1c","RNAseq","STAR - Counts","5e2a99a1-41c1-49ca-97d6-69f9b9938d24","TCGA-CC-A9FU","ca56e355-4821-4169-b069-aea16c5b456b","TCGA-CC-A9FU-01A","Primary Tumor","Hepatocellular carcinoma, NOS","selected"
"32168e04-7f7d-4be9-9e68-cd6d04bcebd6","85f6b345-ab15-4095-9686-b434221b66e6.rna_seq.augmented_star_gene_counts.tsv",4220506,"d34a17724d9fa20c9369d99ffd64953d","RNAseq","STAR - Counts","c4e6527a-8f58-4f6b-93b1-04abb5680ed0","TCGA-CC-A9FV","f268bd70-c419-4c38-8513-787aae53f337","TCGA-CC-A9FV-01A","Primary Tumor","Hepatocellular carcinoma, NOS","selected"
"c1b59cec-ca9f-4eff-acde-f1be4a0d623a","927fbb8a-acc0-4f3a-9d58-20650e187554.rna_seq.augmented_star_gene_counts.tsv",4227324,"d5832ae90e6ea59c41c5fdbe38a433c9","RNAseq","STAR - Counts","027322f0-d720-41f8-897c-a10e5c1424c5","TCGA-CC-A9FW","3aabe8f1-7f16-4e31-973a-3289dec74ba7","TCGA-CC-A9FW-01A","Primary Tumor","Hepatocellular carcinoma, NOS","selected"
"dcffbcbe-e490-4bcf-95db-d454bf8df300","056653c5-a60b-424e-ab30-b16246283da3.rna_seq.augmented_star_gene_counts.tsv",4226683,"d0eab16c09f0e40a33aa2681de309e7d","RNAseq","STAR - Counts","aeb17d2b-fa8c-4989-bf3a-d2c74b785455","TCGA-DD-A113","546f37ab-fbfe-404e-b24f-0aa8201b8ec7","TCGA-DD-A113-01A","Primary Tumor","Hepatocellular carcinoma, NOS","selected"
"73857f48-b515-4c00-911e-b0338b3336fa","789c2a90-968b-4745-ad64-6dd7fe6463ff.rna_seq.augmented_star_gene_counts.tsv",4199640,"82673239044a02b31411375cd72ea84c","RNAseq","STAR - Counts","aeb17d2b-fa8c-4989-bf3a-d2c74b785455","TCGA-DD-A113","2378318c-5cf4-419f-ac5c-64d40cb7e753","TCGA-DD-A113-11A","Solid Tissue Normal","Hepatocellular carcinoma, NOS","selected"
"b6ac2916-a8b3-4415-9b98-eb0e5a6e58af","c4885dd1-1f37-48d2-b6c2-f6ac660c511e.rna_seq.augmented_star_gene_counts.tsv",4219388,"b8bab60672f2ad931bf135e47e7e3f90","RNAseq","STAR - Counts","02931491-f56b-4233-a079-812e08bc0c59","TCGA-DD-A114","8659e0b1-4c44-41e6-b1df-85ae143f40ae","TCGA-DD-A114-01A","Primary Tumor","Hepatocellular carcinoma, NOS","selected"
"0c11ccb8-4405-4a2a-9180-b483fb845968","8e595756-ee6b-4fd9-9844-6001ea97fa2e.rna_seq.augmented_star_gene_counts.tsv",4218543,"3e38693a31e0624a2e6103fe8c0786f4","RNAseq","STAR - Counts","02931491-f56b-4233-a079-812e08bc0c59","TCGA-DD-A114","f7b6ba23-4351-406d-a6a6-59bf8616184a","TCGA-DD-A114-11A","Solid Tissue Normal","Hepatocellular carcinoma, NOS","selected"
"d1a4787d-ee61-4667-95fb-5450536fa03c","863ee447-1262-4d09-b98b-4f3a3976eaa5.rna_seq.augmented_star_gene_counts.tsv",4211010,"dfc0c70f35e0eca5e1505504bd1b16bd","RNAseq","STAR - Counts","45b566d7-f120-471c-a94a-be7936889f2d","TCGA-DD-A115","670ffb57-959a-496a-bd9f-d04f71b0c357","TCGA-DD-A115-01A","Primary Tumor","Hepatocellular carcinoma, NOS","selected"
"9973d6b0-942f-4726-8ac3-ed0ba00f6bd3","871e5874-2343-46c5-a234-9017a7f29ca2.rna_seq.augmented_star_gene_counts.tsv",4215345,"697c9e51082d4cb1edbd321a4772e317","RNAseq","STAR - Counts","994347ba-3045-4ade-926f-06420fbd906c","TCGA-DD-A116","6be74119-a0bf-4f76-93b3-2433d07ce0d1","TCGA-DD-A116-01A","Primary Tumor","Hepatocellular carcinoma, NOS","selected"
"559f7bde-209c-4ca8-8bd7-dbac076e91d0","91bac874-6ad2-4946-9c3f-0ed733975fcf.rna_seq.augmented_star_gene_counts.tsv",4209099,"2c3ecfbe4ad7bf65092ab3f6469e5138","RNAseq","STAR - Counts","994347ba-3045-4ade-926f-06420fbd906c","TCGA-DD-A116","bb746b3c-ef5d-405c-96c3-876207a965a2","TCGA-DD-A116-11A","Solid Tissue Normal","Hepatocellular carcinoma, NOS","selected"
"31855350-9ddc-4279-a0af-c5564a12e1d3","9f4b7d5e-9bad-4148-95b8-b78564c0cae6.rna_seq.augmented_star_gene_counts.tsv",4223569,"388061b248f26d41cfc3d1bb3d246e3b","RNAseq","STAR - Counts","7d914d07-f250-4c7a-8fa2-df14e708936e","TCGA-DD-A118","b1da5474-3d42-433c-918e-22cb5c353a13","TCGA-DD-A118-01A","Primary Tumor","Hepatocellular carcinoma, NOS","selected"
"3f848440-1cde-4fc4-898c-088e47d48627","2b192082-2d70-40aa-9268-5d3d6a3af6eb.rna_seq.augmented_star_gene_counts.tsv",4194399,"17b84917f9a46aeac9092b9162f95279","RNAseq","STAR - Counts","7d914d07-f250-4c7a-8fa2-df14e708936e","TCGA-DD-A118","ba0e5d15-cdac-4fc0-97e7-ef81d921d5d4","TCGA-DD-A118-11A","Solid Tissue Normal","Hepatocellular carcinoma, NOS","selected"
"6a40d8bb-f30a-4802-8043-431551c2ca51","4b5b50cd-2bcf-4c8a-b5d7-09adeef205fd.rna_seq.augmented_star_gene_counts.tsv",4208306,"38025f63fad4b0fc16ee476eed716806","RNAseq","STAR - Counts","66c6f413-b7a8-4d7c-9e1d-c4fb257b9e5c","TCGA-DD-A119","7f290198-d88f-465c-8b83-d48bdaa57b4b","TCGA-DD-A119-01A","Primary Tumor","Hepatocellular carcinoma, NOS","selected"
"9196e9a3-dc4e-45b3-9c6a-6efb38f1a029","a738f130-d151-463b-9889-2d379ebe52d2.rna_seq.augmented_star_gene_counts.tsv",4203429,"3f4efbe0990c1ef0c87d18d0c0a6ee8a","RNAseq","STAR - Counts","66c6f413-b7a8-4d7c-9e1d-c4fb257b9e5c","TCGA-DD-A119","d9735f12-76c0-4f95-9ce5-91ca885862b4","TCGA-DD-A119-11A","Solid Tissue Normal","Hepatocellular carcinoma, NOS","selected"
"4016e261-2cd4-4651-af30-de2cbf038a8a","8e3828b8-8928-4c23-bb86-3dac58b416ae.rna_seq.augmented_star_gene_counts.tsv",4221226,"dce57cb052b51a00fd2d46cd824dc588","RNAseq","STAR - Counts","609c82fd-eb3a-46d7-8c09-0cde281a50b3","TCGA-DD-A11A","b614fd23-a9ba-420d-9c01-1e82b721e1e8","TCGA-DD-A11A-01A","Primary Tumor","Hepatocellular carcinoma, NOS","selected"
"6a598923-a466-455f-a6b6-3f468a1e76cb","87eca9a7-8eb9-43e0-b814-4743ed4f3526.rna_seq.augmented_star_gene_counts.tsv",4210353,"60473acb9396e87dc6d4812e5b2f7ff1","RNAseq","STAR - Counts","609c82fd-eb3a-46d7-8c09-0cde281a50b3","TCGA-DD-A11A","0cfc44e7-7450-4815-ac7c-414003a7d6df","TCGA-DD-A11A-11A","Solid Tissue Normal","Hepatocellular carcinoma, NOS","selected"
"65ea5c74-595e-468f-8dc5-134a8c3ae543","97563695-6be6-442a-8a91-18a203eda794.rna_seq.augmented_star_gene_counts.tsv",4218538,"b6c5e7002d30162ce338a593b52d0564","RNAseq","STAR - Counts","1b1b1af0-b19b-4086-b1b7-669fa0b88235","TCGA-DD-A11B","cc6197e4-ec24-4cc7-a69d-e20d4bf14c62","TCGA-DD-A11B-01A","Primary Tumor","Hepatocellular carcinoma, NOS","selected"
"37610f08-0c05-425f-a5a6-967bfb02aa23","58ee401f-87ef-47b1-97ae-797b5d6bd753.rna_seq.augmented_star_gene_counts.tsv",4193639,"c4182ae6fea635b9d3836d33abfb9014","RNAseq","STAR - Counts","1b1b1af0-b19b-4086-b1b7-669fa0b88235","TCGA-DD-A11B","8a77f4b1-8b1d-419b-8d1e-73bf2041303a","TCGA-DD-A11B-11A","Solid Tissue Normal","Hepatocellular carcinoma, NOS","selected"
"ca9b8cf8-1db3-429b-b624-54762d25288c","b78a3a1f-984e-417b-861c-e3de9b548bbd.rna_seq.augmented_star_gene_counts.tsv",4226468,"f030cfedb7e5ebe2fb274d6c72c7bf9e","RNAseq","STAR - Counts","023a1ad1-fb16-437e-9806-5063b47f76bd","TCGA-DD-A11C","bf79978c-a9c7-429e-bb78-20eea5f16fdf","TCGA-DD-A11C-01A","Primary Tumor","Hepatocellular carcinoma, NOS","selected"
"7ddcf3fa-7d26-46e1-a710-6831df9f2e66","a922a7b1-be19-490b-80aa-09b1f867a4fd.rna_seq.augmented_star_gene_counts.tsv",4187249,"9fa48bba0ce6619ffaa4a12e15b7b8f0","RNAseq","STAR - Counts","023a1ad1-fb16-437e-9806-5063b47f76bd","TCGA-DD-A11C","f115356f-bccb-4718-9fd1-73bca239cbe4","TCGA-DD-A11C-11A","Solid Tissue Normal","Hepatocellular carcinoma, NOS","selected"
"8088cd3e-c3dc-45dc-8b66-637ada8ef440","4bc57c95-5c4e-4aad-a05a-ab5fafd76a1d.rna_seq.augmented_star_gene_counts.tsv",4196683,"6409cc320ce9d6d2f37650a3699c92d2","RNAseq","STAR - Counts","0ef95351-0133-4f34-a59c-90934fb161f8","TCGA-DD-A11D","f1fa4bcc-bcac-4174-984c-f057af2b9826","TCGA-DD-A11D-01A","Primary Tumor","Hepatocellular carcinoma, NOS","selected"
"35f067e5-fde1-4793-8d6b-d9ddd951b7c5","c74b62ad-52f4-4488-8628-ffc88df5d1bf.rna_seq.augmented_star_gene_counts.tsv",4208246,"77ec78b416b2e80c9b4e915c6a804d47","RNAseq","STAR - Counts","0ef95351-0133-4f34-a59c-90934fb161f8","TCGA-DD-A11D","2969dd04-f315-48ae-b92c-995bd3fc59c4","TCGA-DD-A11D-11A","Solid Tissue Normal","Hepatocellular carcinoma, NOS","selected"
"3b6b049d-65c4-4020-9ec5-5c6172ea4c4b","eee7d179-f3bd-4752-a745-28bf812e572e.rna_seq.augmented_star_gene_counts.tsv",4218704,"ae67e8701ea8bf66aa6cd768549b4ed3","RNAseq","STAR - Counts","8052c374-9435-4588-b970-68565c56dbb7","TCGA-DD-A1EA","ad574b69-318d-449a-ad7d-78de9de5a042","TCGA-DD-A1EA-01A","Primary Tumor","Hepatocellular carcinoma, NOS","selected"
"7936688f-fdd9-4e83-adfc-785fd93559f6","983ba5fa-d524-4ce9-af32-f4e4270b043b.rna_seq.augmented_star_gene_counts.tsv",4210449,"a0d52869b268d6a606e4b8c63b8b07d5","RNAseq","STAR - Counts","68015cc7-d3a1-4c90-b8fb-5d14143d9960","TCGA-DD-A1EB","fee48a64-cf2f-4ae9-b3cf-315410d8e8ae","TCGA-DD-A1EB-01A","Primary Tumor","Hepatocellular carcinoma, NOS","selected"
"8ff0d081-c3b0-4d26-9ace-e7903a9b16eb","3b21a0fe-8a3b-4473-8bd1-523ab630dc71.rna_seq.augmented_star_gene_counts.tsv",4213849,"30bd65696d395959ec717ac12cc52a5b","RNAseq","STAR - Counts","68015cc7-d3a1-4c90-b8fb-5d14143d9960","TCGA-DD-A1EB","759a494f-c699-4dd6-9553-45265c667dae","TCGA-DD-A1EB-11A","Solid Tissue Normal","Hepatocellular carcinoma, NOS","selected"
"df6ab599-42be-4cb8-a35c-34bdcd4809f7","cf9a78e4-5487-4366-94b6-4b85dfef5e4d.rna_seq.augmented_star_gene_counts.tsv",4231177,"cba78112e7368eb7c3671064c3bc3c34","RNAseq","STAR - Counts","520a709a-87f6-4f3d-b2a2-9192e3b65c5b","TCGA-DD-A1EC","1a0498cb-07d9-418a-8d88-cf52a373d9f0","TCGA-DD-A1EC-01A","Primary Tumor","Hepatocellular carcinoma, NOS","selected"
"886fbdb4-b0a8-481b-9721-5e63956caebd","2070f2a7-db7f-4070-8997-5c56140c41ae.rna_seq.augmented_star_gene_counts.tsv",4208003,"b283e18242719a1610fa188bff498d27","RNAseq","STAR - Counts","520a709a-87f6-4f3d-b2a2-9192e3b65c5b","TCGA-DD-A1EC","d41b3e1e-885e-4e68-b6e7-d2ce582e9c2b","TCGA-DD-A1EC-11A","Solid Tissue Normal","Hepatocellular carcinoma, NOS","selected"
"4d6f675d-ce11-4faf-ae1f-15cfbc2b5351","7f4dfecb-1ab7-411c-80cb-4613251b75a7.rna_seq.augmented_star_gene_counts.tsv",4217877,"ee9f5d8486b91a5ed6c949aa1e8888f2","RNAseq","STAR - Counts","0ff6364a-e6f4-47ca-a7e7-14705bf0a8df","TCGA-DD-A1ED","1cf84c3e-e7e2-43a6-b9af-e0042312f02f","TCGA-DD-A1ED-01A","Primary Tumor","Hepatocellular carcinoma, NOS","selected"
"715b5ec9-5c2c-4dac-b9f6-ba459743a377","767f0df2-87ec-42d7-a644-f0b955be14e5.rna_seq.augmented_star_gene_counts.tsv",4226755,"fe4bd4b4c3cec0ab14f901e423d161dc","RNAseq","STAR - Counts","654af137-70d9-4ee4-9f69-793e352d30f8","TCGA-DD-A1EE","43879fcb-cf8f-4b51-a5a7-1232df941865","TCGA-DD-A1EE-01A","Primary Tumor","Hepatocellular carcinoma, NOS","selected"
"448a4db4-c17f-4838-b864-7a776e4b5505","b0271a8a-4b7d-4689-98d3-1378840b485d.rna_seq.augmented_star_gene_counts.tsv",4198031,"009c9abc87dc1a18268b33fb19d004e3","RNAseq","STAR - Counts","654af137-70d9-4ee4-9f69-793e352d30f8","TCGA-DD-A1EE","d9fd7e08-27aa-4081-96fe-86b7ec06d3df","TCGA-DD-A1EE-11A","Solid Tissue Normal","Hepatocellular carcinoma, NOS","selected"
"c7405859-3e6d-4af2-8bdc-7f31d6441c35","1106e478-61a7-423e-8489-cb7e940aa897.rna_seq.augmented_star_gene_counts.tsv",4208441,"501e0e4c83f9419c8302fa7b8a67c2ad","RNAseq","STAR - Counts","1c1e8987-676f-417b-b3b4-e0321367df55","TCGA-DD-A1EF","f11e2b07-2848-4601-b19f-eed188aa4c3b","TCGA-DD-A1EF-01A","Primary Tumor","Hepatocellular carcinoma, NOS","selected"
"3a4353b6-a5ad-4950-be98-c0900e196144","72134fea-d641-43dd-9580-ef3ef06a5060.rna_seq.augmented_star_gene_counts.tsv",4223010,"5a3cb8aea71f44283e2df57b28b9d737","RNAseq","STAR - Counts","6c79f64b-63fe-46f5-bf7b-77208231b0f2","TCGA-DD-A1EG","e8b59658-06c6-46b7-b51f-ed52de0c403e","TCGA-DD-A1EG-01A","Primary Tumor","Hepatocellular carcinoma, NOS","selected"
"e5f2fe00-70ca-4fc8-bfd4-d34bfee2e11a","45b37332-1ac3-40bb-b167-44050d144917.rna_seq.augmented_star_gene_counts.tsv",4204106,"b0c14b016cb1124a833c779a266cdb1b","RNAseq","STAR - Counts","6c79f64b-63fe-46f5-bf7b-77208231b0f2","TCGA-DD-A1EG","47e4251c-0035-411a-b2dc-ddbae8ee757a","TCGA-DD-A1EG-11A","Solid Tissue Normal","Hepatocellular carcinoma, NOS","selected"
"67078084-0785-4601-993d-b76631d58a88","a0a44a0c-be1a-4cfe-a305-9ce2d4cee68d.rna_seq.augmented_star_gene_counts.tsv",4229520,"dccb1501b567c2b19601d202f392f5a7","RNAseq","STAR - Counts","cab5b264-abab-4bdb-816e-9d2c0ac30629","TCGA-DD-A1EH","44c98b82-adcb-4597-a9db-83e7d2a0e2f9","TCGA-DD-A1EH-01A","Primary Tumor","Hepatocellular carcinoma, NOS","selected"
"df0c36cd-5eae-480f-871e-1aef2a418350","3b4e1fdc-dcc1-4616-93b5-0f44bee5c64d.rna_seq.augmented_star_gene_counts.tsv",4204168,"875d5ea0423bac11f8d825c57ee2a89d","RNAseq","STAR - Counts","cab5b264-abab-4bdb-816e-9d2c0ac30629","TCGA-DD-A1EH","db3d6662-eebb-4396-93e3-b5f1022c90d2","TCGA-DD-A1EH-11A","Solid Tissue Normal","Hepatocellular carcinoma, NOS","selected"
"0f2270a9-bd32-4834-82f1-24197db62398","cd360b3a-1369-4a13-a13b-5adf4a5e66bf.rna_seq.augmented_star_gene_counts.tsv",4234524,"4ab6173ecf7f621b3df079a52a942bb2","RNAseq","STAR - Counts","3acf7438-fd65-442c-8a30-68b6714537f3","TCGA-DD-A1EI","65fb618a-9296-47ad-bba9-a93fc3f88e68","TCGA-DD-A1EI-01A","Primary Tumor","Hepatocellular carcinoma, NOS","selected"
"ba8582e9-496b-42d8-8eca-189d3369bce7","4044408b-0b42-407b-9ea3-bab66dedb545.rna_seq.augmented_star_gene_counts.tsv",4212199,"884140917feb2688ee63a7ba02666742","RNAseq","STAR - Counts","3acf7438-fd65-442c-8a30-68b6714537f3","TCGA-DD-A1EI","48f02d39-0821-4a45-87a1-11349283e105","TCGA-DD-A1EI-11A","Solid Tissue Normal","Hepatocellular carcinoma, NOS","selected"
"5cbb4d1e-10f5-447f-b1e0-18b45c86bb98","be4a42fc-e668-44f5-83aa-7976a664490f.rna_seq.augmented_star_gene_counts.tsv",4236641,"9bee1a4114945e3d3930bf0a065f33d3","RNAseq","STAR - Counts","52292ffc-0902-4d97-b461-20723987a177","TCGA-DD-A1EJ","2d549bb0-9e98-40c7-8b33-545c481dd105","TCGA-DD-A1EJ-01A","Primary Tumor","Hepatocellular carcinoma, NOS","selected"
"0940bd97-2818-48f6-a0a5-f955152409b8","c9432a6e-4d79-4de2-8ffa-e3b05129f78f.rna_seq.augmented_star_gene_counts.tsv",4217208,"5bbafbac99f4870fe80a93a79327b91b","RNAseq","STAR - Counts","52292ffc-0902-4d97-b461-20723987a177","TCGA-DD-A1EJ","617875bb-9eaf-4436-ac52-7b23e526df90","TCGA-DD-A1EJ-11A","Solid Tissue Normal","Hepatocellular carcinoma, NOS","selected"
"c8a17ec0-e9fb-4edc-9904-de8b6871a066","df0a6cb8-24c8-4e68-9458-2b76d9f13ee0.rna_seq.augmented_star_gene_counts.tsv",4208637,"66eb7c6c83026e0df51fb99a83060129","RNAseq","STAR - Counts","a5e4412b-0e49-4d86-9cce-71f440a84048","TCGA-DD-A1EK","71ccf91a-f2af-4c6b-a22f-769f4cc96163","TCGA-DD-A1EK-01A","Primary Tumor","Hepatocellular carcinoma, NOS","selected"
"704376d7-9bd9-4097-bb4e-60ee92241481","7b5d9241-4c32-4957-bfb5-d9bc4f711ee6.rna_seq.augmented_star_gene_counts.tsv",4240314,"08ad8833c42973e69201410cbe0be51d","RNAseq","STAR - Counts","2854ffe8-1f77-497a-bf49-11e0189fee35","TCGA-DD-A1EL","5a756b40-6c08-47e8-9b25-9b3ffff39606","TCGA-DD-A1EL-01A","Primary Tumor","Hepatocellular carcinoma, NOS","selected"
"91a6115e-5869-43b2-a7ff-059ad0235071","45ea416c-9172-4eda-9d87-b9e17148d2d4.rna_seq.augmented_star_gene_counts.tsv",4219573,"77ebcf6b66e35a0e08454d966171f234","RNAseq","STAR - Counts","2854ffe8-1f77-497a-bf49-11e0189fee35","TCGA-DD-A1EL","8c47698b-2797-4343-9a22-7f5094fddd72","TCGA-DD-A1EL-11A","Solid Tissue Normal","Hepatocellular carcinoma, NOS","selected"
"a76565ca-2a44-4ce0-8139-40c00ecdf84a","734ed05f-459e-4cd4-8d1e-e9b2d89df3ea.rna_seq.augmented_star_gene_counts.tsv",4203212,"7a57f20c7c9b79d860a2d81aa98a4e3a","RNAseq","STAR - Counts","dd056692-4e2a-4e45-a4d0-357af9754f0e","TCGA-DD-A39V","23fcd37f-a46a-4f99-944e-aed930b009f7","TCGA-DD-A39V-01A","Primary Tumor","Hepatocellular carcinoma, NOS","selected"
"33a40e22-a6df-4406-aaab-c1a04f0dfc66","bf424b14-03e8-43a3-a978-ff5fb436886c.rna_seq.augmented_star_gene_counts.tsv",4198939,"5a2391c20b4f2c3400bfa8a1b53fbe80","RNAseq","STAR - Counts","dd056692-4e2a-4e45-a4d0-357af9754f0e","TCGA-DD-A39V","bee5bcfe-cbfd-4cfc-8214-dc83f557c678","TCGA-DD-A39V-11A","Solid Tissue Normal","Hepatocellular carcinoma, NOS","selected"
"634cd164-4eb6-4bb5-baef-80d23bc02cfb","00e08404-4c50-4a1a-9036-0f0dd3988db8.rna_seq.augmented_star_gene_counts.tsv",4211148,"75558ee59a6641997491fee3d9f567fc","RNAseq","STAR - Counts","48d33449-b969-423a-b4e7-541809109617","TCGA-DD-A39W","88dd13c0-6e32-4a07-8250-620e85dc1f40","TCGA-DD-A39W-01A","Primary Tumor","Hepatocellular carcinoma, NOS","selected"
"37de7b75-c885-44c8-9227-6600d37438df","c4d509c2-687f-42f2-a5a9-f92eb054ca39.rna_seq.augmented_star_gene_counts.tsv",4206584,"17d56322ba32496e489e80e7a786c5e2","RNAseq","STAR - Counts","48d33449-b969-423a-b4e7-541809109617","TCGA-DD-A39W","b24629ef-b23a-4c2b-879c-6a8a2fd58973","TCGA-DD-A39W-11A","Solid Tissue Normal","Hepatocellular carcinoma, NOS","selected"
"99871313-a35c-4b0b-b22d-a429a38a7fe5","b039b593-e5d0-47e2-b292-9a6ef4cb8af8.rna_seq.augmented_star_gene_counts.tsv",4215944,"d8d102b0a57b5f0922e11738460bee8f","RNAseq","STAR - Counts","0d0a10b4-7b99-4043-a129-89844f258156","TCGA-DD-A39X","75148cc5-ac7b-408c-b14f-595763e494eb","TCGA-DD-A39X-01A","Primary Tumor","Hepatocellular carcinoma, NOS","selected"
"2e678e78-d136-41a2-9a33-b00a10fc5fa8","458a31ae-18bf-4ffd-8f5c-d647a6e4adf3.rna_seq.augmented_star_gene_counts.tsv",4205982,"f6249f4a4e9692ca3774dd51765e8a5f","RNAseq","STAR - Counts","0d0a10b4-7b99-4043-a129-89844f258156","TCGA-DD-A39X","4b14715b-84e2-4ff9-9db6-998f42fe9fa8","TCGA-DD-A39X-11A","Solid Tissue Normal","Hepatocellular carcinoma, NOS","selected"
"283e4191-59da-4caf-99a3-385a3ea74607","f5092ee7-2656-4aa5-b0c3-884aadb9dbf8.rna_seq.augmented_star_gene_counts.tsv",4221365,"ade3952f3394d5e3cb0576611e7cbd6f","RNAseq","STAR - Counts","bed1d731-e382-4b80-9604-e6dd68d9c0ab","TCGA-DD-A39Y","5c9a03b5-3bbe-4377-b837-20cc178a9c2c","TCGA-DD-A39Y-01A","Primary Tumor","Hepatocellular carcinoma, NOS","selected"
"9e88b031-abcc-43fb-b49a-5debab1276b5","cc854324-a53b-46dd-88da-42c90e73ec4a.rna_seq.augmented_star_gene_counts.tsv",4198852,"5dc55dcb1ff73b2fcd60bfdbbc9934ad","RNAseq","STAR - Counts","42cb60f0-1a9e-4f59-8e2e-50c25e85cb98","TCGA-DD-A39Z","02d27600-4857-4316-974d-0cf70c4c7056","TCGA-DD-A39Z-01A","Primary Tumor","Hepatocellular carcinoma, NOS","selected"
"db6f39e9-6134-47fe-92c7-35d71fd19e68","414b9abf-8e4b-4d3a-b97d-34fb384b43d7.rna_seq.augmented_star_gene_counts.tsv",4199398,"5cc101b04c9803485631eb7baf0dc514","RNAseq","STAR - Counts","42cb60f0-1a9e-4f59-8e2e-50c25e85cb98","TCGA-DD-A39Z","7da50944-297e-46ab-8e8e-20631c68d010","TCGA-DD-A39Z-11A","Solid Tissue Normal","Hepatocellular carcinoma, NOS","selected"
"eb65b8e1-81e1-4d4e-bddc-fa9b005fcc12","4c58ac19-2c85-41c8-9a88-c5e6ac02e465.rna_seq.augmented_star_gene_counts.tsv",4208860,"ce69c2e7026b4373c5e841096a8fe9c0","RNAseq","STAR - Counts","877b9f6b-9b34-40ed-933f-8fef204edf21","TCGA-DD-A3A1","fb5cca74-f88a-410f-9220-503cd644c002","TCGA-DD-A3A1-01A","Primary Tumor","Hepatocellular carcinoma, NOS","selected"
"e67eb79f-6860-49ca-8cf2-bda65255fb98","d57a7480-e0ce-416b-8db1-d09302cc0d89.rna_seq.augmented_star_gene_counts.tsv",4196826,"b2540362d0f3389f08e437fd1a97e0ec","RNAseq","STAR - Counts","877b9f6b-9b34-40ed-933f-8fef204edf21","TCGA-DD-A3A1","118cbeed-8dee-4253-9850-f2ba7e589a0d","TCGA-DD-A3A1-11A","Solid Tissue Normal","Hepatocellular carcinoma, NOS","selected"
"28211bba-af07-4e9e-abcd-fcf7cc19ba02","bedfc888-5d34-4fae-bc3c-13255bc47c2b.rna_seq.augmented_star_gene_counts.tsv",4203290,"d78fd6058779c5c2b124b3021acd284b","RNAseq","STAR - Counts","357c1c08-f368-4cae-8f20-9be241b30479","TCGA-DD-A3A2","8deaa382-46df-4f30-b6ee-c2cacf762eb3","TCGA-DD-A3A2-01A","Primary Tumor","Hepatocellular carcinoma, NOS","selected"
"cc1ab143-14a1-49f5-88d3-e386c8d6c0b1","176a155c-064d-4c25-a355-430c20fb8804.rna_seq.augmented_star_gene_counts.tsv",4206484,"105271e7238b9e6977e8c2b8e576e620","RNAseq","STAR - Counts","357c1c08-f368-4cae-8f20-9be241b30479","TCGA-DD-A3A2","b25d09df-dc59-4a79-8e1b-38e525232901","TCGA-DD-A3A2-11A","Solid Tissue Normal","Hepatocellular carcinoma, NOS","selected"
"bdd04bd5-dd6e-4078-a149-97ade32ba8dc","765304e7-ec35-4aef-a646-8f264044cf23.rna_seq.augmented_star_gene_counts.tsv",4199231,"ec4aa5f4043e0491a5b38fbad40ff522","RNAseq","STAR - Counts","516c8594-2973-41e5-a5ce-76d177edfa48","TCGA-DD-A3A3","94306c6e-490a-4681-b61e-6a9e935065bc","TCGA-DD-A3A3-01A","Primary Tumor","Hepatocellular carcinoma, NOS","selected"
"853874dd-4482-4dd2-aa8f-a0a43562928d","92385f19-0c30-4014-845b-cad864782b61.rna_seq.augmented_star_gene_counts.tsv",4200582,"e4277d4019758be278ddbffcd40e1875","RNAseq","STAR - Counts","516c8594-2973-41e5-a5ce-76d177edfa48","TCGA-DD-A3A3","1079b0a9-f74e-4d0a-bed0-22aad6ea64e2","TCGA-DD-A3A3-11A","Solid Tissue Normal","Hepatocellular carcinoma, NOS","selected"
"3f1f1922-1263-4e5d-819b-2c89e8b5548d","427c0560-88ff-45a9-98a7-9d7cf3354138.rna_seq.augmented_star_gene_counts.tsv",4200888,"3d6ad13759d8190f2aea40dd377ca49e","RNAseq","STAR - Counts","ab35c9f9-3040-424d-a89f-dff3a1365bc6","TCGA-DD-A3A4","8bcc5576-c437-4ea7-a914-d4b465c8d5dd","TCGA-DD-A3A4-01A","Primary Tumor","Hepatocellular carcinoma, NOS","selected"
"1314e20d-d48f-4c6c-b208-897bbf4cc147","c30fdec0-6bbc-4719-ad1e-ff1e15eae98e.rna_seq.augmented_star_gene_counts.tsv",4217785,"ba14280a793bb6c6bdd8f114f2632f7d","RNAseq","STAR - Counts","ab35c9f9-3040-424d-a89f-dff3a1365bc6","TCGA-DD-A3A4","0e4ced27-5d8e-4c6f-bb6e-583d5ef4d5a1","TCGA-DD-A3A4-11A","Solid Tissue Normal","Hepatocellular carcinoma, NOS","selected"
"fcff3742-b3b9-4860-931f-819d85164bc7","d4db8178-db27-4b1c-8cf9-018420a91335.rna_seq.augmented_star_gene_counts.tsv",4209963,"472ab867b5ec36db10f0b3e80c3c7e61","RNAseq","STAR - Counts","d8549d23-37d4-42bd-b472-f49bbebd09b0","TCGA-DD-A3A5","2be2966f-d7be-4fb4-bee9-c00c47f7ab69","TCGA-DD-A3A5-01A","Primary Tumor","Hepatocellular carcinoma, NOS","selected"
"2a816d7c-2cec-4c58-81c0-6fd32d3c3886","d822f9c0-f1e2-4a2e-9636-f520806e6ce5.rna_seq.augmented_star_gene_counts.tsv",4196655,"0544f5f21234ad17ebcb637de134197c","RNAseq","STAR - Counts","d8549d23-37d4-42bd-b472-f49bbebd09b0","TCGA-DD-A3A5","3e439275-1fcb-4bed-a34b-883baa5151e1","TCGA-DD-A3A5-11A","Solid Tissue Normal","Hepatocellular carcinoma, NOS","selected"
"7e63467a-79da-41b7-93f6-ad4096b87914","fd81a481-5d7f-4e3a-a0ba-eba4f33591bc.rna_seq.augmented_star_gene_counts.tsv",4208749,"212e29650f9e9324ee37ab0ece4e4513","RNAseq","STAR - Counts","c4c4820b-6f4c-4cdd-b233-4d22f5933fd9","TCGA-DD-A3A6","8bbfeeab-ff99-4bd0-b407-e1e532bd04fc","TCGA-DD-A3A6-01A","Primary Tumor","Hepatocellular carcinoma, NOS","selected"
"4ec68bc8-3f5d-4d30-99e6-d5ddbdf9585a","bb4346c2-8149-4a5f-ae47-e6615bd61df2.rna_seq.augmented_star_gene_counts.tsv",4184633,"d27486f753737aead0b217945c960b29","RNAseq","STAR - Counts","c4c4820b-6f4c-4cdd-b233-4d22f5933fd9","TCGA-DD-A3A6","88af1e79-aa6c-46fb-b087-bb4ce8aeb1ad","TCGA-DD-A3A6-11A","Solid Tissue Normal","Hepatocellular carcinoma, NOS","selected"
"a9ebd2a0-200c-4be1-8fc2-26d5408ee04a","caee412d-a4b7-4bb7-b32b-fc1ea37dae0d.rna_seq.augmented_star_gene_counts.tsv",4196412,"feed15c2470eec11672e8f2196bae4f4","RNAseq","STAR - Counts","614c0ecf-6a84-4c86-8706-79be5bb00991","TCGA-DD-A3A7","1ef290a3-d054-4e3a-9683-8f99a2010e3e","TCGA-DD-A3A7-01A","Primary Tumor","Hepatocellular carcinoma, NOS","selected"
"a4634aa3-6ace-473b-8f60-132d32997ce3","717793cb-c840-4f7c-850d-cb80edb1b6b7.rna_seq.augmented_star_gene_counts.tsv",4207983,"9b271357c6d845707b788257e97c1919","RNAseq","STAR - Counts","69d6881b-9e9a-407b-8b02-bad5fc2455bf","TCGA-DD-A3A8","93d007f8-84d9-427d-a1e9-54919605f7b3","TCGA-DD-A3A8-01A","Primary Tumor","Squamous cell carcinoma, NOS; Hepatocellular carcinoma, NOS; Adenocarcinoma, NOS","selected"
"f9903ebc-4434-40d9-ad03-20ca825a666e","c54c553f-7024-4425-b489-dd959bee3e62.rna_seq.augmented_star_gene_counts.tsv",4194557,"76c76215ae0cc04bdbc17e322eb4d956","RNAseq","STAR - Counts","69d6881b-9e9a-407b-8b02-bad5fc2455bf","TCGA-DD-A3A8","f070e7db-1215-4864-9293-c778f161ae68","TCGA-DD-A3A8-11A","Solid Tissue Normal","Squamous cell carcinoma, NOS; Hepatocellular carcinoma, NOS; Adenocarcinoma, NOS","selected"
"4afc190c-2ce8-4eba-ad64-7337d187546b","06df9723-9ae2-49ff-bd42-e8826faa096e.rna_seq.augmented_star_gene_counts.tsv",4211164,"acc9e728e21ca9f5c8a77f45b25d3fa7","RNAseq","STAR - Counts","457cca7c-a8b4-414e-a3c0-7fccf0ee2034","TCGA-DD-A3A9","9bfbc85e-86e0-4ac5-9304-84b1eb32b9cc","TCGA-DD-A3A9-01A","Primary Tumor","Hepatocellular carcinoma, NOS","selected"
"3084a8bb-af8b-43b0-9c1e-fc3e190ed782","9a15fd31-f487-4205-adcd-ceb6edd88ea8.rna_seq.augmented_star_gene_counts.tsv",4234758,"b7021c419f3d5b229932b97faf231eb4","RNAseq","STAR - Counts","bee9d6c8-948f-4b76-97ca-b985064249ef","TCGA-DD-A4NA","1e7c53f1-dfb6-4a50-bd83-f8062b1306f2","TCGA-DD-A4NA-01A","Primary Tumor","Hepatocellular carcinoma, NOS","selected"
"3a826c9e-9966-4bbf-8ddb-e34f3c71381f","2cdf0703-60ea-4ffb-aa2f-808a40d4815a.rna_seq.augmented_star_gene_counts.tsv",4229088,"8d1e473b2320acaf2101891a8ea4cfe6","RNAseq","STAR - Counts","c0bf9278-9cbb-4361-b4d8-ab172b67e276","TCGA-DD-A4ND","4282039e-396b-44d8-b4ec-ac14c46ddef6","TCGA-DD-A4ND-01A","Primary Tumor","Not Reported; Hepatocellular carcinoma, NOS; Infiltrating duct carcinoma, NOS; Malignant melanoma, NOS","selected"
"772bdab0-f31c-441e-b79e-240fd622079b","3a390e78-ce52-4743-898c-8c529b342cad.rna_seq.augmented_star_gene_counts.tsv",4220074,"9d28999e616623cd5939c812f84bf217","RNAseq","STAR - Counts","bce25281-502e-4599-9679-32dc8462ffb1","TCGA-DD-A4NE","c8cb1326-7ab9-4e3d-bdc9-9ce42715dac7","TCGA-DD-A4NE-01A","Primary Tumor","Hepatocellular carcinoma, NOS","selected"
"472cb976-5b95-4130-bda1-243e24e2bd80","c7bf2ffe-055a-4658-9a6a-c2f2e6ddc7df.rna_seq.augmented_star_gene_counts.tsv",4217102,"d8c60414d6a425494fff8ae17f5f09d2","RNAseq","STAR - Counts","1043bc90-72c9-48c9-ae24-f617d0485e78","TCGA-DD-A4NF","64150fa1-b4bf-4918-a801-e6a2cc70e5c7","TCGA-DD-A4NF-01A","Primary Tumor","Hepatocellular carcinoma, NOS","selected"
"e20b808b-81cd-41ce-98eb-e2dc3db7fece","33e24624-f59a-4d50-b12b-28136db9f57d.rna_seq.augmented_star_gene_counts.tsv",4212621,"93fc3f786b302ac32e4bbc973adca7ef","RNAseq","STAR - Counts","89791f8f-dc06-4a04-b166-afbfd6cf53de","TCGA-DD-A4NG","38507edd-dfb4-4931-9895-2c0482bd4555","TCGA-DD-A4NG-01A","Primary Tumor","Hepatocellular carcinoma, NOS","selected"
"e1677731-3f36-462c-8dc1-75e98a4df270","4bc7214f-1bca-4656-a8de-34ea13dca500.rna_seq.augmented_star_gene_counts.tsv",4230337,"a557a8aa79dc36735117f59ace299349","RNAseq","STAR - Counts","4012ea90-5768-4acc-af3a-ba954f493db4","TCGA-DD-A4NH","493270aa-eb7d-4047-b438-c4e056e626ee","TCGA-DD-A4NH-01A","Primary Tumor","Hepatocellular carcinoma, NOS","selected"
"e6acd0ab-16ba-468e-b356-5e9f0ba9be67","96d07b9b-c31c-40cc-8e12-0748cafbf5cd.rna_seq.augmented_star_gene_counts.tsv",4217689,"a312fefe2729c424cf723bfcf3aa361b","RNAseq","STAR - Counts","518aa9cc-71cf-4734-9d55-b435da99d300","TCGA-DD-A4NI","453e3da6-a1b3-4303-9a08-17d99027910f","TCGA-DD-A4NI-01A","Primary Tumor","Adenocarcinoma, NOS; Hepatocellular carcinoma, NOS","selected"
"c04adf74-2502-451b-ad91-13ebbceb2383","eade4cc1-86ca-4a1c-a87b-cfdd76d9a060.rna_seq.augmented_star_gene_counts.tsv",4216826,"0b6e7af88d367aa826f9afa446c7aa85","RNAseq","STAR - Counts","815dffb0-0c22-4e05-868c-26e6c553980a","TCGA-DD-A4NJ","9620d434-5aff-4b60-bf5a-f1b80281f608","TCGA-DD-A4NJ-01A","Primary Tumor","Hepatocellular carcinoma, NOS","selected"
"9cc0d8b4-652a-4d7b-8821-46dc1442097e","263a1bf6-1d33-4148-8c26-5607d03f8099.rna_seq.augmented_star_gene_counts.tsv",4212754,"3f823c90b8ff1b5dd2cca8645d44dd25","RNAseq","STAR - Counts","5b8d04b2-ef40-4216-a3bb-42520efbe863","TCGA-DD-A4NK","089d93c5-5e66-4227-8b04-7e4c665148e6","TCGA-DD-A4NK-01A","Primary Tumor","Hepatocellular carcinoma, NOS","selected"
"e9d20052-96ee-4b64-b61b-cbdcbd341446","571cd609-a911-4617-95ae-f55ec2805067.rna_seq.augmented_star_gene_counts.tsv",4202926,"34431ad83a7f91644706270ea33fb3fd","RNAseq","STAR - Counts","e0067280-2722-46f2-a5a8-352c77b47e38","TCGA-DD-A4NL","ae09a90d-e285-44c1-993d-75b9aa7749c4","TCGA-DD-A4NL-01A","Primary Tumor","Hepatocellular carcinoma, NOS","selected"
"599b4be8-eafd-4f0a-b075-da3e7215b8f0","bc0e3498-e86a-4629-aa6f-9d1003ae99b2.rna_seq.augmented_star_gene_counts.tsv",4223615,"ecc7d3c46f6fe96c49c89c20f0e5c91a","RNAseq","STAR - Counts","b96b7620-5506-4def-aff2-5e888eaf3ea5","TCGA-DD-A4NN","423590e6-7496-40ee-8b1d-99986366ebc8","TCGA-DD-A4NN-01A","Primary Tumor","Hepatocellular carcinoma, NOS","selected"
"741f648e-87f2-4c61-b1d5-41579841aa58","402a5fcc-3fd0-4061-93e7-1565bdc84a99.rna_seq.augmented_star_gene_counts.tsv",4216910,"ced5303b914464009dd525f9e75789db","RNAseq","STAR - Counts","75f78c38-6854-4390-ad11-789b4e549d63","TCGA-DD-A4NO","4ef18704-c08f-4f69-a5ae-09ade360650e","TCGA-DD-A4NO-01A","Primary Tumor","Hepatocellular carcinoma, NOS","selected"
"fb310e6b-1b46-4a67-8a1a-16d9be837dc6","ebf5bac8-5ed4-474c-bda0-efc21b4b805d.rna_seq.augmented_star_gene_counts.tsv",4220896,"cd1891e91113a2dc59b5af29abb853e7","RNAseq","STAR - Counts","001887aa-36d0-463f-8bca-dec7043b4f2e","TCGA-DD-A4NP","8d3e521b-6df4-4633-bb44-7647ded94130","TCGA-DD-A4NP-01A","Primary Tumor","Hepatocellular carcinoma, NOS","selected"
"e1f2a612-49d9-4935-9791-cfd9abbf7f92","0a20e4cc-47b1-4b2b-8dfa-43a8fa62d27d.rna_seq.augmented_star_gene_counts.tsv",4213704,"b192b4e8afde19b894b3ef3c0516c252","RNAseq","STAR - Counts","c05720fe-19c1-4cff-819b-6806b26fc312","TCGA-DD-A4NQ","1e18c64b-42c7-424b-bd32-a1e7797f28a7","TCGA-DD-A4NQ-01A","Primary Tumor","Hepatocellular carcinoma, NOS","selected"
"63870086-6129-4ae1-a3c4-e9ace85f1df0","5e4721e4-6883-4f2a-8a70-b87a2cee68f1.rna_seq.augmented_star_gene_counts.tsv",4229731,"0da497c5e94083c36a89d0d404959fb2","RNAseq","STAR - Counts","52a7f734-da07-49c5-861d-c70da37ff959","TCGA-DD-A4NR","71bc4fd0-374f-423e-a8b4-ae1bceceda83","TCGA-DD-A4NR-01A","Primary Tumor","Hepatocellular carcinoma, NOS","selected"
"66228099-939e-4131-8d31-98d18c51c9e9","2f237fc7-63d6-4043-8959-a4c8cf146834.rna_seq.augmented_star_gene_counts.tsv",4235742,"2eebf5e197b35bdf04c5a4405345f36d","RNAseq","STAR - Counts","a6a3f07c-ced4-451b-b2e5-c93e4ed622c1","TCGA-DD-A4NS","fbab0003-7e83-46d4-a265-c19f9b183292","TCGA-DD-A4NS-01A","Primary Tumor","Hepatocellular carcinoma, NOS","selected"
"ebd7bdc4-c7c0-46c4-835b-8afc2a6c2615","65d83cea-ef9b-4148-88c5-c09192289e83.rna_seq.augmented_star_gene_counts.tsv",4228501,"a81549077d50e7ad3cfc5a24e1bf3145","RNAseq","STAR - Counts","8e5ce60b-2eda-482d-b109-210df1321aff","TCGA-DD-A4NV","118f2987-8ab8-4e16-8010-94971faa29a0","TCGA-DD-A4NV-01A","Primary Tumor","Hepatocellular carcinoma, NOS","selected"
"071a3c5b-9378-4cc0-ae6a-b772630822d0","f45c520f-016e-4c29-8d84-2e985763ed0a.rna_seq.augmented_star_gene_counts.tsv",4205878,"46d33e1e8202a48a2da707a1cb296188","RNAseq","STAR - Counts","b6c0266a-cf34-464a-808d-1d3c28dc90f2","TCGA-DD-A73A","51a910ec-5097-4f8e-b520-b574e23f33df","TCGA-DD-A73A-01A","Primary Tumor","Hepatocellular carcinoma, NOS","selected"
"e5d09324-3744-41d8-9339-ede59d27086d","ac057bd8-d7b3-49db-822d-6f07768f842c.rna_seq.augmented_star_gene_counts.tsv",4217087,"65e76cd0bab368c6f3e59385f7d0cfbd","RNAseq","STAR - Counts","5449c232-56f1-4e03-9421-aba3ae180107","TCGA-DD-A73B","7a4f8926-1472-4a9b-b0f6-e28bd7ceb6e8","TCGA-DD-A73B-01A","Primary Tumor","Hepatocellular carcinoma, NOS","selected"
"206524fb-7569-4503-a482-f41e9137d856","f478905e-87fd-42af-b39b-f2358f83dfed.rna_seq.augmented_star_gene_counts.tsv",4216223,"13190483177f8fbdb370afa7a5c52da6","RNAseq","STAR - Counts","79f9331c-9e00-4277-a9d1-7c848e132134","TCGA-DD-A73C","2473ff5a-9cd4-4695-b5f3-36a30e2a04a1","TCGA-DD-A73C-01A","Primary Tumor","Hepatocellular carcinoma, NOS","selected"
"37af3733-6068-4867-a545-39eef514dc12","65bd5f28-4822-454d-9f6d-ce9b06ca9261.rna_seq.augmented_star_gene_counts.tsv",4206940,"04836c62766eaf5c232fb5e6524f54d4","RNAseq","STAR - Counts","24170a77-94e0-4002-9d3e-a46c84e84fca","TCGA-DD-A73D","294d514d-43dd-4fda-852a-792a8999493a","TCGA-DD-A73D-01A","Primary Tumor","Hepatocellular carcinoma, NOS","selected"
"03e3e614-324f-4471-89fc-6b134605f364","07ba0ffd-9a39-498d-b289-a8896d1c3caf.rna_seq.augmented_star_gene_counts.tsv",4216040,"0f50d69e555bd3de7cad8187e321cbd9","RNAseq","STAR - Counts","e0863874-f7b8-49b6-a88b-5ae5f1ec2b15","TCGA-DD-A73E","d4fcbd8f-0b83-4b9d-ac2c-ce8c47412cc3","TCGA-DD-A73E-01A","Primary Tumor","Hepatocellular carcinoma, NOS","selected"
"c54bfdec-b24e-48b9-8fb0-c2d4e083d939","0dac8c60-2d8f-46cd-b970-d0cd524374c7.rna_seq.augmented_star_gene_counts.tsv",4217843,"0a86d1cf6a12ff33106a311a5e0f3d72","RNAseq","STAR - Counts","870c86e7-d6e1-4f9d-bb0b-bd1c66d6bcde","TCGA-DD-A73F","a15cf382-8456-4096-96a6-f211dea6ba78","TCGA-DD-A73F-01A","Primary Tumor","Hepatocellular carcinoma, NOS","selected"
"e9320bf6-7e13-4cdb-bde3-a64c581622d4","a21df824-3f31-4f4d-aed6-34cf0fe6c01f.rna_seq.augmented_star_gene_counts.tsv",4205097,"dcc839daa5a6294c881055642bd643ee","RNAseq","STAR - Counts","4774367c-5d8f-4b23-934a-e6d33a89dca8","TCGA-DD-A73G","985f2e16-e330-4896-b5e7-971fb8be57ed","TCGA-DD-A73G-01A","Primary Tumor","Hepatocellular carcinoma, NOS","selected"
"541260c2-5f9f-459d-9a49-df55b62fba90","ee667570-d3c6-4906-980d-5ff7a66f521d.rna_seq.augmented_star_gene_counts.tsv",4217029,"c59bfe698757db5b3eaa4e710a2d5e34","RNAseq","STAR - Counts","496beef9-80d9-4734-a23d-334ae1b6aaab","TCGA-DD-AAC8","3e29928b-b802-4eb8-bfcc-a88e3edf1806","TCGA-DD-AAC8-01A","Primary Tumor","Hepatocellular carcinoma, NOS","selected"
"2675b7a5-87fb-481c-a09f-00116663a0a3","ce954e33-e1ab-4def-b5ef-82c58a6f0806.rna_seq.augmented_star_gene_counts.tsv",4200026,"e5884f3cc5fe46a2f419e2ac437d40e3","RNAseq","STAR - Counts","ac6a1e0c-dba0-4b21-b12b-a501ed796bec","TCGA-DD-AAC9","d657ebda-3f44-4dee-8963-88dd5c4f5002","TCGA-DD-AAC9-01A","Primary Tumor","Hepatocellular carcinoma, NOS","selected"
"c7a64911-e1b0-4615-9521-98d4cd4a9882","70b45a47-52ad-40a1-97db-ef145353922e.rna_seq.augmented_star_gene_counts.tsv",4224353,"ba04483401adeb6832829bc9cfa4fdd4","RNAseq","STAR - Counts","d6486001-240a-455a-980c-e06c25c61fa5","TCGA-DD-AACA","df383057-c8c2-4691-b040-609377773e2a","TCGA-DD-AACA-01A","Primary Tumor","Hepatocellular carcinoma, NOS","selected"
"5a9a239f-82d6-4875-970e-bc57558691b4","1d974cac-fb5e-4737-a6b0-d22d398fea59.rna_seq.augmented_star_gene_counts.tsv",4204907,"2a7c492dd1e47e14e8d05f235d831ab0","RNAseq","STAR - Counts","6d2e8bc2-ca86-41c1-ae49-289e20fce758","TCGA-DD-AACB","b6104862-f135-46a7-86a4-1e12b96386e6","TCGA-DD-AACB-01A","Primary Tumor","Hepatocellular carcinoma, NOS","selected"
"8c410ea8-1847-4c05-9f5c-33771f62c498","6f2c61ef-9038-4d9c-a11e-0ad8e1938026.rna_seq.augmented_star_gene_counts.tsv",4199807,"1cda70c5deae35f338018bd453f2aad5","RNAseq","STAR - Counts","41fb30aa-63b4-4cc6-a275-b77048612fa0","TCGA-DD-AACD","3c6d6d34-3bed-49ef-8737-5c96a6e79e16","TCGA-DD-AACD-01A","Primary Tumor","Hepatocellular carcinoma, NOS","selected"
"f5f24dbe-e9a3-4a88-8286-dfeb8bc10d87","2047f29d-1d05-4124-b53c-0eba9c81871c.rna_seq.augmented_star_gene_counts.tsv",4199770,"ccfb6b9fb9de07c1de00aff2ae03baf6","RNAseq","STAR - Counts","abbcf6bd-4683-45ac-947a-51ae6ef0a244","TCGA-DD-AACE","ffaf08d5-9193-45f3-91b3-b32a78dd6724","TCGA-DD-AACE-01A","Primary Tumor","Hepatocellular carcinoma, NOS","selected"
"263e5d51-be7b-453e-9e83-e8f72fe8e103","26fcd293-38d7-47b5-9a9f-2f366cc3389d.rna_seq.augmented_star_gene_counts.tsv",4211128,"5429375c2341e4df1c44f3f0e4518b13","RNAseq","STAR - Counts","635aad0b-9c47-4564-821f-c00ddb280d53","TCGA-DD-AACF","0a4ceca6-6ac5-416e-bdb9-4ef957f5f9ee","TCGA-DD-AACF-01A","Primary Tumor","Hepatocellular carcinoma, NOS","selected"
"c5a36c36-b9eb-4d09-94bd-9b7b6b0b992e","d6cf34c3-a7ad-4dfd-92ee-b2b689515471.rna_seq.augmented_star_gene_counts.tsv",4203091,"57f7dd85b3636cf511a69f215c99b925","RNAseq","STAR - Counts","b5bef77a-f46c-406c-9aa8-55f7a61aa885","TCGA-DD-AACG","503cf010-40b3-41b0-b4e9-5ca06b5afb95","TCGA-DD-AACG-01A","Primary Tumor","Hepatocellular carcinoma, NOS","selected"
"3caa8628-d3d6-40d0-bfd1-0de2b2e9ed61","a1e4d6cb-c195-4ed4-8f75-083c257333a4.rna_seq.augmented_star_gene_counts.tsv",4236132,"c40a1e13d45b8904cd5d531a83b5cedf","RNAseq","STAR - Counts","219b067c-522f-4971-b0d0-86f9971d369d","TCGA-DD-AACH","31dfd0a9-31c4-4665-adad-3cbe49c1c5eb","TCGA-DD-AACH-01A","Primary Tumor","Hepatocellular carcinoma, NOS","selected"
"b2646119-db5e-4591-827d-ad38195b822e","3664c072-bf3f-42ac-9927-89b15993c72e.rna_seq.augmented_star_gene_counts.tsv",4193354,"ac3427db98ed2da0f52f8dada881b1d1","RNAseq","STAR - Counts","e6fa354e-ada7-41e0-8c8b-38520a5e6601","TCGA-DD-AACI","3df80a55-0381-48a9-acb0-58bcf702e209","TCGA-DD-AACI-01A","Primary Tumor","Hepatocellular carcinoma, NOS","selected"
"d7e635d5-7330-491c-986c-f2737ec5d7bd","9953447a-4d33-4a53-8395-4ac0fa67ed42.rna_seq.augmented_star_gene_counts.tsv",4216473,"8bb79e974bf135135ec932767dddc33a","RNAseq","STAR - Counts","93afbfa1-4d03-4105-8dda-b095f0ab308a","TCGA-DD-AACJ","24b87b32-13c6-4f3c-8dd1-775b15f5654b","TCGA-DD-AACJ-01A","Primary Tumor","Hepatocellular carcinoma, NOS","selected"
"2d17c5ed-0229-4dc4-a876-67c8a2f7745a","cdb21b35-6884-40a4-b66d-2275eb5ca0a1.rna_seq.augmented_star_gene_counts.tsv",4243208,"cdb7692392705fa8758286d54b1234cf","RNAseq","STAR - Counts","d7cd045a-0be2-4b6d-aefd-5d75e57bc6f6","TCGA-DD-AACK","9d81f1db-2a62-4ac1-b7d3-2f7b18f0ec1e","TCGA-DD-AACK-01A","Primary Tumor","Hepatocellular carcinoma, NOS","selected"
"ac75e490-0291-4133-92aa-ac4d330f58cf","82ea8208-db0e-4f7c-ac6b-1b7b48e6d671.rna_seq.augmented_star_gene_counts.tsv",4206119,"04f500ef8b6f78c1ec6cfa5b645d4678","RNAseq","STAR - Counts","3da3cfec-5464-4dd8-9757-a0cdfe3536f8","TCGA-DD-AACL","bfa0e9b2-6a36-4865-9455-0a942dc9ca44","TCGA-DD-AACL-01A","Primary Tumor","Hepatocellular carcinoma, NOS","selected"
"f154e063-d06b-43a9-9447-0aa933b420ba","39546419-4ab2-4d0f-b620-eb18c4583853.rna_seq.augmented_star_gene_counts.tsv",4221930,"b2b5e0937523c7ecdb4079d4cc888257","RNAseq","STAR - Counts","0afd4283-7311-4d69-a2f5-779628da45fc","TCGA-DD-AACN","a118a851-65b2-4604-8b33-b731410cc205","TCGA-DD-AACN-01A","Primary Tumor","Hepatocellular carcinoma, NOS","selected"
"970ec9cb-0e84-44b7-adf0-006f5957793a","2f38ebf5-ca42-498c-ae0a-b775db4d7bfa.rna_seq.augmented_star_gene_counts.tsv",4194614,"1873f1c872ce747ee526287fa7b2e05c","RNAseq","STAR - Counts","34413807-07be-4204-b095-5e1dd1ed87dc","TCGA-DD-AACO","c71f310e-5777-4e78-aafa-64a5510b45c1","TCGA-DD-AACO-01A","Primary Tumor","Hepatocellular carcinoma, NOS","selected"
"48d0a941-117d-472c-8a5e-533aeb9f03f2","76ac10f3-0299-4c25-b241-812f90a7d1d6.rna_seq.augmented_star_gene_counts.tsv",4216235,"162ea9a06c2b4dd06fe8ff4321721d7c","RNAseq","STAR - Counts","7ad77384-0946-4fb5-9b10-bdc8a5fc8d87","TCGA-DD-AACP","2fb00cd2-6470-42f1-83bb-2c89e170fbd9","TCGA-DD-AACP-01A","Primary Tumor","Hepatocellular carcinoma, NOS","selected"
"654d7741-6628-43d7-bfbf-238e8aa87be0","56ceda32-7646-463b-a014-aba6a9987b3c.rna_seq.augmented_star_gene_counts.tsv",4217898,"4e3020f9a7f3e97a874beb61305f1788","RNAseq","STAR - Counts","0f34d654-8984-4b8b-b345-67066d611513","TCGA-DD-AACQ","9f0fa2f5-a595-4ba1-a42f-e2079c71c750","TCGA-DD-AACQ-01A","Primary Tumor","Hepatocellular carcinoma, NOS","selected"
"c144fb4d-180e-4736-bbe9-3f7bfe02e188","45209842-481c-487b-bc91-f3f2d0b8564d.rna_seq.augmented_star_gene_counts.tsv",4206822,"0c3f5d67af6bb0f840443fcd7286f811","RNAseq","STAR - Counts","82d6268a-de59-4a14-abd2-7492178fa5bd","TCGA-DD-AACS","87bac135-bc68-4ced-bc5f-f36699c593c9","TCGA-DD-AACS-01A","Primary Tumor","Hepatocellular carcinoma, NOS","selected"
"3700df53-8d95-4c95-9fea-64ea67e106b7","18b4b563-e011-4e0d-a8e3-838af24f6c3a.rna_seq.augmented_star_gene_counts.tsv",4195414,"ca4a77702efd8ded39e760e304db0b0d","RNAseq","STAR - Counts","3ea084c5-3783-4fde-b341-5914d2edb977","TCGA-DD-AACT","d1cdc76a-e306-44a0-b509-8ddef84ddfdf","TCGA-DD-AACT-01A","Primary Tumor","Hepatocellular carcinoma, NOS","selected"
"6499e9dc-8755-47c0-845d-c570da6f908e","8acd0b6c-f45d-432c-a78c-51690c3bc5fd.rna_seq.augmented_star_gene_counts.tsv",4220117,"1a65c45c138c98894672e01b2087994e","RNAseq","STAR - Counts","88b6181c-1086-42df-8bb9-1069ec2dc675","TCGA-DD-AACU","c43a96b1-db0b-481c-8d94-46155dc7cdda","TCGA-DD-AACU-01A","Primary Tumor","Hepatocellular carcinoma, NOS","selected"
"d4aaf7f0-4944-46c7-a755-38976d004915","7e0e5876-f19b-4c72-b06f-bb6d6bc01d67.rna_seq.augmented_star_gene_counts.tsv",4209172,"cbc6b201159c16a04456e88b5e18b4b1","RNAseq","STAR - Counts","8e79ea29-787e-4a33-8465-9891776f47ed","TCGA-DD-AACV","e37b6eaa-e3e8-4268-ae61-7a571488f519","TCGA-DD-AACV-01A","Primary Tumor","Hepatocellular carcinoma, NOS","selected"
"606f2957-6536-46ae-9f62-d8dd7e2856d9","303bf92c-c5f7-47b7-8f75-753d7322bee7.rna_seq.augmented_star_gene_counts.tsv",4212914,"222a06531d4a212b67149788cf44d1fd","RNAseq","STAR - Counts","67a00f5f-c753-48f9-bc24-8287f50ec776","TCGA-DD-AACW","32c40946-b067-48a5-8a7c-cd1923bd6d60","TCGA-DD-AACW-01A","Primary Tumor","Hepatocellular carcinoma, NOS","selected"
"951d3bd1-e7d7-46f0-a08a-e6214d2f5910","a1eaf5b1-6c7f-47bf-8a51-6bc24129aa7f.rna_seq.augmented_star_gene_counts.tsv",4212225,"707f5e4dfc2cb7d8702bbb5ef4444a42","RNAseq","STAR - Counts","431a72e1-ea03-4e40-89c4-2f02d454c897","TCGA-DD-AACX","373ca39a-ac3e-4129-95ae-18eed3237cac","TCGA-DD-AACX-01A","Primary Tumor","Hepatocellular carcinoma, NOS","selected"
"fd08f2ae-5b8a-45cf-a635-6101abb1e287","47fc6e7f-fc2b-496d-b8d9-49a4b4cbc92d.rna_seq.augmented_star_gene_counts.tsv",4206663,"ccf3833d216f55dfc82e843e9aae9b8e","RNAseq","STAR - Counts","d884561b-5828-4c47-acd7-3f02e181b596","TCGA-DD-AACY","d99a9d3c-de04-454e-8aa8-2624fd07f2c3","TCGA-DD-AACY-01A","Primary Tumor","Hepatocellular carcinoma, NOS","selected"
"a68f63db-0ddc-4dea-87a9-a56eabaefb65","5b12ed1e-a3a3-48fc-bcb1-6527bc7e7af8.rna_seq.augmented_star_gene_counts.tsv",4221439,"770c0cc586468b731de048d29766a8c8","RNAseq","STAR - Counts","cce2bb32-84cb-4991-9628-1ea408a9b11a","TCGA-DD-AACZ","b67f0f40-26ed-4fa0-b9b4-94686c48c593","TCGA-DD-AACZ-01A","Primary Tumor","Hepatocellular carcinoma, NOS","selected"
"8ca35f8b-9a11-4f07-933d-91d5feb0a069","f9963ac2-b1c9-4a24-b077-be1a4007d20d.rna_seq.augmented_star_gene_counts.tsv",4209983,"e8f81832902265caf4c9104d3abb87a2","RNAseq","STAR - Counts","09790a9b-cc2f-4d7e-a971-8fb4ecd9f791","TCGA-DD-AAD0","387f3824-23a9-4acb-b330-ea2573f8dc0d","TCGA-DD-AAD0-01A","Primary Tumor","Hepatocellular carcinoma, NOS","selected"
"4c09e3cb-39e1-4712-aba1-3cf8cdeade1b","c6947e47-2ada-4c8d-830c-e6dbcb66769a.rna_seq.augmented_star_gene_counts.tsv",4224643,"856c2093192ea540727738996c51c506","RNAseq","STAR - Counts","1f482810-433a-4d46-b81b-f7909fff8c09","TCGA-DD-AAD1","a727f2ad-4d22-4d42-a8ce-37e5cfaf75c8","TCGA-DD-AAD1-01A","Primary Tumor","Hepatocellular carcinoma, NOS","selected"
"c8c77aec-ba87-48bc-a56f-6e1ad2afe332","9a31bdaa-e08a-46ca-be6c-9856f876474a.rna_seq.augmented_star_gene_counts.tsv",4207514,"f156d797d927bb947540e1bbe491eec6","RNAseq","STAR - Counts","03f5de7d-45a9-4a73-8c61-ed816d4a3ac5","TCGA-DD-AAD2","51cd88e1-b32b-41b4-b971-eef962f15720","TCGA-DD-AAD2-01A","Primary Tumor","Hepatocellular carcinoma, NOS","selected"
"30bec809-3ad4-4a01-a7e4-7846643d1a06","bc96f6df-c22f-459a-a712-be9df674b3f0.rna_seq.augmented_star_gene_counts.tsv",4214281,"d631ba25f490c34eb1a7421e32c049e0","RNAseq","STAR - Counts","0d13229a-304a-48a6-a761-12e68e94a4b4","TCGA-DD-AAD3","bfc24617-ab7b-494e-b404-ab0c1934b5b3","TCGA-DD-AAD3-01A","Primary Tumor","Hepatocellular carcinoma, NOS","selected"
"866b6563-f889-4dfe-8965-092c7b925af8","302fb528-5824-4e20-8cc3-1001aac9bd4b.rna_seq.augmented_star_gene_counts.tsv",4228738,"616f1a5d8f4d9b49d064b48d37b1e413","RNAseq","STAR - Counts","6312d5b5-68ad-4d4f-a0a9-03d895ae30f9","TCGA-DD-AAD5","3a5f387a-a6c4-479f-a172-ee734fbbb365","TCGA-DD-AAD5-01A","Primary Tumor","Hepatocellular carcinoma, NOS","selected"
"afd5435d-07a2-4c95-b2b6-4a02c2a79d9c","d93bb6e9-c535-4deb-9207-18a728f80c31.rna_seq.augmented_star_gene_counts.tsv",4190276,"5a54eb1c1b005c0a232d675084365557","RNAseq","STAR - Counts","418e79d1-51c7-4cef-a1b6-e291fb13c2a5","TCGA-DD-AAD6","873e2132-94ee-426a-9f9a-6488373ab2ad","TCGA-DD-AAD6-01A","Primary Tumor","Hepatocellular carcinoma, NOS","selected"
"513f448a-7c38-46d0-9f61-fec9416334cd","192fbc82-959c-469b-ba83-0dd7af188265.rna_seq.augmented_star_gene_counts.tsv",4209633,"5a6794130ac6009bd7827ef7d336566a","RNAseq","STAR - Counts","24b66729-242b-4771-819d-77c9a1fcbb10","TCGA-DD-AAD8","a4847550-1a54-489f-a533-79b159cdb8cd","TCGA-DD-AAD8-01A","Primary Tumor","Hepatocellular carcinoma, NOS","selected"
"67993fc6-feaf-4468-927c-0daf9ca72aed","b89c4049-eeac-4f22-a9b6-18ffd9f07132.rna_seq.augmented_star_gene_counts.tsv",4207467,"6ca7330f2637f1f43a9718c6833382cf","RNAseq","STAR - Counts","e50edba1-8ec4-47e7-a01e-9f1b2cd75fd7","TCGA-DD-AADA","3065d32f-2852-4478-a6e7-c8129a2acf0b","TCGA-DD-AADA-01A","Primary Tumor","Hepatocellular carcinoma, NOS","selected"
"1d046beb-d3fc-474b-aedd-04249e061e71","e175cacf-8bb9-42a4-a68d-fef90e587e5b.rna_seq.augmented_star_gene_counts.tsv",4222936,"add3c22794c8ad94482525c2bd67307d","RNAseq","STAR - Counts","5eaaf7ae-36af-4fb4-8940-e0861983ceb0","TCGA-DD-AADB","d7116164-d537-4b2d-b699-ec091c094363","TCGA-DD-AADB-01A","Primary Tumor","Hepatocellular carcinoma, NOS","selected"
"b1d5a388-ec54-4ffb-9f5a-105faeff104f","ae8b889d-e87c-4d8b-bb7f-edeb24ea9da1.rna_seq.augmented_star_gene_counts.tsv",4216185,"5b4bfeee782d9073030251645e74ec28","RNAseq","STAR - Counts","4100fd8b-cf37-4e63-a73d-95c9c392d606","TCGA-DD-AADC","874df34f-4b31-4201-8537-6572ca07a130","TCGA-DD-AADC-01A","Primary Tumor","Hepatocellular carcinoma, NOS","selected"
"ed8eb2e9-ef8f-4b72-9c01-3504a578b500","5929f6bf-85f8-4b79-ae2d-c5cddf2a9ed1.rna_seq.augmented_star_gene_counts.tsv",4216363,"b5a5e9953d2efbf80b575b8e636bd434","RNAseq","STAR - Counts","b44f664c-444c-4c64-a407-52fd9b55f178","TCGA-DD-AADD","e5819156-d6d0-4295-9787-65ab37c3d900","TCGA-DD-AADD-01A","Primary Tumor","Hepatocellular carcinoma, NOS","selected"
"4075cc2e-ed70-4b2e-9520-542d18f4b797","1068220f-b2b3-4bd9-b120-83ca7697d2f5.rna_seq.augmented_star_gene_counts.tsv",4203489,"b3cbbbedd7761dd94417e67d67a071e6","RNAseq","STAR - Counts","70bb26b8-b38b-4e79-90e7-033a38405b00","TCGA-DD-AADF","f38012cb-8922-4401-b2c1-05cc36c3c79f","TCGA-DD-AADF-01A","Primary Tumor","Hepatocellular carcinoma, NOS","selected"
"bc3b8a18-5d9b-4e2d-ab82-05fb36991a2e","3bfa7140-ed14-41bf-aa12-5eac3535885a.rna_seq.augmented_star_gene_counts.tsv",4214363,"0257425087cf0b8d698bfc800f44e8ab","RNAseq","STAR - Counts","89d1261c-6d93-4298-a2af-b5ff52be0cb6","TCGA-DD-AADG","1acafc42-0ee1-405c-af15-c71581ff6d69","TCGA-DD-AADG-01A","Primary Tumor","Hepatocellular carcinoma, NOS","selected"
"5a0d958d-f9c1-41ef-93cc-bfffb8df1f1b","5935a99a-35f6-49b8-a1b1-401f17c8ec0e.rna_seq.augmented_star_gene_counts.tsv",4212136,"a8331293cf936ddbe484fe28e657f8b7","RNAseq","STAR - Counts","97472e71-66eb-434b-81b0-d727765f44cb","TCGA-DD-AADI","49b874c4-a313-4678-ab43-3e4fa8bf97b7","TCGA-DD-AADI-01A","Primary Tumor","Hepatocellular carcinoma, NOS","selected"
"8d5d54ce-a265-4de5-86c7-73c38ecb2ff7","57911cee-e2cf-4039-995b-aeb54883b4ba.rna_seq.augmented_star_gene_counts.tsv",4195971,"0c67c5c7497307f2acc5da64e372708a","RNAseq","STAR - Counts","1d880aea-9efe-4a43-8a6a-6a81801da9e0","TCGA-DD-AADJ","5733ea09-3aae-4aea-9828-00104bea3be1","TCGA-DD-AADJ-01A","Primary Tumor","Hepatocellular carcinoma, NOS","selected"
"cc46ac99-00d9-43e3-813c-ffc2f611ea32","15c9c88d-1489-48e5-857a-6feb6dbe29b4.rna_seq.augmented_star_gene_counts.tsv",4229181,"6c7abfc6e1a730e7b6d454e964960cb3","RNAseq","STAR - Counts","40f30ffb-51de-4786-a88f-16c170aac207","TCGA-DD-AADK","c7352d50-28d0-4284-a54a-df0f9629efdc","TCGA-DD-AADK-01A","Primary Tumor","Hepatocellular carcinoma, NOS","selected"
"39ceaa8f-92b2-43a5-b149-a3da8971cf57","ad4c870b-968c-4cd7-8270-cf2cd0ef94ee.rna_seq.augmented_star_gene_counts.tsv",4226589,"69fc2952010915a7d41cdc9c91c5aa46","RNAseq","STAR - Counts","a7f7e313-4636-4c54-b2b7-f5928a8368e4","TCGA-DD-AADL","3299e2bc-db36-4b1d-ad37-f0e10cf11338","TCGA-DD-AADL-01A","Primary Tumor","Hepatocellular carcinoma, NOS","selected"
"8a284492-4c97-40cc-974c-0f1941ff0fe9","8eb51333-09bf-4477-9725-355d65c72753.rna_seq.augmented_star_gene_counts.tsv",4205654,"87544977f89acc078151c6f9912879ab","RNAseq","STAR - Counts","62c02da8-e4b4-4294-9923-8992d187fc7b","TCGA-DD-AADM","96ff95cf-c5d9-4a58-b252-74859c1a8103","TCGA-DD-AADM-01A","Primary Tumor","Hepatocellular carcinoma, NOS","selected"
"18ec5ded-6efc-4514-bbbe-c6df897b3e08","65518e95-98ee-4567-a9cb-e2ef4e9ad5ff.rna_seq.augmented_star_gene_counts.tsv",4187548,"eebbedba1b16fed1902d9d4a7f2caaad","RNAseq","STAR - Counts","32e39c1d-b8e8-4efe-b451-8efb112d3518","TCGA-DD-AADN","cb0f3b50-8342-4d9f-9810-98eba5ae6a8f","TCGA-DD-AADN-01A","Primary Tumor","Hepatocellular carcinoma, NOS","selected"
"86170815-fb54-494b-95e7-4657946f2d17","81d97d2b-4f2a-4f50-b37b-7ca91a1d19e9.rna_seq.augmented_star_gene_counts.tsv",4203210,"7f0053e7871c0b50d304bfff3f372085","RNAseq","STAR - Counts","9f056388-7529-4fd1-af11-c82cc350f51c","TCGA-DD-AADO","dff1bb71-01ee-480e-83c9-98abafe60d2e","TCGA-DD-AADO-01A","Primary Tumor","Hepatocellular carcinoma, NOS","selected"
"365068be-2415-462b-b3a4-418e4191274c","24b00ac1-73b7-4ac7-9628-4cd367af7c45.rna_seq.augmented_star_gene_counts.tsv",4213783,"1abe27ad4dc7caec52ee2391139b3b8a","RNAseq","STAR - Counts","96d42ecc-1157-453a-9661-9248ddf8f273","TCGA-DD-AADP","de29419c-e3db-4c0a-b2bc-1d73154e1e32","TCGA-DD-AADP-01A","Primary Tumor","Hepatocellular carcinoma, NOS","selected"
"c76da465-d5aa-4593-bd2e-ab983638ce7f","98062285-0c29-46a3-b955-2df64d7692ee.rna_seq.augmented_star_gene_counts.tsv",4202643,"59ec3b5841f2780deec5dfd129117f73","RNAseq","STAR - Counts","485d283a-552c-485a-84fb-3abdb98dc797","TCGA-DD-AADQ","b2060a24-43d9-48f2-8a45-1db926042938","TCGA-DD-AADQ-01A","Primary Tumor","Hepatocellular carcinoma, NOS","selected"
"d6919e3b-f539-4786-90f6-b93cd0da99b2","39ea2fe7-54bb-4147-85fa-b022a034d063.rna_seq.augmented_star_gene_counts.tsv",4205348,"f4aa3310d8c04695bbf8bdeb570977d6","RNAseq","STAR - Counts","899d8ea5-49dc-4970-8848-ea6ea088a272","TCGA-DD-AADR","44b29302-be2e-4e06-864a-44df6155250b","TCGA-DD-AADR-01A","Primary Tumor","Hepatocellular carcinoma, NOS","selected"
"003ad4b1-dc1b-49bc-8ce2-d6dbd1250fee","7a61270d-2a79-4a57-bdb5-217d5db07b79.rna_seq.augmented_star_gene_counts.tsv",4190010,"3b544a4094c23cd318020a650ee4bc48","RNAseq","STAR - Counts","460a3cbd-c63c-4e6f-b670-2619687ac5a0","TCGA-DD-AADS","31a1acbe-df1c-42b1-817a-da0e805c7fb3","TCGA-DD-AADS-01A","Primary Tumor","Hepatocellular carcinoma, NOS","selected"
"79a6beab-c0ad-41b1-b264-e8869e284b26","7f812fa1-53dc-4ebe-97b3-9b633af148ce.rna_seq.augmented_star_gene_counts.tsv",4200140,"a55d30c41f4d545d4c6796156e0b31fc","RNAseq","STAR - Counts","cf358fb8-866c-4780-a550-d6c1c30b8c63","TCGA-DD-AADU","8566dfb0-570b-4540-b4cd-eaec48cc27fd","TCGA-DD-AADU-01A","Primary Tumor","Hepatocellular carcinoma, NOS","selected"
"d425acd5-869a-4c71-ba4a-4871f07d8b24","26ef8329-84d1-4510-93a7-82c42895e1a3.rna_seq.augmented_star_gene_counts.tsv",4235276,"de63a2e85769b9383b4bcf65d946596f","RNAseq","STAR - Counts","4c78b999-4797-4e19-8bc5-9ffd01cf768a","TCGA-DD-AADV","bbe36805-117d-4923-92de-64b83dd318f0","TCGA-DD-AADV-01A","Primary Tumor","Hepatocellular carcinoma, NOS; Adenocarcinoma, NOS","selected"
"61f028d1-e7ba-423d-b610-9cd1229d110e","4378234d-05a9-4d4f-97fc-916698728a4f.rna_seq.augmented_star_gene_counts.tsv",4238568,"c620e7e6cc404740384300fcc3cdbc11","RNAseq","STAR - Counts","1bcf1762-7926-45f6-a367-d45fc3af7bc3","TCGA-DD-AADW","db312a8d-28b5-4828-9731-5a175eb2c517","TCGA-DD-AADW-01A","Primary Tumor","Hepatocellular carcinoma, NOS","selected"
"f7297699-af69-426e-9087-c3112a92d85c","cc32ff5b-0c18-41b9-b1ca-e8d1eb3d7b84.rna_seq.augmented_star_gene_counts.tsv",4200963,"7a8c404c798deeaee38d92be4dbeb850","RNAseq","STAR - Counts","e42e4244-dce8-453a-b5e0-7593a9b5af61","TCGA-DD-AADY","a6a4b393-f67d-4b53-a5d0-3407fa71b9f1","TCGA-DD-AADY-01A","Primary Tumor","Hepatocellular carcinoma, NOS","selected"
"4a217865-bbc4-4d8d-ba04-cb53bcd6d208","a7fe211e-d6ca-48d3-80dc-06848c934aa7.rna_seq.augmented_star_gene_counts.tsv",4200881,"ceaace32e2b401bf02156c885086f622","RNAseq","STAR - Counts","5e4136e4-ddd8-4faf-8a8e-5f836fd97f49","TCGA-DD-AAE0","29ef7722-025a-458b-aa60-1ca9c3e70ada","TCGA-DD-AAE0-01A","Primary Tumor","Hepatocellular carcinoma, NOS","selected"
"2958c735-c75b-4cc0-a968-ffad46dc352b","d530e057-63d5-455a-9b98-620f6dcd9f89.rna_seq.augmented_star_gene_counts.tsv",4200944,"114435d33472a5948792cf42213ff43c","RNAseq","STAR - Counts","3bbff405-dae4-4dc9-985a-33e7ac9cb2dd","TCGA-DD-AAE1","d949102d-e461-4c1f-b168-d41027d9a1fc","TCGA-DD-AAE1-01A","Primary Tumor","Hepatocellular carcinoma, NOS","selected"
"9e4fda92-023e-4405-b5ed-6d57fa2b5b8a","a536b1b0-d13a-4e5d-897f-9b8ba38597f9.rna_seq.augmented_star_gene_counts.tsv",4224248,"53e7363ad2d698accddc5b82093825ff","RNAseq","STAR - Counts","56447eb8-c50c-4e31-a29e-bde6bfd31af4","TCGA-DD-AAE2","6fdfd765-bbf7-4094-b5f9-3332e9514873","TCGA-DD-AAE2-01A","Primary Tumor","Hepatocellular carcinoma, NOS","selected"
"58e4283a-b744-4871-81ec-6d18baa1a8e5","18b024b6-f991-4414-8d9b-4cc112d8ec38.rna_seq.augmented_star_gene_counts.tsv",4197233,"dcd9369127c887647d7a52de33445e47","RNAseq","STAR - Counts","3c969bdf-cae8-44f5-839f-5abd4cba0ec8","TCGA-DD-AAE3","45f03983-5591-49d2-a555-43279e78cc07","TCGA-DD-AAE3-01A","Primary Tumor","Hepatocellular carcinoma, NOS","selected"
"4718e60a-dc0a-4f8c-8af1-7067dba3aac3","7b901b84-6702-408f-95bc-d5b79ba58ffa.rna_seq.augmented_star_gene_counts.tsv",4197257,"dadf8a98d6798b28d2d4bcbade2086ff","RNAseq","STAR - Counts","c797d6ad-05d4-4322-bad2-29801a986b4e","TCGA-DD-AAE4","1cf2d738-51f7-4038-b07d-e66a1995c8ca","TCGA-DD-AAE4-01A","Primary Tumor","Hepatocellular carcinoma, NOS","selected"
"2689508f-8a07-4819-b5d0-e955e176a843","2bcba179-bae2-493f-8a0e-120461c327f7.rna_seq.augmented_star_gene_counts.tsv",4207967,"fa91893a9c94d0f8e00fa439b2d69f98","RNAseq","STAR - Counts","a61f823b-9164-4bd6-92f4-0a8d8ff0f55e","TCGA-DD-AAE6","99cc40c9-d05e-4b6b-ac17-1524d2adf79b","TCGA-DD-AAE6-01A","Primary Tumor","Hepatocellular carcinoma, NOS","selected"
"4471dc96-3a94-410f-ba82-b3846aedea59","286b5e5d-29d0-4033-9f0b-2ae0cb3fa397.rna_seq.augmented_star_gene_counts.tsv",4193829,"4a7f5274b18682583d3bac705de52a40","RNAseq","STAR - Counts","427fdbf8-1603-466f-a5c6-963bb2ec3dac","TCGA-DD-AAE7","974eae11-2dfb-4f80-8aa7-338076d54204","TCGA-DD-AAE7-01A","Primary Tumor","Tubular adenocarcinoma; Hepatocellular carcinoma, NOS","selected"
"ac2c8fb2-a069-41ef-9daa-b10faf870149","4c34db2e-e3cd-46d9-85ac-4277a1f036f1.rna_seq.augmented_star_gene_counts.tsv",4196104,"3f7bec0c659b0d5bc4433aacef55119f","RNAseq","STAR - Counts","4c960eee-e4b5-499d-a596-238aa78745a4","TCGA-DD-AAE9","0a21720b-c36f-402b-b0f4-69570fce8976","TCGA-DD-AAE9-01A","Primary Tumor","Hepatocellular carcinoma, NOS","selected"
"34e4aff7-ee34-4534-8eac-285fde1f2eab","c4a1b18b-b240-4a20-b1b0-f0b77542373a.rna_seq.augmented_star_gene_counts.tsv",4196857,"0165476eb86ed128c96713d72570e98a","RNAseq","STAR - Counts","ad9657aa-34e9-48b1-ba63-916fe7bd14bb","TCGA-DD-AAEA","3bf98906-2844-4070-9deb-3a792f19281b","TCGA-DD-AAEA-01A","Primary Tumor","Hepatocellular carcinoma, NOS; Squamous cell carcinoma, NOS","selected"
"5a1259f8-620d-42be-900f-65aacb6a6b43","2de83d09-9782-42f1-9434-8df1f3bab7fd.rna_seq.augmented_star_gene_counts.tsv",4192719,"a089685437ab6d308d1befa377feb161","RNAseq","STAR - Counts","f0ece8e2-a6b0-4ed9-a613-d2fbb20e51b1","TCGA-DD-AAEB","a89b7843-1c53-4d0c-977f-9674bfa717f1","TCGA-DD-AAEB-01A","Primary Tumor","Hepatocellular carcinoma, NOS","selected"
"b2580f86-7417-4ef2-901f-0f4011119ed8","7b2357a2-e9de-43ae-9f42-11828bd27e7c.rna_seq.augmented_star_gene_counts.tsv",4203166,"b1c0fed285a8d98cd414151b5fa176d1","RNAseq","STAR - Counts","527d2bc3-7fdd-4b08-839d-67e2f246db04","TCGA-DD-AAED","4d6702b7-c774-466f-9c42-dde5c4c422d0","TCGA-DD-AAED-01A","Primary Tumor","Hepatocellular carcinoma, NOS","selected"
"21c5a84a-877e-42ac-aabf-30eb7d6259de","8b7f2fa6-a31b-41f7-9493-872d2a80814d.rna_seq.augmented_star_gene_counts.tsv",4222145,"e646388842219ddf4ee46f8f670dd094","RNAseq","STAR - Counts","3c51fee0-da54-40e9-a954-dfe30f6f075c","TCGA-DD-AAEE","2df88392-7502-4dfe-8f51-7334f363883e","TCGA-DD-AAEE-01A","Primary Tumor","Hepatocellular carcinoma, NOS","selected"
"074a7dd3-8688-4dda-9bd9-7221e32f4940","b65237ee-e280-4414-90ca-6c9815801ba6.rna_seq.augmented_star_gene_counts.tsv",4223374,"9c51a6bebbe580a1de5e8001eeda3fde","RNAseq","STAR - Counts","bd627786-31a8-46d9-b3e2-7f489d50f608","TCGA-DD-AAEG","e8159d19-97f4-4690-b60b-40080d1e83eb","TCGA-DD-AAEG-01A","Primary Tumor","Hepatocellular carcinoma, NOS; Squamous cell carcinoma, NOS","selected"
"c4e97f5b-9da4-4bb4-9ab5-9a9affec4e27","6c8ba378-3d51-46a8-ac10-41652da21459.rna_seq.augmented_star_gene_counts.tsv",4206944,"17bc350a1c745b4413f4f7e5cccbebd1","RNAseq","STAR - Counts","fbb0e4bc-5398-4a7e-963c-86ea1108a2de","TCGA-DD-AAEH","4f20bdec-deac-4529-8e2f-823cfa8341e2","TCGA-DD-AAEH-01A","Primary Tumor","Hepatocellular carcinoma, NOS","selected"
"caa31405-d6b1-467e-849a-b5c97f674e6a","22b6bbde-8db5-4df5-bf7c-1a626851e3f5.rna_seq.augmented_star_gene_counts.tsv",4202965,"ad07624219d68b83bc341e07122cf7a3","RNAseq","STAR - Counts","34416be6-b6d6-4029-b899-9ba685e39590","TCGA-DD-AAEI","dcc6d13a-31e3-495a-8d63-5c897fc3c4a0","TCGA-DD-AAEI-01A","Primary Tumor","Hepatocellular carcinoma, NOS","selected"
"c41fffbd-d5be-4b28-b0f4-2aaf7cb23555","311d89d5-9845-4d61-a801-8e0990be5d24.rna_seq.augmented_star_gene_counts.tsv",4201526,"e1b38c57864a340a88b4d80c09cfbe0e","RNAseq","STAR - Counts","6ea0ef82-694d-492d-95da-a3bc8de99149","TCGA-DD-AAEK","bda59599-c551-4e99-804b-c58af26a039b","TCGA-DD-AAEK-01A","Primary Tumor","Hepatocellular carcinoma, NOS","selected"
"6226ffe4-bd87-4f0f-8b1b-c2f2baa0d59c","7c3fd6c4-1ae1-45a4-9819-b0b702baa6ac.rna_seq.augmented_star_gene_counts.tsv",4198862,"a5e08cff2d0f2d0b8a9a1b27ae9722f3","RNAseq","STAR - Counts","0004d251-3f70-4395-b175-c94c2f5b1b81","TCGA-DD-AAVP","9259e9ee-7279-4b62-8512-509cb705029c","TCGA-DD-AAVP-01A","Primary Tumor","Hepatocellular carcinoma, NOS","selected"
"1e1587e8-8938-4578-8529-0831573a9fe1","a5b5b737-3f68-49a0-ac50-2884dbb90496.rna_seq.augmented_star_gene_counts.tsv",4223279,"ba6028495a34a3141023e5c4a9390a84","RNAseq","STAR - Counts","80e7742f-abbe-4f11-b4e4-c999dc1bd459","TCGA-DD-AAVQ","9fefeef1-1d0b-4fef-a46a-6017c8f746a5","TCGA-DD-AAVQ-01A","Primary Tumor","Hepatocellular carcinoma, NOS","selected"
"5771eb80-eb56-4014-bf86-0212b686330e","63bfa71f-f558-452b-8ff5-68d5bd25cf56.rna_seq.augmented_star_gene_counts.tsv",4210641,"f0a750ebf44d64cd2a5ea5c1c049f764","RNAseq","STAR - Counts","834cff01-3c12-42fa-abbe-ae0ae168c568","TCGA-DD-AAVR","afa9379a-fb68-4153-9327-411007f223eb","TCGA-DD-AAVR-01A","Primary Tumor","Hepatocellular carcinoma, NOS","selected"
"740bc272-2179-48e2-a801-932a3e90b6fe","c6029ffa-9ef0-4ce1-84a9-aa42843826ff.rna_seq.augmented_star_gene_counts.tsv",4225572,"08a0d4602f0009a0217dfbece1f7e970","RNAseq","STAR - Counts","9fc30c21-2c78-4843-a658-fe84a64b8fad","TCGA-DD-AAVS","8a8c8e2f-36fd-4fa4-8b45-f92607f26845","TCGA-DD-AAVS-01A","Primary Tumor","Hepatocellular carcinoma, NOS","selected"
"79524c66-28e9-47c9-9934-d64fe6e0ea92","71966926-f43b-4420-ae73-ec20cfd4e832.rna_seq.augmented_star_gene_counts.tsv",4203788,"3cfb85d828f9946e9e7c23de221339e5","RNAseq","STAR - Counts","146c5332-1af5-4c49-b740-9a9edc795f24","TCGA-DD-AAVU","7b4920a8-a742-4065-bad4-14473fe429a1","TCGA-DD-AAVU-01A","Primary Tumor","Hepatocellular carcinoma, NOS","selected"
"1ce43195-215f-41ac-87d3-146e942bceae","36508e6f-d4aa-48e6-8b63-8d11d20c4098.rna_seq.augmented_star_gene_counts.tsv",4217491,"4b3796e9b4e3f17a1fc5e31679c6da3a","RNAseq","STAR - Counts","915f531b-8448-41c7-9dfb-9c83062b906e","TCGA-DD-AAVV","4e04e745-d37e-4412-9995-fae0927b6140","TCGA-DD-AAVV-01A","Primary Tumor","Hepatocellular carcinoma, NOS","selected"
"e0b785ae-608a-43a9-805e-8adfbda809a4","a54e96d5-9666-4e09-8687-7d3a26a81b33.rna_seq.augmented_star_gene_counts.tsv",4218464,"361a3a9a5c10199880995b61b5da1faa","RNAseq","STAR - Counts","11823a8a-194f-4e6b-a373-ef5a3fc7d2b9","TCGA-DD-AAVW","aaee0b65-c176-431d-a2d5-4912c8281a7c","TCGA-DD-AAVW-01A","Primary Tumor","Hepatocellular carcinoma, NOS","selected"
"c00ab5e4-51b3-4dc3-ae27-106496e90687","fc8cc23a-6b02-4a99-a6d7-5c01b85fa0d1.rna_seq.augmented_star_gene_counts.tsv",4195709,"596956377bd7f238cab5fc4e6f638275","RNAseq","STAR - Counts","afcb9708-92b3-4727-9c0d-63e7ff22d87b","TCGA-DD-AAVX","512f703d-14cb-4e9f-9356-4a6d8325caba","TCGA-DD-AAVX-01A","Primary Tumor","Hepatocellular carcinoma, NOS","selected"
"ba134c1a-820f-4507-973e-7000a815ebc0","8d6ae71d-5622-4553-b992-c0c59c703e59.rna_seq.augmented_star_gene_counts.tsv",4197264,"36296c98597cddb7e580b87a45e48c94","RNAseq","STAR - Counts","c36f9ffe-515b-4895-b82a-aadc49fe3016","TCGA-DD-AAVY","ddc48731-4b43-4122-9e19-9be1e072ac2c","TCGA-DD-AAVY-01A","Primary Tumor","Hepatocellular carcinoma, NOS","selected"
"f3ad08a9-3fa8-43a1-b7a1-82d548ad1475","af719f6c-4e97-4679-ab86-84aa810c7052.rna_seq.augmented_star_gene_counts.tsv",4213274,"b5a5dd8a6c268a8a3380717188c0bbc2","RNAseq","STAR - Counts","11f69d9f-a67d-41fa-95a9-baa194b3fcfb","TCGA-DD-AAVZ","d04de415-140d-4600-8586-4f5ff51f043e","TCGA-DD-AAVZ-01A","Primary Tumor","Hepatocellular carcinoma, NOS","selected"
"50510cac-4961-4b8c-b24b-06bfbfead355","3f6cc934-a895-4155-9257-7b09d36ac917.rna_seq.augmented_star_gene_counts.tsv",4221846,"9984e9b3e28459fde306cc0f1bf25f33","RNAseq","STAR - Counts","109436aa-a655-429b-8d3b-1a43385c9016","TCGA-DD-AAW0","c7da1402-2958-469e-9956-395c03833125","TCGA-DD-AAW0-01A","Primary Tumor","Hepatocellular carcinoma, NOS","selected"
"3b16f864-d1ea-4ecf-b28d-cbce29b9bb47","93bbdfef-3d7a-490f-9747-2fd5b01391b8.rna_seq.augmented_star_gene_counts.tsv",4214146,"b5da89e7035c7047d209655fd981b1cc","RNAseq","STAR - Counts","31c7d56b-4af7-4fdb-ba83-63bf615fcc3d","TCGA-DD-AAW1","6396d448-e089-4406-9b7b-d0710c48ed1d","TCGA-DD-AAW1-01A","Primary Tumor","Hepatocellular carcinoma, NOS","selected"
"e3657009-4f9e-4632-a458-2bf17ec93fbd","9f62f80d-72e6-41b6-aa23-91dc21b6fc5c.rna_seq.augmented_star_gene_counts.tsv",4200513,"4d6878798337d85bdfa74d6c97ce818d","RNAseq","STAR - Counts","03df105e-a005-4577-bfdb-9644758d778e","TCGA-DD-AAW2","6af93255-f2a0-43b1-b78f-2e8f53bf6764","TCGA-DD-AAW2-01A","Primary Tumor","Hepatocellular carcinoma, NOS","selected"
"678a19cb-a88c-4093-b6b5-07c63237c42b","6cae08b5-33e9-4a0c-b399-3bc723f6e10f.rna_seq.augmented_star_gene_counts.tsv",4203346,"e5312b7854919afa3f000612727623fb","RNAseq","STAR - Counts","564b4f4d-3c18-40d5-9d95-916774df600c","TCGA-DD-AAW3","95c763b1-759b-47a3-8009-de916d6d457e","TCGA-DD-AAW3-01A","Primary Tumor","Hepatocellular carcinoma, NOS","selected"
"33e6cf0b-5046-4ad4-afb2-c0efe3dbe562","6cfb8fb8-3064-467f-ad32-4c7ffb30afaa.rna_seq.augmented_star_gene_counts.tsv",4221833,"e5085d38eae37268f2e75e04247bbfcf","RNAseq","STAR - Counts","56403463-1727-4c23-a709-de5f168c4073","TCGA-ED-A459","97fa4d8b-1c05-41a6-97c4-0b27dc70eb4c","TCGA-ED-A459-01A","Primary Tumor","Hepatocellular carcinoma, NOS","selected"
"7b929596-4646-4aa4-9705-d10519ef23c0","9a0d0189-b66e-461b-b0b6-8563cffb8813.rna_seq.augmented_star_gene_counts.tsv",4219000,"cc420fe0f35ed8a196d7cc19461fb0a1","RNAseq","STAR - Counts","c52abac9-07da-4b3d-bf8a-2161cacf9682","TCGA-ED-A4XI","25eb5afd-e7a6-4f3c-82b4-a3de1f8f9be1","TCGA-ED-A4XI-01A","Primary Tumor","Hepatocellular carcinoma, NOS","selected"
"72b4e1c9-0c5b-4110-9650-0505cc5fce3a","8be7d2b4-3bf5-49a5-97fb-97bdb5c29295.rna_seq.augmented_star_gene_counts.tsv",4237440,"174a1f194f6fc22ac25f6b6e1f19d600","RNAseq","STAR - Counts","cebdafee-8ffd-4ee2-8dd1-9225e06623c2","TCGA-ED-A5KG","7e3298d1-7ee0-470d-be0f-fc638ea6c62e","TCGA-ED-A5KG-01A","Primary Tumor","Hepatocellular carcinoma, NOS; Not Reported","selected"
"ebd9a9d0-c711-42e3-a382-9ef1fb5b7184","6d45b3c6-aff6-4849-be65-6bdd64dc2002.rna_seq.augmented_star_gene_counts.tsv",4225506,"594c67608fe256a805534743194fe8f2","RNAseq","STAR - Counts","a4af0084-edd4-4dcd-8975-4a59ee5da64c","TCGA-ED-A627","975ec176-7f4a-4bf2-85ea-df821b23865c","TCGA-ED-A627-01A","Primary Tumor","Hepatocellular carcinoma, NOS","selected"
"60332171-425b-46f5-8164-e3b1fb882036","aba8d491-1d65-421a-8d13-b3d0a16dff43.rna_seq.augmented_star_gene_counts.tsv",4228633,"f8a6b873fd557d048f47e306157654bb","RNAseq","STAR - Counts","b75ca9e4-a474-4960-9343-c8e9524cd096","TCGA-ED-A66X","c46cc628-1a71-4a9a-9111-8c78f89694f8","TCGA-ED-A66X-01A","Primary Tumor","Hepatocellular carcinoma, NOS; Not Reported","selected"
"3bb50e4a-840c-45e3-a312-b6d4a4bbf297","be8ac5cf-54d6-4c73-8ab9-fc3b7f7e93e6.rna_seq.augmented_star_gene_counts.tsv",4219933,"abc0f3e142b6b6795c54cbfd7fc483ac","RNAseq","STAR - Counts","34303cdd-c31c-4b95-9965-2a5513dc322d","TCGA-ED-A66Y","bc90ead3-1a92-49c8-9d97-ef4a8751833a","TCGA-ED-A66Y-01A","Primary Tumor","Hepatocellular carcinoma, NOS","selected"
"a53b8623-b659-446a-ab87-65b6361a17cd","4e58c985-012a-4846-97f6-80dac0cae0b4.rna_seq.augmented_star_gene_counts.tsv",4224350,"8661c52741b36b3ca28b55ff99435465","RNAseq","STAR - Counts","470d52b8-3d74-4789-b714-b9869a96657b","TCGA-ED-A7PX","35600f0a-effb-40a5-a608-d60a42f3a43d","TCGA-ED-A7PX-01A","Primary Tumor","Hepatocellular carcinoma, NOS","selected"
"11e8ec14-c489-4c66-b387-fea14555a3f3","8463e3a8-18a2-42ea-8edc-3c0b78de1b40.rna_seq.augmented_star_gene_counts.tsv",4201778,"b04e884dff331461fb611122bb87bd1b","RNAseq","STAR - Counts","a396e048-5aa0-4d71-96bd-7f4fdf6934aa","TCGA-ED-A7PY","7c611dd6-6237-45f6-ae24-50bfa63d7835","TCGA-ED-A7PY-01A","Primary Tumor","Hepatocellular carcinoma, NOS","selected"
"6f5328d3-7a56-4da1-b2b3-fae1bc627626","b952371d-4fcd-4df6-8aca-af126cb09e3e.rna_seq.augmented_star_gene_counts.tsv",4221958,"40345010f4df6d89add994b34e8562ef","RNAseq","STAR - Counts","87750e70-3af7-452a-9aa5-375acd3843ea","TCGA-ED-A7PZ","6931e9f2-8dae-45cf-9fa3-dee9d629472a","TCGA-ED-A7PZ-01A","Primary Tumor","Hepatocellular carcinoma, NOS","selected"
"ff54fafe-1168-4921-af2c-2be600c9430e","87b041d0-77c6-44ac-9e45-fe16e71455a5.rna_seq.augmented_star_gene_counts.tsv",4212615,"e3887e95f04494060abeeb992633146d","RNAseq","STAR - Counts","20bb3855-66e2-46d4-b189-006b4b254c2e","TCGA-ED-A7XO","8ae44ec9-741c-484b-a784-a0cb2f02aaa0","TCGA-ED-A7XO-01A","Primary Tumor","Hepatocellular carcinoma, NOS","selected"
"9055c145-8bca-4056-b43e-7899539333f6","77005fc3-4d4e-419e-93b1-9dfe6999f587.rna_seq.augmented_star_gene_counts.tsv",4223762,"b33d0c542c3e62f6373d3ded1d1b7df9","RNAseq","STAR - Counts","cca827ca-0066-497d-83dc-477f3b08ea6d","TCGA-ED-A7XP","cbdaac78-7866-47b0-bbde-62e1b84b96d7","TCGA-ED-A7XP-01A","Primary Tumor","Hepatocellular carcinoma, NOS","selected"
"23814830-d159-432d-adbc-d834cc5eb4fd","10616d35-3bf7-4468-8b42-4eb662d5981f.rna_seq.augmented_star_gene_counts.tsv",4233819,"0a97699878516ce3857bc8bbc2e2290a","RNAseq","STAR - Counts","a96b67ba-6180-4b80-8792-877860421ca0","TCGA-ED-A82E","f05898c4-ee50-4a7b-8504-1cbb6f7b1e41","TCGA-ED-A82E-01A","Primary Tumor","Hepatocellular carcinoma, NOS","selected"
"991558d8-6ea1-4689-a3fc-ba6172b21828","103f757b-a61e-4346-87a4-b4b290dd99f3.rna_seq.augmented_star_gene_counts.tsv",4219883,"184327967c6e8adc321cd3886c89f683","RNAseq","STAR - Counts","2bea076b-c923-4a91-a37b-c6615fec021c","TCGA-ED-A8O5","384d3f50-c931-45e4-bd65-bcfed8e1c602","TCGA-ED-A8O5-01A","Primary Tumor","Hepatocellular carcinoma, NOS","selected"
"0829bb65-1cde-461c-b511-3649d97c62e7","2a3e3e31-ec7e-42e3-b219-2bc84f3888ac.rna_seq.augmented_star_gene_counts.tsv",4223556,"dc3b992251ceac3cd0e29d16c8cbe16d","RNAseq","STAR - Counts","7fb03840-5153-4dc6-a302-5a89aa4e1fb6","TCGA-ED-A8O6","7c3d43a4-d7b7-4988-8195-fbfcd14592fc","TCGA-ED-A8O6-01A","Primary Tumor","Hepatocellular carcinoma, NOS","selected"
"81d640c5-ad25-4f27-881d-83195de5116a","33e23705-397c-4651-beea-254110c365e4.rna_seq.augmented_star_gene_counts.tsv",4215835,"d79483d7ee116750e2db9974829bffe1","RNAseq","STAR - Counts","959918d7-cb84-4745-a72f-d138176b1ecb","TCGA-EP-A12J","9d2fd2fd-b53a-4dbd-ace1-278e53f629af","TCGA-EP-A12J-01A","Primary Tumor","Hepatocellular carcinoma, NOS","selected"
"5180b82d-ce78-4d0f-8624-f7678732344b","6f8d77aa-5852-4467-8ef9-b7881294b969.rna_seq.augmented_star_gene_counts.tsv",4198304,"f1c1e2c36e53ecebf21b3c5fba19dfcd","RNAseq","STAR - Counts","959918d7-cb84-4745-a72f-d138176b1ecb","TCGA-EP-A12J","1a528b30-2444-4d9f-a6d6-1c43a175cbba","TCGA-EP-A12J-11A","Solid Tissue Normal","Hepatocellular carcinoma, NOS","selected"
"95b4b176-edc6-4c7a-90a3-f3a957e7d77a","7519dae8-dfee-413d-995d-d005fdddb4b1.rna_seq.augmented_star_gene_counts.tsv",4224934,"890d69402f5bc13f4678a74c22858755","RNAseq","STAR - Counts","b7d6621c-8bce-4a01-8588-9d7761d9372b","TCGA-EP-A26S","a0b2ff38-e6bf-4f27-98ab-5cf924b0e236","TCGA-EP-A26S-01A","Primary Tumor","Hepatocellular carcinoma, NOS","selected"
"4e7b0b50-fe61-46d5-94bd-e8544f5c85d3","22fc2b56-fe94-4b09-ae7d-37d463b3995d.rna_seq.augmented_star_gene_counts.tsv",4205959,"f5e93b57ab42f8d975cdeb6295260aea","RNAseq","STAR - Counts","b7d6621c-8bce-4a01-8588-9d7761d9372b","TCGA-EP-A26S","5e0097a1-7d93-48b7-aad7-5f6c7af55596","TCGA-EP-A26S-11A","Solid Tissue Normal","Hepatocellular carcinoma, NOS","selected"
"4341af2d-dee1-4b4a-ad27-00858396c886","78767f1f-fa6f-4d1a-beb7-a2c11381958e.rna_seq.augmented_star_gene_counts.tsv",4218877,"832fad94281870b46558ba6d7a0421fd","RNAseq","STAR - Counts","440375d7-cdcd-418a-8992-0a8ca42d290d","TCGA-EP-A2KA","e6e1bf11-da29-4052-85a1-584401f0fa3d","TCGA-EP-A2KA-01A","Primary Tumor","Hepatocellular carcinoma, NOS","selected"
"5d9881ac-703a-4ac6-8d77-4e995725e4a5","c282bf87-bf6a-448b-96a0-817ac7f7fee8.rna_seq.augmented_star_gene_counts.tsv",4218743,"9cef378b3245170d0180c9c3ad410950","RNAseq","STAR - Counts","18c08546-bed3-4ed9-b223-479afe633c8e","TCGA-EP-A2KB","e2895132-da4f-4db5-b417-510e99fce776","TCGA-EP-A2KB-01A","Primary Tumor","Hepatocellular carcinoma, NOS","selected"
"d7c8e660-ab7f-4f68-9b88-5464f5670375","b2081f1a-e729-4120-8bbd-19a6cff35bd1.rna_seq.augmented_star_gene_counts.tsv",4222699,"170efb3de4360393ded87c81442cbaf9","RNAseq","STAR - Counts","71681db9-fa90-4fe1-a497-67d501eb75f0","TCGA-EP-A2KC","e3e1e85e-585f-4a19-b972-6119f1e39237","TCGA-EP-A2KC-01A","Primary Tumor","Hepatocellular carcinoma, NOS","selected"
"1f63ae9f-5b3d-4367-aba8-d6222cc05667","6916d291-a782-4469-8a66-e9454cc3752f.rna_seq.augmented_star_gene_counts.tsv",4213813,"b3ffc16d0c81c03d25622087d03940d1","RNAseq","STAR - Counts","a196a937-b17d-4d4a-965b-8af0f4f41367","TCGA-EP-A3JL","93612bcd-f1d2-44dd-8abf-7da2865878ce","TCGA-EP-A3JL-01A","Primary Tumor","Hepatocellular carcinoma, NOS; Not Reported","selected"
"2a986418-6f8a-4c4c-93a1-5e1abf69057b","5d220ed4-22c2-4ff1-b597-3822204d57e7.rna_seq.augmented_star_gene_counts.tsv",4224809,"68b185043a0f7abe9a87e012178f22f1","RNAseq","STAR - Counts","f15279dd-5d12-460b-9bd1-b4f95681ca65","TCGA-EP-A3RK","253da6ee-8786-4a20-a0dc-58816a8a9c39","TCGA-EP-A3RK-01A","Primary Tumor","Hepatocellular carcinoma, NOS","selected"
"0444bb3d-0844-4333-97b0-e71faca95abb","28e28451-9c55-4f01-9ac1-fda75a6f828d.rna_seq.augmented_star_gene_counts.tsv",4201510,"69c8089bcca59a42629ea9ccb20afbaf","RNAseq","STAR - Counts","f15279dd-5d12-460b-9bd1-b4f95681ca65","TCGA-EP-A3RK","13576f15-4fba-4ea4-b682-32271d2768b5","TCGA-EP-A3RK-11A","Solid Tissue Normal","Hepatocellular carcinoma, NOS","selected"
"8db54cb1-0635-4ce2-b51a-f5e9b29c5f4f","59cd3041-57d2-4d59-9614-34a6341aa152.rna_seq.augmented_star_gene_counts.tsv",4202018,"5727f7dd1f0d688b68d250b64105609e","RNAseq","STAR - Counts","728aedb3-551a-4c16-9be3-7733a9539e9e","TCGA-ES-A2HS","a06fe860-8d5f-4ed0-b7fc-72f74567fb7e","TCGA-ES-A2HS-01A","Primary Tumor","Hepatocellular carcinoma, NOS; Adenocarcinoma, NOS","selected"
"a9dbf9fe-fef3-4cd7-9bb2-dcc26628566f","62b64fce-b9de-4151-bf56-d2ee50153e25.rna_seq.augmented_star_gene_counts.tsv",4203004,"250df895553477a79d0fd1846f87df3b","RNAseq","STAR - Counts","7dd3bda9-3a0a-46fa-b052-a6d24b847804","TCGA-ES-A2HT","9b68c72d-30d4-4a7a-ade7-a2bde50a84f2","TCGA-ES-A2HT-01A","Primary Tumor","Hepatocellular carcinoma, NOS","selected"
"c610d382-879b-43ae-8a0d-7ca2a27f990d","0f370106-5023-4198-810b-63f84577269a.rna_seq.augmented_star_gene_counts.tsv",4217970,"a8810cd2701587cccf44c26384595948","RNAseq","STAR - Counts","7dd3bda9-3a0a-46fa-b052-a6d24b847804","TCGA-ES-A2HT","723a470f-6855-409a-aad4-d6b933313239","TCGA-ES-A2HT-11A","Solid Tissue Normal","Hepatocellular carcinoma, NOS","selected"
"197e7163-1a47-4712-990a-645bd39507fd","eb81efb0-22be-40ad-93a7-1379c09169fb.rna_seq.augmented_star_gene_counts.tsv",4224359,"38294173f3b8c453db7411751872d142","RNAseq","STAR - Counts","c95ed407-bcc2-44aa-bc59-bf7549f2d665","TCGA-FV-A23B","d056433d-c3e2-467a-8151-ddf2a6d8683a","TCGA-FV-A23B-01A","Primary Tumor","Hepatocellular carcinoma, NOS","selected"
"667c2d08-7a5d-44fc-adb3-31dd2dbea87f","cd36b4d0-5a38-4ce0-abcc-d8272968bf5c.rna_seq.augmented_star_gene_counts.tsv",4219105,"f88b758ea7208171e4a19837d182df3f","RNAseq","STAR - Counts","c95ed407-bcc2-44aa-bc59-bf7549f2d665","TCGA-FV-A23B","cf3e04fe-9fc4-4293-a7c0-b46510f590e9","TCGA-FV-A23B-11A","Solid Tissue Normal","Hepatocellular carcinoma, NOS","selected"
"b01c07c1-bb94-41fe-8bab-f00b40105709","ec3aac56-028a-4869-8d68-019a58774640.rna_seq.augmented_star_gene_counts.tsv",4216394,"f816ed2f101a247e2c19fdfc6481181a","RNAseq","STAR - Counts","d680df09-368e-42b5-b540-45c41ed31042","TCGA-FV-A2QQ","a0096af4-abd3-4f6e-a6ac-2cf2e57c7bd9","TCGA-FV-A2QQ-01A","Primary Tumor","Hepatocellular carcinoma, NOS","selected"
"7da0d21d-971c-420b-9fcd-e9c86134d129","bdf99841-cf6b-4544-823f-3e50d1fe04f1.rna_seq.augmented_star_gene_counts.tsv",4216592,"66148bb27b9d776dd84d787299fa2eed","RNAseq","STAR - Counts","d3a03f7a-3482-4548-957e-05c692b20101","TCGA-FV-A2QR","5e6e2c83-3102-4130-98aa-167c8be39120","TCGA-FV-A2QR-01A","Primary Tumor","Hepatocellular carcinoma, NOS","selected"
"1081e397-a17c-42f5-9f04-b937361441df","cfa3467d-9796-4c34-b2ca-9cda7a5d20dc.rna_seq.augmented_star_gene_counts.tsv",4215939,"2da437abe558bd5d19f58030ed377b73","RNAseq","STAR - Counts","d3a03f7a-3482-4548-957e-05c692b20101","TCGA-FV-A2QR","7029f596-0988-4b9a-9c87-56fd5ce60ea2","TCGA-FV-A2QR-11A","Solid Tissue Normal","Hepatocellular carcinoma, NOS","selected"
"5028edd3-a821-4511-99bf-d669c9d61723","50cae4c7-fef8-40fa-a3ed-d14a34eb6103.rna_seq.augmented_star_gene_counts.tsv",4223451,"8aeb7d8e310c84d65122a1a7e94db230","RNAseq","STAR - Counts","bfd20d71-18a5-4f01-8d56-84378ad92359","TCGA-FV-A3I1","a744be68-d008-4847-a11d-89918a419a5f","TCGA-FV-A3I1-01A","Primary Tumor","Hepatocellular carcinoma, NOS; Adenocarcinoma, NOS","selected"
"6f98bcbf-b39e-4c18-ba5e-3505adaac6b5","6b8fc8fd-e32d-43fa-8f8c-fa0b38ce9b69.rna_seq.augmented_star_gene_counts.tsv",4204955,"452cb50f539065247ae325bce90b11fb","RNAseq","STAR - Counts","bfd20d71-18a5-4f01-8d56-84378ad92359","TCGA-FV-A3I1","3811dc8f-a2bb-402f-a631-090773c27786","TCGA-FV-A3I1-11A","Solid Tissue Normal","Hepatocellular carcinoma, NOS; Adenocarcinoma, NOS","selected"
"9967f8e8-1445-46bc-9c4f-c32f43705546","c83b9b6b-401b-4999-b075-3eaac28b0957.rna_seq.augmented_star_gene_counts.tsv",4223043,"b46f6c7d426098132eda51559ff882c4","RNAseq","STAR - Counts","17833039-0d7e-47f0-90e6-8cabae94c124","TCGA-FV-A3R2","04beca9f-830c-4ca8-a947-1bf2d7df1b26","TCGA-FV-A3R2-01A","Primary Tumor","Hepatocellular carcinoma, NOS; Papillary transitional cell carcinoma","selected"
"35b3a2f1-d918-465e-b307-c06a71f31410","d11ccf39-543b-4da6-a9ac-d49d9afe2054.rna_seq.augmented_star_gene_counts.tsv",4210468,"0a33c2d361dcabb04cd327d106967827","RNAseq","STAR - Counts","17833039-0d7e-47f0-90e6-8cabae94c124","TCGA-FV-A3R2","50d807b1-a8cb-4299-a597-0d3f8dd98692","TCGA-FV-A3R2-11A","Solid Tissue Normal","Hepatocellular carcinoma, NOS; Papillary transitional cell carcinoma","selected"
"1994b978-6d9f-4f05-b88d-a6cebeabd19c","9aa968ad-63fa-4db4-97b8-042cdbb6b459.rna_seq.augmented_star_gene_counts.tsv",4219151,"b9db28e2806408fd8f6aff9ed8ee0a13","RNAseq","STAR - Counts","3dd7c93d-8194-44ee-8014-10dd81ef6441","TCGA-FV-A3R3","8abda02f-aedf-4599-9407-e253207d5d4c","TCGA-FV-A3R3-01A","Primary Tumor","Hepatocellular carcinoma, NOS","selected"
"fad707d3-c11c-4aec-a5d8-53c4622011d1","d3a93bb2-1aeb-4deb-8224-d9a1dbda390b.rna_seq.augmented_star_gene_counts.tsv",4214197,"c07e55037ad8a037d64618fe378e6604","RNAseq","STAR - Counts","bd48fa5e-0152-46f0-a4fa-8cf723ff2dcd","TCGA-FV-A495","b7fc877d-6055-4a28-bbdf-50ce7236b7bf","TCGA-FV-A495-01A","Primary Tumor","Hepatocellular carcinoma, NOS","selected"
"ddc63fc0-30c0-4585-bf5d-97bee2b3a7a0","cd97f9a6-61e9-4c29-86f4-929481216b94.rna_seq.augmented_star_gene_counts.tsv",4215577,"a2e2b61fff794420c6d280ea939cfa57","RNAseq","STAR - Counts","8afa3140-dcbd-44c0-ab13-4ada6a0444d4","TCGA-FV-A496","fd1e3b28-c143-4ef6-a699-3a61cb20a5ed","TCGA-FV-A496-01A","Primary Tumor","Hepatocellular carcinoma, NOS","selected"
"9d333f19-a52e-4218-8ae8-b5876d7839d2","becb1650-22ac-45d9-982f-57c391343933.rna_seq.augmented_star_gene_counts.tsv",4205137,"6649a8ead331b8570336225da00d7a51","RNAseq","STAR - Counts","5c08008d-5ed4-4480-bd00-c8a2d8c787dc","TCGA-FV-A4ZP","856ae98c-ce7b-4436-922b-bf76456a5edd","TCGA-FV-A4ZP-01A","Primary Tumor","Hepatocellular carcinoma, NOS; Basaloid squamous cell carcinoma","selected"
"780b79cd-5502-455d-9df3-d20c96a26649","6452215d-e0ae-482f-8f32-963e7017bec0.rna_seq.augmented_star_gene_counts.tsv",4225399,"a864fe9d5aee881d5e6e98c08b61c56c","RNAseq","STAR - Counts","65e430e1-0c9a-4045-83a9-653b7cff811d","TCGA-FV-A4ZQ","56daad30-a336-4311-9feb-26cf3e48c734","TCGA-FV-A4ZQ-01A","Primary Tumor","Hepatocellular carcinoma, NOS","selected"
"92b4c0e6-a0e0-4bd9-998d-422da266e6fd","26e93a7e-353d-4774-aa61-34b0737ba6c6.rna_seq.augmented_star_gene_counts.tsv",4217408,"1bf476611a2284f5d40e88e03e69019b","RNAseq","STAR - Counts","b865dec4-f051-4fbe-9405-f832ff2010d7","TCGA-G3-A25S","d12be3f6-68bc-4583-9478-fc01a0eb9387","TCGA-G3-A25S-01A","Primary Tumor","Hepatocellular carcinoma, NOS","selected"
"21f8d42a-a743-49d4-a39b-473ad03f5ce8","fe42792f-4116-4e5f-8db3-678b74cfd263.rna_seq.augmented_star_gene_counts.tsv",4231530,"19e29343989fa7ddaa66a7d49da9df92","RNAseq","STAR - Counts","f6e5979d-d6a9-4408-bd1b-1b37d1064e83","TCGA-G3-A25T","d42d6e07-8e0e-4345-b1b9-1b8b4574d042","TCGA-G3-A25T-01A","Primary Tumor","Hepatocellular carcinoma, NOS","selected"
"c3dc14bf-1f6b-4284-b303-5caf8f121c03","cb7b4121-6ee7-4e8f-8efc-6651bd5bdf3f.rna_seq.augmented_star_gene_counts.tsv",4215839,"0c145322a08a403e762cc652dd602bca","RNAseq","STAR - Counts","b9835dc5-bf31-4541-a973-e8ca802d80ba","TCGA-G3-A25U","824e95b4-5d35-4b11-b320-fcf96e78ad10","TCGA-G3-A25U-01A","Primary Tumor","Hepatocellular carcinoma, NOS","selected"
"2fa3c211-314a-4a2d-a15a-02335262bbc4","1f6baf69-b0e9-44e7-bb0a-0818adda7b09.rna_seq.augmented_star_gene_counts.tsv",4215783,"57859a7aa1ab786bcf8b0d12801d7b86","RNAseq","STAR - Counts","f435ec00-0db8-46b4-96bf-890a9d931df3","TCGA-G3-A25V","634ab666-0845-4b62-a2a1-abd408d8b829","TCGA-G3-A25V-01A","Primary Tumor","Hepatocellular carcinoma, NOS","selected"
"0036fcec-eaed-430b-9a23-5efb2d2cc7f2","32b682ec-8156-44ca-bff0-26155c7fdc12.rna_seq.augmented_star_gene_counts.tsv",4222292,"4fddb7b4ea22ac07e2d3d001b4f99dea","RNAseq","STAR - Counts","08428220-abd4-484e-85ca-3673454c837e","TCGA-G3-A25X","5ff97822-0520-45b7-a28a-a1c68c5ac324","TCGA-G3-A25X-01A","Primary Tumor","Hepatocellular carcinoma, NOS","selected"
"b3d3844d-00ce-415e-83a5-936804ffa66c","18d41dea-6ae2-4030-ac51-66ff54189bab.rna_seq.augmented_star_gene_counts.tsv",4239328,"a4b3119150399b3d63ef20c517fc070e","RNAseq","STAR - Counts","239b4298-b090-480a-a19f-9758a827aa30","TCGA-G3-A25Y","433df923-691a-41f8-8718-6f9783f59873","TCGA-G3-A25Y-01A","Primary Tumor","Hepatocellular carcinoma, NOS","selected"
"a8355223-868d-4341-be88-0af16acc19d3","c7c1bdcf-667e-497c-8167-6f84fa5a99e3.rna_seq.augmented_star_gene_counts.tsv",4216383,"1f6ade99f7fdce1491cb0531bc77534d","RNAseq","STAR - Counts","2f3d22ad-6917-4189-89d9-2a06c2d2de0a","TCGA-G3-A25Z","6fa5e58b-6bc3-4b13-b76d-92bcb28dc908","TCGA-G3-A25Z-01A","Primary Tumor","Hepatocellular carcinoma, NOS","selected"
"2af41f58-7487-493b-9839-cc8719adf8d0","ef3f524a-1496-408d-a9f0-cdf029be4830.rna_seq.augmented_star_gene_counts.tsv",4206654,"77885aff0c3f45b6ea8e113a4786e6af","RNAseq","STAR - Counts","8a14d153-bbf7-4512-a067-976edfb65f91","TCGA-G3-A3CG","d02deece-d8bc-4614-ac26-60a4282fdb07","TCGA-G3-A3CG-01A","Primary Tumor","Adenocarcinoma, NOS; Hepatocellular carcinoma, NOS","selected"
"922f342f-27af-4934-9760-79d7fa0f04ce","e92a1abd-e8c0-4591-ae3f-4679af48275e.rna_seq.augmented_star_gene_counts.tsv",4216106,"a56a17a7c76c22b14dd91db2c0b781e7","RNAseq","STAR - Counts","3a2d7482-c246-411e-841f-71d96e353328","TCGA-G3-A3CH","4621932d-aa60-4886-8ed4-3a34edd8baf4","TCGA-G3-A3CH-01A","Primary Tumor","Hepatocellular carcinoma, NOS","selected"
"3c077b2a-3a89-4f08-93fa-ecf50f1f7e73","a2cbad43-f7a6-4018-995f-82b22aa6fc8b.rna_seq.augmented_star_gene_counts.tsv",4204570,"cb523c998297075e85e682038a5ba067","RNAseq","STAR - Counts","3a2d7482-c246-411e-841f-71d96e353328","TCGA-G3-A3CH","6b915dde-b8ac-4cc6-839b-e226e914b499","TCGA-G3-A3CH-11A","Solid Tissue Normal","Hepatocellular carcinoma, NOS","selected"
"7214d789-2919-4fa4-b8fc-660c5c160202","03ca605c-a693-44da-86b9-4f48c2649839.rna_seq.augmented_star_gene_counts.tsv",4206961,"93ac65396010e7b002f940626f49307b","RNAseq","STAR - Counts","b5465221-78fe-40a8-abec-bed600602dd4","TCGA-G3-A3CI","2c1ac52f-293b-4cc1-9c90-2870cc4b14e1","TCGA-G3-A3CI-01A","Primary Tumor","Hepatocellular carcinoma, NOS","selected"
"0f6b6a94-1881-45a2-a6ea-a70483f379e6","81811a46-64f2-48ab-bfd4-1a4f9e4d5554.rna_seq.augmented_star_gene_counts.tsv",4202273,"a1641aa4a3b8db0cbf004ac99425db9e","RNAseq","STAR - Counts","cb8f3c76-da86-4a1d-977c-44ab399b342a","TCGA-G3-A3CJ","a8ab7daf-079d-458b-ad09-a99306384864","TCGA-G3-A3CJ-01A","Primary Tumor","Hepatocellular carcinoma, NOS","selected"
"61ad124d-5315-447b-8557-49444ef18f49","c158ef97-e253-41f8-a9e1-dd55496ae910.rna_seq.augmented_star_gene_counts.tsv",4223798,"8aa6fa10e0964ac298f99bf957a64b4e","RNAseq","STAR - Counts","39eb1db0-2722-4af4-8254-d0e10256c64d","TCGA-G3-A3CK","2f38c711-639f-4611-9076-dc99a1db8239","TCGA-G3-A3CK-01A","Primary Tumor","Hepatocellular carcinoma, NOS","selected"
"8710b79a-f5be-4426-82ea-3827099c2c54","9f5f7f86-89e6-4a9c-a5a5-32c46c5e2baf.rna_seq.augmented_star_gene_counts.tsv",4201398,"9951c430c397bf1b43b0b980b724c450","RNAseq","STAR - Counts","14201da5-4446-47be-af72-120b7780c6bf","TCGA-G3-A5SI","81ade549-b8a5-4cbe-9970-1be85c005002","TCGA-G3-A5SI-01A","Primary Tumor","Hepatocellular carcinoma, NOS","selected"
"fa515a26-a43e-4b6e-8120-07a9c3b6352e","dfc8986d-1ec3-4c77-926e-d71cc217ffcd.rna_seq.augmented_star_gene_counts.tsv",4224408,"d8803a3ebcc33181877e1583bbb25829","RNAseq","STAR - Counts","2c8a1e74-33de-453f-8d1e-e226185e52fc","TCGA-G3-A5SJ","74a3b091-f6de-49fe-be1d-7e091348da2c","TCGA-G3-A5SJ-01A","Primary Tumor","Hepatocellular carcinoma, NOS","selected"
"97549552-8532-4593-a0dc-44d64f417bbb","7c4769e7-7e2b-48b7-a68d-775d2b76b105.rna_seq.augmented_star_gene_counts.tsv",4200223,"051bf5e980a79cf630411f12a2eb1bfa","RNAseq","STAR - Counts","24259d55-20ac-4359-861f-dcad7ad88cee","TCGA-G3-A5SK","b245c6c9-405b-48c9-bcaa-02bcdf11bd2e","TCGA-G3-A5SK-01A","Primary Tumor","Hepatocellular carcinoma, NOS","selected"
"70aed113-9cee-4797-bd82-476a84b4b7e4","6e2e99b7-d686-4a88-867c-edbcc22acaed.rna_seq.augmented_star_gene_counts.tsv",4214864,"daf404d4524260edff5a933524a5011f","RNAseq","STAR - Counts","9a56d8a8-dadd-442e-bc09-732cd619aef7","TCGA-G3-A5SL","5af5519d-73ee-481b-a47c-06f54dbd372f","TCGA-G3-A5SL-01A","Primary Tumor","Hepatocellular carcinoma, NOS","selected"
"97a1f82c-7e86-441e-9f95-6a8e30161e51","57d2ec02-2e8f-4ea4-8571-1c5f6078d554.rna_seq.augmented_star_gene_counts.tsv",4225050,"7acc6e6cedbe4bf3f613ca86974092f8","RNAseq","STAR - Counts","d397e70f-c174-4656-9b7e-5e4c00754410","TCGA-G3-A5SM","8313a442-e572-476a-b96f-565b105834ea","TCGA-G3-A5SM-01A","Primary Tumor","Hepatocellular carcinoma, NOS","selected"
"4c9f5934-7014-4f10-bacb-758d02cd6584","8b6bb4a3-2bd0-4221-a4d7-9641c24b0681.rna_seq.augmented_star_gene_counts.tsv",4215993,"693946479cb77a4b435b32b13ced9f06","RNAseq","STAR - Counts","87aa894e-7676-40b7-9557-6541446d8cea","TCGA-G3-A6UC","00c2eeb7-b822-4dbd-a127-98aad0c0f184","TCGA-G3-A6UC-01A","Primary Tumor","Hepatocellular carcinoma, NOS; Adenocarcinoma, NOS","selected"
"15fcbb62-7e0c-4b85-b233-643a178c1b5c","e743401a-0738-4fd6-92d9-019537582d76.rna_seq.augmented_star_gene_counts.tsv",4208111,"a0a178a11e3f2e43e5a2f7cf8536d6cc","RNAseq","STAR - Counts","869f8a17-bced-4002-bd60-99df84a03b93","TCGA-G3-A7M5","738d9234-646f-431b-8ee3-661d2b3ca23b","TCGA-G3-A7M5-01A","Primary Tumor","Hepatocellular carcinoma, NOS","selected"
"aeab8782-8817-494f-8566-3fde7d8ed88d","19dc74d9-a307-4991-8723-a570de15858d.rna_seq.augmented_star_gene_counts.tsv",4250056,"e9c6f3a3341b63f6267eee9dad29b0ce","RNAseq","STAR - Counts","2681f83d-233f-4ea2-b5e6-3c05af81f123","TCGA-G3-A7M6","33b4c69a-230a-4d4b-9d6b-5f1c28d7d25b","TCGA-G3-A7M6-01A","Primary Tumor","Hepatocellular carcinoma, NOS","selected"
"35b21093-a92a-45e4-bdb2-a82fb400c6ea","a9ec76be-2ef4-4b95-9ab8-0b47fd793b0e.rna_seq.augmented_star_gene_counts.tsv",4205453,"d84d173c2d3f1e129d9cf7bebcbaacc9","RNAseq","STAR - Counts","3d048a45-3d5d-4563-acc8-3c662861f18a","TCGA-G3-A7M7","fd7c8159-102b-4af5-ae93-4e468e54ec10","TCGA-G3-A7M7-01A","Primary Tumor","Hepatocellular carcinoma, NOS","selected"
"7c134e70-c906-42f8-8169-a6281ece4bf0","cdd3341f-b11c-4b79-b1bc-fd0bc958983a.rna_seq.augmented_star_gene_counts.tsv",4208484,"3620c560d541b4ef7189d77569ba1436","RNAseq","STAR - Counts","01cc571c-a47c-4548-9c14-5e51c79b095b","TCGA-G3-A7M8","957cbaf2-52d1-4102-a87e-f1d0d5687c17","TCGA-G3-A7M8-01A","Primary Tumor","Hepatocellular carcinoma, NOS","selected"
"918ddfe3-82a0-4b47-869e-d249e99d8ee4","56c5a8d3-e600-4564-858f-72defc9fc138.rna_seq.augmented_star_gene_counts.tsv",4255175,"ccdb3e8b7b153e2a52bfd8860d6b99ce","RNAseq","STAR - Counts","115b754d-8559-4f1d-af44-fcd8c2cef86a","TCGA-G3-A7M9","0ffdd482-a87e-45bc-a39b-09f5c4f23b55","TCGA-G3-A7M9-01A","Primary Tumor","Hepatocellular carcinoma, NOS; Basal cell carcinoma, NOS; Squamous cell carcinoma, NOS","selected"
"c1ea600a-ac08-467b-b540-01b681ad8d9b","2d46de42-03df-475d-9255-d9fc26cfa234.rna_seq.augmented_star_gene_counts.tsv",4203416,"065eac6f3027abc3952bfdee4644782b","RNAseq","STAR - Counts","d74ddbe2-5860-40b1-9bd8-99cc50f3392d","TCGA-G3-AAUZ","7c4e023a-de49-4a4a-b4cf-26731b5650b2","TCGA-G3-AAUZ-01A","Primary Tumor","Hepatocellular carcinoma, NOS","selected"
"1c6335e8-4ab5-483e-a3b2-b1c7e9ffdb93","d40dc69d-6e72-488a-801f-fb5b1917b6c2.rna_seq.augmented_star_gene_counts.tsv",4199634,"206fe14f8eb2f2f3083b0db0eaa627db","RNAseq","STAR - Counts","6e657705-8579-433b-af7a-b6155b599518","TCGA-G3-AAV0","d4862074-e347-4318-a4a4-bf1878ead618","TCGA-G3-AAV0-01A","Primary Tumor","Hepatocellular carcinoma, NOS","selected"
"2157c1f3-890e-4f10-a48d-dbe80e021ecc","b2dfe637-d3a5-4400-88db-5d60f0a167d5.rna_seq.augmented_star_gene_counts.tsv",4217219,"126470117d9b7802ea4ca07ee66bba28","RNAseq","STAR - Counts","ee6d81bf-0470-4652-aff0-d85f6ab67626","TCGA-G3-AAV1","ad535210-07ee-41a5-b9f7-8548e41df779","TCGA-G3-AAV1-01A","Primary Tumor","Hepatocellular carcinoma, NOS","selected"
"eb9d8b0e-a024-43b2-943f-3aca44561e1d","1f6d7667-b1ed-4577-9005-a6ffb9a4f547.rna_seq.augmented_star_gene_counts.tsv",4212533,"7f7048158be20f305e167ceaf1c17e54","RNAseq","STAR - Counts","1724c96a-2aa3-43d4-992a-08af948c0f45","TCGA-G3-AAV2","a82bc212-23ad-4e9b-af92-653f4b3c9df4","TCGA-G3-AAV2-01A","Primary Tumor","Hepatocellular carcinoma, NOS","selected"
"00fb4b52-e6a4-4ad9-bbed-584e25851aca","ba056a7d-5370-4fe9-af1e-2e3de42e205f.rna_seq.augmented_star_gene_counts.tsv",4218860,"301e03b3c03f89fab4d1a5610096020b","RNAseq","STAR - Counts","efc865fd-7c74-4361-9d7a-eef923dbcd24","TCGA-G3-AAV3","b0d2fd7c-04e8-459b-80ee-e7f786f163d1","TCGA-G3-AAV3-01A","Primary Tumor","Hepatocellular carcinoma, NOS","selected"
"7fb95d95-2359-471e-aac2-edf70dae1574","fc962f33-2c10-44e8-8eff-c5375c02c151.rna_seq.augmented_star_gene_counts.tsv",4212567,"b391c501b4927b9816d907a4a0ddf5d4","RNAseq","STAR - Counts","0955d871-5413-4ab2-8fdf-b4feb3aeef5d","TCGA-G3-AAV4","076a7d31-e804-4637-b23e-d0e30d32bed4","TCGA-G3-AAV4-01A","Primary Tumor","Hepatocellular carcinoma, NOS","selected"
"cc0010d2-52db-4b15-a750-dd57d148520b","d85ea3ad-ab38-453d-b382-06cea6bc9e1b.rna_seq.augmented_star_gene_counts.tsv",4219783,"46b54eb195c2bfe4af01aa65fb14a6fc","RNAseq","STAR - Counts","4dff4242-4a53-4f46-b200-7ed83f6b7808","TCGA-G3-AAV5","4e8b5c38-4e61-4f34-9255-da81ff5db4b7","TCGA-G3-AAV5-01A","Primary Tumor","Hepatocellular carcinoma, NOS","selected"
"f2f970cd-cf1c-43e3-8817-3a5aecab8ae3","e542fb86-0a49-4605-9c90-db135ab74bec.rna_seq.augmented_star_gene_counts.tsv",4222499,"9a1d674a383406b5ac91effd173fd443","RNAseq","STAR - Counts","a6733fa1-030a-45ed-9c24-0e64164d4998","TCGA-G3-AAV6","df60f0b3-aa75-41ac-9921-fe3bbc3998eb","TCGA-G3-AAV6-01A","Primary Tumor","Hepatocellular carcinoma, NOS","selected"
"08b01615-a73a-4dcb-98ec-c110b34867c3","b9dea4f2-2847-496f-a08e-5253c9ea6743.rna_seq.augmented_star_gene_counts.tsv",4230494,"f84ac60f61725c51ac85477d2546abc7","RNAseq","STAR - Counts","5d259f26-3bef-4fe4-948b-495183f5f8be","TCGA-G3-AAV7","5cdd976b-bb2b-47a9-a745-ad446797ac34","TCGA-G3-AAV7-01A","Primary Tumor","Hepatocellular carcinoma, NOS","selected"
"5460eb0c-4844-4c74-95c7-519184822a5a","55bda25f-fb6d-461e-a4c7-4e834eafeca4.rna_seq.augmented_star_gene_counts.tsv",4220456,"1ee4e35262cc2976106f2f34e1e537fe","RNAseq","STAR - Counts","fb2abc2a-ecf1-4184-912f-26a649f861ff","TCGA-GJ-A3OU","fe863395-3ebb-45c5-aab9-b0181906c89c","TCGA-GJ-A3OU-01A","Primary Tumor","Hepatocellular carcinoma, clear cell type","selected"
"7b541fbd-a378-4d59-a035-7898348807fd","8eb5e0dc-91e9-49bb-bd4d-432774f656fa.rna_seq.augmented_star_gene_counts.tsv",4228090,"c35dd8d23f349d274f7711f76235b316","RNAseq","STAR - Counts","1b326242-4be6-4f05-b5fb-07ed76b49850","TCGA-GJ-A6C0","9d33dab1-ce73-42c6-b504-42e127839882","TCGA-GJ-A6C0-01A","Primary Tumor","Hepatocellular carcinoma, NOS","selected"
"1086061d-5910-4b35-be67-c69836917d43","906f244d-0d66-48c1-a646-2ad71d777696.rna_seq.augmented_star_gene_counts.tsv",4226734,"b8bbaf53b8af8cb90ac6be1faf98549d","RNAseq","STAR - Counts","45f00f00-d793-4dca-aeb9-7626d4575c90","TCGA-GJ-A9DB","ee280cfa-626f-4d7b-a51f-c5dd82635d43","TCGA-GJ-A9DB-01A","Primary Tumor","Hepatocellular carcinoma, NOS","selected"
"84f52c89-db34-4a63-9491-a11cebe8fcde","11b4abc6-0ab9-4c6a-bb4f-3282111cce13.rna_seq.augmented_star_gene_counts.tsv",4220864,"3888068b93202cb6a03d7f7cf91a9b99","RNAseq","STAR - Counts","2d00f09f-0074-46c8-b357-b5f33567762a","TCGA-HP-A5MZ","9ec5013e-aabb-487a-87d7-49b4b6bd0f6a","TCGA-HP-A5MZ-01A","Primary Tumor","Hepatocellular carcinoma, NOS","selected"
"8f2fb555-9a2a-43a6-9b28-91cfed089bb8","10022cea-224a-420b-b85b-c5dae3fd90c4.rna_seq.augmented_star_gene_counts.tsv",4218114,"d62e0f27b21e3581ce7b496c4c81a02f","RNAseq","STAR - Counts","7f8e25d4-6021-4327-96ab-79b6fcc97a24","TCGA-HP-A5N0","26dc1e14-4925-4258-8e46-1d52dfdd1b4f","TCGA-HP-A5N0-01A","Primary Tumor","Hepatocellular carcinoma, clear cell type","selected"
"79087a10-f5df-4e07-9c80-ac4a43f9cc55","37abfb3b-d7e9-463f-853b-1d76966bf928.rna_seq.augmented_star_gene_counts.tsv",4212969,"981b0cae99b827310b2201bae0af4daa","RNAseq","STAR - Counts","3134f7d1-3359-497a-b8be-1f317d8ddaaa","TCGA-K7-A5RF","2fa93cb3-45bd-492c-b254-64bb0c9dddd9","TCGA-K7-A5RF-01A","Primary Tumor","Hepatocellular carcinoma, NOS","selected"
"15be9837-f3e7-45eb-8822-e98341e80362","bda1aaaa-f62f-4156-ab54-5f850720f2a3.rna_seq.augmented_star_gene_counts.tsv",4225631,"9c9f82517e51694aa3e6dd8e116c908d","RNAseq","STAR - Counts","4fd3ed02-7b66-47bf-8b92-31fee1093a87","TCGA-K7-A5RG","3add537e-0692-4d5c-9c32-1341adcb3bfa","TCGA-K7-A5RG-01A","Primary Tumor","Hepatocellular carcinoma, NOS","selected"
"6b50634f-49fe-4832-a8f5-093bedaed19c","62f40b9a-32de-4432-b15e-32c82be5ee8b.rna_seq.augmented_star_gene_counts.tsv",4209191,"1a27a0a4a1c1811837bec603b775c112","RNAseq","STAR - Counts","81eddcda-0069-4652-9dc6-8aac89cba1ff","TCGA-K7-A6G5","63a726a2-46cd-48dc-bab7-195b16fb0f25","TCGA-K7-A6G5-01A","Primary Tumor","Hepatocellular carcinoma, NOS","selected"
"83fae235-032f-428c-850c-1e5bda92339c","6ff7be81-1c7d-4a49-b5ab-3b1c171d4f87.rna_seq.augmented_star_gene_counts.tsv",4216074,"09a5f934e64f1ff5815342b0b9c0b9b6","RNAseq","STAR - Counts","5a7706ba-3cea-41eb-b78a-fd69206daa93","TCGA-KR-A7K0","cbd70f3d-2af2-4645-bd83-aed0d0857083","TCGA-KR-A7K0-01A","Primary Tumor","Squamous cell carcinoma, NOS; Hepatocellular carcinoma, NOS","selected"
"64b69a94-60cb-4888-b5a8-1076aaad827f","aa678196-590c-4fdd-beab-0a1a1942c5b0.rna_seq.augmented_star_gene_counts.tsv",4215274,"e722655c2bd95aba88c1b0f38b6e0749","RNAseq","STAR - Counts","7ba3d8f1-0c26-4c49-8d6b-0f2875b58daf","TCGA-KR-A7K7","f178cc5c-525a-418b-a868-fa6e7c50947c","TCGA-KR-A7K7-01A","Primary Tumor","Adenocarcinoma, NOS; Hepatocellular carcinoma, NOS","selected"
"56a82d59-00e0-4d30-8df0-8232d59e6728","fb9a54e6-a889-48cb-b758-f6b76d76aa7b.rna_seq.augmented_star_gene_counts.tsv",4217040,"b37571da18b1420e7549b098ef7b958b","RNAseq","STAR - Counts","4b0e544c-4090-4ebb-b3e5-2623aa91356c","TCGA-KR-A7K8","30f43a40-040f-4c42-a84e-0ba7ec9c8945","TCGA-KR-A7K8-01A","Primary Tumor","Hepatocellular carcinoma, NOS","selected"
"86c7f61d-ad00-429f-9343-300105243838","4af0c3f7-7742-448d-992a-8f4b7ad226b7.rna_seq.augmented_star_gene_counts.tsv",4217791,"e1915fe64db5dcc85e2bdde57f091ceb","RNAseq","STAR - Counts","c618da6d-3c66-4a6a-8832-3526a3b75410","TCGA-LG-A6GG","18000b40-b2e5-4c32-81fe-c7c208e99f33","TCGA-LG-A6GG-01A","Primary Tumor","Melanoma, NOS; Hepatocellular carcinoma, NOS","selected"
"228b84dd-0200-4c42-99de-cc9246428d80","e312bd4b-0a13-4998-8f0b-cb55ab6072b9.rna_seq.augmented_star_gene_counts.tsv",4212838,"19dc405996be6007e57a158609e1b08f","RNAseq","STAR - Counts","8c2783ef-aa41-44c9-be87-fa4c84108f1e","TCGA-LG-A9QC","c8b18401-ab61-4925-a022-62b5f7190139","TCGA-LG-A9QC-01A","Primary Tumor","Hepatocellular carcinoma, NOS","selected"
"d9364568-54c7-4c51-bbb1-75d4a58c39e7","8a6fcf82-a349-4f74-9969-65a056fe9577.rna_seq.augmented_star_gene_counts.tsv",4209085,"6038d9d3a3d3f24e604dcf83d8ae38a4","RNAseq","STAR - Counts","948a9bbc-60b0-4fb7-a707-76bc41294217","TCGA-LG-A9QD","3b829cbd-1abb-41f8-9633-597e6b79e362","TCGA-LG-A9QD-01A","Primary Tumor","Hepatocellular carcinoma, NOS","selected"
"d3fff383-01ff-4a06-9b7c-7f3542e5f24b","8f9e712f-e4e8-44b2-96be-fa87b630428c.rna_seq.augmented_star_gene_counts.tsv",4214038,"e5caea7cc020858b4f0270a32012e476","RNAseq","STAR - Counts","a6c0def6-7649-485a-a679-50dafb5eade5","TCGA-MI-A75C","db785f76-45d8-49b5-af40-57b01eebcc1b","TCGA-MI-A75C-01A","Primary Tumor","Hepatocellular carcinoma, NOS","selected"
"96a14578-77fc-44f0-ba46-9cba2a214a8e","6db82dae-7d24-472c-9558-08291f9b96bb.rna_seq.augmented_star_gene_counts.tsv",4215377,"cccc7c7db03628a63558bd1f502a6d2d","RNAseq","STAR - Counts","010d5817-9a3f-4a06-8643-653116c044ff","TCGA-MI-A75E","63552745-eb7f-4948-a552-05b77f645de4","TCGA-MI-A75E-01A","Primary Tumor","Hepatocellular carcinoma, NOS","selected"
"e7e3047d-15bc-4dcc-aaca-86e5e2f45441","c31d4620-b0a9-472b-bc29-2f2b3c30a035.rna_seq.augmented_star_gene_counts.tsv",4215126,"3410ddfca108d45a4b81ca805797f43c","RNAseq","STAR - Counts","22dd3876-1f2c-4ddd-8fae-f5fb820993ba","TCGA-MI-A75G","688494f9-f573-4d02-a4a1-11341076e1fb","TCGA-MI-A75G-01A","Primary Tumor","Hepatocellular carcinoma, NOS","selected"
"bb642fb4-07dd-44b3-b5b5-3f3d6976d677","ac4ec2c7-9dcb-4863-9e27-00dabfa7c747.rna_seq.augmented_star_gene_counts.tsv",4208115,"c7f5e8a9484ee83b3e91c172d03d6d21","RNAseq","STAR - Counts","f3f6ba92-c68f-4313-99f4-0281272e02b6","TCGA-MI-A75H","637339c3-46aa-4e37-82c8-09ef2b18cf9c","TCGA-MI-A75H-01A","Primary Tumor","Squamous cell carcinoma, NOS; Hepatocellular carcinoma, NOS","selected"
"fcf07cf2-437a-4178-a405-c34d800cf75f","0ac55bd1-ee36-4795-b9d9-4a07495e5a46.rna_seq.augmented_star_gene_counts.tsv",4218794,"e12727a5ec338f2f462fc15da2deaacb","RNAseq","STAR - Counts","55e53229-c58f-4922-8869-0f5e2f6c2d7d","TCGA-MI-A75I","f43f95a7-29d8-499a-b8ea-f2a2edd906f9","TCGA-MI-A75I-01A","Primary Tumor","Not Reported; Hepatocellular carcinoma, NOS","selected"
"426b0e75-593f-4992-b355-b751160e05a0","cfa0d88b-5da4-41be-b3df-7b567a6fef9c.rna_seq.augmented_star_gene_counts.tsv",4204973,"55d4946657f6eca80ef76ac169283978","RNAseq","STAR - Counts","25e893ad-a0fd-45ae-9aa9-9bcd7c2ec8e5","TCGA-MR-A520","d7f0e432-c20b-4b2b-8d73-2a235f339be7","TCGA-MR-A520-01A","Primary Tumor","Hepatocellular carcinoma, NOS","selected"
"6080f1ab-a146-4ba7-8ca2-99204039f8e5","151ff5a0-f236-4b98-a57f-d75dbde755ab.rna_seq.augmented_star_gene_counts.tsv",4229499,"1d37d73ad2471d26ef377c11931f42e5","RNAseq","STAR - Counts","9aea3437-572a-48c6-beb9-9bdbcb243875","TCGA-NI-A4U2","83e8cddf-0a86-4fed-96ea-0ea1c39ceec5","TCGA-NI-A4U2-01A","Primary Tumor","Hepatocellular carcinoma, NOS","selected"
"757821dd-1fce-428d-985e-beb33d18842e","4b5ffc48-de6c-4f22-92c8-8c41c821a37f.rna_seq.augmented_star_gene_counts.tsv",4217933,"a78b5c6551775fee80c31ab3192a9543","RNAseq","STAR - Counts","420dc176-e9a8-484b-bfa3-1b84e039c26b","TCGA-NI-A8LF","74f6a3da-57d7-4b32-8ef2-186bd131f3b0","TCGA-NI-A8LF-01A","Primary Tumor","Hepatocellular carcinoma, NOS","selected"
"6e42eeef-4aa8-4e27-8f2d-57c3d8401602","3ab4bb66-d6cd-4df8-9e0b-c3ce0c06c0e7.rna_seq.augmented_star_gene_counts.tsv",4216535,"d5a50e3480525fe5629332edb10700d9","RNAseq","STAR - Counts","76cc9c06-0827-465e-bab3-5f4115295ebe","TCGA-O8-A75V","2953eefa-b97d-4328-90e1-5f991e2c2713","TCGA-O8-A75V-01A","Primary Tumor","Hepatocellular carcinoma, NOS","selected"
"b5ce86e3-f0ee-45c0-bab8-30ad531e3fec","45b13a4b-cff9-49ea-a800-0b337cc1e512.rna_seq.augmented_star_gene_counts.tsv",4218996,"5e8c69ef20efb2e263506f23ecba4027","RNAseq","STAR - Counts","1987b453-f97d-45c7-9c89-b9a33313d645","TCGA-PD-A5DF","0b88d087-50fb-4893-ae37-2fc5990a5b15","TCGA-PD-A5DF-01A","Primary Tumor","Hepatocellular carcinoma, NOS","selected"
"26572c76-a5c1-40d8-988c-126df7987e14","04bd19d1-c3b4-446a-bf70-bbdd4a251690.rna_seq.augmented_star_gene_counts.tsv",4237302,"bf373f4fe3d6a1d7ebb7cb8ccbc03490","RNAseq","STAR - Counts","b0952fd6-62ee-44ef-9a2a-e5262ed4721a","TCGA-QA-A7B7","82d635ac-27d1-4aad-bc9c-d52885345163","TCGA-QA-A7B7-01A","Primary Tumor","Hepatocellular carcinoma, NOS","selected"
"477b84d7-1ae0-42f9-91d5-3d63f89d10d2","ac2bfe26-5c96-4f44-9502-1c703b918913.rna_seq.augmented_star_gene_counts.tsv",4221577,"441bbf72fe96b08d8ab256ac181b0a93","RNAseq","STAR - Counts","c6a74db2-cf97-4c7b-be8c-557ee27e1d43","TCGA-RC-A6M3","642ac714-e100-4da6-a696-0cf9465a10b4","TCGA-RC-A6M3-01A","Primary Tumor","Hepatocellular carcinoma, NOS","selected"
"ff12abd3-0f45-4063-afa7-fa5cad973159","2dae2e49-314d-4a80-8699-7ccbe516e587.rna_seq.augmented_star_gene_counts.tsv",4214665,"14f7cd6dbc656bafca33d49df33cb5ae","RNAseq","STAR - Counts","2d1dc64d-27de-4c83-a7fa-88da5b48bf24","TCGA-RC-A6M4","81585e57-7e85-44bb-88be-f2764e35269d","TCGA-RC-A6M4-01A","Primary Tumor","Hepatocellular carcinoma, NOS","selected"
"a231db46-6db3-43ef-8209-22f5c3c013d6","27e73591-5670-489a-bafa-e4d8b34d74b7.rna_seq.augmented_star_gene_counts.tsv",4226574,"03795a9ba659e751165de6f6492358e7","RNAseq","STAR - Counts","a62f065e-7491-493a-87b3-d213cd87091d","TCGA-RC-A6M6","9dc8f8f5-bfec-48df-9ce8-ee9526c6a4d8","TCGA-RC-A6M6-01A","Primary Tumor","Hepatocellular carcinoma, NOS","selected"
"ec255ed5-156b-4e5b-bbb7-d7841395fefe","79b50c00-e9f0-4be7-9cc4-b798a9f75702.rna_seq.augmented_star_gene_counts.tsv",4217906,"a84e82e8e5dbb1ac7aa20b4aaaa5eb10","RNAseq","STAR - Counts","f5de6712-4de4-43de-8eb5-ec2a798c8438","TCGA-RC-A7S9","d70c86b2-d403-4cb3-a381-076819b5b414","TCGA-RC-A7S9-01A","Primary Tumor","Hepatocellular carcinoma, NOS","selected"
"34580e9c-83f1-4252-9e71-5b6767d75699","fe3fb552-6716-4741-b851-9bb6cd358940.rna_seq.augmented_star_gene_counts.tsv",4221980,"6c29cbcfa380561f00574821e9d0d3a0","RNAseq","STAR - Counts","26d93d77-ab66-45aa-a162-98d091221afb","TCGA-RC-A7SB","a3f87572-a82e-4cd9-821d-a1ea2caf867c","TCGA-RC-A7SB-01A","Primary Tumor","Hepatocellular carcinoma, NOS","selected"
"feb06cd1-e6f5-4e39-9b19-a6479f751c38","d55e7a4a-5576-4da3-a37b-b28390ae0393.rna_seq.augmented_star_gene_counts.tsv",4203580,"07e1f2c4cf68e2cbcefb3274a3f50f56","RNAseq","STAR - Counts","714a6878-ed2a-47f3-9755-b705ac144d68","TCGA-RC-A7SF","ffaa3256-0dc7-4e99-9ed5-cac165f3750e","TCGA-RC-A7SF-01A","Primary Tumor","Hepatocellular carcinoma, NOS","selected"
"0d7d8f96-9010-4f69-b86a-83e8e70cdedc","88e1d720-f964-40b6-acff-d95bda7b538d.rna_seq.augmented_star_gene_counts.tsv",4214574,"2d4427c2db43647e1bba27cd295baa23","RNAseq","STAR - Counts","32a98b3d-4cbd-4dcc-ac71-428fafc5e1c3","TCGA-RC-A7SH","4006aaa4-b2ec-47fe-b35a-319d16e30dd0","TCGA-RC-A7SH-01A","Primary Tumor","Hepatocellular carcinoma, clear cell type","selected"
"520e80a8-33c2-4bbb-9134-67c767bd526f","f68253ac-bbdb-46f8-9cba-fdea46828fc4.rna_seq.augmented_star_gene_counts.tsv",4215418,"e4ec2ed7ce8febd1738ee0561259da58","RNAseq","STAR - Counts","acfd58eb-c546-49c3-a846-684f22428219","TCGA-RC-A7SK","97c393d9-bb30-4504-8621-fd7827b6cd16","TCGA-RC-A7SK-01A","Primary Tumor","Hepatocellular carcinoma, NOS","selected"
"8842358a-057c-4a49-8d0c-a2c72e2a042b","1cb99a58-aee1-4c4c-a9e2-fd8c084fe073.rna_seq.augmented_star_gene_counts.tsv",4218546,"0e9c39e29e93241e52dd1e4b8a4cc1e1","RNAseq","STAR - Counts","08cbbb39-d05a-48b0-a966-5212c5923c8b","TCGA-RG-A7D4","20a2b10b-b7e3-4fe3-b8b6-ecbd4e91c5eb","TCGA-RG-A7D4-01A","Primary Tumor","Hepatocellular carcinoma, NOS","selected"
"01e802a3-1ae8-4601-9540-d99dba62728e","b479840d-e285-405d-ab96-c8d8aa46992d.rna_seq.augmented_star_gene_counts.tsv",4215091,"d93276c07700655343eb891b52194a50","RNAseq","STAR - Counts","59f163d2-6a7c-41b8-b4d6-f07174dafc6e","TCGA-T1-A6J8","44173ac6-a31d-4034-8e96-db1fd1daadbb","TCGA-T1-A6J8-01A","Primary Tumor","Not Reported; Hepatocellular carcinoma, NOS","selected"
"048103cc-f5d1-4ad4-8b82-ea76715bfa53","dffd181a-c6f1-49e0-b23d-d91065a0171a.rna_seq.augmented_star_gene_counts.tsv",4226582,"a65c66dde68ff4e08595cb525c831d74","RNAseq","STAR - Counts","af1e56af-410c-4cad-a4e8-1c6937f1a350","TCGA-UB-A7MB","110dc5cc-bfe1-427d-87ef-037b719bf96f","TCGA-UB-A7MB-01A","Primary Tumor","Hepatocellular carcinoma, NOS","selected"
"c585dac6-771a-4663-a7d6-5c7d7ccae32a","7c1d65f0-c157-4502-a8ed-c88578d4eade.rna_seq.augmented_star_gene_counts.tsv",4230578,"db43e43d70fa5e92750725eecb529b0e","RNAseq","STAR - Counts","f82aff25-0725-48d1-aefd-d60800f7d1ab","TCGA-UB-A7MC","208fa54c-b09d-421b-bacd-fe9e91fca556","TCGA-UB-A7MC-01A","Primary Tumor","Hepatocellular carcinoma, NOS","selected"
"a22db950-b799-4529-b972-4340641ebcf2","ae0d8ed3-e789-4ef8-b0c2-58e8ad7a3962.rna_seq.augmented_star_gene_counts.tsv",4223807,"28a8ca48393577e71595935d63dc0cff","RNAseq","STAR - Counts","c49b41bf-0025-4682-966b-cfe8fb2b2546","TCGA-UB-A7MD","2a293fef-70c7-4884-98ba-a5fea95bf541","TCGA-UB-A7MD-01A","Primary Tumor","Hepatocellular carcinoma, NOS","selected"
"9fa7d342-2062-4a94-8cdf-928b86b98c5b","c5ac862b-ef1c-4299-9afb-99d5f0e52fdc.rna_seq.augmented_star_gene_counts.tsv",4225694,"1636e36e8d2eb69e573c62c5f0e55714","RNAseq","STAR - Counts","be1240f0-34dc-4205-b152-c26f11d28462","TCGA-UB-A7ME","e473499a-00c0-47a4-8e1c-feae98a8df32","TCGA-UB-A7ME-01A","Primary Tumor","Hepatocellular carcinoma, NOS","selected"
"6983f3b9-c9ba-433a-8f13-6429122ca395","6671e092-52aa-4fff-b052-21bfe69a1658.rna_seq.augmented_star_gene_counts.tsv",4225782,"03a2fc14a92425733810d7192c521057","RNAseq","STAR - Counts","8eef926b-f316-4fdb-b84a-262010258feb","TCGA-UB-A7MF","d421eeed-621f-4137-9d3f-1e06c8eb9606","TCGA-UB-A7MF-01A","Primary Tumor","Adenocarcinoma, NOS; Hepatocellular carcinoma, NOS","selected"
"c15f8331-b65f-4f7a-8d4d-d796dfcaf14d","a5c61ad6-de4c-4ca4-ad28-f8f9d55af906.rna_seq.augmented_star_gene_counts.tsv",4223879,"c500444db1e73a7d7aa5b7c644ddc211","RNAseq","STAR - Counts","ae8d4b34-d40a-482d-9d45-23242843df00","TCGA-UB-AA0U","e1af89c8-f9ab-4599-a1f5-c7145d40378e","TCGA-UB-AA0U-01A","Primary Tumor","Hepatocellular carcinoma, NOS","selected"
"417b01fc-a6ad-4cff-b36d-99a6e4f349a1","5e8476a1-5aa4-48d6-b4a8-d76e52a18d43.rna_seq.augmented_star_gene_counts.tsv",4206002,"727cfa6ca2344c871db835f901235410","RNAseq","STAR - Counts","ea214f79-0f6b-403f-8693-c844bf4b77cb","TCGA-UB-AA0V","04a89fe8-95fd-4c44-95ef-7953a6aaf304","TCGA-UB-AA0V-01A","Primary Tumor","Hepatocellular carcinoma, NOS; Squamous cell carcinoma, NOS","selected"
"3483feb0-267e-49c8-a186-d2a10d8b95d6","2406118f-a7ea-42f0-89b7-8a6344b826d8.rna_seq.augmented_star_gene_counts.tsv",4211728,"4ce5a3edc7df395524283160996a2f51","RNAseq","STAR - Counts","491a3734-dcb8-4779-b098-0b5567f13f87","TCGA-WQ-A9G7","59c5fc11-a9e1-4a62-9565-8a1dcc5b27aa","TCGA-WQ-A9G7-01A","Primary Tumor","Hepatocellular carcinoma, NOS","selected"
"19697a4b-519a-4b54-8bbe-74e9a2d28df2","819f5d2c-3340-48d7-913c-b3c96f4c331e.rna_seq.augmented_star_gene_counts.tsv",4196817,"21e05a956776a8a1cc18dc6d2a4dbce4","RNAseq","STAR - Counts","d5471a2b-f14c-44de-9142-5a5fb07b6fc2","TCGA-WQ-AB4B","0ee59a68-ae0f-4421-9805-d4c48c64b613","TCGA-WQ-AB4B-01A","Primary Tumor","Hepatocellular carcinoma, NOS","selected"
"da5a6e23-37a0-474b-8f6a-539b56f6ac74","dc7a905c-1ee0-40c4-94aa-5d5d6e604c51.rna_seq.augmented_star_gene_counts.tsv",4214508,"c13e8ab1c1b7f0db92c2f1b008e7b210","RNAseq","STAR - Counts","5436fafb-bc16-4450-ac8b-568e1e5ee5fe","TCGA-WX-AA44","faf5de3b-b8b2-43d9-89c4-1a6b2ee207a5","TCGA-WX-AA44-01A","Primary Tumor","Hepatocellular carcinoma, NOS","selected"
"5b4d459d-ee3d-46a0-be38-cafa1a5fad66","b8dc06dd-4d60-4c28-94df-e62b6044201c.rna_seq.augmented_star_gene_counts.tsv",4215488,"af12572957808e06f21716950e4c1d6e","RNAseq","STAR - Counts","02c41e28-cf14-42e2-9e15-f43248ae16e0","TCGA-WX-AA46","3117e503-dd64-4fbe-8ea6-406637d39c5f","TCGA-WX-AA46-01A","Primary Tumor","Hepatocellular carcinoma, NOS","selected"
"f930f74f-0f88-4289-8bda-7ebd1dc4ea67","b9a6d63c-70cc-46bd-becc-b595a2052194.rna_seq.augmented_star_gene_counts.tsv",4193893,"a7f6f43da4ccf2413da33609967f6b47","RNAseq","STAR - Counts","39e147c9-2acb-4ba8-a991-e43e1719b2d8","TCGA-WX-AA47","45f1a40f-b2c2-45a2-aec8-954945857c31","TCGA-WX-AA47-01A","Primary Tumor","Hepatocellular carcinoma, NOS","selected"
"3e7b8842-d629-4fac-9da3-5d1c04c2a97e","301b745d-b48e-4639-926f-1f9b6d42dc8e.rna_seq.augmented_star_gene_counts.tsv",4221025,"f1fd8e064f9fb3ed7f5e8d12694c0d03","RNAseq","STAR - Counts","4db9de75-9297-46e5-acc5-9275f52a642a","TCGA-XR-A8TC","607a26fb-b0af-4de3-982d-b8b557e84175","TCGA-XR-A8TC-01A","Primary Tumor","Hepatocellular carcinoma, NOS","selected"
"9a82faa3-37c0-4951-ac43-2c04f2bbf437","d817d1df-e655-4741-9f29-066f02345dfa.rna_seq.augmented_star_gene_counts.tsv",4218843,"bbf568f4dcd0cf29d9aac8c2418aa853","RNAseq","STAR - Counts","574ba00b-fee6-4aab-ac01-6ffaf8fdc0c5","TCGA-XR-A8TD","4ef6344b-e31c-425e-96c8-97daa428f5bc","TCGA-XR-A8TD-01A","Primary Tumor","Hepatocellular carcinoma, clear cell type","selected"
"2ea242f5-b89d-464f-a786-da61b83d4b6f","664b7261-91fd-4b1e-b7c9-bc95a15a0f14.rna_seq.augmented_star_gene_counts.tsv",4215428,"ba0a48120bc2a8446177b2a666f46afa","RNAseq","STAR - Counts","ec4b4d34-2576-4412-b036-7460e64f4398","TCGA-XR-A8TE","14f227ac-51c0-46bf-9194-d4406a10482a","TCGA-XR-A8TE-01A","Primary Tumor","Hepatocellular carcinoma, NOS","selected"
"4c1beb5d-13a1-435f-bf1d-ea8015d486ff","32e9669c-0c2c-47a5-b53b-c833c776607d.rna_seq.augmented_star_gene_counts.tsv",4210397,"be6610fda96e237cfe8043f0a7fcc0b6","RNAseq","STAR - Counts","1e9f910c-82c0-4222-a62f-b656839307fc","TCGA-XR-A8TF","6ddbc513-b220-4814-835c-274365f30040","TCGA-XR-A8TF-01A","Primary Tumor","Hepatocellular carcinoma, NOS","selected"
"8a76a1a8-dbe1-4058-a6d3-fceb2d325b16","9ea1ae11-2d1e-4d55-bbc6-c6f136041c6d.rna_seq.augmented_star_gene_counts.tsv",4223556,"3e68073735f5cd9333e8852fa03437f8","RNAseq","STAR - Counts","1d7d5166-6582-4ea1-b242-37c2c3919a3c","TCGA-XR-A8TG","e96bf364-973c-4282-b3eb-a445b4bc59b6","TCGA-XR-A8TG-01A","Primary Tumor","Hepatocellular carcinoma, NOS; Melanoma, NOS","selected"
"fa95f8cd-d608-430e-a8b3-68a05a5051e2","4344c7ea-ef72-4e2a-b65c-99aa64f4a0b1.rna_seq.augmented_star_gene_counts.tsv",4230679,"271901a98283b79619e3cfb967d6d8b5","RNAseq","STAR - Counts","bb2069d3-e699-4a8a-bb61-b3c28b98a66b","TCGA-YA-A8S7","ae98b44c-15ab-4534-8ecc-274d4784ae4f","TCGA-YA-A8S7-01A","Primary Tumor","Hepatocellular carcinoma, NOS","selected"
"d24185af-562f-4365-b9f9-49c6a0e06644","b496f33b-4f96-408d-9851-c5ccf57640c3.rna_seq.augmented_star_gene_counts.tsv",4213617,"ff9ff77d7b901e8ec1ff3441aed004dc","RNAseq","STAR - Counts","91909c63-debc-42ad-b4be-56870195bdcb","TCGA-ZP-A9CV","c8c067a3-f48a-4b5d-bf4c-0e1530618f1b","TCGA-ZP-A9CV-01A","Primary Tumor","Hepatocellular carcinoma, NOS","selected"
"b4b878d7-e613-41db-b33d-2679036a30c5","eb4729c2-5a8e-454a-92ba-edb13d2f0773.rna_seq.augmented_star_gene_counts.tsv",4213527,"8d263441b7a999747ff10d6b34f8b1f7","RNAseq","STAR - Counts","34fd27ce-930a-4f29-8a6e-dae4949d92eb","TCGA-ZP-A9CY","ab63fd64-07e1-432c-b904-57adbc7b95db","TCGA-ZP-A9CY-01A","Primary Tumor","Hepatocellular carcinoma, NOS","selected"
"290ba806-3ade-4706-9c9b-10d571765187","9262c029-3b86-4582-82a1-ace640871d9c.rna_seq.augmented_star_gene_counts.tsv",4219331,"534392f443b4ec33d40196a3af4b7266","RNAseq","STAR - Counts","22077056-067d-4db5-98e5-106778ceca56","TCGA-ZP-A9CZ","6e118e72-6654-42fc-92f5-c7a39e44bb15","TCGA-ZP-A9CZ-01A","Primary Tumor","Hepatocellular carcinoma, NOS","selected"
"40b00d5b-5a07-45c8-94d0-26fd8724dd93","bff35005-41e0-4aa8-b423-083064236144.rna_seq.augmented_star_gene_counts.tsv",4212703,"4eba726aa9a9eedd7161f01952b7c2c7","RNAseq","STAR - Counts","396ef7c2-343e-4d5c-9b20-adc0a52c1978","TCGA-ZP-A9D0","89213a53-9609-47e5-a4ab-af534237caac","TCGA-ZP-A9D0-01A","Primary Tumor","Hepatocellular carcinoma, NOS","selected"
"d38093cf-9e44-4328-950a-37b81cf775ca","24809123-23ac-405c-b92f-0e9d21cc4dd8.rna_seq.augmented_star_gene_counts.tsv",4217581,"ad42faaf80f75141dc02fc5e40f4b368","RNAseq","STAR - Counts","447ac9e3-0533-461a-bc92-906a7b2180c3","TCGA-ZP-A9D1","d64641fe-43f3-4251-8332-72c6af236178","TCGA-ZP-A9D1-01A","Primary Tumor","Hepatocellular carcinoma, NOS; Clear cell carcinoma","selected"
"9bc77be6-bf4d-4aa0-a3e7-90bc1f9ab087","ccd1e964-a15c-4e87-9837-9c14f94d0e37.rna_seq.augmented_star_gene_counts.tsv",4243884,"fa6149826d0086ecfc415207e2f746e9","RNAseq","STAR - Counts","cbb89556-d783-4e70-8db4-ef53e9a45922","TCGA-ZP-A9D2","44ab8403-654c-49cd-9577-090448c1d9eb","TCGA-ZP-A9D2-01A","Primary Tumor","Hepatocellular carcinoma, NOS","selected"
"51d8982b-ade8-4cd7-83c2-bb32eeff4c8a","be150892-6890-4414-9f4d-aeda4ee38708.rna_seq.augmented_star_gene_counts.tsv",4218507,"2a508eb7ba01193b75fa493b2526b3ed","RNAseq","STAR - Counts","4244912d-8527-410c-a084-a56c55eb1f82","TCGA-ZP-A9D4","545da348-26c6-4e80-90c0-d9422797b8fd","TCGA-ZP-A9D4-01A","Primary Tumor","Hepatocellular carcinoma, NOS","selected"
"f6c89e33-7ba1-43f3-89b2-927ea8162978","f47c6ff3-b50c-4f10-9e83-fae95f86dfce.rna_seq.augmented_star_gene_counts.tsv",4209284,"f94b7a2156206c0ea5d893fe5001f888","RNAseq","STAR - Counts","9197ca4c-e48c-43af-ba61-d894faf3cc24","TCGA-ZS-A9CD","e7570871-e848-416e-b84c-19c052a10a78","TCGA-ZS-A9CD-01A","Primary Tumor","Hepatocellular carcinoma, NOS","selected"
"a7b0c166-d148-41cb-8242-54d8995dac87","025b207d-8097-4c9d-856a-d404887f4bfb.rna_seq.augmented_star_gene_counts.tsv",4220142,"6586209a999a3f763b1a968e69590611","RNAseq","STAR - Counts","7bdc5f86-4d7d-4f1f-bc23-ab51fa9fb947","TCGA-ZS-A9CE","12076740-d690-48ac-9630-5105ac239111","TCGA-ZS-A9CE-01A","Primary Tumor","Hepatocellular carcinoma, NOS; Not Reported; Basaloid squamous cell carcinoma","selected"
"4f20bbeb-a2a5-48ef-9daf-fb41b729ccd1","6ae3f7f6-2ee4-4d30-9263-2945905df4eb.rna_seq.augmented_star_gene_counts.tsv",4219669,"cb78d54fc457263be7abd5ea8347384f","RNAseq","STAR - Counts","7fe5e2d9-c514-47bc-8387-3f940f7a822d","TCGA-ZS-A9CF","b5eb7e48-6f6c-4485-ba52-6430518192b4","TCGA-ZS-A9CF-01A","Primary Tumor","Hepatocellular carcinoma, NOS","selected"
"6d4ab014-ce19-42f0-9ce8-e0b03ba47a86","3be93921-b171-44e3-a1d8-4da348948b56.rna_seq.augmented_star_gene_counts.tsv",4213604,"9aca8e88345e78f9d2569e84ed3f9d82","RNAseq","STAR - Counts","3f6a6891-c6d5-447b-ad32-325fd46ec32b","TCGA-ZS-A9CG","a31bfe51-1193-49d8-b469-1b8d0c1f1cee","TCGA-ZS-A9CG-01A","Primary Tumor","Hepatocellular carcinoma, NOS","selected"
