"case_id","feature","tumor","normal"
"023a1ad1-fb16-437e-9806-5063b47f76bd","AKT1",3.53627674934492,4.13782317644083
"023a1ad1-fb16-437e-9806-5063b47f76bd","ATM",2.3175645636102,1.73768676140986
"023a1ad1-fb16-437e-9806-5063b47f76bd","BAX",5.483061187467,4.17157514169996
"023a1ad1-fb16-437e-9806-5063b47f76bd","BBC3",3.26380063406291,1.7074364418968
"023a1ad1-fb16-437e-9806-5063b47f76bd","BCL2",0.999206299439844,0.660381035242411
"023a1ad1-fb16-437e-9806-5063b47f76bd","CASP3",4.81231338423505,3.59405881000644
"023a1ad1-fb16-437e-9806-5063b47f76bd","CASP9",2.98271071030975,2.02743718270685
"023a1ad1-fb16-437e-9806-5063b47f76bd","CCND1",5.19661884619838,5.26923142856834
"023a1ad1-fb16-437e-9806-5063b47f76bd","CCND2",2.02747257020065,0.846954583696842
"023a1ad1-fb16-437e-9806-5063b47f76bd","CCND3",3.14437273429198,2.68034686361137
"023a1ad1-fb16-437e-9806-5063b47f76bd","CDC25A",2.24263299044665,0.683112521813168
"023a1ad1-fb16-437e-9806-5063b47f76bd","CDK4",4.86593860447191,3.32563106486156
"023a1ad1-fb16-437e-9806-5063b47f76bd","CDK6",1.19949960366036,2.58477012855728
"023a1ad1-fb16-437e-9806-5063b47f76bd","CDKN1A",7.55164905320087,6.43511015738452
"023a1ad1-fb16-437e-9806-5063b47f76bd","E2F1",6.58791999769131,1.45922175682285
"023a1ad1-fb16-437e-9806-5063b47f76bd","GSDME",1.92482200280111,1.14032058464356
"023a1ad1-fb16-437e-9806-5063b47f76bd","MALAT1",3.466457458003,3.50807363995255
"023a1ad1-fb16-437e-9806-5063b47f76bd","MDM2",4.25342205763654,3.20608053821136
"023a1ad1-fb16-437e-9806-5063b47f76bd","miR-204-5p",2.88608887939677,4.92126441019511
"023a1ad1-fb16-437e-9806-5063b47f76bd","MYC",2.58380788277966,3.3880103948449
"023a1ad1-fb16-437e-9806-5063b47f76bd","PPM1D",3.11138192482598,2.58428908589306
"023a1ad1-fb16-437e-9806-5063b47f76bd","PRKAA1",5.65259548167926,4.62161235302432
"023a1ad1-fb16-437e-9806-5063b47f76bd","RB1",3.12474169241965,2.79692994263851
"023a1ad1-fb16-437e-9806-5063b47f76bd","SIRT1",3.96938076494161,3.19866701523745
"023a1ad1-fb16-437e-9806-5063b47f76bd","TP53",4.02435514323939,3.04615924758065
"023a1ad1-fb16-437e-9806-5063b47f76bd","TP53INP1",5.25793464305973,6.16556830351231
"02931491-f56b-4233-a079-812e08bc0c59","AKT1",5.34220626068225,3.79424949192362
"02931491-f56b-4233-a079-812e08bc0c59","ATM",2.77078676863528,2.09423606984577
"02931491-f56b-4233-a079-812e08bc0c59","BAX",6.56221189066959,4.69223747478851
"02931491-f56b-4233-a079-812e08bc0c59","BBC3",4.16354703599569,2.33499724490688
"02931491-f56b-4233-a079-812e08bc0c59","BCL2",2.86876577164952,1.55399937499367
"02931491-f56b-4233-a079-812e08bc0c59","CASP3",5.74268534686427,4.29198657571902
"02931491-f56b-4233-a079-812e08bc0c59","CASP9",4.30042394965671,3.2667865406949
"02931491-f56b-4233-a079-812e08bc0c59","CCND1",5.18636981540584,6.43365554003079
"02931491-f56b-4233-a079-812e08bc0c59","CCND2",3.63712331534114,2.20229233252694
"02931491-f56b-4233-a079-812e08bc0c59","CCND3",5.80078603249983,4.08519518014456
"02931491-f56b-4233-a079-812e08bc0c59","CDC25A",3.61443894532848,1.36474050348113
"02931491-f56b-4233-a079-812e08bc0c59","CDK4",6.582132947141,3.48181557361786
"02931491-f56b-4233-a079-812e08bc0c59","CDK6",3.26148568330575,2.83711572493444
"02931491-f56b-4233-a079-812e08bc0c59","CDKN1A",8.70588807591909,6.97307050791684
"02931491-f56b-4233-a079-812e08bc0c59","E2F1",5.55818496452655,3.06400331193828
"02931491-f56b-4233-a079-812e08bc0c59","GSDME",2.58647653578471,1.72403901576727
"02931491-f56b-4233-a079-812e08bc0c59","MALAT1",4.07171119258341,3.64585149927541
"02931491-f56b-4233-a079-812e08bc0c59","MDM2",5.07554118805207,4.26821728427611
"02931491-f56b-4233-a079-812e08bc0c59","miR-204-5p",4.90466520617779,4.43869745482661
"02931491-f56b-4233-a079-812e08bc0c59","MYC",3.84222461287724,4.88531567122954
"02931491-f56b-4233-a079-812e08bc0c59","PPM1D",4.6517463143774,2.46748817350836
"02931491-f56b-4233-a079-812e08bc0c59","PRKAA1",4.81230311459071,4.42502954752629
"02931491-f56b-4233-a079-812e08bc0c59","RB1",3.62684793971526,3.7200704744766
"02931491-f56b-4233-a079-812e08bc0c59","SIRT1",3.97181942144621,3.3210622180738
"02931491-f56b-4233-a079-812e08bc0c59","TP53",5.26948952860551,3.89169136778093
"02931491-f56b-4233-a079-812e08bc0c59","TP53INP1",5.17689319467685,6.07867600793351
"0bf5bbd4-d9e8-42a6-9ab5-f2c174dec12c","AKT1",3.97409790786915,3.95585213217609
"0bf5bbd4-d9e8-42a6-9ab5-f2c174dec12c","ATM",1.53893540877333,1.51747727843238
"0bf5bbd4-d9e8-42a6-9ab5-f2c174dec12c","BAX",4.59986524733885,3.63828240451948
"0bf5bbd4-d9e8-42a6-9ab5-f2c174dec12c","BBC3",3.44584586376806,1.46680981069519
"0bf5bbd4-d9e8-42a6-9ab5-f2c174dec12c","BCL2",0.670024511326002,1.06357196912567
"0bf5bbd4-d9e8-42a6-9ab5-f2c174dec12c","CASP3",3.4586182340025,3.64347526800004
"0bf5bbd4-d9e8-42a6-9ab5-f2c174dec12c","CASP9",2.31217141323438,2.98167002210513
"0bf5bbd4-d9e8-42a6-9ab5-f2c174dec12c","CCND1",4.64434085388945,6.10986198849144
"0bf5bbd4-d9e8-42a6-9ab5-f2c174dec12c","CCND2",1.3922624619208,0.847435749362521
"0bf5bbd4-d9e8-42a6-9ab5-f2c174dec12c","CCND3",2.97320715411346,3.19604042955292
"0bf5bbd4-d9e8-42a6-9ab5-f2c174dec12c","CDC25A",0.588132943601284,0.180784391078699
"0bf5bbd4-d9e8-42a6-9ab5-f2c174dec12c","CDK4",4.39754287005297,3.44332816323959
"0bf5bbd4-d9e8-42a6-9ab5-f2c174dec12c","CDK6",1.51394546395039,2.19824268160761
"0bf5bbd4-d9e8-42a6-9ab5-f2c174dec12c","CDKN1A",5.26416857943945,8.02167348770866
"0bf5bbd4-d9e8-42a6-9ab5-f2c174dec12c","E2F1",2.24296827763428,0.721416409989807
"0bf5bbd4-d9e8-42a6-9ab5-f2c174dec12c","GSDME",0.735435526343577,0.915482657831815
"0bf5bbd4-d9e8-42a6-9ab5-f2c174dec12c","MALAT1",5.43250515399739,3.61443894532848
"0bf5bbd4-d9e8-42a6-9ab5-f2c174dec12c","MDM2",2.64008872619737,3.20130451275499
"0bf5bbd4-d9e8-42a6-9ab5-f2c174dec12c","miR-204-5p",3.04084299602092,5.02099562378833
"0bf5bbd4-d9e8-42a6-9ab5-f2c174dec12c","MYC",3.1815796587472,5.46799999581648
"0bf5bbd4-d9e8-42a6-9ab5-f2c174dec12c","PPM1D",1.58443341553462,2.254654506772
"0bf5bbd4-d9e8-42a6-9ab5-f2c174dec12c","PRKAA1",3.48470529925278,3.58024198253658
"0bf5bbd4-d9e8-42a6-9ab5-f2c174dec12c","RB1",2.70301207925087,3.15796531725684
"0bf5bbd4-d9e8-42a6-9ab5-f2c174dec12c","SIRT1",2.67615455223729,2.85213870381273
"0bf5bbd4-d9e8-42a6-9ab5-f2c174dec12c","TP53",2.31060187620698,3.14350770643973
"0bf5bbd4-d9e8-42a6-9ab5-f2c174dec12c","TP53INP1",4.84351660043132,6.33908036027321
"0d0a10b4-7b99-4043-a129-89844f258156","AKT1",2.38750040648098,3.64574776506614
"0d0a10b4-7b99-4043-a129-89844f258156","ATM",0.818441575764165,1.2871767517316
"0d0a10b4-7b99-4043-a129-89844f258156","BAX",6.29992415015719,4.05611527009795
"0d0a10b4-7b99-4043-a129-89844f258156","BBC3",3.02543637801671,1.50421358402868
"0d0a10b4-7b99-4043-a129-89844f258156","BCL2",1.0337929888493,0.558855369686171
"0d0a10b4-7b99-4043-a129-89844f258156","CASP3",4.02062665058996,3.26599190280395
"0d0a10b4-7b99-4043-a129-89844f258156","CASP9",2.00611846138338,1.98130469036327
"0d0a10b4-7b99-4043-a129-89844f258156","CCND1",4.35275146406486,4.39075021724018
"0d0a10b4-7b99-4043-a129-89844f258156","CCND2",1.50807363995255,0.603121869839996
"0d0a10b4-7b99-4043-a129-89844f258156","CCND3",3.81337076625331,2.91905399425502
"0d0a10b4-7b99-4043-a129-89844f258156","CDC25A",0.803557702272013,0.258579224184294
"0d0a10b4-7b99-4043-a129-89844f258156","CDK4",4.1015240196461,3.62726830200383
"0d0a10b4-7b99-4043-a129-89844f258156","CDK6",1.87326199537849,1.94208280516701
"0d0a10b4-7b99-4043-a129-89844f258156","CDKN1A",7.70123090261809,4.71734192577402
"0d0a10b4-7b99-4043-a129-89844f258156","E2F1",3.42470714556415,0.794519840624295
"0d0a10b4-7b99-4043-a129-89844f258156","GSDME",0.926758531986465,0.790772037862
"0d0a10b4-7b99-4043-a129-89844f258156","MALAT1",2.69548165452791,1.82936249196671
"0d0a10b4-7b99-4043-a129-89844f258156","MDM2",2.73424354767855,2.55090066464752
"0d0a10b4-7b99-4043-a129-89844f258156","miR-204-5p",4.59901809386113,5.5590883161104
"0d0a10b4-7b99-4043-a129-89844f258156","MYC",6.49158537141017,5.15280807299603
"0d0a10b4-7b99-4043-a129-89844f258156","PPM1D",1.63003263389377,2.05011855314168
"0d0a10b4-7b99-4043-a129-89844f258156","PRKAA1",3.51764104568817,4.35615789897524
"0d0a10b4-7b99-4043-a129-89844f258156","RB1",1.92254040021552,2.29686849852791
"0d0a10b4-7b99-4043-a129-89844f258156","SIRT1",2.19880843205028,3.68084192368142
"0d0a10b4-7b99-4043-a129-89844f258156","TP53",3.84047330500396,3.31940116685832
"0d0a10b4-7b99-4043-a129-89844f258156","TP53INP1",6.39226589703576,5.2569502531339
"0ef95351-0133-4f34-a59c-90934fb161f8","AKT1",4.63729144100789,3.74362267606765
"0ef95351-0133-4f34-a59c-90934fb161f8","ATM",1.36401205355861,1.29219277390189
"0ef95351-0133-4f34-a59c-90934fb161f8","BAX",4.24805659090965,4.24623325059411
"0ef95351-0133-4f34-a59c-90934fb161f8","BBC3",2.87377383370088,2.59407075685154
"0ef95351-0133-4f34-a59c-90934fb161f8","BCL2",1.34630451613469,1.16349873228288
"0ef95351-0133-4f34-a59c-90934fb161f8","CASP3",4.17295948248632,3.92412839711871
"0ef95351-0133-4f34-a59c-90934fb161f8","CASP9",3.41171096007286,2.77591442444655
"0ef95351-0133-4f34-a59c-90934fb161f8","CCND1",6.53544957833453,5.58696885555474
"0ef95351-0133-4f34-a59c-90934fb161f8","CCND2",1.575893164772,1.78341474539886
"0ef95351-0133-4f34-a59c-90934fb161f8","CCND3",5.05441438791731,3.4408326327127
"0ef95351-0133-4f34-a59c-90934fb161f8","CDC25A",0.499169814115249,0.317072477536971
"0ef95351-0133-4f34-a59c-90934fb161f8","CDK4",3.68105564711494,3.353309174704
"0ef95351-0133-4f34-a59c-90934fb161f8","CDK6",2.42360506159868,2.25426144716564
"0ef95351-0133-4f34-a59c-90934fb161f8","CDKN1A",7.11103026877216,7.14198448685353
"0ef95351-0133-4f34-a59c-90934fb161f8","E2F1",1.79626548895221,0.540523296438219
"0ef95351-0133-4f34-a59c-90934fb161f8","GSDME",0.422233000683048,1.42996404351695
"0ef95351-0133-4f34-a59c-90934fb161f8","MALAT1",3.82763613618939,3.97490553884757
"0ef95351-0133-4f34-a59c-90934fb161f8","MDM2",2.81434533496322,3.68693747154524
"0ef95351-0133-4f34-a59c-90934fb161f8","miR-204-5p",4.59254189215136,4.77505264914422
"0ef95351-0133-4f34-a59c-90934fb161f8","MYC",2.40871186102943,4.65870848413888
"0ef95351-0133-4f34-a59c-90934fb161f8","PPM1D",2.42669414420365,2.25308162540759
"0ef95351-0133-4f34-a59c-90934fb161f8","PRKAA1",5.28079303663464,4.3908464982339
"0ef95351-0133-4f34-a59c-90934fb161f8","RB1",3.72468301028074,3.22050021999769
"0ef95351-0133-4f34-a59c-90934fb161f8","SIRT1",2.96395494218993,3.44773787105357
"0ef95351-0133-4f34-a59c-90934fb161f8","TP53",2.91368409612298,3.28411431629143
"0ef95351-0133-4f34-a59c-90934fb161f8","TP53INP1",6.17576210327426,6.21669348377761
"13a97cee-76b0-46a1-b728-d87b2248311e","AKT1",4.58269448545737,3.61389699510504
"13a97cee-76b0-46a1-b728-d87b2248311e","ATM",1.37534531979267,2.464798939984
"13a97cee-76b0-46a1-b728-d87b2248311e","BAX",5.72258351189687,5.17527707821781
"13a97cee-76b0-46a1-b728-d87b2248311e","BBC3",2.54500460365815,2.22425641524557
"13a97cee-76b0-46a1-b728-d87b2248311e","BCL2",0.51984379730947,1.86532499069493
"13a97cee-76b0-46a1-b728-d87b2248311e","CASP3",4.39668012471213,3.94851675012412
"13a97cee-76b0-46a1-b728-d87b2248311e","CASP9",2.4637793767122,2.52734563272576
"13a97cee-76b0-46a1-b728-d87b2248311e","CCND1",2.31704352606971,5.01836266414766
"13a97cee-76b0-46a1-b728-d87b2248311e","CCND2",1.24774526676997,2.21828520454911
"13a97cee-76b0-46a1-b728-d87b2248311e","CCND3",3.41945799045817,4.50857443596533
"13a97cee-76b0-46a1-b728-d87b2248311e","CDC25A",1.57536074246043,0.25906152925887
"13a97cee-76b0-46a1-b728-d87b2248311e","CDK4",4.16070241254297,3.52180456172394
"13a97cee-76b0-46a1-b728-d87b2248311e","CDK6",0.388795699975099,2.08416633865672
"13a97cee-76b0-46a1-b728-d87b2248311e","CDKN1A",8.63829688724285,6.95367847609799
"13a97cee-76b0-46a1-b728-d87b2248311e","E2F1",5.44500491048816,0.669843154312453
"13a97cee-76b0-46a1-b728-d87b2248311e","GSDME",0.289598422140188,1.16780749549812
"13a97cee-76b0-46a1-b728-d87b2248311e","MALAT1",2.49666686388829,3.85552134320739
"13a97cee-76b0-46a1-b728-d87b2248311e","MDM2",3.49647513257579,3.25823246779168
"13a97cee-76b0-46a1-b728-d87b2248311e","miR-204-5p",5.36834818852546,4.64575738960947
"13a97cee-76b0-46a1-b728-d87b2248311e","MYC",1.37984272749168,5.34854404397563
"13a97cee-76b0-46a1-b728-d87b2248311e","PPM1D",2.31254900986085,2.40127548280312
"13a97cee-76b0-46a1-b728-d87b2248311e","PRKAA1",4.15656650675046,4.16324913733254
"13a97cee-76b0-46a1-b728-d87b2248311e","RB1",2.01038599727244,3.32218775662587
"13a97cee-76b0-46a1-b728-d87b2248311e","SIRT1",2.6507645591169,3.63585884650966
"13a97cee-76b0-46a1-b728-d87b2248311e","TP53",2.82397349043209,3.74816064022435
"13a97cee-76b0-46a1-b728-d87b2248311e","TP53INP1",6.17462413271663,5.90035483204547
"17833039-0d7e-47f0-90e6-8cabae94c124","AKT1",4.60160144283495,3.66562016406638
"17833039-0d7e-47f0-90e6-8cabae94c124","ATM",2.04365946941087,1.53510737647353
"17833039-0d7e-47f0-90e6-8cabae94c124","BAX",5.53379692629984,4.53837054302298
"17833039-0d7e-47f0-90e6-8cabae94c124","BBC3",3.38937407245187,2.17960658982592
"17833039-0d7e-47f0-90e6-8cabae94c124","BCL2",2.15985519464567,0.941557082717288
"17833039-0d7e-47f0-90e6-8cabae94c124","CASP3",5.23201216564142,3.68800126973204
"17833039-0d7e-47f0-90e6-8cabae94c124","CASP9",3.04849777249728,2.76691313440974
"17833039-0d7e-47f0-90e6-8cabae94c124","CCND1",5.82950203342571,4.78915017946623
"17833039-0d7e-47f0-90e6-8cabae94c124","CCND2",1.29183927325711,1.17861904253332
"17833039-0d7e-47f0-90e6-8cabae94c124","CCND3",4.44654077011591,3.94804010574598
"17833039-0d7e-47f0-90e6-8cabae94c124","CDC25A",2.19874558184482,0.463099267348104
"17833039-0d7e-47f0-90e6-8cabae94c124","CDK4",5.28458075863195,3.52950864107431
"17833039-0d7e-47f0-90e6-8cabae94c124","CDK6",3.34448766263568,2.0152120850685
"17833039-0d7e-47f0-90e6-8cabae94c124","CDKN1A",4.47503298651032,6.30525191200583
"17833039-0d7e-47f0-90e6-8cabae94c124","E2F1",5.03995867153456,1.00791308164326
"17833039-0d7e-47f0-90e6-8cabae94c124","GSDME",3.07534436686219,0.759922794175581
"17833039-0d7e-47f0-90e6-8cabae94c124","MALAT1",3.99827675402774,3.16653871203212
"17833039-0d7e-47f0-90e6-8cabae94c124","MDM2",4.07495064390948,3.32793162453004
"17833039-0d7e-47f0-90e6-8cabae94c124","MYC",5.1659440877706,4.07733701035659
"17833039-0d7e-47f0-90e6-8cabae94c124","PPM1D",2.59203837071098,2.18459768415576
"17833039-0d7e-47f0-90e6-8cabae94c124","PRKAA1",4.49850618918868,4.07532725070706
"17833039-0d7e-47f0-90e6-8cabae94c124","RB1",2.19459140277373,2.76631952870644
"17833039-0d7e-47f0-90e6-8cabae94c124","SIRT1",3.94155708271729,3.09808262905459
"17833039-0d7e-47f0-90e6-8cabae94c124","TP53",1.77420723002214,3.38335869538511
"17833039-0d7e-47f0-90e6-8cabae94c124","TP53INP1",6.73054078420512,5.19221389566047
"1b1b1af0-b19b-4086-b1b7-669fa0b88235","AKT1",4.40984573770329,3.69401097182459
"1b1b1af0-b19b-4086-b1b7-669fa0b88235","ATM",2.30161690989749,1.30299161561275
"1b1b1af0-b19b-4086-b1b7-669fa0b88235","BAX",4.45940538757991,4.15635616361237
"1b1b1af0-b19b-4086-b1b7-669fa0b88235","BBC3",1.35411359249238,1.72905238989386
"1b1b1af0-b19b-4086-b1b7-669fa0b88235","BCL2",0.960882344685196,0.673285045168599
"1b1b1af0-b19b-4086-b1b7-669fa0b88235","CASP3",4.50609411190632,3.20517352704527
"1b1b1af0-b19b-4086-b1b7-669fa0b88235","CASP9",2.38250125718911,1.93470520017256
"1b1b1af0-b19b-4086-b1b7-669fa0b88235","CCND1",6.32810042737252,6.4875828173501
"1b1b1af0-b19b-4086-b1b7-669fa0b88235","CCND2",0.886355043525156,1.01899017538475
"1b1b1af0-b19b-4086-b1b7-669fa0b88235","CCND3",2.9659504735585,2.84378289759757
"1b1b1af0-b19b-4086-b1b7-669fa0b88235","CDC25A",1.51959222442082,0.402722176845605
"1b1b1af0-b19b-4086-b1b7-669fa0b88235","CDK4",3.66925358652116,3.10116259677204
"1b1b1af0-b19b-4086-b1b7-669fa0b88235","CDK6",3.53256632326751,2.38761068951205
"1b1b1af0-b19b-4086-b1b7-669fa0b88235","CDKN1A",6.53781321970481,6.34115496247645
"1b1b1af0-b19b-4086-b1b7-669fa0b88235","E2F1",3.05568156207197,1.63371018967342
"1b1b1af0-b19b-4086-b1b7-669fa0b88235","GSDME",2.40294041979903,1.17427857103612
"1b1b1af0-b19b-4086-b1b7-669fa0b88235","MALAT1",4.57301089820435,3.0355711272393
"1b1b1af0-b19b-4086-b1b7-669fa0b88235","MDM2",5.15551043652643,3.14280551008583
"1b1b1af0-b19b-4086-b1b7-669fa0b88235","miR-204-5p",2.81208784601968,4.72847564920871
"1b1b1af0-b19b-4086-b1b7-669fa0b88235","MYC",2.20423463918128,3.71519051685079
"1b1b1af0-b19b-4086-b1b7-669fa0b88235","PPM1D",2.69721780342278,1.82093458349474
"1b1b1af0-b19b-4086-b1b7-669fa0b88235","PRKAA1",4.90960031594563,3.80415684099774
"1b1b1af0-b19b-4086-b1b7-669fa0b88235","RB1",3.88036227834923,2.59423800229603
"1b1b1af0-b19b-4086-b1b7-669fa0b88235","SIRT1",3.53546824155634,2.8363685336675
"1b1b1af0-b19b-4086-b1b7-669fa0b88235","TP53",4.50688117267127,2.92954484764573
"1b1b1af0-b19b-4086-b1b7-669fa0b88235","TP53INP1",5.35679879159478,5.34203554353532
"23103931-cc29-4f89-ae9c-79d53401ecea","AKT1",4.20325598081933,3.50803559770854
"23103931-cc29-4f89-ae9c-79d53401ecea","ATM",2.50825115716221,1.23854231427915
"23103931-cc29-4f89-ae9c-79d53401ecea","BAX",5.26647548459702,3.8196375310099
"23103931-cc29-4f89-ae9c-79d53401ecea","BBC3",3.13454953446445,2.27184396115338
"23103931-cc29-4f89-ae9c-79d53401ecea","BCL2",1.3918226996645,1.30486145148845
"23103931-cc29-4f89-ae9c-79d53401ecea","CASP3",4.36681177312713,3.10467213128256
"23103931-cc29-4f89-ae9c-79d53401ecea","CASP9",3.6533581585621,2.18653225094841
"23103931-cc29-4f89-ae9c-79d53401ecea","CCND1",5.84424001018705,5.25146536801866
"23103931-cc29-4f89-ae9c-79d53401ecea","CCND2",1.69175747504129,1.07429990961054
"23103931-cc29-4f89-ae9c-79d53401ecea","CCND3",4.85825458376136,3.03915594483476
"23103931-cc29-4f89-ae9c-79d53401ecea","CDC25A",1.41061246642075,0.254352162733993
"23103931-cc29-4f89-ae9c-79d53401ecea","CDK4",4.90204945377389,3.22649311631779
"23103931-cc29-4f89-ae9c-79d53401ecea","CDK6",3.83532787960195,1.62727997698585
"23103931-cc29-4f89-ae9c-79d53401ecea","CDKN1A",7.20373267037063,8.419439028617
"23103931-cc29-4f89-ae9c-79d53401ecea","E2F1",2.98535469617264,0.426533138116673
"23103931-cc29-4f89-ae9c-79d53401ecea","GSDME",2.29113201200875,0.752577341476268
"23103931-cc29-4f89-ae9c-79d53401ecea","MALAT1",4.14270750202152,3.323759155112
"23103931-cc29-4f89-ae9c-79d53401ecea","MDM2",4.14189868134276,3.2687338010779
"23103931-cc29-4f89-ae9c-79d53401ecea","miR-204-5p",3.57956467070772,5.36659470923131
"23103931-cc29-4f89-ae9c-79d53401ecea","MYC",3.06272616292883,5.74637726699733
"23103931-cc29-4f89-ae9c-79d53401ecea","PPM1D",2.74258834700716,2.28113441333636
"23103931-cc29-4f89-ae9c-79d53401ecea","PRKAA1",4.81534999014958,4.64897731336924
"23103931-cc29-4f89-ae9c-79d53401ecea","RB1",4.05987438828141,2.91769907318502
"23103931-cc29-4f89-ae9c-79d53401ecea","SIRT1",3.90163925790899,3.20186906401356
"23103931-cc29-4f89-ae9c-79d53401ecea","TP53",4.07555830166924,2.96661503777171
"23103931-cc29-4f89-ae9c-79d53401ecea","TP53INP1",7.22926874114439,5.41112452278056
"2854ffe8-1f77-497a-bf49-11e0189fee35","AKT1",3.41810897120884,3.86718482245741
"2854ffe8-1f77-497a-bf49-11e0189fee35","ATM",2.07464243793449,1.77959592475874
"2854ffe8-1f77-497a-bf49-11e0189fee35","BAX",6.68188352649739,4.82611624958344
"2854ffe8-1f77-497a-bf49-11e0189fee35","BBC3",4.53216732028056,2.16722945407167
"2854ffe8-1f77-497a-bf49-11e0189fee35","BCL2",0.497637911121116,1.08630822330885
"2854ffe8-1f77-497a-bf49-11e0189fee35","CASP3",4.49791249671214,3.70280158409201
"2854ffe8-1f77-497a-bf49-11e0189fee35","CASP9",3.9697215042999,2.50716034911752
"2854ffe8-1f77-497a-bf49-11e0189fee35","CCND1",5.05674391523359,6.47696163031414
"2854ffe8-1f77-497a-bf49-11e0189fee35","CCND2",1.09794783553483,0.640250721454018
"2854ffe8-1f77-497a-bf49-11e0189fee35","CCND3",4.50466488011095,3.42709658082678
"2854ffe8-1f77-497a-bf49-11e0189fee35","CDC25A",2.66659754586972,0.629286669533358
"2854ffe8-1f77-497a-bf49-11e0189fee35","CDK4",4.99291341795973,3.7126728101624
"2854ffe8-1f77-497a-bf49-11e0189fee35","CDK6",4.01660328788119,2.84881820741059
"2854ffe8-1f77-497a-bf49-11e0189fee35","CDKN1A",7.60474446383912,6.48046709814866
"2854ffe8-1f77-497a-bf49-11e0189fee35","E2F1",4.93403992778807,2.08814159686902
"2854ffe8-1f77-497a-bf49-11e0189fee35","GSDME",3.71840546805653,1.54369383828899
"2854ffe8-1f77-497a-bf49-11e0189fee35","MALAT1",4.49061505352474,2.6706590814004
"2854ffe8-1f77-497a-bf49-11e0189fee35","MDM2",4.64858623779419,3.73294208313399
"2854ffe8-1f77-497a-bf49-11e0189fee35","miR-204-5p",7.48710512508883,4.84512644597792
"2854ffe8-1f77-497a-bf49-11e0189fee35","MYC",6.09205094591935,5.79360460973632
"2854ffe8-1f77-497a-bf49-11e0189fee35","PPM1D",3.36759472196103,2.25414048420073
"2854ffe8-1f77-497a-bf49-11e0189fee35","PRKAA1",4.75278069850626,4.49421717817905
"2854ffe8-1f77-497a-bf49-11e0189fee35","RB1",4.22217084758389,3.00922174622493
"2854ffe8-1f77-497a-bf49-11e0189fee35","SIRT1",3.10097764772482,3.56755761607287
"2854ffe8-1f77-497a-bf49-11e0189fee35","TP53",4.0656498552297,2.94746044355039
"2854ffe8-1f77-497a-bf49-11e0189fee35","TP53INP1",5.92407612564534,5.76563286750506
"357c1c08-f368-4cae-8f20-9be241b30479","AKT1",3.25103734334185,3.39491193948721
"357c1c08-f368-4cae-8f20-9be241b30479","ATM",1.17606740578593,1.27887686010211
"357c1c08-f368-4cae-8f20-9be241b30479","BAX",3.69157882970894,3.86543387670141
"357c1c08-f368-4cae-8f20-9be241b30479","BBC3",2.02286490228747,1.74966297821379
"357c1c08-f368-4cae-8f20-9be241b30479","BCL2",0.982728961298596,0.479644474576236
"357c1c08-f368-4cae-8f20-9be241b30479","CASP3",2.61232890583627,3.81579058750426
"357c1c08-f368-4cae-8f20-9be241b30479","CASP9",1.96919654799175,1.88248654514007
"357c1c08-f368-4cae-8f20-9be241b30479","CCND1",5.31176466015909,3.92844612766338
"357c1c08-f368-4cae-8f20-9be241b30479","CCND2",0.576763977673125,0.772223505562853
"357c1c08-f368-4cae-8f20-9be241b30479","CCND3",2.25244593690165,2.59292340835905
"357c1c08-f368-4cae-8f20-9be241b30479","CDC25A",0.139076515046112,0.180529812810721
"357c1c08-f368-4cae-8f20-9be241b30479","CDK4",3.40899711150803,3.50080205305716
"357c1c08-f368-4cae-8f20-9be241b30479","CDK6",2.74474236302594,1.48692027377546
"357c1c08-f368-4cae-8f20-9be241b30479","CDKN1A",5.9705660987714,6.10355848506973
"357c1c08-f368-4cae-8f20-9be241b30479","E2F1",1.8734588777622,0.463936279506408
"357c1c08-f368-4cae-8f20-9be241b30479","GSDME",1.45775186872739,0.658645654337596
"357c1c08-f368-4cae-8f20-9be241b30479","MALAT1",2.34360680099489,2.18253340164722
"357c1c08-f368-4cae-8f20-9be241b30479","MDM2",2.48846359339299,2.73398334867746
"357c1c08-f368-4cae-8f20-9be241b30479","miR-204-5p",3.24817973523294,5.40631318754348
"357c1c08-f368-4cae-8f20-9be241b30479","MYC",2.72167888520947,4.86678931431532
"357c1c08-f368-4cae-8f20-9be241b30479","PPM1D",1.48083381445042,2.08871828817065
"357c1c08-f368-4cae-8f20-9be241b30479","PRKAA1",3.4005652530947,3.8993496716628
"357c1c08-f368-4cae-8f20-9be241b30479","RB1",2.97355617472031,2.30792391115498
"357c1c08-f368-4cae-8f20-9be241b30479","SIRT1",2.87068035166121,3.82595857771618
"357c1c08-f368-4cae-8f20-9be241b30479","TP53",2.81229284487327,3.22527492986957
"357c1c08-f368-4cae-8f20-9be241b30479","TP53INP1",2.9996753570921,4.7577753433364
"39baf24a-4032-4c23-b3fe-2c50df1881f6","AKT1",4.13941219212318,3.67904089036119
"39baf24a-4032-4c23-b3fe-2c50df1881f6","ATM",2.60022217043405,1.27816321399783
"39baf24a-4032-4c23-b3fe-2c50df1881f6","BAX",6.75855636218021,4.94385101806443
"39baf24a-4032-4c23-b3fe-2c50df1881f6","BBC3",3.92806706460443,2.03706588390463
"39baf24a-4032-4c23-b3fe-2c50df1881f6","BCL2",1.5554235315619,0.83220140590282
"39baf24a-4032-4c23-b3fe-2c50df1881f6","CASP3",5.13101733012335,2.98939336442271
"39baf24a-4032-4c23-b3fe-2c50df1881f6","CASP9",2.41589384525681,3.10379974315767
"39baf24a-4032-4c23-b3fe-2c50df1881f6","CCND1",4.21950930481029,6.20698697950483
"39baf24a-4032-4c23-b3fe-2c50df1881f6","CCND2",2.18370881687541,0.993638135431586
"39baf24a-4032-4c23-b3fe-2c50df1881f6","CCND3",4.2039293690189,2.9243279616891
"39baf24a-4032-4c23-b3fe-2c50df1881f6","CDC25A",3.58296539092829,0.385265359350681
"39baf24a-4032-4c23-b3fe-2c50df1881f6","CDK4",5.48571984484182,3.14982839580908
"39baf24a-4032-4c23-b3fe-2c50df1881f6","CDK6",3.65537472835209,2.08834516129908
"39baf24a-4032-4c23-b3fe-2c50df1881f6","CDKN1A",9.29617861541096,8.38049613091888
"39baf24a-4032-4c23-b3fe-2c50df1881f6","E2F1",5.30147790396275,0.679603954836218
"39baf24a-4032-4c23-b3fe-2c50df1881f6","GSDME",3.0746766862945,1.05213762333518
"39baf24a-4032-4c23-b3fe-2c50df1881f6","MALAT1",4.50660194219101,3.7454417263436
"39baf24a-4032-4c23-b3fe-2c50df1881f6","MDM2",5.412700244455,4.21838596088116
"39baf24a-4032-4c23-b3fe-2c50df1881f6","miR-204-5p",2.91391057040137,3.81687797956261
"39baf24a-4032-4c23-b3fe-2c50df1881f6","MYC",7.68126793312824,6.07614645886414
"39baf24a-4032-4c23-b3fe-2c50df1881f6","PPM1D",4.74797810690445,1.82423832660371
"39baf24a-4032-4c23-b3fe-2c50df1881f6","PRKAA1",6.14792329470264,4.27130614379734
"39baf24a-4032-4c23-b3fe-2c50df1881f6","RB1",3.10173410760804,2.73487216825608
"39baf24a-4032-4c23-b3fe-2c50df1881f6","SIRT1",3.3832480868296,2.60409505201058
"39baf24a-4032-4c23-b3fe-2c50df1881f6","TP53",5.24250342679769,2.93862454546622
"39baf24a-4032-4c23-b3fe-2c50df1881f6","TP53INP1",8.19643393548262,5.12422472712194
"3a2d7482-c246-411e-841f-71d96e353328","AKT1",3.88191907497324,3.83202920246923
"3a2d7482-c246-411e-841f-71d96e353328","ATM",1.94942287468142,1.55222949842233
"3a2d7482-c246-411e-841f-71d96e353328","BAX",4.83465054610851,4.18391520988044
"3a2d7482-c246-411e-841f-71d96e353328","BBC3",3.18091166336857,1.46320392042862
"3a2d7482-c246-411e-841f-71d96e353328","BCL2",1.09572192227333,0.874600266049579
"3a2d7482-c246-411e-841f-71d96e353328","CASP3",4.70012895035609,3.62624053342718
"3a2d7482-c246-411e-841f-71d96e353328","CASP9",2.809579079069,2.30836087519861
"3a2d7482-c246-411e-841f-71d96e353328","CCND1",4.64832162654502,5.96213716215553
"3a2d7482-c246-411e-841f-71d96e353328","CCND2",1.55040819321728,1.0888878593977
"3a2d7482-c246-411e-841f-71d96e353328","CCND3",4.0001983569314,3.45525487822668
"3a2d7482-c246-411e-841f-71d96e353328","CDC25A",1.35411359249238,0.410123978412927
"3a2d7482-c246-411e-841f-71d96e353328","CDK4",3.83830639213607,2.98280196294521
"3a2d7482-c246-411e-841f-71d96e353328","CDK6",0.60255189747166,2.23936748861617
"3a2d7482-c246-411e-841f-71d96e353328","CDKN1A",7.53495258124371,5.3225771616267
"3a2d7482-c246-411e-841f-71d96e353328","E2F1",6.9050247061772,1.51777960346301
"3a2d7482-c246-411e-841f-71d96e353328","GSDME",0.723427500708536,1.24476530756931
"3a2d7482-c246-411e-841f-71d96e353328","MALAT1",3.57584477086223,2.3953096273631
"3a2d7482-c246-411e-841f-71d96e353328","MDM2",4.61861455321115,2.9860285931621
"3a2d7482-c246-411e-841f-71d96e353328","miR-204-5p",4.5250135803327,4.82203692703896
"3a2d7482-c246-411e-841f-71d96e353328","MYC",3.28835856219366,2.15736714811149
"3a2d7482-c246-411e-841f-71d96e353328","PPM1D",3.19707905294604,2.03801469018672
"3a2d7482-c246-411e-841f-71d96e353328","PRKAA1",4.66377724913719,4.14320564059543
"3a2d7482-c246-411e-841f-71d96e353328","RB1",2.2466209032727,2.89324570309532
"3a2d7482-c246-411e-841f-71d96e353328","SIRT1",3.93646833875984,3.23305974492279
"3a2d7482-c246-411e-841f-71d96e353328","TP53",3.42254250093319,2.71848218820762
"3a2d7482-c246-411e-841f-71d96e353328","TP53INP1",7.05451098403539,4.79050619889456
"3acf7438-fd65-442c-8a30-68b6714537f3","AKT1",4.2953336500183,3.96140107316428
"3acf7438-fd65-442c-8a30-68b6714537f3","ATM",2.34184346259505,1.67414423637292
"3acf7438-fd65-442c-8a30-68b6714537f3","BAX",5.5281055557375,4.35538986145014
"3acf7438-fd65-442c-8a30-68b6714537f3","BBC3",3.0416109697459,2.2563162673354
"3acf7438-fd65-442c-8a30-68b6714537f3","BCL2",1.34232717310665,0.877037450698698
"3acf7438-fd65-442c-8a30-68b6714537f3","CASP3",4.25679178280132,3.56727771623319
"3acf7438-fd65-442c-8a30-68b6714537f3","CASP9",2.79840310741711,2.42368573044214
"3acf7438-fd65-442c-8a30-68b6714537f3","CCND1",5.67174060656084,6.21707170074606
"3acf7438-fd65-442c-8a30-68b6714537f3","CCND2",2.51561153949204,0.920903029224632
"3acf7438-fd65-442c-8a30-68b6714537f3","CCND3",3.8176641844498,2.9035974953528
"3acf7438-fd65-442c-8a30-68b6714537f3","CDC25A",2.65944510222473,1.23584957650756
"3acf7438-fd65-442c-8a30-68b6714537f3","CDK4",5.43943364673238,3.63755228688009
"3acf7438-fd65-442c-8a30-68b6714537f3","CDK6",2.90404086473437,2.93351598681992
"3acf7438-fd65-442c-8a30-68b6714537f3","CDKN1A",5.63080441748939,6.13852780142227
"3acf7438-fd65-442c-8a30-68b6714537f3","E2F1",4.87493955652121,2.40310408035101
"3acf7438-fd65-442c-8a30-68b6714537f3","GSDME",2.3649925735523,1.35021433796647
"3acf7438-fd65-442c-8a30-68b6714537f3","MALAT1",5.45293472068357,2.82260779406025
"3acf7438-fd65-442c-8a30-68b6714537f3","MDM2",3.38078485047513,3.87689997729062
"3acf7438-fd65-442c-8a30-68b6714537f3","miR-204-5p",4.18470216944866,4.77746453437024
"3acf7438-fd65-442c-8a30-68b6714537f3","MYC",5.46301423112997,4.27167964934258
"3acf7438-fd65-442c-8a30-68b6714537f3","PPM1D",3.15735097793523,2.41123640494181
"3acf7438-fd65-442c-8a30-68b6714537f3","PRKAA1",5.62107015999383,4.02856031212654
"3acf7438-fd65-442c-8a30-68b6714537f3","RB1",3.34140229103202,2.95285537717374
"3acf7438-fd65-442c-8a30-68b6714537f3","SIRT1",3.82753452148831,3.64114137036725
"3acf7438-fd65-442c-8a30-68b6714537f3","TP53",3.14256047744001,3.190836067024
"3acf7438-fd65-442c-8a30-68b6714537f3","TP53INP1",8.56642969902196,5.18851565829279
"3dc48ea9-a3c6-437f-af5a-88feb300cc5f","AKT1",4.03327321778857,3.72171169125454
"3dc48ea9-a3c6-437f-af5a-88feb300cc5f","ATM",2.03576465360098,1.70518171234615
"3dc48ea9-a3c6-437f-af5a-88feb300cc5f","BAX",4.94297890801355,3.60841895270483
"3dc48ea9-a3c6-437f-af5a-88feb300cc5f","BBC3",2.50982249967816,1.25809675781716
"3dc48ea9-a3c6-437f-af5a-88feb300cc5f","BCL2",1.3540007188045,1.04628150321191
"3dc48ea9-a3c6-437f-af5a-88feb300cc5f","CASP3",3.95823949336263,3.70425226909591
"3dc48ea9-a3c6-437f-af5a-88feb300cc5f","CASP9",2.15720543819248,2.93853045522736
"3dc48ea9-a3c6-437f-af5a-88feb300cc5f","CCND1",7.34918478787269,6.07326540866283
"3dc48ea9-a3c6-437f-af5a-88feb300cc5f","CCND2",1.42352438824433,1.13119435170845
"3dc48ea9-a3c6-437f-af5a-88feb300cc5f","CCND3",3.53923327086604,2.65761714139684
"3dc48ea9-a3c6-437f-af5a-88feb300cc5f","CDC25A",1.33473987866864,0.725173999367308
"3dc48ea9-a3c6-437f-af5a-88feb300cc5f","CDK4",4.06458110919057,3.28694027342252
"3dc48ea9-a3c6-437f-af5a-88feb300cc5f","CDK6",2.79331327810539,2.12865633901015
"3dc48ea9-a3c6-437f-af5a-88feb300cc5f","CDKN1A",6.97318763402061,6.23925481901917
"3dc48ea9-a3c6-437f-af5a-88feb300cc5f","E2F1",1.05762355847813,0.421802281157266
"3dc48ea9-a3c6-437f-af5a-88feb300cc5f","GSDME",1.9429835981871,1.24944534108584
"3dc48ea9-a3c6-437f-af5a-88feb300cc5f","MALAT1",3.48308054085444,3.05864552416374
"3dc48ea9-a3c6-437f-af5a-88feb300cc5f","MDM2",3.48787218265796,3.25058266478754
"3dc48ea9-a3c6-437f-af5a-88feb300cc5f","miR-204-5p",4.97907965028518,4.8436897494239
"3dc48ea9-a3c6-437f-af5a-88feb300cc5f","MYC",6.25405164556399,3.96837649720413
"3dc48ea9-a3c6-437f-af5a-88feb300cc5f","PPM1D",2.79114725656018,2.59411854324266
"3dc48ea9-a3c6-437f-af5a-88feb300cc5f","PRKAA1",4.78440451939295,4.71105982995305
"3dc48ea9-a3c6-437f-af5a-88feb300cc5f","RB1",3.57626816254181,3.06222535007033
"3dc48ea9-a3c6-437f-af5a-88feb300cc5f","SIRT1",3.88824643798524,4.05371957360449
"3dc48ea9-a3c6-437f-af5a-88feb300cc5f","TP53",3.98038181579531,3.08946425253106
"3dc48ea9-a3c6-437f-af5a-88feb300cc5f","TP53INP1",6.19810710428026,6.63896727818687
"42cb60f0-1a9e-4f59-8e2e-50c25e85cb98","AKT1",3.25536476595226,3.57799673021038
"42cb60f0-1a9e-4f59-8e2e-50c25e85cb98","ATM",1.08086228642775,1.09605940269333
"42cb60f0-1a9e-4f59-8e2e-50c25e85cb98","BAX",5.98609687596731,3.77407014533718
"42cb60f0-1a9e-4f59-8e2e-50c25e85cb98","BBC3",3.05380644369579,1.4220714959299
"42cb60f0-1a9e-4f59-8e2e-50c25e85cb98","BCL2",0.901030988199592,0.381283372503784
"42cb60f0-1a9e-4f59-8e2e-50c25e85cb98","CASP3",3.80297898731132,3.04743369011381
"42cb60f0-1a9e-4f59-8e2e-50c25e85cb98","CASP9",2.31176466015909,1.50680502426355
"42cb60f0-1a9e-4f59-8e2e-50c25e85cb98","CCND1",4.96490223987274,4.72347664989013
"42cb60f0-1a9e-4f59-8e2e-50c25e85cb98","CCND2",0.834953869079351,1.06729452146853
"42cb60f0-1a9e-4f59-8e2e-50c25e85cb98","CCND3",4.31286843752536,2.28267702209754
"42cb60f0-1a9e-4f59-8e2e-50c25e85cb98","CDC25A",1.3817263586256,0.565889584403189
"42cb60f0-1a9e-4f59-8e2e-50c25e85cb98","CDK4",3.7483646207263,2.94525185444722
"42cb60f0-1a9e-4f59-8e2e-50c25e85cb98","CDK6",2.85612917765534,1.5178803643962
"42cb60f0-1a9e-4f59-8e2e-50c25e85cb98","CDKN1A",5.86599302535138,4.57366536306438
"42cb60f0-1a9e-4f59-8e2e-50c25e85cb98","E2F1",3.73848683512076,0.773321222131662
"42cb60f0-1a9e-4f59-8e2e-50c25e85cb98","GSDME",0.997400808952043,0.74441946557514
"42cb60f0-1a9e-4f59-8e2e-50c25e85cb98","MALAT1",3.2253520607761,2.7335495793629
"42cb60f0-1a9e-4f59-8e2e-50c25e85cb98","MDM2",3.12566763107005,2.53109445263185
"42cb60f0-1a9e-4f59-8e2e-50c25e85cb98","miR-204-5p",4.17946025249885,5.18043095273363
"42cb60f0-1a9e-4f59-8e2e-50c25e85cb98","MYC",2.54005207466738,3.33909461664611
"42cb60f0-1a9e-4f59-8e2e-50c25e85cb98","PPM1D",1.6934088965254,1.63835192026579
"42cb60f0-1a9e-4f59-8e2e-50c25e85cb98","PRKAA1",3.84550008704888,4.01206802330909
"42cb60f0-1a9e-4f59-8e2e-50c25e85cb98","RB1",2.1037326145235,1.85738389432265
"42cb60f0-1a9e-4f59-8e2e-50c25e85cb98","SIRT1",2.7418121132759,3.05413650234631
"42cb60f0-1a9e-4f59-8e2e-50c25e85cb98","TP53",3.88120452787092,2.93666620377139
"42cb60f0-1a9e-4f59-8e2e-50c25e85cb98","TP53INP1",5.64965569302543,5.11184510346456
"48d33449-b969-423a-b4e7-541809109617","AKT1",3.799087306074,4.05989168875378
"48d33449-b969-423a-b4e7-541809109617","ATM",2.24665130299963,1.26225273429815
"48d33449-b969-423a-b4e7-541809109617","BAX",5.03960780770592,3.59244507705236
"48d33449-b969-423a-b4e7-541809109617","BBC3",1.94215789273779,0.672561118644777
"48d33449-b969-423a-b4e7-541809109617","BCL2",0.506297265471522,0.489851170883661
"48d33449-b969-423a-b4e7-541809109617","CASP3",3.66814182266774,3.72224741775185
"48d33449-b969-423a-b4e7-541809109617","CASP9",3.11519974938544,2.33634052317031
"48d33449-b969-423a-b4e7-541809109617","CCND1",7.42507655846006,4.21396933414833
"48d33449-b969-423a-b4e7-541809109617","CCND2",1.0779949188495,0.647268453104383
"48d33449-b969-423a-b4e7-541809109617","CCND3",4.19772388206679,2.48635397600204
"48d33449-b969-423a-b4e7-541809109617","CDC25A",1.63807383718072,0.237074171302158
"48d33449-b969-423a-b4e7-541809109617","CDK4",4.99114992861362,3.4707841258672
"48d33449-b969-423a-b4e7-541809109617","CDK6",3.83712581946413,2.36056093042883
"48d33449-b969-423a-b4e7-541809109617","CDKN1A",5.87085539905913,4.18886771506962
"48d33449-b969-423a-b4e7-541809109617","E2F1",3.17251951815076,0.367818343606193
"48d33449-b969-423a-b4e7-541809109617","GSDME",2.43648169189106,1.52341140611087
"48d33449-b969-423a-b4e7-541809109617","MALAT1",3.46721425769088,1.46733165655232
"48d33449-b969-423a-b4e7-541809109617","MDM2",3.37412137667978,2.63391938876457
"48d33449-b969-423a-b4e7-541809109617","miR-204-5p",6.69108903265157,5.41866947324906
"48d33449-b969-423a-b4e7-541809109617","MYC",5.03554033656081,3.85975094150178
"48d33449-b969-423a-b4e7-541809109617","PPM1D",2.86914099263047,2.29178034806092
"48d33449-b969-423a-b4e7-541809109617","PRKAA1",4.359816313617,3.85062942547714
"48d33449-b969-423a-b4e7-541809109617","RB1",3.74680719713056,2.2637856138908
"48d33449-b969-423a-b4e7-541809109617","SIRT1",3.81935140972563,3.51737648934187
"48d33449-b969-423a-b4e7-541809109617","TP53",4.06358922531452,3.2475478068903
"48d33449-b969-423a-b4e7-541809109617","TP53INP1",4.80529761544499,6.24102023751197
"4bbdbe77-f3cb-4b64-9826-72debb734784","AKT1",5.16736997155824,3.00993831959016
"4bbdbe77-f3cb-4b64-9826-72debb734784","ATM",2.34118877247874,1.26915286721717
"4bbdbe77-f3cb-4b64-9826-72debb734784","BAX",4.77395941358165,3.62326990638142
"4bbdbe77-f3cb-4b64-9826-72debb734784","BBC3",3.03220666043839,1.57322908614733
"4bbdbe77-f3cb-4b64-9826-72debb734784","BCL2",1.06825806174729,0.538339500032562
"4bbdbe77-f3cb-4b64-9826-72debb734784","CASP3",5.09977069347418,3.13860152135772
"4bbdbe77-f3cb-4b64-9826-72debb734784","CASP9",3.41802798992652,1.98597396459092
"4bbdbe77-f3cb-4b64-9826-72debb734784","CCND1",3.45283261387881,3.94483970938664
"4bbdbe77-f3cb-4b64-9826-72debb734784","CCND2",3.39136905439671,0.989792977782514
"4bbdbe77-f3cb-4b64-9826-72debb734784","CCND3",4.10931040690884,2.63068503645576
"4bbdbe77-f3cb-4b64-9826-72debb734784","CDC25A",2.98386007192363,0.705137466719021
"4bbdbe77-f3cb-4b64-9826-72debb734784","CDK4",3.50175758573866,2.69403326608513
"4bbdbe77-f3cb-4b64-9826-72debb734784","CDK6",1.24031432933371,1.66352679508257
"4bbdbe77-f3cb-4b64-9826-72debb734784","CDKN1A",7.80839985339329,5.94896754816796
"4bbdbe77-f3cb-4b64-9826-72debb734784","E2F1",6.05613912025706,0.786596361890807
"4bbdbe77-f3cb-4b64-9826-72debb734784","GSDME",1.51510687126676,0.79941892199108
"4bbdbe77-f3cb-4b64-9826-72debb734784","MALAT1",5.61651649764222,2.26339503451731
"4bbdbe77-f3cb-4b64-9826-72debb734784","MDM2",3.99539406494219,2.98706614318418
"4bbdbe77-f3cb-4b64-9826-72debb734784","miR-204-5p",5.12451354745275,4.08010460951947
"4bbdbe77-f3cb-4b64-9826-72debb734784","MYC",3.10954443697253,4.56746635035263
"4bbdbe77-f3cb-4b64-9826-72debb734784","PPM1D",2.80784947558158,2.00995622936491
"4bbdbe77-f3cb-4b64-9826-72debb734784","PRKAA1",5.42153638226124,4.27483564276261
"4bbdbe77-f3cb-4b64-9826-72debb734784","RB1",4.65875988830477,2.66104267021887
"4bbdbe77-f3cb-4b64-9826-72debb734784","SIRT1",3.89824705608187,2.72857360255936
"4bbdbe77-f3cb-4b64-9826-72debb734784","TP53",3.91710708860696,2.55787567723993
"4bbdbe77-f3cb-4b64-9826-72debb734784","TP53INP1",7.59851334434567,5.93433249669803
"516c8594-2973-41e5-a5ce-76d177edfa48","AKT1",2.94822704387917,3.7408412334253
"516c8594-2973-41e5-a5ce-76d177edfa48","ATM",0.833902076669163,1.34970496170854
"516c8594-2973-41e5-a5ce-76d177edfa48","BAX",5.29530425899656,4.46676414020057
"516c8594-2973-41e5-a5ce-76d177edfa48","BBC3",3.05945911469341,1.26375557307745
"516c8594-2973-41e5-a5ce-76d177edfa48","BCL2",0.246955265042952,1.01998651177856
"516c8594-2973-41e5-a5ce-76d177edfa48","CASP3",3.29747024217134,3.27055884248623
"516c8594-2973-41e5-a5ce-76d177edfa48","CASP9",1.56310930740949,4.45326734112232
"516c8594-2973-41e5-a5ce-76d177edfa48","CCND1",4.05648815474852,4.74817674499679
"516c8594-2973-41e5-a5ce-76d177edfa48","CCND2",0.701593412757463,1.10030490579569
"516c8594-2973-41e5-a5ce-76d177edfa48","CCND3",2.46089979718753,3.79434307989936
"516c8594-2973-41e5-a5ce-76d177edfa48","CDC25A",0.749834574412729,0.367930141431883
"516c8594-2973-41e5-a5ce-76d177edfa48","CDK4",3.77692514275342,3.83587355883775
"516c8594-2973-41e5-a5ce-76d177edfa48","CDK6",1.61950691771513,1.29783703588664
"516c8594-2973-41e5-a5ce-76d177edfa48","CDKN1A",4.72579567909578,8.59158966453542
"516c8594-2973-41e5-a5ce-76d177edfa48","E2F1",3.2161133584463,0.659376595475911
"516c8594-2973-41e5-a5ce-76d177edfa48","GSDME",0.158854029516618,1.34987477377828
"516c8594-2973-41e5-a5ce-76d177edfa48","MALAT1",2.94732951984739,2.13812637123065
"516c8594-2973-41e5-a5ce-76d177edfa48","MDM2",2.13201742257712,2.75086372321934
"516c8594-2973-41e5-a5ce-76d177edfa48","miR-204-5p",4.07213727867922,6.0847119923629
"516c8594-2973-41e5-a5ce-76d177edfa48","MYC",4.53048281059026,6.47260311746857
"516c8594-2973-41e5-a5ce-76d177edfa48","PPM1D",1.39066768555967,2.58151997356402
"516c8594-2973-41e5-a5ce-76d177edfa48","PRKAA1",3.67833111609001,4.36844010910556
"516c8594-2973-41e5-a5ce-76d177edfa48","RB1",1.66780131544605,3.04152336218435
"516c8594-2973-41e5-a5ce-76d177edfa48","SIRT1",1.60904573067554,3.33118926189809
"516c8594-2973-41e5-a5ce-76d177edfa48","TP53",2.36980146827889,3.12522127055308
"516c8594-2973-41e5-a5ce-76d177edfa48","TP53INP1",7.27384314443862,5.02333076796656
"520a709a-87f6-4f3d-b2a2-9192e3b65c5b","AKT1",4.58345891013077,4.23227701026829
"520a709a-87f6-4f3d-b2a2-9192e3b65c5b","ATM",3.00807448802135,2.0907179597678
"520a709a-87f6-4f3d-b2a2-9192e3b65c5b","BAX",5.79622135423703,3.89894354290607
"520a709a-87f6-4f3d-b2a2-9192e3b65c5b","BBC3",3.44085920363949,1.27941186311069
"520a709a-87f6-4f3d-b2a2-9192e3b65c5b","BCL2",2.4004286303647,0.912649864897203
"520a709a-87f6-4f3d-b2a2-9192e3b65c5b","CASP3",5.08404725177494,3.44335468824494
"520a709a-87f6-4f3d-b2a2-9192e3b65c5b","CASP9",3.62334014925865,2.04061192803757
"520a709a-87f6-4f3d-b2a2-9192e3b65c5b","CCND1",6.9879802069833,5.7057567820498
"520a709a-87f6-4f3d-b2a2-9192e3b65c5b","CCND2",3.36188062703844,1.13992783644489
"520a709a-87f6-4f3d-b2a2-9192e3b65c5b","CCND3",5.14965364609371,3.05660086834679
"520a709a-87f6-4f3d-b2a2-9192e3b65c5b","CDC25A",2.41897248883199,0.475914972178179
"520a709a-87f6-4f3d-b2a2-9192e3b65c5b","CDK4",5.08526317687085,3.66535865899672
"520a709a-87f6-4f3d-b2a2-9192e3b65c5b","CDK6",5.06844725299294,2.36700755017408
"520a709a-87f6-4f3d-b2a2-9192e3b65c5b","CDKN1A",6.51478978624447,6.22660486039603
"520a709a-87f6-4f3d-b2a2-9192e3b65c5b","E2F1",4.37576233590767,0.589859343936004
"520a709a-87f6-4f3d-b2a2-9192e3b65c5b","GSDME",5.18523621941557,0.997689839312799
"520a709a-87f6-4f3d-b2a2-9192e3b65c5b","MALAT1",4.27274734175514,4.29602416671653
"520a709a-87f6-4f3d-b2a2-9192e3b65c5b","MDM2",4.17872260744302,3.46530845154731
"520a709a-87f6-4f3d-b2a2-9192e3b65c5b","miR-204-5p",1.86434900520558,5.18183778790721
"520a709a-87f6-4f3d-b2a2-9192e3b65c5b","MYC",5.90669581863026,5.66010431339726
"520a709a-87f6-4f3d-b2a2-9192e3b65c5b","PPM1D",3.14561224716648,2.64205458192642
"520a709a-87f6-4f3d-b2a2-9192e3b65c5b","PRKAA1",4.70686204146254,4.73587955747537
"520a709a-87f6-4f3d-b2a2-9192e3b65c5b","RB1",4.54981700551297,3.04348449760358
"520a709a-87f6-4f3d-b2a2-9192e3b65c5b","SIRT1",3.01253291853606,3.70543609837206
"520a709a-87f6-4f3d-b2a2-9192e3b65c5b","TP53",3.90605358972963,3.42129063464513
"520a709a-87f6-4f3d-b2a2-9192e3b65c5b","TP53INP1",4.64669838291307,6.76983784362944
"52292ffc-0902-4d97-b461-20723987a177","AKT1",4.10395916114653,3.77492407618519
"52292ffc-0902-4d97-b461-20723987a177","ATM",2.08396218369776,1.73755697790759
"52292ffc-0902-4d97-b461-20723987a177","BAX",7.22168088131281,4.3271627830687
"52292ffc-0902-4d97-b461-20723987a177","BBC3",4.56086166176483,2.24266347432019
"52292ffc-0902-4d97-b461-20723987a177","BCL2",0.406971970816723,0.872552996245098
"52292ffc-0902-4d97-b461-20723987a177","CASP3",1.2897164484863,3.75281280489086
"52292ffc-0902-4d97-b461-20723987a177","CASP9",2.56878609904403,2.0688083674006
"52292ffc-0902-4d97-b461-20723987a177","CCND1",6.21513496000223,5.53117244955463
"52292ffc-0902-4d97-b461-20723987a177","CCND2",0.919835834281514,0.905504943149616
"52292ffc-0902-4d97-b461-20723987a177","CCND3",3.26645674413594,3.00680068008415
"52292ffc-0902-4d97-b461-20723987a177","CDC25A",3.80196567720059,0.42212533285652
"52292ffc-0902-4d97-b461-20723987a177","CDK4",6.22202783715126,3.57892664028102
"52292ffc-0902-4d97-b461-20723987a177","CDK6",4.43132208831996,2.31640644675587
"52292ffc-0902-4d97-b461-20723987a177","CDKN1A",6.35885511961062,7.09035381926101
"52292ffc-0902-4d97-b461-20723987a177","E2F1",5.11880406208448,0.767654798237347
"52292ffc-0902-4d97-b461-20723987a177","GSDME",1.94489591791936,1.04194382997017
"52292ffc-0902-4d97-b461-20723987a177","MALAT1",2.69207005115364,2.26954189109465
"52292ffc-0902-4d97-b461-20723987a177","MDM2",4.65324349606207,2.8985179520251
"52292ffc-0902-4d97-b461-20723987a177","miR-204-5p",1.83470353111765,4.80161297139454
"52292ffc-0902-4d97-b461-20723987a177","MYC",4.73853547394366,6.74987881074871
"52292ffc-0902-4d97-b461-20723987a177","PPM1D",3.76179587150565,2.516216908425
"52292ffc-0902-4d97-b461-20723987a177","PRKAA1",5.00795343493074,4.91161968497917
"52292ffc-0902-4d97-b461-20723987a177","RB1",4.23470057407277,3.12558498213352
"52292ffc-0902-4d97-b461-20723987a177","SIRT1",3.80143806064366,3.7212195222323
"52292ffc-0902-4d97-b461-20723987a177","TP53",4.63269281727685,3.41679921620205
"52292ffc-0902-4d97-b461-20723987a177","TP53INP1",5.62135153964931,6.09191347256886
"609c82fd-eb3a-46d7-8c09-0cde281a50b3","AKT1",3.83691381950672,3.77660936933974
"609c82fd-eb3a-46d7-8c09-0cde281a50b3","ATM",1.8247271272321,1.93689230198905
"609c82fd-eb3a-46d7-8c09-0cde281a50b3","BAX",4.36545458766007,3.92358658266175
"609c82fd-eb3a-46d7-8c09-0cde281a50b3","BBC3",2.75084229010552,2.48153144887409
"609c82fd-eb3a-46d7-8c09-0cde281a50b3","BCL2",0.807025125498644,1.14358933500169
"609c82fd-eb3a-46d7-8c09-0cde281a50b3","CASP3",3.95428938448393,3.58135124716878
"609c82fd-eb3a-46d7-8c09-0cde281a50b3","CASP9",3.28984921658513,2.22280456104526
"609c82fd-eb3a-46d7-8c09-0cde281a50b3","CCND1",5.02263857038123,5.84276014889372
"609c82fd-eb3a-46d7-8c09-0cde281a50b3","CCND2",1.02764949465066,1.44826666006395
"609c82fd-eb3a-46d7-8c09-0cde281a50b3","CCND3",4.02458563827827,3.58681277235311
"609c82fd-eb3a-46d7-8c09-0cde281a50b3","CDC25A",1.81196417531019,0.58928410667125
"609c82fd-eb3a-46d7-8c09-0cde281a50b3","CDK4",4.57006820035689,3.41268669719586
"609c82fd-eb3a-46d7-8c09-0cde281a50b3","CDK6",2.68701588345034,2.35741124701605
"609c82fd-eb3a-46d7-8c09-0cde281a50b3","CDKN1A",7.24926328606119,7.67467885285274
"609c82fd-eb3a-46d7-8c09-0cde281a50b3","E2F1",3.92842717687569,0.445620774715193
"609c82fd-eb3a-46d7-8c09-0cde281a50b3","GSDME",0.433920883513551,0.986447343500293
"609c82fd-eb3a-46d7-8c09-0cde281a50b3","MALAT1",3.54231996668034,3.11596543158681
"609c82fd-eb3a-46d7-8c09-0cde281a50b3","MDM2",3.56606012869139,4.14533508015678
"609c82fd-eb3a-46d7-8c09-0cde281a50b3","miR-204-5p",3.30151551004771,5.07815606068316
"609c82fd-eb3a-46d7-8c09-0cde281a50b3","MYC",5.19537122304758,6.21943379703896
"609c82fd-eb3a-46d7-8c09-0cde281a50b3","PPM1D",3.15148543373837,2.4165965705707
"609c82fd-eb3a-46d7-8c09-0cde281a50b3","PRKAA1",5.11992467612187,5.41483235149265
"609c82fd-eb3a-46d7-8c09-0cde281a50b3","RB1",4.15281618360609,3.34918124863282
"609c82fd-eb3a-46d7-8c09-0cde281a50b3","SIRT1",3.26871883217849,3.45342539128353
"609c82fd-eb3a-46d7-8c09-0cde281a50b3","TP53",2.98855745136282,3.37785948870336
"609c82fd-eb3a-46d7-8c09-0cde281a50b3","TP53INP1",5.60111706418822,5.21836658520994
"6533648f-1353-4253-b65b-d472aacf5751","AKT1",4.41416936689918,3.85763271635823
"6533648f-1353-4253-b65b-d472aacf5751","ATM",2.31458052541172,1.94882508318133
"6533648f-1353-4253-b65b-d472aacf5751","BAX",4.60763805586701,4.35313270731239
"6533648f-1353-4253-b65b-d472aacf5751","BBC3",1.76115759558456,1.61452139817027
"6533648f-1353-4253-b65b-d472aacf5751","BCL2",0.772392439408583,1.13763467188337
"6533648f-1353-4253-b65b-d472aacf5751","CASP3",6.09566918382574,3.73347365632227
"6533648f-1353-4253-b65b-d472aacf5751","CASP9",3.3903787874915,2.11776152478036
"6533648f-1353-4253-b65b-d472aacf5751","CCND1",3.27593079191634,5.54654878886533
"6533648f-1353-4253-b65b-d472aacf5751","CCND2",1.55458885167764,1.36025189085822
"6533648f-1353-4253-b65b-d472aacf5751","CCND3",2.59409465024495,3.47248777146274
"6533648f-1353-4253-b65b-d472aacf5751","CDC25A",2.68602982367232,0.40261304298717
"6533648f-1353-4253-b65b-d472aacf5751","CDK4",5.12376550659974,3.86449322645115
"6533648f-1353-4253-b65b-d472aacf5751","CDK6",0.614191558525291,2.46121421258398
"6533648f-1353-4253-b65b-d472aacf5751","CDKN1A",9.31902987712309,6.27235918138665
"6533648f-1353-4253-b65b-d472aacf5751","E2F1",6.66511700891655,0.363002822988679
"6533648f-1353-4253-b65b-d472aacf5751","GSDME",2.36918727036538,1.12538660536581
"6533648f-1353-4253-b65b-d472aacf5751","MALAT1",4.03331727344666,3.21887414191217
"6533648f-1353-4253-b65b-d472aacf5751","MDM2",3.45185729447654,3.4378003347102
"6533648f-1353-4253-b65b-d472aacf5751","miR-204-5p",2.90388319506202,5.23567981156755
"6533648f-1353-4253-b65b-d472aacf5751","MYC",1.62858697746819,5.75311510497443
"6533648f-1353-4253-b65b-d472aacf5751","PPM1D",3.61908428754308,2.81817567324147
"6533648f-1353-4253-b65b-d472aacf5751","PRKAA1",4.64289214746142,4.75672976907347
"6533648f-1353-4253-b65b-d472aacf5751","RB1",3.81677376144093,3.20884496594006
"6533648f-1353-4253-b65b-d472aacf5751","SIRT1",3.39921211774008,4.15441308517497
"6533648f-1353-4253-b65b-d472aacf5751","TP53",2.10691778015536,3.83131991285765
"6533648f-1353-4253-b65b-d472aacf5751","TP53INP1",4.71076786949788,6.47543999910248
"654af137-70d9-4ee4-9f69-793e352d30f8","AKT1",3.95508957394622,4.34347178272909
"654af137-70d9-4ee4-9f69-793e352d30f8","ATM",2.40930946399969,1.91995021436383
"654af137-70d9-4ee4-9f69-793e352d30f8","BAX",5.09404600675047,4.47775502897593
"654af137-70d9-4ee4-9f69-793e352d30f8","BBC3",3.00277451833577,2.21013945740167
"654af137-70d9-4ee4-9f69-793e352d30f8","BCL2",1.3382817784652,1.43935717847426
"654af137-70d9-4ee4-9f69-793e352d30f8","CASP3",4.11589886665539,3.58084494955316
"654af137-70d9-4ee4-9f69-793e352d30f8","CASP9",2.99722013556752,2.59344938968665
"654af137-70d9-4ee4-9f69-793e352d30f8","CCND1",7.27758404632188,5.73594723314521
"654af137-70d9-4ee4-9f69-793e352d30f8","CCND2",1.27494743077055,1.51359180649957
"654af137-70d9-4ee4-9f69-793e352d30f8","CCND3",3.58719694678584,3.60905755405802
"654af137-70d9-4ee4-9f69-793e352d30f8","CDC25A",1.85555124269322,0.508834274251234
"654af137-70d9-4ee4-9f69-793e352d30f8","CDK4",4.99337546741112,3.66865243285943
"654af137-70d9-4ee4-9f69-793e352d30f8","CDK6",6.12337029445095,2.40857600764255
"654af137-70d9-4ee4-9f69-793e352d30f8","CDKN1A",8.25452365627021,6.21615022953938
"654af137-70d9-4ee4-9f69-793e352d30f8","E2F1",3.64702663265485,0.530370439980735
"654af137-70d9-4ee4-9f69-793e352d30f8","GSDME",0.493237419200215,1.26813492392489
"654af137-70d9-4ee4-9f69-793e352d30f8","MALAT1",4.89978468278466,3.41111435124473
"654af137-70d9-4ee4-9f69-793e352d30f8","MDM2",4.6134255685,3.73071602822591
"654af137-70d9-4ee4-9f69-793e352d30f8","miR-204-5p",6.36814880341533,4.69509491000095
"654af137-70d9-4ee4-9f69-793e352d30f8","MYC",6.46507494775051,4.54867088948512
"654af137-70d9-4ee4-9f69-793e352d30f8","PPM1D",2.93900084506951,2.12581638722519
"654af137-70d9-4ee4-9f69-793e352d30f8","PRKAA1",4.78921801071677,4.73482340576997
"654af137-70d9-4ee4-9f69-793e352d30f8","RB1",4.62358597239971,3.13163886829718
"654af137-70d9-4ee4-9f69-793e352d30f8","SIRT1",3.90526424284493,2.96821980525429
"654af137-70d9-4ee4-9f69-793e352d30f8","TP53",5.0948018872585,3.52703279091308
"654af137-70d9-4ee4-9f69-793e352d30f8","TP53INP1",7.88087282839493,5.51325385633318
"66c6f413-b7a8-4d7c-9e1d-c4fb257b9e5c","AKT1",2.48818077502809,3.92832294309349
"66c6f413-b7a8-4d7c-9e1d-c4fb257b9e5c","ATM",1.02991221340633,1.73430859009691
"66c6f413-b7a8-4d7c-9e1d-c4fb257b9e5c","BAX",5.3378216802395,3.67052312559378
"66c6f413-b7a8-4d7c-9e1d-c4fb257b9e5c","BBC3",2.86207442622278,1.56056823226398
"66c6f413-b7a8-4d7c-9e1d-c4fb257b9e5c","BCL2",0.502025021517695,0.732746762150061
"66c6f413-b7a8-4d7c-9e1d-c4fb257b9e5c","CASP3",3.45592554749187,3.41944450650783
"66c6f413-b7a8-4d7c-9e1d-c4fb257b9e5c","CASP9",3.09115819298597,2.84691447931331
"66c6f413-b7a8-4d7c-9e1d-c4fb257b9e5c","CCND1",4.29563487347376,6.16923354439374
"66c6f413-b7a8-4d7c-9e1d-c4fb257b9e5c","CCND2",1.45864447937567,0.692159346176776
"66c6f413-b7a8-4d7c-9e1d-c4fb257b9e5c","CCND3",3.45114515855152,2.89227443978534
"66c6f413-b7a8-4d7c-9e1d-c4fb257b9e5c","CDC25A",0.726482487265049,0.443182266992222
"66c6f413-b7a8-4d7c-9e1d-c4fb257b9e5c","CDK4",3.27979813082313,3.50747752951693
"66c6f413-b7a8-4d7c-9e1d-c4fb257b9e5c","CDK6",1.9993867242773,2.68140428581283
"66c6f413-b7a8-4d7c-9e1d-c4fb257b9e5c","CDKN1A",5.97251345463785,6.41702547018959
"66c6f413-b7a8-4d7c-9e1d-c4fb257b9e5c","E2F1",2.55126990793092,0.583615356584558
"66c6f413-b7a8-4d7c-9e1d-c4fb257b9e5c","GSDME",0.678162070735047,1.2161133584463
"66c6f413-b7a8-4d7c-9e1d-c4fb257b9e5c","MALAT1",4.76782426787702,1.66793752797892
"66c6f413-b7a8-4d7c-9e1d-c4fb257b9e5c","MDM2",3.12651037988231,3.3502709242284
"66c6f413-b7a8-4d7c-9e1d-c4fb257b9e5c","miR-204-5p",3.87304234137242,4.48816521840939
"66c6f413-b7a8-4d7c-9e1d-c4fb257b9e5c","MYC",4.56068438857779,5.49394188829589
"66c6f413-b7a8-4d7c-9e1d-c4fb257b9e5c","PPM1D",1.81282677326766,2.3827779058392
"66c6f413-b7a8-4d7c-9e1d-c4fb257b9e5c","PRKAA1",3.63853727921519,4.74400497460033
"66c6f413-b7a8-4d7c-9e1d-c4fb257b9e5c","RB1",2.84687437381492,2.9625120065395
"66c6f413-b7a8-4d7c-9e1d-c4fb257b9e5c","SIRT1",2.44728824795638,3.41345868800798
"66c6f413-b7a8-4d7c-9e1d-c4fb257b9e5c","TP53",3.11508319689583,3.28705851742233
"66c6f413-b7a8-4d7c-9e1d-c4fb257b9e5c","TP53INP1",6.74002896817252,6.08307079399521
"68015cc7-d3a1-4c90-b8fb-5d14143d9960","AKT1",4.52010790163755,4.46169880211064
"68015cc7-d3a1-4c90-b8fb-5d14143d9960","ATM",1.83919370809638,2.02587927302326
"68015cc7-d3a1-4c90-b8fb-5d14143d9960","BAX",3.67413293454693,4.33234990037387
"68015cc7-d3a1-4c90-b8fb-5d14143d9960","BBC3",1.77703038520081,2.15665548884686
"68015cc7-d3a1-4c90-b8fb-5d14143d9960","BCL2",0.606915941825205,1.05470958270064
"68015cc7-d3a1-4c90-b8fb-5d14143d9960","CASP3",4.28256583144259,3.79253263556188
"68015cc7-d3a1-4c90-b8fb-5d14143d9960","CASP9",2.44432251733433,2.45588610498791
"68015cc7-d3a1-4c90-b8fb-5d14143d9960","CCND1",6.66956824162024,5.5097496728336
"68015cc7-d3a1-4c90-b8fb-5d14143d9960","CCND2",1.73174804170986,0.887915135638134
"68015cc7-d3a1-4c90-b8fb-5d14143d9960","CCND3",3.36844709371265,3.1570275363437
"68015cc7-d3a1-4c90-b8fb-5d14143d9960","CDC25A",0.47643353551394,0.572695679575205
"68015cc7-d3a1-4c90-b8fb-5d14143d9960","CDK4",3.92817131687466,3.67911973261828
"68015cc7-d3a1-4c90-b8fb-5d14143d9960","CDK6",1.99812327631197,2.59826991188321
"68015cc7-d3a1-4c90-b8fb-5d14143d9960","CDKN1A",7.09404389479764,6.72200144559178
"68015cc7-d3a1-4c90-b8fb-5d14143d9960","E2F1",2.52177944057469,0.690908712626481
"68015cc7-d3a1-4c90-b8fb-5d14143d9960","GSDME",0.256889885535893,1.15911246123086
"68015cc7-d3a1-4c90-b8fb-5d14143d9960","MALAT1",4.17758298433422,2.03513119802949
"68015cc7-d3a1-4c90-b8fb-5d14143d9960","MDM2",2.67509327382029,3.42329578923936
"68015cc7-d3a1-4c90-b8fb-5d14143d9960","miR-204-5p",4.04473674060242,4.82986366206906
"68015cc7-d3a1-4c90-b8fb-5d14143d9960","MYC",2.81520651080661,5.56932702953878
"68015cc7-d3a1-4c90-b8fb-5d14143d9960","PPM1D",2.74457016004575,2.55748361390689
"68015cc7-d3a1-4c90-b8fb-5d14143d9960","PRKAA1",4.59571847335407,4.82972780829047
"68015cc7-d3a1-4c90-b8fb-5d14143d9960","RB1",3.85405550879923,3.18431203653533
"68015cc7-d3a1-4c90-b8fb-5d14143d9960","SIRT1",3.71212250765771,4.018518454817
"68015cc7-d3a1-4c90-b8fb-5d14143d9960","TP53",3.33024286561823,3.50376850598291
"68015cc7-d3a1-4c90-b8fb-5d14143d9960","TP53INP1",5.61348745202511,6.48199635114343
"69d6881b-9e9a-407b-8b02-bad5fc2455bf","AKT1",3.71121955689433,4.10916829870326
"69d6881b-9e9a-407b-8b02-bad5fc2455bf","ATM",1.1920047399325,0.566181933698165
"69d6881b-9e9a-407b-8b02-bad5fc2455bf","BAX",4.83241409941714,4.53627053178321
"69d6881b-9e9a-407b-8b02-bad5fc2455bf","BBC3",2.08106688049189,1.39094277280254
"69d6881b-9e9a-407b-8b02-bad5fc2455bf","BCL2",0.619929424116078,0.427069755210786
"69d6881b-9e9a-407b-8b02-bad5fc2455bf","CASP3",3.41912085388609,2.28708807690807
"69d6881b-9e9a-407b-8b02-bad5fc2455bf","CASP9",2.75193497313185,2.40501208291259
"69d6881b-9e9a-407b-8b02-bad5fc2455bf","CCND1",6.25129114320975,5.06136579182596
"69d6881b-9e9a-407b-8b02-bad5fc2455bf","CCND2",1.54878184374109,0.588612706513786
"69d6881b-9e9a-407b-8b02-bad5fc2455bf","CCND3",3.73514304094813,2.61732199462841
"69d6881b-9e9a-407b-8b02-bad5fc2455bf","CDC25A",0.643302088484766,0.388354879548207
"69d6881b-9e9a-407b-8b02-bad5fc2455bf","CDK4",4.04225910040977,3.2810898905212
"69d6881b-9e9a-407b-8b02-bad5fc2455bf","CDK6",3.78183179102048,1.33388165946809
"69d6881b-9e9a-407b-8b02-bad5fc2455bf","CDKN1A",5.91449516148807,7.10228859287717
"69d6881b-9e9a-407b-8b02-bad5fc2455bf","E2F1",2.88420715851723,1.57971116302163
"69d6881b-9e9a-407b-8b02-bad5fc2455bf","GSDME",0.163112244347124,1.11430038622865
"69d6881b-9e9a-407b-8b02-bad5fc2455bf","MALAT1",2.39777558598528,0.674189442791551
"69d6881b-9e9a-407b-8b02-bad5fc2455bf","MDM2",2.80512733083907,2.16423921154978
"69d6881b-9e9a-407b-8b02-bad5fc2455bf","miR-204-5p",7.04157853366645,3.87027573831449
"69d6881b-9e9a-407b-8b02-bad5fc2455bf","MYC",2.69919624514824,3.4576730824433
"69d6881b-9e9a-407b-8b02-bad5fc2455bf","PPM1D",2.1104300641863,1.68768781073224
"69d6881b-9e9a-407b-8b02-bad5fc2455bf","PRKAA1",3.86880527319079,3.01804657995949
"69d6881b-9e9a-407b-8b02-bad5fc2455bf","RB1",2.72761555094097,1.78755783812825
"69d6881b-9e9a-407b-8b02-bad5fc2455bf","SIRT1",3.24209941836663,2.50576392633704
"69d6881b-9e9a-407b-8b02-bad5fc2455bf","TP53",3.19219416528334,2.72944400683366
"69d6881b-9e9a-407b-8b02-bad5fc2455bf","TP53INP1",4.99320787834066,4.74089518833897
"6c79f64b-63fe-46f5-bf7b-77208231b0f2","AKT1",4.32450100989126,3.38854775505888
"6c79f64b-63fe-46f5-bf7b-77208231b0f2","ATM",1.51480398557177,1.08929474904246
"6c79f64b-63fe-46f5-bf7b-77208231b0f2","BAX",5.89866063568507,4.22886485599854
"6c79f64b-63fe-46f5-bf7b-77208231b0f2","BBC3",4.12459282540582,2.57075435513387
"6c79f64b-63fe-46f5-bf7b-77208231b0f2","BCL2",1.11636475669178,0.748976389246213
"6c79f64b-63fe-46f5-bf7b-77208231b0f2","CASP3",4.54958908722487,3.23597208277358
"6c79f64b-63fe-46f5-bf7b-77208231b0f2","CASP9",2.77791411879101,2.57262292703281
"6c79f64b-63fe-46f5-bf7b-77208231b0f2","CCND1",4.94680570619054,5.58335360007993
"6c79f64b-63fe-46f5-bf7b-77208231b0f2","CCND2",2.10346406874751,0.953078952612507
"6c79f64b-63fe-46f5-bf7b-77208231b0f2","CCND3",4.334403803633,3.14973086369433
"6c79f64b-63fe-46f5-bf7b-77208231b0f2","CDC25A",1.58736499093646,0.222804561045261
"6c79f64b-63fe-46f5-bf7b-77208231b0f2","CDK4",4.99665538536306,2.89605867462421
"6c79f64b-63fe-46f5-bf7b-77208231b0f2","CDK6",2.81768464748361,1.57332604797551
"6c79f64b-63fe-46f5-bf7b-77208231b0f2","CDKN1A",6.72772581370661,7.33496418306455
"6c79f64b-63fe-46f5-bf7b-77208231b0f2","E2F1",4.07801200338479,0.709114148471209
"6c79f64b-63fe-46f5-bf7b-77208231b0f2","GSDME",1.44275775763477,0.619929424116078
"6c79f64b-63fe-46f5-bf7b-77208231b0f2","MALAT1",2.93619505198021,3.09031147137604
"6c79f64b-63fe-46f5-bf7b-77208231b0f2","MDM2",2.73411345404407,3.08722520131978
"6c79f64b-63fe-46f5-bf7b-77208231b0f2","miR-204-5p",3.52145923320745,4.94837886655202
"6c79f64b-63fe-46f5-bf7b-77208231b0f2","MYC",5.26021765113713,5.44150671868415
"6c79f64b-63fe-46f5-bf7b-77208231b0f2","PPM1D",2.03072451188776,1.85107937559247
"6c79f64b-63fe-46f5-bf7b-77208231b0f2","PRKAA1",4.36300983396924,4.14692399189016
"6c79f64b-63fe-46f5-bf7b-77208231b0f2","RB1",3.9896295129684,2.35943683271071
"6c79f64b-63fe-46f5-bf7b-77208231b0f2","SIRT1",2.75324082175748,2.65505409891666
"6c79f64b-63fe-46f5-bf7b-77208231b0f2","TP53",4.46162677883098,3.22504351240496
"6c79f64b-63fe-46f5-bf7b-77208231b0f2","TP53INP1",7.81653763040393,5.40264373771928
"709f1e4d-f5e8-4a0b-8254-23f037f4bae7","AKT1",3.41456854718171,3.27094748747706
"709f1e4d-f5e8-4a0b-8254-23f037f4bae7","ATM",2.0936277797818,1.45664846902474
"709f1e4d-f5e8-4a0b-8254-23f037f4bae7","BAX",4.99057825876793,4.85602456865944
"709f1e4d-f5e8-4a0b-8254-23f037f4bae7","BBC3",3.2529756967728,2.97357454188719
"709f1e4d-f5e8-4a0b-8254-23f037f4bae7","BCL2",0.360869903814286,1.07690108755726
"709f1e4d-f5e8-4a0b-8254-23f037f4bae7","CASP3",4.49295553521574,3.47983845559664
"709f1e4d-f5e8-4a0b-8254-23f037f4bae7","CASP9",3.93396913607283,2.49041609784208
"709f1e4d-f5e8-4a0b-8254-23f037f4bae7","CCND1",3.19033040160109,5.41688026648526
"709f1e4d-f5e8-4a0b-8254-23f037f4bae7","CCND2",0.446997240676389,1.1623389577246
"709f1e4d-f5e8-4a0b-8254-23f037f4bae7","CCND3",3.1756204049951,3.48824505679776
"709f1e4d-f5e8-4a0b-8254-23f037f4bae7","CDC25A",1.68858322724615,0.136191386287144
"709f1e4d-f5e8-4a0b-8254-23f037f4bae7","CDK4",4.68590651879899,3.58903236822667
"709f1e4d-f5e8-4a0b-8254-23f037f4bae7","CDK6",0.298775603076542,1.4867143730307
"709f1e4d-f5e8-4a0b-8254-23f037f4bae7","CDKN1A",9.25174086539832,7.65853283941805
"709f1e4d-f5e8-4a0b-8254-23f037f4bae7","E2F1",4.27554348723288,0.246590502905181
"709f1e4d-f5e8-4a0b-8254-23f037f4bae7","GSDME",1.92554375869849,1.00518437585972
"709f1e4d-f5e8-4a0b-8254-23f037f4bae7","MALAT1",4.29742622065815,4.10950264867396
"709f1e4d-f5e8-4a0b-8254-23f037f4bae7","MDM2",4.76537561681072,2.94243943632717
"709f1e4d-f5e8-4a0b-8254-23f037f4bae7","miR-204-5p",4.23036842799479,4.51651735454384
"709f1e4d-f5e8-4a0b-8254-23f037f4bae7","MYC",1.2266934788559,5.80287562092134
"709f1e4d-f5e8-4a0b-8254-23f037f4bae7","PPM1D",3.47904943675807,1.88471512909603
"709f1e4d-f5e8-4a0b-8254-23f037f4bae7","PRKAA1",5.34333319821058,4.70322254370211
"709f1e4d-f5e8-4a0b-8254-23f037f4bae7","RB1",1.25857922418429,2.75840978677842
"709f1e4d-f5e8-4a0b-8254-23f037f4bae7","SIRT1",4.99067809046225,3.2969272162748
"709f1e4d-f5e8-4a0b-8254-23f037f4bae7","TP53",3.06465870611981,3.84178195419997
"709f1e4d-f5e8-4a0b-8254-23f037f4bae7","TP53INP1",5.26687272509706,6.05663121281104
"7d914d07-f250-4c7a-8fa2-df14e708936e","AKT1",4.75525614379394,3.62294206105967
"7d914d07-f250-4c7a-8fa2-df14e708936e","ATM",1.63338470855734,1.36008329591333
"7d914d07-f250-4c7a-8fa2-df14e708936e","BAX",5.40394936423287,3.73156341983729
"7d914d07-f250-4c7a-8fa2-df14e708936e","BBC3",2.22613856056934,1.32676742469588
"7d914d07-f250-4c7a-8fa2-df14e708936e","BCL2",0.76145549282272,0.580338474195709
"7d914d07-f250-4c7a-8fa2-df14e708936e","CASP3",5.21298170082543,3.65272740200687
"7d914d07-f250-4c7a-8fa2-df14e708936e","CASP9",2.94506453037912,3.3737456404161
"7d914d07-f250-4c7a-8fa2-df14e708936e","CCND1",5.04410117880821,6.90501627954012
"7d914d07-f250-4c7a-8fa2-df14e708936e","CCND2",1.9973646760852,0.549915553621955
"7d914d07-f250-4c7a-8fa2-df14e708936e","CCND3",2.58397632212714,2.89169136778093
"7d914d07-f250-4c7a-8fa2-df14e708936e","CDC25A",1.38548625891334,0.597698019021249
"7d914d07-f250-4c7a-8fa2-df14e708936e","CDK4",4.8809744271114,3.56379267900748
"7d914d07-f250-4c7a-8fa2-df14e708936e","CDK6",3.67513845051136,2.53891058415613
"7d914d07-f250-4c7a-8fa2-df14e708936e","CDKN1A",6.47265997478227,6.60956143566664
"7d914d07-f250-4c7a-8fa2-df14e708936e","E2F1",3.32879338949093,0.519743173418173
"7d914d07-f250-4c7a-8fa2-df14e708936e","GSDME",0.56579212147183,0.760859636821907
"7d914d07-f250-4c7a-8fa2-df14e708936e","MALAT1",3.85645789941323,2.04439411935845
"7d914d07-f250-4c7a-8fa2-df14e708936e","MDM2",2.96574735119629,3.35580563894407
"7d914d07-f250-4c7a-8fa2-df14e708936e","miR-204-5p",2.9197277367692,4.05915865894459
"7d914d07-f250-4c7a-8fa2-df14e708936e","MYC",3.90093441386304,4.14643528233081
"7d914d07-f250-4c7a-8fa2-df14e708936e","PPM1D",2.7521491276947,2.15140425073462
"7d914d07-f250-4c7a-8fa2-df14e708936e","PRKAA1",4.27114924262827,4.66067766775564
"7d914d07-f250-4c7a-8fa2-df14e708936e","RB1",2.61953039353937,2.91846256549797
"7d914d07-f250-4c7a-8fa2-df14e708936e","SIRT1",2.39862399671775,3.30779279612989
"7d914d07-f250-4c7a-8fa2-df14e708936e","TP53",3.76925337592345,2.66277517193778
"7d914d07-f250-4c7a-8fa2-df14e708936e","TP53INP1",6.44147185989151,6.03178334477673
"7dd3bda9-3a0a-46fa-b052-a6d24b847804","AKT1",2.60124486085115,4.16465757525366
"7dd3bda9-3a0a-46fa-b052-a6d24b847804","ATM",0.481505616577055,1.53480866123175
"7dd3bda9-3a0a-46fa-b052-a6d24b847804","BAX",4.87106986480416,5.41472074786346
"7dd3bda9-3a0a-46fa-b052-a6d24b847804","BBC3",2.92482200280111,2.86819287772672
"7dd3bda9-3a0a-46fa-b052-a6d24b847804","BCL2",0.380286156123079,1.59693514238723
"7dd3bda9-3a0a-46fa-b052-a6d24b847804","CASP3",3.49125024446365,4.56998316730572
"7dd3bda9-3a0a-46fa-b052-a6d24b847804","CASP9",3.91868199477796,2.68629881591192
"7dd3bda9-3a0a-46fa-b052-a6d24b847804","CCND1",5.39873343273698,7.42117111211292
"7dd3bda9-3a0a-46fa-b052-a6d24b847804","CCND2",0.961475162009636,1.88229089098502
"7dd3bda9-3a0a-46fa-b052-a6d24b847804","CCND3",3.58658462037084,5.0446564037044
"7dd3bda9-3a0a-46fa-b052-a6d24b847804","CDC25A",0.525367331065692,1.03646816706929
"7dd3bda9-3a0a-46fa-b052-a6d24b847804","CDK4",2.89171080731149,3.88875298857874
"7dd3bda9-3a0a-46fa-b052-a6d24b847804","CDK6",1.44143036023063,2.52619404017692
"7dd3bda9-3a0a-46fa-b052-a6d24b847804","CDKN1A",7.68705438773638,7.64623683535731
"7dd3bda9-3a0a-46fa-b052-a6d24b847804","E2F1",1.71655198504929,2.66877722120172
"7dd3bda9-3a0a-46fa-b052-a6d24b847804","GSDME",0.421048212423562,1.38509966247936
"7dd3bda9-3a0a-46fa-b052-a6d24b847804","MALAT1",1.36289064266586,3.12649386012665
"7dd3bda9-3a0a-46fa-b052-a6d24b847804","MDM2",2.43271893806297,3.59551559538919
"7dd3bda9-3a0a-46fa-b052-a6d24b847804","miR-204-5p",4.68652164920454,4.58953316462499
"7dd3bda9-3a0a-46fa-b052-a6d24b847804","MYC",2.824177214879,5.33537606166916
"7dd3bda9-3a0a-46fa-b052-a6d24b847804","PPM1D",1.38984210897583,2.33176253339927
"7dd3bda9-3a0a-46fa-b052-a6d24b847804","PRKAA1",3.26596190789686,4.44479956397576
"7dd3bda9-3a0a-46fa-b052-a6d24b847804","RB1",1.5819296555321,3.51949158298088
"7dd3bda9-3a0a-46fa-b052-a6d24b847804","SIRT1",1.03294716409913,2.87524927380148
"7dd3bda9-3a0a-46fa-b052-a6d24b847804","TP53",2.78720258459475,4.00600173376158
"7dd3bda9-3a0a-46fa-b052-a6d24b847804","TP53INP1",5.16966449131872,5.68418756065435
"877b9f6b-9b34-40ed-933f-8fef204edf21","AKT1",2.23177030851338,2.5646708242644
"877b9f6b-9b34-40ed-933f-8fef204edf21","ATM",1.12220886170023,0.77601974064747
"877b9f6b-9b34-40ed-933f-8fef204edf21","BAX",6.45802922786554,5.25772348954999
"877b9f6b-9b34-40ed-933f-8fef204edf21","BBC3",3.17227948104043,1.81126550377674
"877b9f6b-9b34-40ed-933f-8fef204edf21","BCL2",1.15055967657538,0.590721770009841
"877b9f6b-9b34-40ed-933f-8fef204edf21","CASP3",4.29480451999447,2.93464859318808
"877b9f6b-9b34-40ed-933f-8fef204edf21","CASP9",1.73915682571395,2.14730669878029
"877b9f6b-9b34-40ed-933f-8fef204edf21","CCND1",4.86336363597962,4.54536300190035
"877b9f6b-9b34-40ed-933f-8fef204edf21","CCND2",1.0394191831334,1.037663353205
"877b9f6b-9b34-40ed-933f-8fef204edf21","CCND3",4.54846128593895,3.423887382819
"877b9f6b-9b34-40ed-933f-8fef204edf21","CDC25A",0.996822574458976,0.332278283056929
"877b9f6b-9b34-40ed-933f-8fef204edf21","CDK4",4.46051978713801,2.95728316534419
"877b9f6b-9b34-40ed-933f-8fef204edf21","CDK6",2.28187625804191,1.8174186054023
"877b9f6b-9b34-40ed-933f-8fef204edf21","CDKN1A",7.36778951932451,6.23189508114251
"877b9f6b-9b34-40ed-933f-8fef204edf21","E2F1",3.36962002792717,0.998412161983918
"877b9f6b-9b34-40ed-933f-8fef204edf21","GSDME",1.82810347165265,1.03386345186628
"877b9f6b-9b34-40ed-933f-8fef204edf21","MALAT1",4.53408651061495,2.18485154568042
"877b9f6b-9b34-40ed-933f-8fef204edf21","MDM2",3.41260541096948,2.83112733120502
"877b9f6b-9b34-40ed-933f-8fef204edf21","miR-204-5p",4.38657024734581,5.89486710505926
"877b9f6b-9b34-40ed-933f-8fef204edf21","MYC",5.62176764645778,5.69520044669067
"877b9f6b-9b34-40ed-933f-8fef204edf21","PPM1D",1.77867117410358,1.50827651498061
"877b9f6b-9b34-40ed-933f-8fef204edf21","PRKAA1",4.19452836858297,3.46500799213759
"877b9f6b-9b34-40ed-933f-8fef204edf21","RB1",2.85413532043279,1.65571818083415
"877b9f6b-9b34-40ed-933f-8fef204edf21","SIRT1",1.59836520532364,1.71105432181207
"877b9f6b-9b34-40ed-933f-8fef204edf21","TP53",4.09495386009705,2.59301905559221
"877b9f6b-9b34-40ed-933f-8fef204edf21","TP53INP1",6.21178319050546,4.68559260428577
"8a9cde9a-c38c-423e-bc14-354ee26468c9","AKT1",3.13190222091972,3.04795710739665
"8a9cde9a-c38c-423e-bc14-354ee26468c9","ATM",1.74291165450485,1.15192374303565
"8a9cde9a-c38c-423e-bc14-354ee26468c9","BAX",4.49823171658159,3.66433492240715
"8a9cde9a-c38c-423e-bc14-354ee26468c9","BBC3",2.47142160288933,1.809579079069
"8a9cde9a-c38c-423e-bc14-354ee26468c9","BCL2",1.92759309567884,0.728225293759776
"8a9cde9a-c38c-423e-bc14-354ee26468c9","CASP3",3.8160057140627,3.60069793057584
"8a9cde9a-c38c-423e-bc14-354ee26468c9","CASP9",2.0894981508391,1.66092861686876
"8a9cde9a-c38c-423e-bc14-354ee26468c9","CCND1",4.84707489015888,5.12388549723928
"8a9cde9a-c38c-423e-bc14-354ee26468c9","CCND2",2.12614690155444,1.04390439429562
"8a9cde9a-c38c-423e-bc14-354ee26468c9","CCND3",3.22414834877947,2.63447710474821
"8a9cde9a-c38c-423e-bc14-354ee26468c9","CDC25A",1.99407279123429,0.497433534432732
"8a9cde9a-c38c-423e-bc14-354ee26468c9","CDK4",5.23203135891505,3.17978172924497
"8a9cde9a-c38c-423e-bc14-354ee26468c9","CDK6",1.1525079483649,2.4075159119463
"8a9cde9a-c38c-423e-bc14-354ee26468c9","CDKN1A",7.11954086006675,7.15887422116143
"8a9cde9a-c38c-423e-bc14-354ee26468c9","E2F1",4.11280853928634,0.269272578045014
"8a9cde9a-c38c-423e-bc14-354ee26468c9","GSDME",1.75004904096397,0.636450616678977
"8a9cde9a-c38c-423e-bc14-354ee26468c9","MALAT1",3.02357473282204,1.98400595710624
"8a9cde9a-c38c-423e-bc14-354ee26468c9","MDM2",3.8518289807447,2.68983587744717
"8a9cde9a-c38c-423e-bc14-354ee26468c9","miR-204-5p",3.97514342844542,4.59603078997964
"8a9cde9a-c38c-423e-bc14-354ee26468c9","MYC",2.64713027495366,4.28235825262205
"8a9cde9a-c38c-423e-bc14-354ee26468c9","PPM1D",2.70580100868768,2.17386298842029
"8a9cde9a-c38c-423e-bc14-354ee26468c9","PRKAA1",4.14340158240391,4.75773268166599
"8a9cde9a-c38c-423e-bc14-354ee26468c9","RB1",3.01315850255923,2.65987890277362
"8a9cde9a-c38c-423e-bc14-354ee26468c9","SIRT1",3.44368620967022,3.00282851444487
"8a9cde9a-c38c-423e-bc14-354ee26468c9","TP53",3.5737986435893,3.40872544566454
"8a9cde9a-c38c-423e-bc14-354ee26468c9","TP53INP1",4.34838824002139,5.14171888181782
"959918d7-cb84-4745-a72f-d138176b1ecb","AKT1",3.58477012855728,4.37248551393912
"959918d7-cb84-4745-a72f-d138176b1ecb","ATM",2.28563894939416,1.61126682507306
"959918d7-cb84-4745-a72f-d138176b1ecb","BAX",5.11243742158396,4.22046152514439
"959918d7-cb84-4745-a72f-d138176b1ecb","BBC3",2.62601853270775,2.41502848240666
"959918d7-cb84-4745-a72f-d138176b1ecb","BCL2",0.997039439553843,1.03618680284785
"959918d7-cb84-4745-a72f-d138176b1ecb","CASP3",4.43080711835091,4.2755136902578
"959918d7-cb84-4745-a72f-d138176b1ecb","CASP9",3.21994291395413,3.00444745870194
"959918d7-cb84-4745-a72f-d138176b1ecb","CCND1",7.31200164408633,6.6165973616244
"959918d7-cb84-4745-a72f-d138176b1ecb","CCND2",1.47259174573693,1.41624525070024
"959918d7-cb84-4745-a72f-d138176b1ecb","CCND3",4.00346731499976,3.61552223540461
"959918d7-cb84-4745-a72f-d138176b1ecb","CDC25A",0.806860198943347,0.521151269637904
"959918d7-cb84-4745-a72f-d138176b1ecb","CDK4",5.02885200584749,3.59706629052067
"959918d7-cb84-4745-a72f-d138176b1ecb","CDK6",5.39078116540319,2.84585130672969
"959918d7-cb84-4745-a72f-d138176b1ecb","CDKN1A",6.14436457607483,6.95288332599845
"959918d7-cb84-4745-a72f-d138176b1ecb","E2F1",2.92639800291038,1.6980850950133
"959918d7-cb84-4745-a72f-d138176b1ecb","GSDME",0.848878284241955,1.43103453035161
"959918d7-cb84-4745-a72f-d138176b1ecb","MALAT1",4.07509616273562,2.01667459546527
"959918d7-cb84-4745-a72f-d138176b1ecb","MDM2",4.40570651441798,3.7063095175996
"959918d7-cb84-4745-a72f-d138176b1ecb","miR-204-5p",8.08443988759183,4.46388803371402
"959918d7-cb84-4745-a72f-d138176b1ecb","MYC",4.89219185224394,3.05093696522523
"959918d7-cb84-4745-a72f-d138176b1ecb","PPM1D",2.67396339653176,1.9429835981871
"959918d7-cb84-4745-a72f-d138176b1ecb","PRKAA1",4.87914210343437,4.21351837288672
"959918d7-cb84-4745-a72f-d138176b1ecb","RB1",3.92899559224921,3.16133951532862
"959918d7-cb84-4745-a72f-d138176b1ecb","SIRT1",4.23938276517224,2.86562193317635
"959918d7-cb84-4745-a72f-d138176b1ecb","TP53",4.45617532497867,3.62557442875873
"959918d7-cb84-4745-a72f-d138176b1ecb","TP53INP1",6.26968026852526,4.98057831875732
"994347ba-3045-4ade-926f-06420fbd906c","AKT1",2.66814182266774,3.43350699312682
"994347ba-3045-4ade-926f-06420fbd906c","ATM",1.11403380055027,1.38758311954461
"994347ba-3045-4ade-926f-06420fbd906c","BAX",6.21968547424298,4.33360262826828
"994347ba-3045-4ade-926f-06420fbd906c","BBC3",3.4350151182404,2.21253821240843
"994347ba-3045-4ade-926f-06420fbd906c","BCL2",0.480988873478695,0.693319678811575
"994347ba-3045-4ade-926f-06420fbd906c","CASP3",3.12862334841912,3.58479417648061
"994347ba-3045-4ade-926f-06420fbd906c","CASP9",1.72364592870043,2.38050781933945
"994347ba-3045-4ade-926f-06420fbd906c","CCND1",5.81016800924895,4.99378756313484
"994347ba-3045-4ade-926f-06420fbd906c","CCND2",1.11756206925698,0.895380183497831
"994347ba-3045-4ade-926f-06420fbd906c","CCND3",4.11876669328823,2.5037303500463
"994347ba-3045-4ade-926f-06420fbd906c","CDC25A",1.39440438540062,0.350157749484993
"994347ba-3045-4ade-926f-06420fbd906c","CDK4",3.80711788840116,3.25565179278319
"994347ba-3045-4ade-926f-06420fbd906c","CDK6",3.15553877033986,2.42572783804503
"994347ba-3045-4ade-926f-06420fbd906c","CDKN1A",6.68252554380084,5.51087016601724
"994347ba-3045-4ade-926f-06420fbd906c","E2F1",5.21198560627522,1.45927422513849
"994347ba-3045-4ade-926f-06420fbd906c","GSDME",1.13040376165804,1.23051046036618
"994347ba-3045-4ade-926f-06420fbd906c","MALAT1",4.2046259167161,2.39876079044476
"994347ba-3045-4ade-926f-06420fbd906c","MDM2",3.80757131008504,3.28791549671209
"994347ba-3045-4ade-926f-06420fbd906c","miR-204-5p",7.0220473659718,4.43228752936747
"994347ba-3045-4ade-926f-06420fbd906c","MYC",4.8140273901623,4.05316348112108
"994347ba-3045-4ade-926f-06420fbd906c","PPM1D",2.24016165511367,1.49630894482473
"994347ba-3045-4ade-926f-06420fbd906c","PRKAA1",3.86389881540039,4.11930637082757
"994347ba-3045-4ade-926f-06420fbd906c","RB1",1.18256518222108,2.36714737465794
"994347ba-3045-4ade-926f-06420fbd906c","SIRT1",2.36112265101174,2.9076213759805
"994347ba-3045-4ade-926f-06420fbd906c","TP53",3.63665941879833,2.7974073297729
"994347ba-3045-4ade-926f-06420fbd906c","TP53INP1",5.74437371592476,4.66584752125555
"ab35c9f9-3040-424d-a89f-dff3a1365bc6","AKT1",3.29622244553511,4.60078711813854
"ab35c9f9-3040-424d-a89f-dff3a1365bc6","ATM",1.65099426933805,1.86844972037691
"ab35c9f9-3040-424d-a89f-dff3a1365bc6","BAX",4.22572994262215,4.90803467991416
"ab35c9f9-3040-424d-a89f-dff3a1365bc6","BBC3",2.15862786378554,3.33986425165417
"ab35c9f9-3040-424d-a89f-dff3a1365bc6","BCL2",0.745194298078802,1.21679629102279
"ab35c9f9-3040-424d-a89f-dff3a1365bc6","CASP3",4.02033328889227,4.02465655242066
"ab35c9f9-3040-424d-a89f-dff3a1365bc6","CASP9",3.32982682842307,2.30044591489326
"ab35c9f9-3040-424d-a89f-dff3a1365bc6","CCND1",5.74287663302511,5.86994048021006
"ab35c9f9-3040-424d-a89f-dff3a1365bc6","CCND2",0.727615550940965,1.34539637539127
"ab35c9f9-3040-424d-a89f-dff3a1365bc6","CCND3",2.59698283399699,3.92718535782637
"ab35c9f9-3040-424d-a89f-dff3a1365bc6","CDC25A",0.730226921946368,0.566181933698165
"ab35c9f9-3040-424d-a89f-dff3a1365bc6","CDK4",4.43232474904759,4.77596708350802
"ab35c9f9-3040-424d-a89f-dff3a1365bc6","CDK6",2.99168056214312,2.65539762772816
"ab35c9f9-3040-424d-a89f-dff3a1365bc6","CDKN1A",5.11340046206718,4.77565110030415
"ab35c9f9-3040-424d-a89f-dff3a1365bc6","E2F1",1.35275852504064,0.751549414791606
"ab35c9f9-3040-424d-a89f-dff3a1365bc6","GSDME",1.1623389577246,0.844867676074509
"ab35c9f9-3040-424d-a89f-dff3a1365bc6","MALAT1",1.67097626179981,2.60530468023834
"ab35c9f9-3040-424d-a89f-dff3a1365bc6","MDM2",3.69660593807134,3.07085297678639
"ab35c9f9-3040-424d-a89f-dff3a1365bc6","miR-204-5p",2.59420025430415,5.36234539219261
"ab35c9f9-3040-424d-a89f-dff3a1365bc6","MYC",5.16233090047396,5.79438207309751
"ab35c9f9-3040-424d-a89f-dff3a1365bc6","PPM1D",1.95345150136626,2.65910253594539
"ab35c9f9-3040-424d-a89f-dff3a1365bc6","PRKAA1",4.84012077346153,4.69557630622205
"ab35c9f9-3040-424d-a89f-dff3a1365bc6","RB1",3.03845374112861,3.19426044254267
"ab35c9f9-3040-424d-a89f-dff3a1365bc6","SIRT1",2.69944058337237,3.9566607474249
"ab35c9f9-3040-424d-a89f-dff3a1365bc6","TP53",3.15458320905307,4.58666267642516
"ab35c9f9-3040-424d-a89f-dff3a1365bc6","TP53INP1",2.74183368096449,6.02685980161302
"aeb17d2b-fa8c-4989-bf3a-d2c74b785455","AKT1",3.96039123338058,3.27012523029293
"aeb17d2b-fa8c-4989-bf3a-d2c74b785455","ATM",1.93836107733211,1.28841762731172
"aeb17d2b-fa8c-4989-bf3a-d2c74b785455","BAX",6.15018189446266,3.78513201531599
"aeb17d2b-fa8c-4989-bf3a-d2c74b785455","BBC3",4.43981592723821,2.18453421179424
"aeb17d2b-fa8c-4989-bf3a-d2c74b785455","BCL2",1.54522706822015,0.385596696012246
"aeb17d2b-fa8c-4989-bf3a-d2c74b785455","CASP3",4.79337050860467,3.4762131688707
"aeb17d2b-fa8c-4989-bf3a-d2c74b785455","CASP9",3.01498008744882,1.97951322634008
"aeb17d2b-fa8c-4989-bf3a-d2c74b785455","CCND1",3.84609209367431,6.83323166463847
"aeb17d2b-fa8c-4989-bf3a-d2c74b785455","CCND2",1.8487180737986,0.800330472924636
"aeb17d2b-fa8c-4989-bf3a-d2c74b785455","CCND3",3.8177664967165,2.47422835290394
"aeb17d2b-fa8c-4989-bf3a-d2c74b785455","CDC25A",1.93696766018807,0.298775603076542
"aeb17d2b-fa8c-4989-bf3a-d2c74b785455","CDK4",4.85096940074479,2.82115915130146
"aeb17d2b-fa8c-4989-bf3a-d2c74b785455","CDK6",1.19345636574959,2.06433104624598
"aeb17d2b-fa8c-4989-bf3a-d2c74b785455","CDKN1A",9.08949523773454,7.25884394673645
"aeb17d2b-fa8c-4989-bf3a-d2c74b785455","E2F1",5.41744411533201,0.496206665923484
"aeb17d2b-fa8c-4989-bf3a-d2c74b785455","GSDME",1.47300756791617,0.861796599421381
"aeb17d2b-fa8c-4989-bf3a-d2c74b785455","MALAT1",5.56881345433105,3.03414526952424
"aeb17d2b-fa8c-4989-bf3a-d2c74b785455","MDM2",5.07017033077338,3.03229483556941
"aeb17d2b-fa8c-4989-bf3a-d2c74b785455","miR-204-5p",2.67238438016609,4.61238464348029
"aeb17d2b-fa8c-4989-bf3a-d2c74b785455","MYC",3.84142974232818,5.53869024695818
"aeb17d2b-fa8c-4989-bf3a-d2c74b785455","PPM1D",3.34857237015964,2.19295161806985
"aeb17d2b-fa8c-4989-bf3a-d2c74b785455","PRKAA1",4.40058574538833,4.54044270362544
"aeb17d2b-fa8c-4989-bf3a-d2c74b785455","RB1",2.69930731310738,2.71762707588376
"aeb17d2b-fa8c-4989-bf3a-d2c74b785455","SIRT1",4.04457772340728,2.79237645635168
"aeb17d2b-fa8c-4989-bf3a-d2c74b785455","TP53",4.77095058664877,2.95369360647719
"aeb17d2b-fa8c-4989-bf3a-d2c74b785455","TP53INP1",5.99614692109143,5.89957686050102
"b7d6621c-8bce-4a01-8588-9d7761d9372b","AKT1",4.05312871822282,3.96890175193629
"b7d6621c-8bce-4a01-8588-9d7761d9372b","ATM",1.86576048542114,1.27768725373424
"b7d6621c-8bce-4a01-8588-9d7761d9372b","BAX",5.86632692671627,3.96153998662835
"b7d6621c-8bce-4a01-8588-9d7761d9372b","BBC3",2.59774568541945,1.94893718795695
"b7d6621c-8bce-4a01-8588-9d7761d9372b","BCL2",1.04544297076117,0.631988957175405
"b7d6621c-8bce-4a01-8588-9d7761d9372b","CASP3",3.98901181202218,3.24173342628199
"b7d6621c-8bce-4a01-8588-9d7761d9372b","CASP9",3.32916666117242,2.14443799836839
"b7d6621c-8bce-4a01-8588-9d7761d9372b","CCND1",6.07709128576034,4.11004580216567
"b7d6621c-8bce-4a01-8588-9d7761d9372b","CCND2",1.28977545803867,0.886042822555288
"b7d6621c-8bce-4a01-8588-9d7761d9372b","CCND3",3.20614306969137,2.73695116714366
"b7d6621c-8bce-4a01-8588-9d7761d9372b","CDC25A",1.02899341187955,0.106348319505147
"b7d6621c-8bce-4a01-8588-9d7761d9372b","CDK4",4.64959246772418,3.68162916930134
"b7d6621c-8bce-4a01-8588-9d7761d9372b","CDK6",5.44972973423337,1.96362208510941
"b7d6621c-8bce-4a01-8588-9d7761d9372b","CDKN1A",7.04306119678554,6.91163885783435
"b7d6621c-8bce-4a01-8588-9d7761d9372b","E2F1",2.68569351282851,0.102456576650734
"b7d6621c-8bce-4a01-8588-9d7761d9372b","GSDME",2.31368120713188,0.999927863444527
"b7d6621c-8bce-4a01-8588-9d7761d9372b","MALAT1",3.49825086752783,1.46414545669119
"b7d6621c-8bce-4a01-8588-9d7761d9372b","MDM2",3.25056750636757,2.96661503777171
"b7d6621c-8bce-4a01-8588-9d7761d9372b","miR-204-5p",8.32113712793183,5.21759324475208
"b7d6621c-8bce-4a01-8588-9d7761d9372b","MYC",3.59482320871807,3.38374575856195
"b7d6621c-8bce-4a01-8588-9d7761d9372b","PPM1D",2.45249000921845,1.62358597239971
"b7d6621c-8bce-4a01-8588-9d7761d9372b","PRKAA1",4.09556159141433,4.08206386127232
"b7d6621c-8bce-4a01-8588-9d7761d9372b","RB1",2.60791023456926,2.51828333777011
"b7d6621c-8bce-4a01-8588-9d7761d9372b","SIRT1",3.51595209077249,3.15790066227769
"b7d6621c-8bce-4a01-8588-9d7761d9372b","TP53",4.12347583289732,2.91859613512127
"b7d6621c-8bce-4a01-8588-9d7761d9372b","TP53INP1",5.71547883810873,4.67652130205656
"bfd20d71-18a5-4f01-8d56-84378ad92359","AKT1",5.28858004391877,3.69567095170673
"bfd20d71-18a5-4f01-8d56-84378ad92359","ATM",2.30208504189889,1.87219836597393
"bfd20d71-18a5-4f01-8d56-84378ad92359","BAX",5.73773813082097,4.03295597732996
"bfd20d71-18a5-4f01-8d56-84378ad92359","BBC3",3.95548020290429,1.94212034944091
"bfd20d71-18a5-4f01-8d56-84378ad92359","BCL2",1.22811063440518,0.878921479749851
"bfd20d71-18a5-4f01-8d56-84378ad92359","CASP3",4.94399163161629,3.74197386308165
"bfd20d71-18a5-4f01-8d56-84378ad92359","CASP9",3.3454389572611,1.99696715481094
"bfd20d71-18a5-4f01-8d56-84378ad92359","CCND1",5.90200843943533,5.40879336692142
"bfd20d71-18a5-4f01-8d56-84378ad92359","CCND2",2.06198351610896,1.02708326002007
"bfd20d71-18a5-4f01-8d56-84378ad92359","CCND3",3.98560061398194,2.63612575330327
"bfd20d71-18a5-4f01-8d56-84378ad92359","CDC25A",1.88248654514007,0.178364081846803
"bfd20d71-18a5-4f01-8d56-84378ad92359","CDK4",4.99740984202736,3.36071542539293
"bfd20d71-18a5-4f01-8d56-84378ad92359","CDK6",3.62359767721886,2.20047296560528
"bfd20d71-18a5-4f01-8d56-84378ad92359","CDKN1A",6.29523996404894,5.47546756154093
"bfd20d71-18a5-4f01-8d56-84378ad92359","E2F1",3.7995328973602,0.610889007854488
"bfd20d71-18a5-4f01-8d56-84378ad92359","GSDME",2.03826057517535,0.959918496689248
"bfd20d71-18a5-4f01-8d56-84378ad92359","MALAT1",4.08489765677981,3.20127314231769
"bfd20d71-18a5-4f01-8d56-84378ad92359","MDM2",3.13651953255056,3.08387711060428
"bfd20d71-18a5-4f01-8d56-84378ad92359","miR-204-5p",3.47173932552235,5.54047376338879
"bfd20d71-18a5-4f01-8d56-84378ad92359","MYC",5.00114468495194,2.31443551198865
"bfd20d71-18a5-4f01-8d56-84378ad92359","PPM1D",2.81504251694006,2.07062975702967
"bfd20d71-18a5-4f01-8d56-84378ad92359","PRKAA1",4.86612164836113,4.36780436826881
"bfd20d71-18a5-4f01-8d56-84378ad92359","RB1",3.57980769018886,2.54818998907857
"bfd20d71-18a5-4f01-8d56-84378ad92359","SIRT1",3.27643711043628,3.64344063376001
"bfd20d71-18a5-4f01-8d56-84378ad92359","TP53",4.28206165963016,3.42672097680464
"bfd20d71-18a5-4f01-8d56-84378ad92359","TP53INP1",6.95037392666217,5.16754660269721
"c4c4820b-6f4c-4cdd-b233-4d22f5933fd9","AKT1",3.12235797489816,2.61081815610945
"c4c4820b-6f4c-4cdd-b233-4d22f5933fd9","ATM",0.795933147314963,0.409581019902552
"c4c4820b-6f4c-4cdd-b233-4d22f5933fd9","BAX",5.03439181482436,3.82927114843008
"c4c4820b-6f4c-4cdd-b233-4d22f5933fd9","BBC3",3.31587050313038,1.45343856134876
"c4c4820b-6f4c-4cdd-b233-4d22f5933fd9","BCL2",2.15633189127672,0.105946211905325
"c4c4820b-6f4c-4cdd-b233-4d22f5933fd9","CASP3",3.54741281117741,2.67068173945594
"c4c4820b-6f4c-4cdd-b233-4d22f5933fd9","CASP9",1.48315795180808,1.56700993512854
"c4c4820b-6f4c-4cdd-b233-4d22f5933fd9","CCND1",4.90395412927185,5.20109667089677
"c4c4820b-6f4c-4cdd-b233-4d22f5933fd9","CCND2",7.17597861531289,0.297719672043513
"c4c4820b-6f4c-4cdd-b233-4d22f5933fd9","CCND3",5.20952744806679,1.64933953880739
"c4c4820b-6f4c-4cdd-b233-4d22f5933fd9","CDC25A",1.03294716409913,0.339137384919586
"c4c4820b-6f4c-4cdd-b233-4d22f5933fd9","CDK4",2.42755253999909,1.92428995151822
"c4c4820b-6f4c-4cdd-b233-4d22f5933fd9","CDK6",1.68638846884762,1.22336076295701
"c4c4820b-6f4c-4cdd-b233-4d22f5933fd9","CDKN1A",8.09698021711661,5.90522331979906
"c4c4820b-6f4c-4cdd-b233-4d22f5933fd9","E2F1",2.9110012237473,0.347325491633802
"c4c4820b-6f4c-4cdd-b233-4d22f5933fd9","GSDME",2.40713517469037,0.405665674757457
"c4c4820b-6f4c-4cdd-b233-4d22f5933fd9","MALAT1",6.18105284292941,1.21200896011356
"c4c4820b-6f4c-4cdd-b233-4d22f5933fd9","MDM2",3.25752361936593,2.51258087867397
"c4c4820b-6f4c-4cdd-b233-4d22f5933fd9","miR-204-5p",8.9471727260015,5.83029353621482
"c4c4820b-6f4c-4cdd-b233-4d22f5933fd9","MYC",1.52130205560918,3.65885126896645
"c4c4820b-6f4c-4cdd-b233-4d22f5933fd9","PPM1D",1.97482296097683,1.4504326709319
"c4c4820b-6f4c-4cdd-b233-4d22f5933fd9","PRKAA1",2.79474855765427,3.2553345492795
"c4c4820b-6f4c-4cdd-b233-4d22f5933fd9","RB1",2.16011344709824,1.51419802334758
"c4c4820b-6f4c-4cdd-b233-4d22f5933fd9","SIRT1",1.78697266803759,2.13395801010055
"c4c4820b-6f4c-4cdd-b233-4d22f5933fd9","TP53",4.31846869597866,2.56713165997407
"c4c4820b-6f4c-4cdd-b233-4d22f5933fd9","TP53INP1",4.34020617991171,4.46978831761895
"c95ed407-bcc2-44aa-bc59-bf7549f2d665","AKT1",4.25376240955277,3.81804270359972
"c95ed407-bcc2-44aa-bc59-bf7549f2d665","ATM",2.20298183746924,2.19320401398388
"c95ed407-bcc2-44aa-bc59-bf7549f2d665","BAX",6.72516990848195,5.17299147465935
"c95ed407-bcc2-44aa-bc59-bf7549f2d665","BBC3",3.53206755228903,3.0913274776911
"c95ed407-bcc2-44aa-bc59-bf7549f2d665","BCL2",2.0190257706782,1.78471335743699
"c95ed407-bcc2-44aa-bc59-bf7549f2d665","CASP3",5.47325440564029,3.92877772615856
"c95ed407-bcc2-44aa-bc59-bf7549f2d665","CASP9",2.22638521727039,2.64731450954714
"c95ed407-bcc2-44aa-bc59-bf7549f2d665","CCND1",6.15299866027887,6.30208687024171
"c95ed407-bcc2-44aa-bc59-bf7549f2d665","CCND2",1.80277224712483,1.85674671429037
"c95ed407-bcc2-44aa-bc59-bf7549f2d665","CCND3",3.59331791233149,3.41615064996218
"c95ed407-bcc2-44aa-bc59-bf7549f2d665","CDC25A",2.47181175596813,0.485117645105075
"c95ed407-bcc2-44aa-bc59-bf7549f2d665","CDK4",5.63372471836828,3.83011331963576
"c95ed407-bcc2-44aa-bc59-bf7549f2d665","CDK6",4.12268928239198,2.97496976281272
"c95ed407-bcc2-44aa-bc59-bf7549f2d665","CDKN1A",7.04648014651924,7.67961451019656
"c95ed407-bcc2-44aa-bc59-bf7549f2d665","E2F1",4.08883699012231,1.1479578813871
"c95ed407-bcc2-44aa-bc59-bf7549f2d665","GSDME",2.83242422689762,1.73859491916706
"c95ed407-bcc2-44aa-bc59-bf7549f2d665","MALAT1",4.27918153891409,3.2743362172138
"c95ed407-bcc2-44aa-bc59-bf7549f2d665","MDM2",3.96997010115932,3.96386248959287
"c95ed407-bcc2-44aa-bc59-bf7549f2d665","miR-204-5p",5.10821426490843,5.06396160672032
"c95ed407-bcc2-44aa-bc59-bf7549f2d665","MYC",6.34934935293881,5.21756032662542
"c95ed407-bcc2-44aa-bc59-bf7549f2d665","PPM1D",4.20120255633964,2.65866850185465
"c95ed407-bcc2-44aa-bc59-bf7549f2d665","PRKAA1",4.92456550257093,4.22326035347373
"c95ed407-bcc2-44aa-bc59-bf7549f2d665","RB1",3.83036688935222,3.09766135748252
"c95ed407-bcc2-44aa-bc59-bf7549f2d665","SIRT1",3.40292678058163,3.43689472987676
"c95ed407-bcc2-44aa-bc59-bf7549f2d665","TP53",4.2012339283118,3.42960257485848
"c95ed407-bcc2-44aa-bc59-bf7549f2d665","TP53INP1",6.02883432911892,5.83507770762453
"cab5b264-abab-4bdb-816e-9d2c0ac30629","AKT1",4.77017360711176,3.33378150063115
"cab5b264-abab-4bdb-816e-9d2c0ac30629","ATM",2.60293190406964,1.10882550954751
"cab5b264-abab-4bdb-816e-9d2c0ac30629","BAX",5.82974556436542,3.63524361235903
"cab5b264-abab-4bdb-816e-9d2c0ac30629","BBC3",3.98850291846641,1.67351119773139
"cab5b264-abab-4bdb-816e-9d2c0ac30629","BCL2",1.30035805194045,0.4736310765512
"cab5b264-abab-4bdb-816e-9d2c0ac30629","CASP3",5.4562114734011,3.2368293354864
"cab5b264-abab-4bdb-816e-9d2c0ac30629","CASP9",2.17970212305384,1.94136927826228
"cab5b264-abab-4bdb-816e-9d2c0ac30629","CCND1",6.58644050578981,5.64253407549645
"cab5b264-abab-4bdb-816e-9d2c0ac30629","CCND2",4.02872826419894,0.740020870203383
"cab5b264-abab-4bdb-816e-9d2c0ac30629","CCND3",4.10122143922429,2.61143208899807
"cab5b264-abab-4bdb-816e-9d2c0ac30629","CDC25A",2.36991311253911,0.6783423850761
"cab5b264-abab-4bdb-816e-9d2c0ac30629","CDK4",5.43850910653659,2.79879707960524
"cab5b264-abab-4bdb-816e-9d2c0ac30629","CDK6",5.58713692627383,2.20486063230975
"cab5b264-abab-4bdb-816e-9d2c0ac30629","CDKN1A",7.77432650946217,5.24350152852803
"cab5b264-abab-4bdb-816e-9d2c0ac30629","E2F1",4.00191030563099,0.858299347871378
"cab5b264-abab-4bdb-816e-9d2c0ac30629","GSDME",0.81286783649908,0.911806609449312
"cab5b264-abab-4bdb-816e-9d2c0ac30629","MALAT1",4.74736054357548,3.16756667304929
"cab5b264-abab-4bdb-816e-9d2c0ac30629","MDM2",3.64222791124677,2.84319999456304
"cab5b264-abab-4bdb-816e-9d2c0ac30629","miR-204-5p",3.29092964203272,4.7270108344591
"cab5b264-abab-4bdb-816e-9d2c0ac30629","MYC",4.73284985152017,4.72682032050312
"cab5b264-abab-4bdb-816e-9d2c0ac30629","PPM1D",3.62010543193737,2.11310036255798
"cab5b264-abab-4bdb-816e-9d2c0ac30629","PRKAA1",5.16669937923063,3.96372379958758
"cab5b264-abab-4bdb-816e-9d2c0ac30629","RB1",4.77239771827253,2.21741685841058
"cab5b264-abab-4bdb-816e-9d2c0ac30629","SIRT1",4.11208289418011,2.97081685042612
"cab5b264-abab-4bdb-816e-9d2c0ac30629","TP53",4.81279084198139,3.19482775646354
"cab5b264-abab-4bdb-816e-9d2c0ac30629","TP53INP1",7.01050796535948,4.52194272022638
"cf028bce-d20d-42b8-8507-1ec94a391e85","AKT1",3.51635560303626,3.75868693499576
"cf028bce-d20d-42b8-8507-1ec94a391e85","ATM",1.28125313412649,1.3247530096545
"cf028bce-d20d-42b8-8507-1ec94a391e85","BAX",5.10116259677204,3.41234797436691
"cf028bce-d20d-42b8-8507-1ec94a391e85","BBC3",3.29622244553511,2.03460310583834
"cf028bce-d20d-42b8-8507-1ec94a391e85","BCL2",1.38089564803612,0.615227943578826
"cf028bce-d20d-42b8-8507-1ec94a391e85","CASP3",3.84425507736705,3.71855890427908
"cf028bce-d20d-42b8-8507-1ec94a391e85","CASP9",2.5823151323163,2.30745767025221
"cf028bce-d20d-42b8-8507-1ec94a391e85","CCND1",5.66315387951276,5.18782711924841
"cf028bce-d20d-42b8-8507-1ec94a391e85","CCND2",2.18947668909787,0.731791478717128
"cf028bce-d20d-42b8-8507-1ec94a391e85","CCND3",4.35207344943491,3.08593447251603
"cf028bce-d20d-42b8-8507-1ec94a391e85","CDC25A",0.437866900870151,0.280006078301305
"cf028bce-d20d-42b8-8507-1ec94a391e85","CDK4",3.84106737753033,3.20811142524086
"cf028bce-d20d-42b8-8507-1ec94a391e85","CDK6",1.56071495447448,1.15904785764216
"cf028bce-d20d-42b8-8507-1ec94a391e85","CDKN1A",8.54904185934632,8.94410821329417
"cf028bce-d20d-42b8-8507-1ec94a391e85","E2F1",1.02048442206508,0.174150712212013
"cf028bce-d20d-42b8-8507-1ec94a391e85","GSDME",1.69719555831965,1.21368944375248
"cf028bce-d20d-42b8-8507-1ec94a391e85","MALAT1",3.22257274694644,3.14089315084582
"cf028bce-d20d-42b8-8507-1ec94a391e85","MDM2",2.96875433131632,3.25256704202362
"cf028bce-d20d-42b8-8507-1ec94a391e85","miR-204-5p",5.4837135115466,4.63793286334409
"cf028bce-d20d-42b8-8507-1ec94a391e85","MYC",5.75605721382212,5.13191867886257
"cf028bce-d20d-42b8-8507-1ec94a391e85","PPM1D",2.25444287259858,2.31321682342629
"cf028bce-d20d-42b8-8507-1ec94a391e85","PRKAA1",4.19474897620256,5.11267511469936
"cf028bce-d20d-42b8-8507-1ec94a391e85","RB1",2.85786159473514,2.91725988207689
"cf028bce-d20d-42b8-8507-1ec94a391e85","SIRT1",2.7075689633722,3.22881869049588
"cf028bce-d20d-42b8-8507-1ec94a391e85","TP53",3.28683680197216,3.09169983413681
"cf028bce-d20d-42b8-8507-1ec94a391e85","TP53INP1",4.86309597180239,6.03424213163124
"d3a03f7a-3482-4548-957e-05c692b20101","AKT1",4.93676041566833,3.99784336314321
"d3a03f7a-3482-4548-957e-05c692b20101","ATM",2.00457330047604,1.85630848971744
"d3a03f7a-3482-4548-957e-05c692b20101","BAX",5.72471301996357,5.73561423823192
"d3a03f7a-3482-4548-957e-05c692b20101","BBC3",3.03548315212869,3.04262682886729
"d3a03f7a-3482-4548-957e-05c692b20101","BCL2",1.79323002968985,1.81241607665794
"d3a03f7a-3482-4548-957e-05c692b20101","CASP3",4.18029110487844,4.13865066588866
"d3a03f7a-3482-4548-957e-05c692b20101","CASP9",2.78460867398153,2.60395267610591
"d3a03f7a-3482-4548-957e-05c692b20101","CCND1",6.30770173701787,6.0251262705931
"d3a03f7a-3482-4548-957e-05c692b20101","CCND2",2.13027195451886,2.32429217673674
"d3a03f7a-3482-4548-957e-05c692b20101","CCND3",3.78867527139312,4.26798516578484
"d3a03f7a-3482-4548-957e-05c692b20101","CDC25A",1.43909117035312,0.725697536946861
"d3a03f7a-3482-4548-957e-05c692b20101","CDK4",4.6075788797885,4.10219619346374
"d3a03f7a-3482-4548-957e-05c692b20101","CDK6",3.32712684587516,2.8791175913577
"d3a03f7a-3482-4548-957e-05c692b20101","CDKN1A",7.46558436186364,8.25722517672876
"d3a03f7a-3482-4548-957e-05c692b20101","E2F1",4.05411044782962,0.975410078714467
"d3a03f7a-3482-4548-957e-05c692b20101","GSDME",1.10379974315767,2.05359794668829
"d3a03f7a-3482-4548-957e-05c692b20101","MALAT1",3.29529691114756,3.53959310553091
"d3a03f7a-3482-4548-957e-05c692b20101","MDM2",3.44196146575897,3.46913057716925
"d3a03f7a-3482-4548-957e-05c692b20101","miR-204-5p",3.32581697127207,6.11751085044644
"d3a03f7a-3482-4548-957e-05c692b20101","MYC",1.95899111211256,6.97324389710117
"d3a03f7a-3482-4548-957e-05c692b20101","PPM1D",2.89815029520209,2.72292499078879
"d3a03f7a-3482-4548-957e-05c692b20101","PRKAA1",4.60161926962082,4.33762546970381
"d3a03f7a-3482-4548-957e-05c692b20101","RB1",3.49290427766436,3.5994725299174
"d3a03f7a-3482-4548-957e-05c692b20101","SIRT1",2.57736839975281,3.29222222837951
"d3a03f7a-3482-4548-957e-05c692b20101","TP53",3.38108952329508,3.84365226739391
"d3a03f7a-3482-4548-957e-05c692b20101","TP53INP1",6.41651888219774,6.02777332885717
"d8549d23-37d4-42bd-b472-f49bbebd09b0","AKT1",4.10039742641481,4.19324344685704
"d8549d23-37d4-42bd-b472-f49bbebd09b0","ATM",1.05686094304675,1.15995204473292
"d8549d23-37d4-42bd-b472-f49bbebd09b0","BAX",5.60761142693206,3.70628741224307
"d8549d23-37d4-42bd-b472-f49bbebd09b0","BBC3",3.15972605108144,1.28723586525277
"d8549d23-37d4-42bd-b472-f49bbebd09b0","BCL2",0.520648535883335,0.275960580278064
"d8549d23-37d4-42bd-b472-f49bbebd09b0","CASP3",4.77512430778782,3.29207494997754
"d8549d23-37d4-42bd-b472-f49bbebd09b0","CASP9",3.3422987240361,2.28371438850583
"d8549d23-37d4-42bd-b472-f49bbebd09b0","CCND1",3.46243192544009,6.1639977926766
"d8549d23-37d4-42bd-b472-f49bbebd09b0","CCND2",1.25120402291466,0.469990138221073
"d8549d23-37d4-42bd-b472-f49bbebd09b0","CCND3",2.71191333765581,2.12061736121794
"d8549d23-37d4-42bd-b472-f49bbebd09b0","CDC25A",1.1155659959216,0.234010733108401
"d8549d23-37d4-42bd-b472-f49bbebd09b0","CDK4",4.30435040892587,3.39065392982055
"d8549d23-37d4-42bd-b472-f49bbebd09b0","CDK6",0.424922088210688,1.97335412044994
"d8549d23-37d4-42bd-b472-f49bbebd09b0","CDKN1A",8.53047305654397,6.7394349965141
"d8549d23-37d4-42bd-b472-f49bbebd09b0","E2F1",5.56201035302097,0.278817403074722
"d8549d23-37d4-42bd-b472-f49bbebd09b0","GSDME",1.37712374912949,0.710878050195879
"d8549d23-37d4-42bd-b472-f49bbebd09b0","MALAT1",3.50548447951149,2.1630156061833
"d8549d23-37d4-42bd-b472-f49bbebd09b0","MDM2",3.96447256727422,3.09772876920105
"d8549d23-37d4-42bd-b472-f49bbebd09b0","miR-204-5p",2.8263276045763,5.07646734187147
"d8549d23-37d4-42bd-b472-f49bbebd09b0","MYC",2.68797888206197,5.65242626185989
"d8549d23-37d4-42bd-b472-f49bbebd09b0","PPM1D",2.29257563521351,2.29804239964102
"d8549d23-37d4-42bd-b472-f49bbebd09b0","PRKAA1",3.9004031394244,4.27088770275414
"d8549d23-37d4-42bd-b472-f49bbebd09b0","RB1",1.4080052836788,1.9994588878948
"d8549d23-37d4-42bd-b472-f49bbebd09b0","SIRT1",2.8083644552908,3.42867840994823
"d8549d23-37d4-42bd-b472-f49bbebd09b0","TP53",2.57920428940845,2.94253327198194
"d8549d23-37d4-42bd-b472-f49bbebd09b0","TP53INP1",5.12773644358883,6.17916267538715
"dd056692-4e2a-4e45-a4d0-357af9754f0e","AKT1",1.91880600526175,3.68468410965065
"dd056692-4e2a-4e45-a4d0-357af9754f0e","ATM",0.848077054053145,1.0611540632071
"dd056692-4e2a-4e45-a4d0-357af9754f0e","BAX",7.12220886170023,4.31167748386373
"dd056692-4e2a-4e45-a4d0-357af9754f0e","BBC3",3.84523912563878,1.67653822672069
"dd056692-4e2a-4e45-a4d0-357af9754f0e","BCL2",0.556895319060806,0.457856910413769
"dd056692-4e2a-4e45-a4d0-357af9754f0e","CASP3",3.85051941632366,3.25688988553589
"dd056692-4e2a-4e45-a4d0-357af9754f0e","CASP9",2.17702479850863,2.02874594222712
"dd056692-4e2a-4e45-a4d0-357af9754f0e","CCND1",4.63523780701384,4.77257718815499
"dd056692-4e2a-4e45-a4d0-357af9754f0e","CCND2",1.21437352443645,0.695013872632582
"dd056692-4e2a-4e45-a4d0-357af9754f0e","CCND3",3.22928027905873,2.61466273493658
"dd056692-4e2a-4e45-a4d0-357af9754f0e","CDC25A",0.99891757275836,0.306028869452206
"dd056692-4e2a-4e45-a4d0-357af9754f0e","CDK4",3.63389614591908,3.07585775711275
"dd056692-4e2a-4e45-a4d0-357af9754f0e","CDK6",3.9195879796561,1.60350172635638
"dd056692-4e2a-4e45-a4d0-357af9754f0e","CDKN1A",6.38697644692639,6.72820216090075
"dd056692-4e2a-4e45-a4d0-357af9754f0e","E2F1",3.89939801270981,0.76009317445814
"dd056692-4e2a-4e45-a4d0-357af9754f0e","GSDME",2.5103036977231,1.12247394117564
"dd056692-4e2a-4e45-a4d0-357af9754f0e","MALAT1",3.31176466015909,1.98681137545723
"dd056692-4e2a-4e45-a4d0-357af9754f0e","MDM2",3.62330502824754,3.39702254572211
"dd056692-4e2a-4e45-a4d0-357af9754f0e","miR-204-5p",6.90627224424218,4.40717148504146
"dd056692-4e2a-4e45-a4d0-357af9754f0e","MYC",5.94479989368428,4.34784987867928
"dd056692-4e2a-4e45-a4d0-357af9754f0e","PPM1D",1.55203271137468,1.71136274532588
"dd056692-4e2a-4e45-a4d0-357af9754f0e","PRKAA1",3.83842742190706,4.240451722319
"dd056692-4e2a-4e45-a4d0-357af9754f0e","RB1",2.02179950121437,2.391767719956
"dd056692-4e2a-4e45-a4d0-357af9754f0e","SIRT1",1.77125175187814,2.94558897648869
"dd056692-4e2a-4e45-a4d0-357af9754f0e","TP53",3.66035821483034,2.80368168242427
"dd056692-4e2a-4e45-a4d0-357af9754f0e","TP53INP1",6.00629129070929,5.72941953388905
"de302b98-250d-42fe-9945-11e1b2bbd3c6","AKT1",4.86706123781001,3.97810408521378
"de302b98-250d-42fe-9945-11e1b2bbd3c6","ATM",2.43071346769515,1.62844699832474
"de302b98-250d-42fe-9945-11e1b2bbd3c6","BAX",5.63011128734163,4.11434203579145
"de302b98-250d-42fe-9945-11e1b2bbd3c6","BBC3",2.84452625970225,1.83895176695194
"de302b98-250d-42fe-9945-11e1b2bbd3c6","BCL2",1.69363191667469,1.07785823528323
"de302b98-250d-42fe-9945-11e1b2bbd3c6","CASP3",4.239894436345,3.60367974967534
"de302b98-250d-42fe-9945-11e1b2bbd3c6","CASP9",2.7640276160638,2.31698562139216
"de302b98-250d-42fe-9945-11e1b2bbd3c6","CCND1",4.95718563997953,6.7662108512137
"de302b98-250d-42fe-9945-11e1b2bbd3c6","CCND2",3.10880878604166,1.61136126391975
"de302b98-250d-42fe-9945-11e1b2bbd3c6","CCND3",4.14444615617036,3.42767321095672
"de302b98-250d-42fe-9945-11e1b2bbd3c6","CDC25A",1.251385833216,0.591009130839571
"de302b98-250d-42fe-9945-11e1b2bbd3c6","CDK4",4.55304710708755,3.67695563893022
"de302b98-250d-42fe-9945-11e1b2bbd3c6","CDK6",2.56985560833095,2.15364322640519
"de302b98-250d-42fe-9945-11e1b2bbd3c6","CDKN1A",5.50615442610678,7.91703307345214
"de302b98-250d-42fe-9945-11e1b2bbd3c6","E2F1",3.06457248705191,1.03948937190185
"de302b98-250d-42fe-9945-11e1b2bbd3c6","GSDME",1.88405082388799,0.798589739233104
"de302b98-250d-42fe-9945-11e1b2bbd3c6","MALAT1",5.02501993270115,2.99584627791674
"de302b98-250d-42fe-9945-11e1b2bbd3c6","MDM2",2.88608185387192,2.86006890396232
"de302b98-250d-42fe-9945-11e1b2bbd3c6","miR-204-5p",4.04823444158139,5.07252773993825
"de302b98-250d-42fe-9945-11e1b2bbd3c6","MYC",4.9791336257134,6.16128509032241
"de302b98-250d-42fe-9945-11e1b2bbd3c6","PPM1D",2.74362267606765,2.15010470099951
"de302b98-250d-42fe-9945-11e1b2bbd3c6","PRKAA1",4.55076525176158,4.62424129607252
"de302b98-250d-42fe-9945-11e1b2bbd3c6","RB1",4.33393173627911,2.98316691577933
"de302b98-250d-42fe-9945-11e1b2bbd3c6","SIRT1",2.80459054480184,3.53303999603163
"de302b98-250d-42fe-9945-11e1b2bbd3c6","TP53",4.34866442641687,3.47421537126437
"de302b98-250d-42fe-9945-11e1b2bbd3c6","TP53INP1",6.84154044675371,6.59719742673318
"dfa15fbe-bb14-40ce-afc6-70694112e3e2","AKT1",4.27002054575232,3.80422913401988
"dfa15fbe-bb14-40ce-afc6-70694112e3e2","ATM",2.14270750202152,1.31127059148664
"dfa15fbe-bb14-40ce-afc6-70694112e3e2","BAX",7.02959423293881,3.90223762226296
"dfa15fbe-bb14-40ce-afc6-70694112e3e2","BBC3",4.51706147804304,2.12565110166152
"dfa15fbe-bb14-40ce-afc6-70694112e3e2","BCL2",2.6286336341647,0.970264679014529
"dfa15fbe-bb14-40ce-afc6-70694112e3e2","CASP3",4.22015966966457,3.37635984887578
"dfa15fbe-bb14-40ce-afc6-70694112e3e2","CASP9",2.55689531906081,2.15026720874841
"dfa15fbe-bb14-40ce-afc6-70694112e3e2","CCND1",5.64779513592733,6.19705742258346
"dfa15fbe-bb14-40ce-afc6-70694112e3e2","CCND2",3.63393101004689,0.59741198755465
"dfa15fbe-bb14-40ce-afc6-70694112e3e2","CCND3",3.9661443364117,2.77327901770435
"dfa15fbe-bb14-40ce-afc6-70694112e3e2","CDC25A",0.628353671349842,0.308244364393713
"dfa15fbe-bb14-40ce-afc6-70694112e3e2","CDK4",5.23821746344333,3.06844725299294
"dfa15fbe-bb14-40ce-afc6-70694112e3e2","CDK6",5.02009766736622,2.17046991664692
"dfa15fbe-bb14-40ce-afc6-70694112e3e2","CDKN1A",7.51327517795903,6.92035285541508
"dfa15fbe-bb14-40ce-afc6-70694112e3e2","E2F1",3.75154941479161,0.544880997410404
"dfa15fbe-bb14-40ce-afc6-70694112e3e2","GSDME",1.14430746726304,0.873970646251952
"dfa15fbe-bb14-40ce-afc6-70694112e3e2","MALAT1",4.33673326715708,3.12205973308875
"dfa15fbe-bb14-40ce-afc6-70694112e3e2","MDM2",3.38785879551298,3.00293650060067
"dfa15fbe-bb14-40ce-afc6-70694112e3e2","miR-204-5p",0.998537809198837,5.05451476092076
"dfa15fbe-bb14-40ce-afc6-70694112e3e2","MYC",5.11060127842734,5.17147106241262
"dfa15fbe-bb14-40ce-afc6-70694112e3e2","PPM1D",2.79562150748378,2.27124637393546
"dfa15fbe-bb14-40ce-afc6-70694112e3e2","PRKAA1",5.46889931992775,4.50203775531831
"dfa15fbe-bb14-40ce-afc6-70694112e3e2","RB1",4.57898700333258,2.75279140071385
"dfa15fbe-bb14-40ce-afc6-70694112e3e2","SIRT1",3.20229233252694,2.86716504962523
"dfa15fbe-bb14-40ce-afc6-70694112e3e2","TP53",4.84612720507962,3.12220886170023
"dfa15fbe-bb14-40ce-afc6-70694112e3e2","TP53INP1",5.91739833718279,5.61036344126296
"f15279dd-5d12-460b-9bd1-b4f95681ca65","AKT1",3.35345033307765,3.77766167871322
"f15279dd-5d12-460b-9bd1-b4f95681ca65","ATM",1.86860775466789,1.41359408240917
"f15279dd-5d12-460b-9bd1-b4f95681ca65","BAX",6.80433111265948,3.98403330893575
"f15279dd-5d12-460b-9bd1-b4f95681ca65","BBC3",3.71700186542817,1.78584345500712
"f15279dd-5d12-460b-9bd1-b4f95681ca65","BCL2",1.26489668446541,0.489953901331306
"f15279dd-5d12-460b-9bd1-b4f95681ca65","CASP3",4.87176973805868,3.5742226360892
"f15279dd-5d12-460b-9bd1-b4f95681ca65","CASP9",2.62133688581356,2.02552496789589
"f15279dd-5d12-460b-9bd1-b4f95681ca65","CCND1",5.53697605401915,4.27465676393107
"f15279dd-5d12-460b-9bd1-b4f95681ca65","CCND2",2.62898351130138,0.801407018365718
"f15279dd-5d12-460b-9bd1-b4f95681ca65","CCND3",4.4964431748796,2.50853006865371
"f15279dd-5d12-460b-9bd1-b4f95681ca65","CDC25A",2.43911777337247,0.399882010026675
"f15279dd-5d12-460b-9bd1-b4f95681ca65","CDK4",5.53482422084414,3.42384705459843
"f15279dd-5d12-460b-9bd1-b4f95681ca65","CDK6",3.48621236681943,2.16027483140859
"f15279dd-5d12-460b-9bd1-b4f95681ca65","CDKN1A",6.60985393134462,6.09016324398883
"f15279dd-5d12-460b-9bd1-b4f95681ca65","E2F1",5.5192084912851,1.22082521579787
"f15279dd-5d12-460b-9bd1-b4f95681ca65","GSDME",1.10238938548844,0.948376576947387
"f15279dd-5d12-460b-9bd1-b4f95681ca65","MALAT1",3.45704263723049,2.49374979447317
"f15279dd-5d12-460b-9bd1-b4f95681ca65","MDM2",4.03881366322414,2.75193497313185
"f15279dd-5d12-460b-9bd1-b4f95681ca65","miR-204-5p",6.75161645311574,4.69883910371216
"f15279dd-5d12-460b-9bd1-b4f95681ca65","MYC",5.07920315080089,3.30442342609037
"f15279dd-5d12-460b-9bd1-b4f95681ca65","PPM1D",2.81294995945575,1.99801492926968
"f15279dd-5d12-460b-9bd1-b4f95681ca65","PRKAA1",3.8031960326267,3.84851778572219
"f15279dd-5d12-460b-9bd1-b4f95681ca65","RB1",2.94822704387917,2.37631816995392
"f15279dd-5d12-460b-9bd1-b4f95681ca65","SIRT1",3.0369779998994,3.08198719489869
"f15279dd-5d12-460b-9bd1-b4f95681ca65","TP53",4.72863890109853,3.27546899364124
"f15279dd-5d12-460b-9bd1-b4f95681ca65","TP53INP1",5.99615370179395,5.20419941899743
