"accession","experiment","validation_group","validation_scope","perturbation","concordance_score","weighted_concordance_score","spearman_rank_correlation","nodes_compared","node_coverage","direct_target_observed","direct_nodes","observed_direct_nodes","observed_first_order_nodes","compared_nodes","n_cells","evidence_grade","claim_level"
"GSE125449","GSE125449_Set1","S10_P05_LCP23","tumour-cell-intrinsic observational concordance","Reference: DDR ON, GSDME endogenous",0.594252457069107,0.594252457069107,-0.0816305793979787,19,0.95,FALSE,"","","","PRKAA1;PPM1D;Mdm2;TP53;TP53INP1;CDKN1A;MYC;MALAT1;SIRT1;DFNA5;E2F1;AKT1;RB1;CDC25A;BBC3;BCL2;BAX;CASP3;CASP9",46,"Indirect only: perturbed node not measured","HCC; malignant cell annotated observational concordance; not causal perturbation validation"
"GSE125449","GSE125449_Set1","S10_P05_LCP23","tumour-cell-intrinsic observational concordance","GSDME KO",0.569910351805949,0.560377122014229,-0.0923570012011909,19,0.95,TRUE,"DFNA5","DFNA5","","PRKAA1;PPM1D;Mdm2;TP53;TP53INP1;CDKN1A;MYC;MALAT1;SIRT1;DFNA5;E2F1;AKT1;RB1;CDC25A;BBC3;BCL2;BAX;CASP3;CASP9",46,"Limited observational concordance","HCC; malignant cell annotated observational concordance; not causal perturbation validation"
"GSE125449","GSE125449_Set1","S10_P05_LCP23","tumour-cell-intrinsic observational concordance","CASP3 KO",0.583726141279634,0.575482155368304,-0.114724057532294,19,0.95,TRUE,"CASP3","CASP3","DFNA5;CDKN1A;CASP9","PRKAA1;PPM1D;Mdm2;TP53;TP53INP1;CDKN1A;MYC;MALAT1;SIRT1;DFNA5;E2F1;AKT1;RB1;CDC25A;BBC3;BCL2;BAX;CASP3;CASP9",46,"Limited observational concordance","HCC; malignant cell annotated observational concordance; not causal perturbation validation"
"GSE125449","GSE125449_Set1","S10_P05_LCP23","tumour-cell-intrinsic observational concordance","miR-204-5p OE",0.582991179028275,0.581073296061489,-0.370795882646403,19,0.95,FALSE,"MIR204","","SIRT1;BCL2;MYC;E2F1;CDC25A;AKT1","PRKAA1;PPM1D;Mdm2;TP53;TP53INP1;CDKN1A;MYC;MALAT1;SIRT1;DFNA5;E2F1;AKT1;RB1;CDC25A;BBC3;BCL2;BAX;CASP3;CASP9",46,"Indirect only: perturbed node not measured","HCC; malignant cell annotated observational concordance; not causal perturbation validation"
"GSE125449","GSE125449_Set1","S10_P05_LCP23","tumour-cell-intrinsic observational concordance","miR-204-5p KO",0.527147193911212,0.502631867372521,0.0707686410942324,19,0.95,FALSE,"MIR204","","SIRT1;BCL2;MYC;E2F1;CDC25A;AKT1","PRKAA1;PPM1D;Mdm2;TP53;TP53INP1;CDKN1A;MYC;MALAT1;SIRT1;DFNA5;E2F1;AKT1;RB1;CDC25A;BBC3;BCL2;BAX;CASP3;CASP9",46,"Indirect only: perturbed node not measured","HCC; malignant cell annotated observational concordance; not causal perturbation validation"
"GSE125449","GSE125449_Set1","S10_P05_LCP23","tumour-cell-intrinsic observational concordance","MALAT1 OE",0.527147193911212,0.569415769603357,0.0707686410942324,19,0.95,TRUE,"MALAT1","MALAT1","","PRKAA1;PPM1D;Mdm2;TP53;TP53INP1;CDKN1A;MYC;MALAT1;SIRT1;DFNA5;E2F1;AKT1;RB1;CDC25A;BBC3;BCL2;BAX;CASP3;CASP9",46,"Limited observational concordance","HCC; malignant cell annotated observational concordance; not causal perturbation validation"
"GSE125449","GSE125449_Set1","S10_P05_LCP23","tumour-cell-intrinsic observational concordance","MALAT1 KO",0.600360357964544,0.540704388834796,-0.292060314870131,19,0.95,TRUE,"MALAT1","MALAT1","","PRKAA1;PPM1D;Mdm2;TP53;TP53INP1;CDKN1A;MYC;MALAT1;SIRT1;DFNA5;E2F1;AKT1;RB1;CDC25A;BBC3;BCL2;BAX;CASP3;CASP9",46,"Limited observational concordance","HCC; malignant cell annotated observational concordance; not causal perturbation validation"
"GSE125449","GSE125449_Set1","S10_P05_LCP23","tumour-cell-intrinsic observational concordance","SIRT1 OE",0.527147193911212,0.522425942796219,0.0707686410942324,19,0.95,TRUE,"SIRT1","SIRT1","TP53","PRKAA1;PPM1D;Mdm2;TP53;TP53INP1;CDKN1A;MYC;MALAT1;SIRT1;DFNA5;E2F1;AKT1;RB1;CDC25A;BBC3;BCL2;BAX;CASP3;CASP9",46,"Limited observational concordance","HCC; malignant cell annotated observational concordance; not causal perturbation validation"
"GSE125449","GSE125449_Set1","S10_P05_LCP23","tumour-cell-intrinsic observational concordance","SIRT1 KO",0.482597200069807,0.48562377397071,-0.313750362239264,19,0.95,TRUE,"SIRT1","SIRT1","TP53","PRKAA1;PPM1D;Mdm2;TP53;TP53INP1;CDKN1A;MYC;MALAT1;SIRT1;DFNA5;E2F1;AKT1;RB1;CDC25A;BBC3;BCL2;BAX;CASP3;CASP9",46,"Limited observational concordance","HCC; malignant cell annotated observational concordance; not causal perturbation validation"
"GSE125449","GSE125449_Set1","S10_P05_LCP23","tumour-cell-intrinsic observational concordance","BCL2 KO",0.587015614963844,0.591510237988463,-0.0853209908609371,19,0.95,TRUE,"BCL2","BCL2","BAX;CASP3","PRKAA1;PPM1D;Mdm2;TP53;TP53INP1;CDKN1A;MYC;MALAT1;SIRT1;DFNA5;E2F1;AKT1;RB1;CDC25A;BBC3;BCL2;BAX;CASP3;CASP9",46,"Limited observational concordance","HCC; malignant cell annotated observational concordance; not causal perturbation validation"
"GSE125449","GSE125449_Set1","S10_P05_LCP23","tumour-cell-intrinsic observational concordance","GSDME OE",0.577476141279633,0.56691121292332,0.0208707047335249,19,0.95,TRUE,"DFNA5","DFNA5","","PRKAA1;PPM1D;Mdm2;TP53;TP53INP1;CDKN1A;MYC;MALAT1;SIRT1;DFNA5;E2F1;AKT1;RB1;CDC25A;BBC3;BCL2;BAX;CASP3;CASP9",46,"Limited observational concordance","HCC; malignant cell annotated observational concordance; not causal perturbation validation"
"GSE125449","GSE125449_Set1","S10_P05_LCP23","tumour-cell-intrinsic observational concordance","CASP3 OE",0.57591571734173,0.570046233175497,0.0834828189340997,19,0.95,TRUE,"CASP3","CASP3","DFNA5;CDKN1A;CASP9","PRKAA1;PPM1D;Mdm2;TP53;TP53INP1;CDKN1A;MYC;MALAT1;SIRT1;DFNA5;E2F1;AKT1;RB1;CDC25A;BBC3;BCL2;BAX;CASP3;CASP9",46,"Limited observational concordance","HCC; malignant cell annotated observational concordance; not causal perturbation validation"
"GSE125449","GSE125449_Set1","S10_P05_LCP23","tumour-cell-intrinsic observational concordance","miR-204-5p OE + GSDME KO",0.555688547449328,0.553860085769187,-0.39379223820981,19,0.95,TRUE,"MIR204;DFNA5","DFNA5","SIRT1;BCL2;MYC;E2F1;CDC25A;AKT1","PRKAA1;PPM1D;Mdm2;TP53;TP53INP1;CDKN1A;MYC;MALAT1;SIRT1;DFNA5;E2F1;AKT1;RB1;CDC25A;BBC3;BCL2;BAX;CASP3;CASP9",46,"Limited observational concordance","HCC; malignant cell annotated observational concordance; not causal perturbation validation"
"GSE125449","GSE125449_Set1","S10_P05_LCP23","tumour-cell-intrinsic observational concordance","CASP3 OE + GSDME KO",0.567278772858581,0.557390884600281,0.0176000668803812,19,0.95,TRUE,"CASP3;DFNA5","CASP3;DFNA5","DFNA5;CDKN1A;CASP9","PRKAA1;PPM1D;Mdm2;TP53;TP53INP1;CDKN1A;MYC;MALAT1;SIRT1;DFNA5;E2F1;AKT1;RB1;CDC25A;BBC3;BCL2;BAX;CASP3;CASP9",46,"Limited observational concordance","HCC; malignant cell annotated observational concordance; not causal perturbation validation"
"GSE125449","GSE125449_Set1","S10_P05_LCP23","tumour-cell-intrinsic observational concordance","SIRT1 KO + GSDME KO",0.481281410596123,0.486321030820244,-0.351973593444166,19,0.95,TRUE,"SIRT1;DFNA5","SIRT1;DFNA5","TP53","PRKAA1;PPM1D;Mdm2;TP53;TP53INP1;CDKN1A;MYC;MALAT1;SIRT1;DFNA5;E2F1;AKT1;RB1;CDC25A;BBC3;BCL2;BAX;CASP3;CASP9",46,"Limited observational concordance","HCC; malignant cell annotated observational concordance; not causal perturbation validation"
"GSE125449","GSE125449_Set1","S10_P05_LCP23","tumour-cell-intrinsic observational concordance","MALAT1 KO + GSDME KO",0.575213851912587,0.516708517575133,-0.349386621088913,19,0.95,TRUE,"MALAT1;DFNA5","MALAT1;DFNA5","","PRKAA1;PPM1D;Mdm2;TP53;TP53INP1;CDKN1A;MYC;MALAT1;SIRT1;DFNA5;E2F1;AKT1;RB1;CDC25A;BBC3;BCL2;BAX;CASP3;CASP9",46,"Limited observational concordance","HCC; malignant cell annotated observational concordance; not causal perturbation validation"
"GSE125449","GSE125449_Set1","S10_P05_LCP23","tumour-cell-intrinsic observational concordance","miR-204-5p OE + CASP3 KO",0.507662231659854,0.527599200052989,-0.443863875351163,19,0.95,TRUE,"MIR204;CASP3","CASP3","SIRT1;BCL2;MYC;E2F1;CDC25A;AKT1;DFNA5;CDKN1A;CASP9","PRKAA1;PPM1D;Mdm2;TP53;TP53INP1;CDKN1A;MYC;MALAT1;SIRT1;DFNA5;E2F1;AKT1;RB1;CDC25A;BBC3;BCL2;BAX;CASP3;CASP9",46,"Limited observational concordance","HCC; malignant cell annotated observational concordance; not causal perturbation validation"
"GSE125449","GSE125449_Set1","S10_P05_LCP23","tumour-cell-intrinsic observational concordance","GSDME E1 + CASP3 E1",0.601818246542791,0.582853847563244,0.0834828189340997,19,0.95,TRUE,"DFNA5;CASP3","DFNA5;CASP3","DFNA5;CDKN1A;CASP9","PRKAA1;PPM1D;Mdm2;TP53;TP53INP1;CDKN1A;MYC;MALAT1;SIRT1;DFNA5;E2F1;AKT1;RB1;CDC25A;BBC3;BCL2;BAX;CASP3;CASP9",46,"Limited observational concordance","HCC; malignant cell annotated observational concordance; not causal perturbation validation"
"GSE125449","GSE125449_Set1","S10_P05_LCP23","tumour-cell-intrinsic observational concordance","p53 E1 + miR-204-5p E1 + CASP3 KO + p21 E1",0.47509644218617,0.479407048698745,-0.470152163025777,19,0.95,TRUE,"TP53;MIR204;CASP3;CDKN1A","TP53;CASP3;CDKN1A","Mdm2;SIRT1;BCL2;MYC;E2F1;CDC25A;AKT1;CASP3;DFNA5;CDKN1A;CASP9","PRKAA1;PPM1D;Mdm2;TP53;TP53INP1;CDKN1A;MYC;MALAT1;SIRT1;DFNA5;E2F1;AKT1;RB1;CDC25A;BBC3;BCL2;BAX;CASP3;CASP9",46,"Limited observational concordance","HCC; malignant cell annotated observational concordance; not causal perturbation validation"
"GSE125449","GSE125449_Set1","S10_P05_LCP23","tumour-cell-intrinsic observational concordance","MALAT1 E1 + miR-204-5p KO + SIRT1 E1",0.527147193911212,0.534746675202383,0.0707686410942324,19,0.95,TRUE,"MALAT1;MIR204;SIRT1","MALAT1;SIRT1","SIRT1;BCL2;MYC;E2F1;CDC25A;AKT1;TP53","PRKAA1;PPM1D;Mdm2;TP53;TP53INP1;CDKN1A;MYC;MALAT1;SIRT1;DFNA5;E2F1;AKT1;RB1;CDC25A;BBC3;BCL2;BAX;CASP3;CASP9",46,"Limited observational concordance","HCC; malignant cell annotated observational concordance; not causal perturbation validation"
"GSE125449","GSE125449_Set1","S10_P05_LCP23","tumour-cell-intrinsic observational concordance","SIRT1 KO + GSDME KO + CASP3 E1",0.474702463227702,0.496471096813577,-0.251845635711251,19,0.95,TRUE,"SIRT1;DFNA5;CASP3","SIRT1;DFNA5;CASP3","DFNA5;CDKN1A;CASP9;TP53","PRKAA1;PPM1D;Mdm2;TP53;TP53INP1;CDKN1A;MYC;MALAT1;SIRT1;DFNA5;E2F1;AKT1;RB1;CDC25A;BBC3;BCL2;BAX;CASP3;CASP9",46,"Limited observational concordance","HCC; malignant cell annotated observational concordance; not causal perturbation validation"
"GSE125449","GSE125449_Set1","S10_P05_LCP23","tumour-cell-intrinsic observational concordance","BAX E1",0.538744664710151,0.477763110750549,-0.225535508845695,19,0.95,TRUE,"BAX","BAX","CASP3","PRKAA1;PPM1D;Mdm2;TP53;TP53INP1;CDKN1A;MYC;MALAT1;SIRT1;DFNA5;E2F1;AKT1;RB1;CDC25A;BBC3;BCL2;BAX;CASP3;CASP9",46,"Limited observational concordance","HCC; malignant cell annotated observational concordance; not causal perturbation validation"
"GSE125449","GSE125449_Set1","S10_P05_LCP23","tumour-cell-intrinsic observational concordance","BAX E1 + GSDME KO",0.546310454183836,0.486338521048563,-0.279323309552882,19,0.95,TRUE,"BAX;DFNA5","BAX;DFNA5","CASP3","PRKAA1;PPM1D;Mdm2;TP53;TP53INP1;CDKN1A;MYC;MALAT1;SIRT1;DFNA5;E2F1;AKT1;RB1;CDC25A;BBC3;BCL2;BAX;CASP3;CASP9",46,"Limited observational concordance","HCC; malignant cell annotated observational concordance; not causal perturbation validation"
"GSE125449","GSE125449_Set1","S10_P05_LCP23","tumour-cell-intrinsic observational concordance","p53 E1",0.746412989543491,0.703558556579406,0.00110207575281935,19,0.95,TRUE,"TP53","TP53","Mdm2","PRKAA1;PPM1D;Mdm2;TP53;TP53INP1;CDKN1A;MYC;MALAT1;SIRT1;DFNA5;E2F1;AKT1;RB1;CDC25A;BBC3;BCL2;BAX;CASP3;CASP9",46,"Limited observational concordance","HCC; malignant cell annotated observational concordance; not causal perturbation validation"
"GSE125449","GSE125449_Set1","S10_P05_LCP23","tumour-cell-intrinsic observational concordance","p53 KO",0.527147193911212,0.522425942796219,0.0707686410942324,19,0.95,TRUE,"TP53","TP53","Mdm2","PRKAA1;PPM1D;Mdm2;TP53;TP53INP1;CDKN1A;MYC;MALAT1;SIRT1;DFNA5;E2F1;AKT1;RB1;CDC25A;BBC3;BCL2;BAX;CASP3;CASP9",46,"Limited observational concordance","HCC; malignant cell annotated observational concordance; not causal perturbation validation"
"GSE125449","GSE125449_Set1","S10_P05_LCP23","tumour-cell-intrinsic observational concordance","p21 E1",0.556817488659154,0.515087421080011,-0.238905293134802,19,0.95,TRUE,"CDKN1A","CDKN1A","CASP3","PRKAA1;PPM1D;Mdm2;TP53;TP53INP1;CDKN1A;MYC;MALAT1;SIRT1;DFNA5;E2F1;AKT1;RB1;CDC25A;BBC3;BCL2;BAX;CASP3;CASP9",46,"Limited observational concordance","HCC; malignant cell annotated observational concordance; not causal perturbation validation"
"GSE125449","GSE125449_Set1","S12_P07_LCP30","tumour-cell-intrinsic observational concordance","Reference: DDR ON, GSDME endogenous",0.561975920828419,0.561975920828419,-0.0816305793979787,19,0.95,FALSE,"","","","PRKAA1;PPM1D;Mdm2;TP53;TP53INP1;CDKN1A;MYC;MALAT1;SIRT1;DFNA5;E2F1;AKT1;RB1;CDC25A;BBC3;BCL2;BAX;CASP3;CASP9",25,"Indirect only: perturbed node not measured","HCC; malignant cell annotated observational concordance; not causal perturbation validation"
"GSE125449","GSE125449_Set1","S12_P07_LCP30","tumour-cell-intrinsic observational concordance","GSDME KO",0.537633815565262,0.532501931624544,-0.0901580249821149,19,0.95,TRUE,"DFNA5","DFNA5","","PRKAA1;PPM1D;Mdm2;TP53;TP53INP1;CDKN1A;MYC;MALAT1;SIRT1;DFNA5;E2F1;AKT1;RB1;CDC25A;BBC3;BCL2;BAX;CASP3;CASP9",25,"Limited observational concordance","HCC; malignant cell annotated observational concordance; not causal perturbation validation"
"GSE125449","GSE125449_Set1","S12_P07_LCP30","tumour-cell-intrinsic observational concordance","CASP3 KO",0.551449605038946,0.550917918924814,-0.108105361905431,19,0.95,TRUE,"CASP3","CASP3","DFNA5;CDKN1A;CASP9","PRKAA1;PPM1D;Mdm2;TP53;TP53INP1;CDKN1A;MYC;MALAT1;SIRT1;DFNA5;E2F1;AKT1;RB1;CDC25A;BBC3;BCL2;BAX;CASP3;CASP9",25,"Limited observational concordance","HCC; malignant cell annotated observational concordance; not causal perturbation validation"
"GSE125449","GSE125449_Set1","S12_P07_LCP30","tumour-cell-intrinsic observational concordance","miR-204-5p OE",0.625035667760631,0.61302710749808,-0.127781965711991,19,0.95,FALSE,"MIR204","","SIRT1;BCL2;MYC;E2F1;CDC25A;AKT1","PRKAA1;PPM1D;Mdm2;TP53;TP53INP1;CDKN1A;MYC;MALAT1;SIRT1;DFNA5;E2F1;AKT1;RB1;CDC25A;BBC3;BCL2;BAX;CASP3;CASP9",25,"Indirect only: perturbed node not measured","HCC; malignant cell annotated observational concordance; not causal perturbation validation"
"GSE125449","GSE125449_Set1","S12_P07_LCP30","tumour-cell-intrinsic observational concordance","miR-204-5p KO",0.494870657670525,0.478101699829599,-0.0707686410942324,19,0.95,FALSE,"MIR204","","SIRT1;BCL2;MYC;E2F1;CDC25A;AKT1","PRKAA1;PPM1D;Mdm2;TP53;TP53INP1;CDKN1A;MYC;MALAT1;SIRT1;DFNA5;E2F1;AKT1;RB1;CDC25A;BBC3;BCL2;BAX;CASP3;CASP9",25,"Indirect only: perturbed node not measured","HCC; malignant cell annotated observational concordance; not causal perturbation validation"
"GSE125449","GSE125449_Set1","S12_P07_LCP30","tumour-cell-intrinsic observational concordance","MALAT1 OE",0.494870657670525,0.52396886008695,-0.0707686410942324,19,0.95,TRUE,"MALAT1","MALAT1","","PRKAA1;PPM1D;Mdm2;TP53;TP53INP1;CDKN1A;MYC;MALAT1;SIRT1;DFNA5;E2F1;AKT1;RB1;CDC25A;BBC3;BCL2;BAX;CASP3;CASP9",25,"Limited observational concordance","HCC; malignant cell annotated observational concordance; not causal perturbation validation"
"GSE125449","GSE125449_Set1","S12_P07_LCP30","tumour-cell-intrinsic observational concordance","MALAT1 KO",0.590711976050422,0.549943414490232,-0.277840149726641,19,0.95,TRUE,"MALAT1","MALAT1","","PRKAA1;PPM1D;Mdm2;TP53;TP53INP1;CDKN1A;MYC;MALAT1;SIRT1;DFNA5;E2F1;AKT1;RB1;CDC25A;BBC3;BCL2;BAX;CASP3;CASP9",25,"Limited observational concordance","HCC; malignant cell annotated observational concordance; not causal perturbation validation"
"GSE125449","GSE125449_Set1","S12_P07_LCP30","tumour-cell-intrinsic observational concordance","SIRT1 OE",0.494870657670525,0.495762717206086,-0.0707686410942324,19,0.95,TRUE,"SIRT1","SIRT1","TP53","PRKAA1;PPM1D;Mdm2;TP53;TP53INP1;CDKN1A;MYC;MALAT1;SIRT1;DFNA5;E2F1;AKT1;RB1;CDC25A;BBC3;BCL2;BAX;CASP3;CASP9",25,"Limited observational concordance","HCC; malignant cell annotated observational concordance; not causal perturbation validation"
"GSE125449","GSE125449_Set1","S12_P07_LCP30","tumour-cell-intrinsic observational concordance","SIRT1 KO",0.524552033800672,0.520282114878816,-0.0661728036722811,19,0.95,TRUE,"SIRT1","SIRT1","TP53","PRKAA1;PPM1D;Mdm2;TP53;TP53INP1;CDKN1A;MYC;MALAT1;SIRT1;DFNA5;E2F1;AKT1;RB1;CDC25A;BBC3;BCL2;BAX;CASP3;CASP9",25,"Limited observational concordance","HCC; malignant cell annotated observational concordance; not causal perturbation validation"
"GSE125449","GSE125449_Set1","S12_P07_LCP30","tumour-cell-intrinsic observational concordance","BCL2 KO",0.554739078723156,0.55953560039891,-0.0415666365732771,19,0.95,TRUE,"BCL2","BCL2","BAX;CASP3","PRKAA1;PPM1D;Mdm2;TP53;TP53INP1;CDKN1A;MYC;MALAT1;SIRT1;DFNA5;E2F1;AKT1;RB1;CDC25A;BBC3;BCL2;BAX;CASP3;CASP9",25,"Limited observational concordance","HCC; malignant cell annotated observational concordance; not causal perturbation validation"
"GSE125449","GSE125449_Set1","S12_P07_LCP30","tumour-cell-intrinsic observational concordance","GSDME OE",0.545199605038946,0.539036022533635,-0.0142799558703065,19,0.95,TRUE,"DFNA5","DFNA5","","PRKAA1;PPM1D;Mdm2;TP53;TP53INP1;CDKN1A;MYC;MALAT1;SIRT1;DFNA5;E2F1;AKT1;RB1;CDC25A;BBC3;BCL2;BAX;CASP3;CASP9",25,"Limited observational concordance","HCC; malignant cell annotated observational concordance; not causal perturbation validation"
"GSE125449","GSE125449_Set1","S12_P07_LCP30","tumour-cell-intrinsic observational concordance","CASP3 OE",0.544212762933683,0.545917918924814,0.00878766515095786,19,0.95,TRUE,"CASP3","CASP3","DFNA5;CDKN1A;CASP9","PRKAA1;PPM1D;Mdm2;TP53;TP53INP1;CDKN1A;MYC;MALAT1;SIRT1;DFNA5;E2F1;AKT1;RB1;CDC25A;BBC3;BCL2;BAX;CASP3;CASP9",25,"Limited observational concordance","HCC; malignant cell annotated observational concordance; not causal perturbation validation"
"GSE125449","GSE125449_Set1","S12_P07_LCP30","tumour-cell-intrinsic observational concordance","miR-204-5p OE + GSDME KO",0.597733036181683,0.582390274551857,-0.141718740594681,19,0.95,TRUE,"MIR204;DFNA5","DFNA5","SIRT1;BCL2;MYC;E2F1;CDC25A;AKT1","PRKAA1;PPM1D;Mdm2;TP53;TP53INP1;CDKN1A;MYC;MALAT1;SIRT1;DFNA5;E2F1;AKT1;RB1;CDC25A;BBC3;BCL2;BAX;CASP3;CASP9",25,"Limited observational concordance","HCC; malignant cell annotated observational concordance; not causal perturbation validation"
"GSE125449","GSE125449_Set1","S12_P07_LCP30","tumour-cell-intrinsic observational concordance","CASP3 OE + GSDME KO",0.535002236617893,0.53464622122668,-0.0154000585203336,19,0.95,TRUE,"CASP3;DFNA5","CASP3;DFNA5","DFNA5;CDKN1A;CASP9","PRKAA1;PPM1D;Mdm2;TP53;TP53INP1;CDKN1A;MYC;MALAT1;SIRT1;DFNA5;E2F1;AKT1;RB1;CDC25A;BBC3;BCL2;BAX;CASP3;CASP9",25,"Limited observational concordance","HCC; malignant cell annotated observational concordance; not causal perturbation validation"
"GSE125449","GSE125449_Set1","S12_P07_LCP30","tumour-cell-intrinsic observational concordance","SIRT1 KO + GSDME KO",0.523236244326988,0.516980332392799,-0.0952535797439658,19,0.95,TRUE,"SIRT1;DFNA5","SIRT1;DFNA5","TP53","PRKAA1;PPM1D;Mdm2;TP53;TP53INP1;CDKN1A;MYC;MALAT1;SIRT1;DFNA5;E2F1;AKT1;RB1;CDC25A;BBC3;BCL2;BAX;CASP3;CASP9",25,"Limited observational concordance","HCC; malignant cell annotated observational concordance; not causal perturbation validation"
"GSE125449","GSE125449_Set1","S12_P07_LCP30","tumour-cell-intrinsic observational concordance","MALAT1 KO + GSDME KO",0.556501449734633,0.517950204751404,-0.336284622798079,19,0.95,TRUE,"MALAT1;DFNA5","MALAT1;DFNA5","","PRKAA1;PPM1D;Mdm2;TP53;TP53INP1;CDKN1A;MYC;MALAT1;SIRT1;DFNA5;E2F1;AKT1;RB1;CDC25A;BBC3;BCL2;BAX;CASP3;CASP9",25,"Limited observational concordance","HCC; malignant cell annotated observational concordance; not causal perturbation validation"
"GSE125449","GSE125449_Set1","S12_P07_LCP30","tumour-cell-intrinsic observational concordance","miR-204-5p OE + CASP3 KO",0.54970672039221,0.553395877744245,-0.160730651241368,19,0.95,TRUE,"MIR204;CASP3","CASP3","SIRT1;BCL2;MYC;E2F1;CDC25A;AKT1;DFNA5;CDKN1A;CASP9","PRKAA1;PPM1D;Mdm2;TP53;TP53INP1;CDKN1A;MYC;MALAT1;SIRT1;DFNA5;E2F1;AKT1;RB1;CDC25A;BBC3;BCL2;BAX;CASP3;CASP9",25,"Limited observational concordance","HCC; malignant cell annotated observational concordance; not causal perturbation validation"
"GSE125449","GSE125449_Set1","S12_P07_LCP30","tumour-cell-intrinsic observational concordance","GSDME E1 + CASP3 E1",0.569541710302104,0.560109184189643,0.00878766515095786,19,0.95,TRUE,"DFNA5;CASP3","DFNA5;CASP3","DFNA5;CDKN1A;CASP9","PRKAA1;PPM1D;Mdm2;TP53;TP53INP1;CDKN1A;MYC;MALAT1;SIRT1;DFNA5;E2F1;AKT1;RB1;CDC25A;BBC3;BCL2;BAX;CASP3;CASP9",25,"Limited observational concordance","HCC; malignant cell annotated observational concordance; not causal perturbation validation"
"GSE125449","GSE125449_Set1","S12_P07_LCP30","tumour-cell-intrinsic observational concordance","p53 E1 + miR-204-5p E1 + CASP3 KO + p21 E1",0.517140930918526,0.501066520413806,-0.208956516900345,19,0.95,TRUE,"TP53;MIR204;CASP3;CDKN1A","TP53;CASP3;CDKN1A","Mdm2;SIRT1;BCL2;MYC;E2F1;CDC25A;AKT1;CASP3;DFNA5;CDKN1A;CASP9","PRKAA1;PPM1D;Mdm2;TP53;TP53INP1;CDKN1A;MYC;MALAT1;SIRT1;DFNA5;E2F1;AKT1;RB1;CDC25A;BBC3;BCL2;BAX;CASP3;CASP9",25,"Limited observational concordance","HCC; malignant cell annotated observational concordance; not causal perturbation validation"
"GSE125449","GSE125449_Set1","S12_P07_LCP30","tumour-cell-intrinsic observational concordance","MALAT1 E1 + miR-204-5p KO + SIRT1 E1",0.494870657670525,0.502494029739125,-0.0707686410942324,19,0.95,TRUE,"MALAT1;MIR204;SIRT1","MALAT1;SIRT1","SIRT1;BCL2;MYC;E2F1;CDC25A;AKT1;TP53","PRKAA1;PPM1D;Mdm2;TP53;TP53INP1;CDKN1A;MYC;MALAT1;SIRT1;DFNA5;E2F1;AKT1;RB1;CDC25A;BBC3;BCL2;BAX;CASP3;CASP9",25,"Limited observational concordance","HCC; malignant cell annotated observational concordance; not causal perturbation validation"
"GSE125449","GSE125449_Set1","S12_P07_LCP30","tumour-cell-intrinsic observational concordance","SIRT1 KO + GSDME KO + CASP3 E1",0.516657296958567,0.522157874825586,-0.00479705972783335,19,0.95,TRUE,"SIRT1;DFNA5;CASP3","SIRT1;DFNA5;CASP3","DFNA5;CDKN1A;CASP9;TP53","PRKAA1;PPM1D;Mdm2;TP53;TP53INP1;CDKN1A;MYC;MALAT1;SIRT1;DFNA5;E2F1;AKT1;RB1;CDC25A;BBC3;BCL2;BAX;CASP3;CASP9",25,"Limited observational concordance","HCC; malignant cell annotated observational concordance; not causal perturbation validation"
"GSE125449","GSE125449_Set1","S12_P07_LCP30","tumour-cell-intrinsic observational concordance","BAX E1",0.522693087793274,0.484607953329154,-0.253310817816839,19,0.95,TRUE,"BAX","BAX","CASP3","PRKAA1;PPM1D;Mdm2;TP53;TP53INP1;CDKN1A;MYC;MALAT1;SIRT1;DFNA5;E2F1;AKT1;RB1;CDC25A;BBC3;BCL2;BAX;CASP3;CASP9",25,"Limited observational concordance","HCC; malignant cell annotated observational concordance; not causal perturbation validation"
"GSE125449","GSE125449_Set1","S12_P07_LCP30","tumour-cell-intrinsic observational concordance","BAX E1 + GSDME KO",0.530258877266958,0.492393574098867,-0.257415598999715,19,0.95,TRUE,"BAX;DFNA5","BAX;DFNA5","CASP3","PRKAA1;PPM1D;Mdm2;TP53;TP53INP1;CDKN1A;MYC;MALAT1;SIRT1;DFNA5;E2F1;AKT1;RB1;CDC25A;BBC3;BCL2;BAX;CASP3;CASP9",25,"Limited observational concordance","HCC; malignant cell annotated observational concordance; not causal perturbation validation"
"GSE125449","GSE125449_Set1","S12_P07_LCP30","tumour-cell-intrinsic observational concordance","p53 E1",0.778731774594224,0.730256683360446,-0.0154290605394709,19,0.95,TRUE,"TP53","TP53","Mdm2","PRKAA1;PPM1D;Mdm2;TP53;TP53INP1;CDKN1A;MYC;MALAT1;SIRT1;DFNA5;E2F1;AKT1;RB1;CDC25A;BBC3;BCL2;BAX;CASP3;CASP9",25,"Limited observational concordance","HCC; malignant cell annotated observational concordance; not causal perturbation validation"
"GSE125449","GSE125449_Set1","S12_P07_LCP30","tumour-cell-intrinsic observational concordance","p53 KO",0.494870657670525,0.495762717206086,-0.0707686410942324,19,0.95,TRUE,"TP53","TP53","Mdm2","PRKAA1;PPM1D;Mdm2;TP53;TP53INP1;CDKN1A;MYC;MALAT1;SIRT1;DFNA5;E2F1;AKT1;RB1;CDC25A;BBC3;BCL2;BAX;CASP3;CASP9",25,"Limited observational concordance","HCC; malignant cell annotated observational concordance; not causal perturbation validation"
"GSE125449","GSE125449_Set1","S12_P07_LCP30","tumour-cell-intrinsic observational concordance","p21 E1",0.524630607419957,0.488609352558175,-0.269590376656703,19,0.95,TRUE,"CDKN1A","CDKN1A","CASP3","PRKAA1;PPM1D;Mdm2;TP53;TP53INP1;CDKN1A;MYC;MALAT1;SIRT1;DFNA5;E2F1;AKT1;RB1;CDC25A;BBC3;BCL2;BAX;CASP3;CASP9",25,"Limited observational concordance","HCC; malignant cell annotated observational concordance; not causal perturbation validation"
"GSE125449","GSE125449_Set1","S15_P09_LCP38","tumour-cell-intrinsic observational concordance","Reference: DDR ON, GSDME endogenous",0.564093840472819,0.564093840472819,-0.134580144412884,19,0.95,FALSE,"","","","PRKAA1;PPM1D;Mdm2;TP53;TP53INP1;CDKN1A;MYC;MALAT1;SIRT1;DFNA5;E2F1;AKT1;RB1;CDC25A;BBC3;BCL2;BAX;CASP3;CASP9",228,"Indirect only: perturbed node not measured","HCC; malignant cell annotated observational concordance; not causal perturbation validation"
"GSE125449","GSE125449_Set1","S15_P09_LCP38","tumour-cell-intrinsic observational concordance","GSDME KO",0.539751735209661,0.534331044044708,-0.1418339661304,19,0.95,TRUE,"DFNA5","DFNA5","","PRKAA1;PPM1D;Mdm2;TP53;TP53INP1;CDKN1A;MYC;MALAT1;SIRT1;DFNA5;E2F1;AKT1;RB1;CDC25A;BBC3;BCL2;BAX;CASP3;CASP9",228,"Limited observational concordance","HCC; malignant cell annotated observational concordance; not causal perturbation validation"
"GSE125449","GSE125449_Set1","S15_P09_LCP38","tumour-cell-intrinsic observational concordance","CASP3 KO",0.553567524683346,0.539591996799018,-0.157745579106905,19,0.95,TRUE,"CASP3","CASP3","DFNA5;CDKN1A;CASP9","PRKAA1;PPM1D;Mdm2;TP53;TP53INP1;CDKN1A;MYC;MALAT1;SIRT1;DFNA5;E2F1;AKT1;RB1;CDC25A;BBC3;BCL2;BAX;CASP3;CASP9",228,"Limited observational concordance","HCC; malignant cell annotated observational concordance; not causal perturbation validation"
"GSE125449","GSE125449_Set1","S15_P09_LCP38","tumour-cell-intrinsic observational concordance","miR-204-5p OE",0.634993838285456,0.620595317096947,-0.220195708771556,19,0.95,FALSE,"MIR204","","SIRT1;BCL2;MYC;E2F1;CDC25A;AKT1","PRKAA1;PPM1D;Mdm2;TP53;TP53INP1;CDKN1A;MYC;MALAT1;SIRT1;DFNA5;E2F1;AKT1;RB1;CDC25A;BBC3;BCL2;BAX;CASP3;CASP9",228,"Indirect only: perturbed node not measured","HCC; malignant cell annotated observational concordance; not causal perturbation validation"
"GSE125449","GSE125449_Set1","S15_P09_LCP38","tumour-cell-intrinsic observational concordance","miR-204-5p KO",0.496988577314925,0.479711318759343,-0.0471790940628216,19,0.95,FALSE,"MIR204","","SIRT1;BCL2;MYC;E2F1;CDC25A;AKT1","PRKAA1;PPM1D;Mdm2;TP53;TP53INP1;CDKN1A;MYC;MALAT1;SIRT1;DFNA5;E2F1;AKT1;RB1;CDC25A;BBC3;BCL2;BAX;CASP3;CASP9",228,"Indirect only: perturbed node not measured","HCC; malignant cell annotated observational concordance; not causal perturbation validation"
"GSE125449","GSE125449_Set1","S15_P09_LCP38","tumour-cell-intrinsic observational concordance","MALAT1 OE",0.496988577314925,0.551559357512348,-0.0471790940628216,19,0.95,TRUE,"MALAT1","MALAT1","","PRKAA1;PPM1D;Mdm2;TP53;TP53INP1;CDKN1A;MYC;MALAT1;SIRT1;DFNA5;E2F1;AKT1;RB1;CDC25A;BBC3;BCL2;BAX;CASP3;CASP9",228,"Limited observational concordance","HCC; malignant cell annotated observational concordance; not causal perturbation validation"
"GSE125449","GSE125449_Set1","S15_P09_LCP38","tumour-cell-intrinsic observational concordance","MALAT1 KO",0.572943914287273,0.508836885235004,-0.483485614878644,19,0.95,TRUE,"MALAT1","MALAT1","","PRKAA1;PPM1D;Mdm2;TP53;TP53INP1;CDKN1A;MYC;MALAT1;SIRT1;DFNA5;E2F1;AKT1;RB1;CDC25A;BBC3;BCL2;BAX;CASP3;CASP9",228,"Limited observational concordance","HCC; malignant cell annotated observational concordance; not causal perturbation validation"
"GSE125449","GSE125449_Set1","S15_P09_LCP38","tumour-cell-intrinsic observational concordance","SIRT1 OE",0.496988577314925,0.497512302999286,-0.0471790940628216,19,0.95,TRUE,"SIRT1","SIRT1","TP53","PRKAA1;PPM1D;Mdm2;TP53;TP53INP1;CDKN1A;MYC;MALAT1;SIRT1;DFNA5;E2F1;AKT1;RB1;CDC25A;BBC3;BCL2;BAX;CASP3;CASP9",228,"Limited observational concordance","HCC; malignant cell annotated observational concordance; not causal perturbation validation"
"GSE125449","GSE125449_Set1","S15_P09_LCP38","tumour-cell-intrinsic observational concordance","SIRT1 KO",0.506704364601246,0.505538388148855,-0.316032183055549,19,0.95,TRUE,"SIRT1","SIRT1","TP53","PRKAA1;PPM1D;Mdm2;TP53;TP53INP1;CDKN1A;MYC;MALAT1;SIRT1;DFNA5;E2F1;AKT1;RB1;CDC25A;BBC3;BCL2;BAX;CASP3;CASP9",228,"Limited observational concordance","HCC; malignant cell annotated observational concordance; not causal perturbation validation"
"GSE125449","GSE125449_Set1","S15_P09_LCP38","tumour-cell-intrinsic observational concordance","BCL2 KO",0.556856998367556,0.55052264666741,-0.247212101725279,19,0.95,TRUE,"BCL2","BCL2","BAX;CASP3","PRKAA1;PPM1D;Mdm2;TP53;TP53INP1;CDKN1A;MYC;MALAT1;SIRT1;DFNA5;E2F1;AKT1;RB1;CDC25A;BBC3;BCL2;BAX;CASP3;CASP9",228,"Limited observational concordance","HCC; malignant cell annotated observational concordance; not causal perturbation validation"
"GSE125449","GSE125449_Set1","S15_P09_LCP38","tumour-cell-intrinsic observational concordance","GSDME OE",0.547317524683346,0.540865134953799,-0.185639426313985,19,0.95,TRUE,"DFNA5","DFNA5","","PRKAA1;PPM1D;Mdm2;TP53;TP53INP1;CDKN1A;MYC;MALAT1;SIRT1;DFNA5;E2F1;AKT1;RB1;CDC25A;BBC3;BCL2;BAX;CASP3;CASP9",228,"Limited observational concordance","HCC; malignant cell annotated observational concordance; not causal perturbation validation"
"GSE125449","GSE125449_Set1","S15_P09_LCP38","tumour-cell-intrinsic observational concordance","CASP3 OE",0.546330682578082,0.534591996799018,-0.160374889004981,19,0.95,TRUE,"CASP3","CASP3","DFNA5;CDKN1A;CASP9","PRKAA1;PPM1D;Mdm2;TP53;TP53INP1;CDKN1A;MYC;MALAT1;SIRT1;DFNA5;E2F1;AKT1;RB1;CDC25A;BBC3;BCL2;BAX;CASP3;CASP9",228,"Limited observational concordance","HCC; malignant cell annotated observational concordance; not causal perturbation validation"
"GSE125449","GSE125449_Set1","S15_P09_LCP38","tumour-cell-intrinsic observational concordance","miR-204-5p OE + GSDME KO",0.609006996180193,0.590040461693703,-0.234649062296111,19,0.95,TRUE,"MIR204;DFNA5","DFNA5","SIRT1;BCL2;MYC;E2F1;CDC25A;AKT1","PRKAA1;PPM1D;Mdm2;TP53;TP53INP1;CDKN1A;MYC;MALAT1;SIRT1;DFNA5;E2F1;AKT1;RB1;CDC25A;BBC3;BCL2;BAX;CASP3;CASP9",228,"Limited observational concordance","HCC; malignant cell annotated observational concordance; not causal perturbation validation"
"GSE125449","GSE125449_Set1","S15_P09_LCP38","tumour-cell-intrinsic observational concordance","CASP3 OE + GSDME KO",0.537120156262293,0.524159256295387,-0.20130076494436,19,0.95,TRUE,"CASP3;DFNA5","CASP3;DFNA5","DFNA5;CDKN1A;CASP9","PRKAA1;PPM1D;Mdm2;TP53;TP53INP1;CDKN1A;MYC;MALAT1;SIRT1;DFNA5;E2F1;AKT1;RB1;CDC25A;BBC3;BCL2;BAX;CASP3;CASP9",228,"Limited observational concordance","HCC; malignant cell annotated observational concordance; not causal perturbation validation"
"GSE125449","GSE125449_Set1","S15_P09_LCP38","tumour-cell-intrinsic observational concordance","SIRT1 KO + GSDME KO",0.505388575127562,0.50393780490091,-0.315963093784862,19,0.95,TRUE,"SIRT1;DFNA5","SIRT1;DFNA5","TP53","PRKAA1;PPM1D;Mdm2;TP53;TP53INP1;CDKN1A;MYC;MALAT1;SIRT1;DFNA5;E2F1;AKT1;RB1;CDC25A;BBC3;BCL2;BAX;CASP3;CASP9",228,"Limited observational concordance","HCC; malignant cell annotated observational concordance; not causal perturbation validation"
"GSE125449","GSE125449_Set1","S15_P09_LCP38","tumour-cell-intrinsic observational concordance","MALAT1 KO + GSDME KO",0.538733387971483,0.481776459006804,-0.389784449152319,19,0.95,TRUE,"MALAT1;DFNA5","MALAT1;DFNA5","","PRKAA1;PPM1D;Mdm2;TP53;TP53INP1;CDKN1A;MYC;MALAT1;SIRT1;DFNA5;E2F1;AKT1;RB1;CDC25A;BBC3;BCL2;BAX;CASP3;CASP9",228,"Limited observational concordance","HCC; malignant cell annotated observational concordance; not causal perturbation validation"
"GSE125449","GSE125449_Set1","S15_P09_LCP38","tumour-cell-intrinsic observational concordance","miR-204-5p OE + CASP3 KO",0.557033311969667,0.562883867045663,-0.323934081732604,19,0.95,TRUE,"MIR204;CASP3","CASP3","SIRT1;BCL2;MYC;E2F1;CDC25A;AKT1;DFNA5;CDKN1A;CASP9","PRKAA1;PPM1D;Mdm2;TP53;TP53INP1;CDKN1A;MYC;MALAT1;SIRT1;DFNA5;E2F1;AKT1;RB1;CDC25A;BBC3;BCL2;BAX;CASP3;CASP9",228,"Limited observational concordance","HCC; malignant cell annotated observational concordance; not causal perturbation validation"
"GSE125449","GSE125449_Set1","S15_P09_LCP38","tumour-cell-intrinsic observational concordance","GSDME E1 + CASP3 E1",0.569325493234641,0.547979678609261,-0.160374889004981,19,0.95,TRUE,"DFNA5;CASP3","DFNA5;CASP3","DFNA5;CDKN1A;CASP9","PRKAA1;PPM1D;Mdm2;TP53;TP53INP1;CDKN1A;MYC;MALAT1;SIRT1;DFNA5;E2F1;AKT1;RB1;CDC25A;BBC3;BCL2;BAX;CASP3;CASP9",228,"Limited observational concordance","HCC; malignant cell annotated observational concordance; not causal perturbation validation"
"GSE125449","GSE125449_Set1","S15_P09_LCP38","tumour-cell-intrinsic observational concordance","p53 E1 + miR-204-5p E1 + CASP3 KO + p21 E1",0.53333415923368,0.535602653309846,-0.21766303843786,19,0.95,TRUE,"TP53;MIR204;CASP3;CDKN1A","TP53;CASP3;CDKN1A","Mdm2;SIRT1;BCL2;MYC;E2F1;CDC25A;AKT1;CASP3;DFNA5;CDKN1A;CASP9","PRKAA1;PPM1D;Mdm2;TP53;TP53INP1;CDKN1A;MYC;MALAT1;SIRT1;DFNA5;E2F1;AKT1;RB1;CDC25A;BBC3;BCL2;BAX;CASP3;CASP9",228,"Limited observational concordance","HCC; malignant cell annotated observational concordance; not causal perturbation validation"
"GSE125449","GSE125449_Set1","S15_P09_LCP38","tumour-cell-intrinsic observational concordance","MALAT1 E1 + miR-204-5p KO + SIRT1 E1",0.496988577314925,0.522074382750698,-0.0471790940628216,19,0.95,TRUE,"MALAT1;MIR204;SIRT1","MALAT1;SIRT1","SIRT1;BCL2;MYC;E2F1;CDC25A;AKT1;TP53","PRKAA1;PPM1D;Mdm2;TP53;TP53INP1;CDKN1A;MYC;MALAT1;SIRT1;DFNA5;E2F1;AKT1;RB1;CDC25A;BBC3;BCL2;BAX;CASP3;CASP9",228,"Limited observational concordance","HCC; malignant cell annotated observational concordance; not causal perturbation validation"
"GSE125449","GSE125449_Set1","S15_P09_LCP38","tumour-cell-intrinsic observational concordance","SIRT1 KO + GSDME KO + CASP3 E1",0.498809627759141,0.500787092852114,-0.383764778226668,19,0.95,TRUE,"SIRT1;DFNA5;CASP3","SIRT1;DFNA5;CASP3","DFNA5;CDKN1A;CASP9;TP53","PRKAA1;PPM1D;Mdm2;TP53;TP53INP1;CDKN1A;MYC;MALAT1;SIRT1;DFNA5;E2F1;AKT1;RB1;CDC25A;BBC3;BCL2;BAX;CASP3;CASP9",228,"Limited observational concordance","HCC; malignant cell annotated observational concordance; not causal perturbation validation"
"GSE125449","GSE125449_Set1","S15_P09_LCP38","tumour-cell-intrinsic observational concordance","BAX E1",0.55181641404816,0.542129574513576,-0.375522177289876,19,0.95,TRUE,"BAX","BAX","CASP3","PRKAA1;PPM1D;Mdm2;TP53;TP53INP1;CDKN1A;MYC;MALAT1;SIRT1;DFNA5;E2F1;AKT1;RB1;CDC25A;BBC3;BCL2;BAX;CASP3;CASP9",228,"Limited observational concordance","HCC; malignant cell annotated observational concordance; not causal perturbation validation"
"GSE125449","GSE125449_Set1","S15_P09_LCP38","tumour-cell-intrinsic observational concordance","BAX E1 + GSDME KO",0.559382203521844,0.543278085146625,-0.369144922820867,19,0.95,TRUE,"BAX;DFNA5","BAX;DFNA5","CASP3","PRKAA1;PPM1D;Mdm2;TP53;TP53INP1;CDKN1A;MYC;MALAT1;SIRT1;DFNA5;E2F1;AKT1;RB1;CDC25A;BBC3;BCL2;BAX;CASP3;CASP9",228,"Limited observational concordance","HCC; malignant cell annotated observational concordance; not causal perturbation validation"
"GSE125449","GSE125449_Set1","S15_P09_LCP38","tumour-cell-intrinsic observational concordance","p53 E1",0.752205475236431,0.708343653456182,-0.20388401427158,19,0.95,TRUE,"TP53","TP53","Mdm2","PRKAA1;PPM1D;Mdm2;TP53;TP53INP1;CDKN1A;MYC;MALAT1;SIRT1;DFNA5;E2F1;AKT1;RB1;CDC25A;BBC3;BCL2;BAX;CASP3;CASP9",228,"Limited observational concordance","HCC; malignant cell annotated observational concordance; not causal perturbation validation"
"GSE125449","GSE125449_Set1","S15_P09_LCP38","tumour-cell-intrinsic observational concordance","p53 KO",0.496988577314925,0.497512302999286,-0.0471790940628216,19,0.95,TRUE,"TP53","TP53","Mdm2","PRKAA1;PPM1D;Mdm2;TP53;TP53INP1;CDKN1A;MYC;MALAT1;SIRT1;DFNA5;E2F1;AKT1;RB1;CDC25A;BBC3;BCL2;BAX;CASP3;CASP9",228,"Limited observational concordance","HCC; malignant cell annotated observational concordance; not causal perturbation validation"
"GSE125449","GSE125449_Set1","S15_P09_LCP38","tumour-cell-intrinsic observational concordance","p21 E1",0.560789424578938,0.560660791914096,0.0372604585623086,19,0.95,TRUE,"CDKN1A","CDKN1A","CASP3","PRKAA1;PPM1D;Mdm2;TP53;TP53INP1;CDKN1A;MYC;MALAT1;SIRT1;DFNA5;E2F1;AKT1;RB1;CDC25A;BBC3;BCL2;BAX;CASP3;CASP9",228,"Limited observational concordance","HCC; malignant cell annotated observational concordance; not causal perturbation validation"
"GSE125449","GSE125449_Set1","S21_P13_LCP37","tumour-cell-intrinsic observational concordance","Reference: DDR ON, GSDME endogenous",0.498330729234157,0.498330729234158,-0.480958548885388,19,0.95,FALSE,"","","","PRKAA1;PPM1D;Mdm2;TP53;TP53INP1;CDKN1A;MYC;MALAT1;SIRT1;DFNA5;E2F1;AKT1;RB1;CDC25A;BBC3;BCL2;BAX;CASP3;CASP9",60,"Indirect only: perturbed node not measured","HCC; malignant cell annotated observational concordance; not causal perturbation validation"
"GSE125449","GSE125449_Set1","S21_P13_LCP37","tumour-cell-intrinsic observational concordance","GSDME KO",0.473988623971,0.477535629793136,-0.471680398991796,19,0.95,TRUE,"DFNA5","DFNA5","","PRKAA1;PPM1D;Mdm2;TP53;TP53INP1;CDKN1A;MYC;MALAT1;SIRT1;DFNA5;E2F1;AKT1;RB1;CDC25A;BBC3;BCL2;BAX;CASP3;CASP9",60,"Limited observational concordance","HCC; malignant cell annotated observational concordance; not causal perturbation validation"
"GSE125449","GSE125449_Set1","S21_P13_LCP37","tumour-cell-intrinsic observational concordance","CASP3 KO",0.487804413444684,0.47930122682656,-0.457793114191367,19,0.95,TRUE,"CASP3","CASP3","DFNA5;CDKN1A;CASP9","PRKAA1;PPM1D;Mdm2;TP53;TP53INP1;CDKN1A;MYC;MALAT1;SIRT1;DFNA5;E2F1;AKT1;RB1;CDC25A;BBC3;BCL2;BAX;CASP3;CASP9",60,"Limited observational concordance","HCC; malignant cell annotated observational concordance; not causal perturbation validation"
"GSE125449","GSE125449_Set1","S21_P13_LCP37","tumour-cell-intrinsic observational concordance","miR-204-5p OE",0.649109522662273,0.631323237223328,0.0832864597944227,19,0.95,FALSE,"MIR204","","SIRT1;BCL2;MYC;E2F1;CDC25A;AKT1","PRKAA1;PPM1D;Mdm2;TP53;TP53INP1;CDKN1A;MYC;MALAT1;SIRT1;DFNA5;E2F1;AKT1;RB1;CDC25A;BBC3;BCL2;BAX;CASP3;CASP9",60,"Indirect only: perturbed node not measured","HCC; malignant cell annotated observational concordance; not causal perturbation validation"
"GSE125449","GSE125449_Set1","S21_P13_LCP37","tumour-cell-intrinsic observational concordance","miR-204-5p KO",0.431225466076263,0.42973135421796,-0.448201393596805,19,0.95,FALSE,"MIR204","","SIRT1;BCL2;MYC;E2F1;CDC25A;AKT1","PRKAA1;PPM1D;Mdm2;TP53;TP53INP1;CDKN1A;MYC;MALAT1;SIRT1;DFNA5;E2F1;AKT1;RB1;CDC25A;BBC3;BCL2;BAX;CASP3;CASP9",60,"Indirect only: perturbed node not measured","HCC; malignant cell annotated observational concordance; not causal perturbation validation"
"GSE125449","GSE125449_Set1","S21_P13_LCP37","tumour-cell-intrinsic observational concordance","MALAT1 OE",0.431225466076263,0.403960554416556,-0.448201393596805,19,0.95,TRUE,"MALAT1","MALAT1","","PRKAA1;PPM1D;Mdm2;TP53;TP53INP1;CDKN1A;MYC;MALAT1;SIRT1;DFNA5;E2F1;AKT1;RB1;CDC25A;BBC3;BCL2;BAX;CASP3;CASP9",60,"Limited observational concordance","HCC; malignant cell annotated observational concordance; not causal perturbation validation"
"GSE125449","GSE125449_Set1","S21_P13_LCP37","tumour-cell-intrinsic observational concordance","MALAT1 KO",0.57727464706871,0.603380452390466,-0.286591020584173,19,0.95,TRUE,"MALAT1","MALAT1","","PRKAA1;PPM1D;Mdm2;TP53;TP53INP1;CDKN1A;MYC;MALAT1;SIRT1;DFNA5;E2F1;AKT1;RB1;CDC25A;BBC3;BCL2;BAX;CASP3;CASP9",60,"Limited observational concordance","HCC; malignant cell annotated observational concordance; not causal perturbation validation"
"GSE125449","GSE125449_Set1","S21_P13_LCP37","tumour-cell-intrinsic observational concordance","SIRT1 OE",0.431225466076263,0.443186254584739,-0.448201393596805,19,0.95,TRUE,"SIRT1","SIRT1","TP53","PRKAA1;PPM1D;Mdm2;TP53;TP53INP1;CDKN1A;MYC;MALAT1;SIRT1;DFNA5;E2F1;AKT1;RB1;CDC25A;BBC3;BCL2;BAX;CASP3;CASP9",60,"Limited observational concordance","HCC; malignant cell annotated observational concordance; not causal perturbation validation"
"GSE125449","GSE125449_Set1","S21_P13_LCP37","tumour-cell-intrinsic observational concordance","SIRT1 KO",0.547677525685646,0.539385782088142,0.00798637285699944,19,0.95,TRUE,"SIRT1","SIRT1","TP53","PRKAA1;PPM1D;Mdm2;TP53;TP53INP1;CDKN1A;MYC;MALAT1;SIRT1;DFNA5;E2F1;AKT1;RB1;CDC25A;BBC3;BCL2;BAX;CASP3;CASP9",60,"Limited observational concordance","HCC; malignant cell annotated observational concordance; not causal perturbation validation"
"GSE125449","GSE125449_Set1","S21_P13_LCP37","tumour-cell-intrinsic observational concordance","BCL2 KO",0.491093887128894,0.487266159446956,-0.552398722881708,19,0.95,TRUE,"BCL2","BCL2","BAX;CASP3","PRKAA1;PPM1D;Mdm2;TP53;TP53INP1;CDKN1A;MYC;MALAT1;SIRT1;DFNA5;E2F1;AKT1;RB1;CDC25A;BBC3;BCL2;BAX;CASP3;CASP9",60,"Limited observational concordance","HCC; malignant cell annotated observational concordance; not causal perturbation validation"
"GSE125449","GSE125449_Set1","S21_P13_LCP37","tumour-cell-intrinsic observational concordance","GSDME OE",0.481554413444684,0.484069720702227,-0.49320770659751,19,0.95,TRUE,"DFNA5","DFNA5","","PRKAA1;PPM1D;Mdm2;TP53;TP53INP1;CDKN1A;MYC;MALAT1;SIRT1;DFNA5;E2F1;AKT1;RB1;CDC25A;BBC3;BCL2;BAX;CASP3;CASP9",60,"Limited observational concordance","HCC; malignant cell annotated observational concordance; not causal perturbation validation"
"GSE125449","GSE125449_Set1","S21_P13_LCP37","tumour-cell-intrinsic observational concordance","CASP3 OE",0.480567571339421,0.47430122682656,-0.45256475527433,19,0.95,TRUE,"CASP3","CASP3","DFNA5;CDKN1A;CASP9","PRKAA1;PPM1D;Mdm2;TP53;TP53INP1;CDKN1A;MYC;MALAT1;SIRT1;DFNA5;E2F1;AKT1;RB1;CDC25A;BBC3;BCL2;BAX;CASP3;CASP9",60,"Limited observational concordance","HCC; malignant cell annotated observational concordance; not causal perturbation validation"
"GSE125449","GSE125449_Set1","S21_P13_LCP37","tumour-cell-intrinsic observational concordance","miR-204-5p OE + GSDME KO",0.621806891083326,0.598726104663686,0.0708593702973404,19,0.95,TRUE,"MIR204;DFNA5","DFNA5","SIRT1;BCL2;MYC;E2F1;CDC25A;AKT1","PRKAA1;PPM1D;Mdm2;TP53;TP53INP1;CDKN1A;MYC;MALAT1;SIRT1;DFNA5;E2F1;AKT1;RB1;CDC25A;BBC3;BCL2;BAX;CASP3;CASP9",60,"Limited observational concordance","HCC; malignant cell annotated observational concordance; not causal perturbation validation"
"GSE125449","GSE125449_Set1","S21_P13_LCP37","tumour-cell-intrinsic observational concordance","CASP3 OE + GSDME KO",0.471357045023631,0.468334469283851,-0.495001881010722,19,0.95,TRUE,"CASP3;DFNA5","CASP3;DFNA5","DFNA5;CDKN1A;CASP9","PRKAA1;PPM1D;Mdm2;TP53;TP53INP1;CDKN1A;MYC;MALAT1;SIRT1;DFNA5;E2F1;AKT1;RB1;CDC25A;BBC3;BCL2;BAX;CASP3;CASP9",60,"Limited observational concordance","HCC; malignant cell annotated observational concordance; not causal perturbation validation"
"GSE125449","GSE125449_Set1","S21_P13_LCP37","tumour-cell-intrinsic observational concordance","SIRT1 KO + GSDME KO",0.546361736211962,0.533879730308741,0.0127779192339466,19,0.95,TRUE,"SIRT1;DFNA5","SIRT1;DFNA5","TP53","PRKAA1;PPM1D;Mdm2;TP53;TP53INP1;CDKN1A;MYC;MALAT1;SIRT1;DFNA5;E2F1;AKT1;RB1;CDC25A;BBC3;BCL2;BAX;CASP3;CASP9",60,"Limited observational concordance","HCC; malignant cell annotated observational concordance; not causal perturbation validation"
"GSE125449","GSE125449_Set1","S21_P13_LCP37","tumour-cell-intrinsic observational concordance","MALAT1 KO + GSDME KO",0.543064120752921,0.56497479810361,-0.216182971798765,19,0.95,TRUE,"MALAT1;DFNA5","MALAT1;DFNA5","","PRKAA1;PPM1D;Mdm2;TP53;TP53INP1;CDKN1A;MYC;MALAT1;SIRT1;DFNA5;E2F1;AKT1;RB1;CDC25A;BBC3;BCL2;BAX;CASP3;CASP9",60,"Limited observational concordance","HCC; malignant cell annotated observational concordance; not causal perturbation validation"
"GSE125449","GSE125449_Set1","S21_P13_LCP37","tumour-cell-intrinsic observational concordance","miR-204-5p OE + CASP3 KO",0.573780575293852,0.564833153090264,0.0234914028737385,19,0.95,TRUE,"MIR204;CASP3","CASP3","SIRT1;BCL2;MYC;E2F1;CDC25A;AKT1;DFNA5;CDKN1A;CASP9","PRKAA1;PPM1D;Mdm2;TP53;TP53INP1;CDKN1A;MYC;MALAT1;SIRT1;DFNA5;E2F1;AKT1;RB1;CDC25A;BBC3;BCL2;BAX;CASP3;CASP9",60,"Limited observational concordance","HCC; malignant cell annotated observational concordance; not causal perturbation validation"
"GSE125449","GSE125449_Set1","S21_P13_LCP37","tumour-cell-intrinsic observational concordance","GSDME E1 + CASP3 E1",0.505896518707842,0.493797432246814,-0.45256475527433,19,0.95,TRUE,"DFNA5;CASP3","DFNA5;CASP3","DFNA5;CDKN1A;CASP9","PRKAA1;PPM1D;Mdm2;TP53;TP53INP1;CDKN1A;MYC;MALAT1;SIRT1;DFNA5;E2F1;AKT1;RB1;CDC25A;BBC3;BCL2;BAX;CASP3;CASP9",60,"Limited observational concordance","HCC; malignant cell annotated observational concordance; not causal perturbation validation"
"GSE125449","GSE125449_Set1","S21_P13_LCP37","tumour-cell-intrinsic observational concordance","p53 E1 + miR-204-5p E1 + CASP3 KO + p21 E1",0.583136173692274,0.582076942013735,0.104478258450173,19,0.95,TRUE,"TP53;MIR204;CASP3;CDKN1A","TP53;CASP3;CDKN1A","Mdm2;SIRT1;BCL2;MYC;E2F1;CDC25A;AKT1;CASP3;DFNA5;CDKN1A;CASP9","PRKAA1;PPM1D;Mdm2;TP53;TP53INP1;CDKN1A;MYC;MALAT1;SIRT1;DFNA5;E2F1;AKT1;RB1;CDC25A;BBC3;BCL2;BAX;CASP3;CASP9",60,"Limited observational concordance","HCC; malignant cell annotated observational concordance; not causal perturbation validation"
"GSE125449","GSE125449_Set1","S21_P13_LCP37","tumour-cell-intrinsic observational concordance","MALAT1 E1 + miR-204-5p KO + SIRT1 E1",0.431225466076263,0.417326845069814,-0.448201393596805,19,0.95,TRUE,"MALAT1;MIR204;SIRT1","MALAT1;SIRT1","SIRT1;BCL2;MYC;E2F1;CDC25A;AKT1;TP53","PRKAA1;PPM1D;Mdm2;TP53;TP53INP1;CDKN1A;MYC;MALAT1;SIRT1;DFNA5;E2F1;AKT1;RB1;CDC25A;BBC3;BCL2;BAX;CASP3;CASP9",60,"Limited observational concordance","HCC; malignant cell annotated observational concordance; not causal perturbation validation"
"GSE125449","GSE125449_Set1","S21_P13_LCP37","tumour-cell-intrinsic observational concordance","SIRT1 KO + GSDME KO + CASP3 E1",0.539782788843541,0.517584509782009,-0.095941194556667,19,0.95,TRUE,"SIRT1;DFNA5;CASP3","SIRT1;DFNA5;CASP3","DFNA5;CDKN1A;CASP9;TP53","PRKAA1;PPM1D;Mdm2;TP53;TP53INP1;CDKN1A;MYC;MALAT1;SIRT1;DFNA5;E2F1;AKT1;RB1;CDC25A;BBC3;BCL2;BAX;CASP3;CASP9",60,"Limited observational concordance","HCC; malignant cell annotated observational concordance; not causal perturbation validation"
"GSE125449","GSE125449_Set1","S21_P13_LCP37","tumour-cell-intrinsic observational concordance","BAX E1",0.514332942783846,0.546207130393878,-0.291085238017596,19,0.95,TRUE,"BAX","BAX","CASP3","PRKAA1;PPM1D;Mdm2;TP53;TP53INP1;CDKN1A;MYC;MALAT1;SIRT1;DFNA5;E2F1;AKT1;RB1;CDC25A;BBC3;BCL2;BAX;CASP3;CASP9",60,"Limited observational concordance","HCC; malignant cell annotated observational concordance; not causal perturbation validation"
"GSE125449","GSE125449_Set1","S21_P13_LCP37","tumour-cell-intrinsic observational concordance","BAX E1 + GSDME KO",0.52189873225753,0.546885153809969,-0.274941767442248,19,0.95,TRUE,"BAX;DFNA5","BAX;DFNA5","CASP3","PRKAA1;PPM1D;Mdm2;TP53;TP53INP1;CDKN1A;MYC;MALAT1;SIRT1;DFNA5;E2F1;AKT1;RB1;CDC25A;BBC3;BCL2;BAX;CASP3;CASP9",60,"Limited observational concordance","HCC; malignant cell annotated observational concordance; not causal perturbation validation"
"GSE125449","GSE125449_Set1","S21_P13_LCP37","tumour-cell-intrinsic observational concordance","p53 E1",0.733981394301405,0.69328897790116,-0.494832013015889,19,0.95,TRUE,"TP53","TP53","Mdm2","PRKAA1;PPM1D;Mdm2;TP53;TP53INP1;CDKN1A;MYC;MALAT1;SIRT1;DFNA5;E2F1;AKT1;RB1;CDC25A;BBC3;BCL2;BAX;CASP3;CASP9",60,"Limited observational concordance","HCC; malignant cell annotated observational concordance; not causal perturbation validation"
"GSE125449","GSE125449_Set1","S21_P13_LCP37","tumour-cell-intrinsic observational concordance","p53 KO",0.431225466076263,0.443186254584739,-0.448201393596805,19,0.95,TRUE,"TP53","TP53","Mdm2","PRKAA1;PPM1D;Mdm2;TP53;TP53INP1;CDKN1A;MYC;MALAT1;SIRT1;DFNA5;E2F1;AKT1;RB1;CDC25A;BBC3;BCL2;BAX;CASP3;CASP9",60,"Limited observational concordance","HCC; malignant cell annotated observational concordance; not causal perturbation validation"
"GSE125449","GSE125449_Set1","S21_P13_LCP37","tumour-cell-intrinsic observational concordance","p21 E1",0.522160011843105,0.562371729538,-0.204932522092697,19,0.95,TRUE,"CDKN1A","CDKN1A","CASP3","PRKAA1;PPM1D;Mdm2;TP53;TP53INP1;CDKN1A;MYC;MALAT1;SIRT1;DFNA5;E2F1;AKT1;RB1;CDC25A;BBC3;BCL2;BAX;CASP3;CASP9",60,"Limited observational concordance","HCC; malignant cell annotated observational concordance; not causal perturbation validation"
"GSE125449","GSE125449_Set2","S351_P10_LCP34","tumour-cell-intrinsic observational concordance","Reference: DDR ON, GSDME endogenous",0.583074020291435,0.583074020291435,0.250088714681735,19,0.95,FALSE,"","","","PRKAA1;PPM1D;Mdm2;TP53;TP53INP1;CDKN1A;MYC;MALAT1;SIRT1;DFNA5;E2F1;AKT1;RB1;CDC25A;BBC3;BCL2;BAX;CASP3;CASP9",43,"Indirect only: perturbed node not measured","HCC; malignant cell annotated observational concordance; not causal perturbation validation"
"GSE125449","GSE125449_Set2","S351_P10_LCP34","tumour-cell-intrinsic observational concordance","GSDME KO",0.558731915028277,0.550723017524421,0.239092112989714,19,0.95,TRUE,"DFNA5","DFNA5","","PRKAA1;PPM1D;Mdm2;TP53;TP53INP1;CDKN1A;MYC;MALAT1;SIRT1;DFNA5;E2F1;AKT1;RB1;CDC25A;BBC3;BCL2;BAX;CASP3;CASP9",43,"Limited observational concordance","HCC; malignant cell annotated observational concordance; not causal perturbation validation"
"GSE125449","GSE125449_Set2","S351_P10_LCP34","tumour-cell-intrinsic observational concordance","CASP3 KO",0.572547704501961,0.571461966958311,0.219465606761522,19,0.95,TRUE,"CASP3","CASP3","DFNA5;CDKN1A;CASP9","PRKAA1;PPM1D;Mdm2;TP53;TP53INP1;CDKN1A;MYC;MALAT1;SIRT1;DFNA5;E2F1;AKT1;RB1;CDC25A;BBC3;BCL2;BAX;CASP3;CASP9",43,"Limited observational concordance","HCC; malignant cell annotated observational concordance; not causal perturbation validation"
"GSE125449","GSE125449_Set2","S351_P10_LCP34","tumour-cell-intrinsic observational concordance","miR-204-5p OE",0.637172440946963,0.604251055119692,-0.0884185133752467,19,0.95,FALSE,"MIR204","","SIRT1;BCL2;MYC;E2F1;CDC25A;AKT1","PRKAA1;PPM1D;Mdm2;TP53;TP53INP1;CDKN1A;MYC;MALAT1;SIRT1;DFNA5;E2F1;AKT1;RB1;CDC25A;BBC3;BCL2;BAX;CASP3;CASP9",43,"Indirect only: perturbed node not measured","HCC; malignant cell annotated observational concordance; not causal perturbation validation"
"GSE125449","GSE125449_Set2","S351_P10_LCP34","tumour-cell-intrinsic observational concordance","miR-204-5p KO",0.51596875713354,0.51213625542149,0.218286286379416,19,0.95,FALSE,"MIR204","","SIRT1;BCL2;MYC;E2F1;CDC25A;AKT1","PRKAA1;PPM1D;Mdm2;TP53;TP53INP1;CDKN1A;MYC;MALAT1;SIRT1;DFNA5;E2F1;AKT1;RB1;CDC25A;BBC3;BCL2;BAX;CASP3;CASP9",43,"Indirect only: perturbed node not measured","HCC; malignant cell annotated observational concordance; not causal perturbation validation"
"GSE125449","GSE125449_Set2","S351_P10_LCP34","tumour-cell-intrinsic observational concordance","MALAT1 OE",0.51596875713354,0.525568998281641,0.218286286379416,19,0.95,TRUE,"MALAT1","MALAT1","","PRKAA1;PPM1D;Mdm2;TP53;TP53INP1;CDKN1A;MYC;MALAT1;SIRT1;DFNA5;E2F1;AKT1;RB1;CDC25A;BBC3;BCL2;BAX;CASP3;CASP9",43,"Limited observational concordance","HCC; malignant cell annotated observational concordance; not causal perturbation validation"
"GSE125449","GSE125449_Set2","S351_P10_LCP34","tumour-cell-intrinsic observational concordance","MALAT1 KO",0.624640280759546,0.595866079898752,0.0582017419744999,19,0.95,TRUE,"MALAT1","MALAT1","","PRKAA1;PPM1D;Mdm2;TP53;TP53INP1;CDKN1A;MYC;MALAT1;SIRT1;DFNA5;E2F1;AKT1;RB1;CDC25A;BBC3;BCL2;BAX;CASP3;CASP9",43,"Limited observational concordance","HCC; malignant cell annotated observational concordance; not causal perturbation validation"
"GSE125449","GSE125449_Set2","S351_P10_LCP34","tumour-cell-intrinsic observational concordance","SIRT1 OE",0.51596875713354,0.513191581979881,0.218286286379416,19,0.95,TRUE,"SIRT1","SIRT1","TP53","PRKAA1;PPM1D;Mdm2;TP53;TP53INP1;CDKN1A;MYC;MALAT1;SIRT1;DFNA5;E2F1;AKT1;RB1;CDC25A;BBC3;BCL2;BAX;CASP3;CASP9",43,"Limited observational concordance","HCC; malignant cell annotated observational concordance; not causal perturbation validation"
"GSE125449","GSE125449_Set2","S351_P10_LCP34","tumour-cell-intrinsic observational concordance","SIRT1 KO",0.549362062700199,0.540777356143643,0.00923775512875712,19,0.95,TRUE,"SIRT1","SIRT1","TP53","PRKAA1;PPM1D;Mdm2;TP53;TP53INP1;CDKN1A;MYC;MALAT1;SIRT1;DFNA5;E2F1;AKT1;RB1;CDC25A;BBC3;BCL2;BAX;CASP3;CASP9",43,"Limited observational concordance","HCC; malignant cell annotated observational concordance; not causal perturbation validation"
"GSE125449","GSE125449_Set2","S351_P10_LCP34","tumour-cell-intrinsic observational concordance","BCL2 KO",0.575837178186172,0.564666573637585,0.331496878202586,19,0.95,TRUE,"BCL2","BCL2","BAX;CASP3","PRKAA1;PPM1D;Mdm2;TP53;TP53INP1;CDKN1A;MYC;MALAT1;SIRT1;DFNA5;E2F1;AKT1;RB1;CDC25A;BBC3;BCL2;BAX;CASP3;CASP9",43,"Limited observational concordance","HCC; malignant cell annotated observational concordance; not causal perturbation validation"
"GSE125449","GSE125449_Set2","S351_P10_LCP34","tumour-cell-intrinsic observational concordance","GSDME OE",0.566297704501961,0.557257108433512,0.310020350700368,19,0.95,TRUE,"DFNA5","DFNA5","","PRKAA1;PPM1D;Mdm2;TP53;TP53INP1;CDKN1A;MYC;MALAT1;SIRT1;DFNA5;E2F1;AKT1;RB1;CDC25A;BBC3;BCL2;BAX;CASP3;CASP9",43,"Limited observational concordance","HCC; malignant cell annotated observational concordance; not causal perturbation validation"
"GSE125449","GSE125449_Set2","S351_P10_LCP34","tumour-cell-intrinsic observational concordance","CASP3 OE",0.565310862396698,0.566461966958311,0.299855749038061,19,0.95,TRUE,"CASP3","CASP3","DFNA5;CDKN1A;CASP9","PRKAA1;PPM1D;Mdm2;TP53;TP53INP1;CDKN1A;MYC;MALAT1;SIRT1;DFNA5;E2F1;AKT1;RB1;CDC25A;BBC3;BCL2;BAX;CASP3;CASP9",43,"Limited observational concordance","HCC; malignant cell annotated observational concordance; not causal perturbation validation"
"GSE125449","GSE125449_Set2","S351_P10_LCP34","tumour-cell-intrinsic observational concordance","miR-204-5p OE + GSDME KO",0.608554019894331,0.573661656356868,-0.090024168787489,19,0.95,TRUE,"MIR204;DFNA5","DFNA5","SIRT1;BCL2;MYC;E2F1;CDC25A;AKT1","PRKAA1;PPM1D;Mdm2;TP53;TP53INP1;CDKN1A;MYC;MALAT1;SIRT1;DFNA5;E2F1;AKT1;RB1;CDC25A;BBC3;BCL2;BAX;CASP3;CASP9",43,"Limited observational concordance","HCC; malignant cell annotated observational concordance; not causal perturbation validation"
"GSE125449","GSE125449_Set2","S351_P10_LCP34","tumour-cell-intrinsic observational concordance","CASP3 OE + GSDME KO",0.556100336080908,0.553668487924362,0.311729055506977,19,0.95,TRUE,"CASP3;DFNA5","CASP3;DFNA5","DFNA5;CDKN1A;CASP9","PRKAA1;PPM1D;Mdm2;TP53;TP53INP1;CDKN1A;MYC;MALAT1;SIRT1;DFNA5;E2F1;AKT1;RB1;CDC25A;BBC3;BCL2;BAX;CASP3;CASP9",43,"Limited observational concordance","HCC; malignant cell annotated observational concordance; not causal perturbation validation"
"GSE125449","GSE125449_Set2","S351_P10_LCP34","tumour-cell-intrinsic observational concordance","SIRT1 KO + GSDME KO",0.548046273226515,0.535110738127069,-0.0147800874128713,19,0.95,TRUE,"SIRT1;DFNA5","SIRT1;DFNA5","TP53","PRKAA1;PPM1D;Mdm2;TP53;TP53INP1;CDKN1A;MYC;MALAT1;SIRT1;DFNA5;E2F1;AKT1;RB1;CDC25A;BBC3;BCL2;BAX;CASP3;CASP9",43,"Limited observational concordance","HCC; malignant cell annotated observational concordance; not causal perturbation validation"
"GSE125449","GSE125449_Set2","S351_P10_LCP34","tumour-cell-intrinsic observational concordance","MALAT1 KO + GSDME KO",0.590429754443757,0.558362150310902,-0.0353615414042147,19,0.95,TRUE,"MALAT1;DFNA5","MALAT1;DFNA5","","PRKAA1;PPM1D;Mdm2;TP53;TP53INP1;CDKN1A;MYC;MALAT1;SIRT1;DFNA5;E2F1;AKT1;RB1;CDC25A;BBC3;BCL2;BAX;CASP3;CASP9",43,"Limited observational concordance","HCC; malignant cell annotated observational concordance; not causal perturbation validation"
"GSE125449","GSE125449_Set2","S351_P10_LCP34","tumour-cell-intrinsic observational concordance","miR-204-5p OE + CASP3 KO",0.562649663919091,0.543175833098136,-0.0672155990909609,19,0.95,TRUE,"MIR204;CASP3","CASP3","SIRT1;BCL2;MYC;E2F1;CDC25A;AKT1;DFNA5;CDKN1A;CASP9","PRKAA1;PPM1D;Mdm2;TP53;TP53INP1;CDKN1A;MYC;MALAT1;SIRT1;DFNA5;E2F1;AKT1;RB1;CDC25A;BBC3;BCL2;BAX;CASP3;CASP9",43,"Limited observational concordance","HCC; malignant cell annotated observational concordance; not causal perturbation validation"
"GSE125449","GSE125449_Set2","S351_P10_LCP34","tumour-cell-intrinsic observational concordance","GSDME E1 + CASP3 E1",0.590639809765119,0.579131450887325,0.299855749038061,19,0.95,TRUE,"DFNA5;CASP3","DFNA5;CASP3","DFNA5;CDKN1A;CASP9","PRKAA1;PPM1D;Mdm2;TP53;TP53INP1;CDKN1A;MYC;MALAT1;SIRT1;DFNA5;E2F1;AKT1;RB1;CDC25A;BBC3;BCL2;BAX;CASP3;CASP9",43,"Limited observational concordance","HCC; malignant cell annotated observational concordance; not causal perturbation validation"
"GSE125449","GSE125449_Set2","S351_P10_LCP34","tumour-cell-intrinsic observational concordance","p53 E1 + miR-204-5p E1 + CASP3 KO + p21 E1",0.530083874445407,0.486409871600032,-0.161131898902152,19,0.95,TRUE,"TP53;MIR204;CASP3;CDKN1A","TP53;CASP3;CDKN1A","Mdm2;SIRT1;BCL2;MYC;E2F1;CDC25A;AKT1;CASP3;DFNA5;CDKN1A;CASP9","PRKAA1;PPM1D;Mdm2;TP53;TP53INP1;CDKN1A;MYC;MALAT1;SIRT1;DFNA5;E2F1;AKT1;RB1;CDC25A;BBC3;BCL2;BAX;CASP3;CASP9",43,"Limited observational concordance","HCC; malignant cell annotated observational concordance; not causal perturbation validation"
"GSE125449","GSE125449_Set2","S351_P10_LCP34","tumour-cell-intrinsic observational concordance","MALAT1 E1 + miR-204-5p KO + SIRT1 E1",0.51596875713354,0.518145740716003,0.218286286379416,19,0.95,TRUE,"MALAT1;MIR204;SIRT1","MALAT1;SIRT1","SIRT1;BCL2;MYC;E2F1;CDC25A;AKT1;TP53","PRKAA1;PPM1D;Mdm2;TP53;TP53INP1;CDKN1A;MYC;MALAT1;SIRT1;DFNA5;E2F1;AKT1;RB1;CDC25A;BBC3;BCL2;BAX;CASP3;CASP9",43,"Limited observational concordance","HCC; malignant cell annotated observational concordance; not causal perturbation validation"
"GSE125449","GSE125449_Set2","S351_P10_LCP34","tumour-cell-intrinsic observational concordance","SIRT1 KO + GSDME KO + CASP3 E1",0.541467325858094,0.541000709023365,0.119297254684965,19,0.95,TRUE,"SIRT1;DFNA5;CASP3","SIRT1;DFNA5;CASP3","DFNA5;CDKN1A;CASP9;TP53","PRKAA1;PPM1D;Mdm2;TP53;TP53INP1;CDKN1A;MYC;MALAT1;SIRT1;DFNA5;E2F1;AKT1;RB1;CDC25A;BBC3;BCL2;BAX;CASP3;CASP9",43,"Limited observational concordance","HCC; malignant cell annotated observational concordance; not causal perturbation validation"
"GSE125449","GSE125449_Set2","S351_P10_LCP34","tumour-cell-intrinsic observational concordance","BAX E1",0.57302492747409,0.562410846813625,0.0346976065474105,19,0.95,TRUE,"BAX","BAX","CASP3","PRKAA1;PPM1D;Mdm2;TP53;TP53INP1;CDKN1A;MYC;MALAT1;SIRT1;DFNA5;E2F1;AKT1;RB1;CDC25A;BBC3;BCL2;BAX;CASP3;CASP9",43,"Limited observational concordance","HCC; malignant cell annotated observational concordance; not causal perturbation validation"
"GSE125449","GSE125449_Set2","S351_P10_LCP34","tumour-cell-intrinsic observational concordance","BAX E1 + GSDME KO",0.580590716947774,0.561219210642822,0.0228063805974235,19,0.95,TRUE,"BAX;DFNA5","BAX;DFNA5","CASP3","PRKAA1;PPM1D;Mdm2;TP53;TP53INP1;CDKN1A;MYC;MALAT1;SIRT1;DFNA5;E2F1;AKT1;RB1;CDC25A;BBC3;BCL2;BAX;CASP3;CASP9",43,"Limited observational concordance","HCC; malignant cell annotated observational concordance; not causal perturbation validation"
"GSE125449","GSE125449_Set2","S351_P10_LCP34","tumour-cell-intrinsic observational concordance","p53 E1",0.817204197767912,0.762038250330014,0.31231611639519,19,0.95,TRUE,"TP53","TP53","Mdm2","PRKAA1;PPM1D;Mdm2;TP53;TP53INP1;CDKN1A;MYC;MALAT1;SIRT1;DFNA5;E2F1;AKT1;RB1;CDC25A;BBC3;BCL2;BAX;CASP3;CASP9",43,"Moderate observational concordance","HCC; malignant cell annotated observational concordance; not causal perturbation validation"
"GSE125449","GSE125449_Set2","S351_P10_LCP34","tumour-cell-intrinsic observational concordance","p53 KO",0.51596875713354,0.513191581979881,0.218286286379416,19,0.95,TRUE,"TP53","TP53","Mdm2","PRKAA1;PPM1D;Mdm2;TP53;TP53INP1;CDKN1A;MYC;MALAT1;SIRT1;DFNA5;E2F1;AKT1;RB1;CDC25A;BBC3;BCL2;BAX;CASP3;CASP9",43,"Limited observational concordance","HCC; malignant cell annotated observational concordance; not causal perturbation validation"
"GSE125449","GSE125449_Set2","S351_P10_LCP34","tumour-cell-intrinsic observational concordance","p21 E1",0.533861621510327,0.481530106236289,-0.0646481822875589,19,0.95,TRUE,"CDKN1A","CDKN1A","CASP3","PRKAA1;PPM1D;Mdm2;TP53;TP53INP1;CDKN1A;MYC;MALAT1;SIRT1;DFNA5;E2F1;AKT1;RB1;CDC25A;BBC3;BCL2;BAX;CASP3;CASP9",43,"Limited observational concordance","HCC; malignant cell annotated observational concordance; not causal perturbation validation"
"GSE125449","GSE125449_Set2","S364_P21_LCP65","tumour-cell-intrinsic observational concordance","Reference: DDR ON, GSDME endogenous",0.585294348275504,0.585294348275504,0.0586942901804071,19,0.95,FALSE,"","","","PRKAA1;PPM1D;Mdm2;TP53;TP53INP1;CDKN1A;MYC;MALAT1;SIRT1;DFNA5;E2F1;AKT1;RB1;CDC25A;BBC3;BCL2;BAX;CASP3;CASP9",412,"Indirect only: perturbed node not measured","HCC; malignant cell annotated observational concordance; not causal perturbation validation"
"GSE125449","GSE125449_Set2","S364_P21_LCP65","tumour-cell-intrinsic observational concordance","GSDME KO",0.564241716696557,0.555481482601572,0.06867539415662,19,0.95,TRUE,"DFNA5","DFNA5","","PRKAA1;PPM1D;Mdm2;TP53;TP53INP1;CDKN1A;MYC;MALAT1;SIRT1;DFNA5;E2F1;AKT1;RB1;CDC25A;BBC3;BCL2;BAX;CASP3;CASP9",412,"Limited observational concordance","HCC; malignant cell annotated observational concordance; not causal perturbation validation"
"GSE125449","GSE125449_Set2","S364_P21_LCP65","tumour-cell-intrinsic observational concordance","CASP3 KO",0.575425927222873,0.564799096434982,0.0893173981006195,19,0.95,TRUE,"CASP3","CASP3","DFNA5;CDKN1A;CASP9","PRKAA1;PPM1D;Mdm2;TP53;TP53INP1;CDKN1A;MYC;MALAT1;SIRT1;DFNA5;E2F1;AKT1;RB1;CDC25A;BBC3;BCL2;BAX;CASP3;CASP9",412,"Limited observational concordance","HCC; malignant cell annotated observational concordance; not causal perturbation validation"
"GSE125449","GSE125449_Set2","S364_P21_LCP65","tumour-cell-intrinsic observational concordance","miR-204-5p OE",0.610285277689445,0.583816811043978,-0.353674053500987,19,0.95,FALSE,"MIR204","","SIRT1;BCL2;MYC;E2F1;CDC25A;AKT1","PRKAA1;PPM1D;Mdm2;TP53;TP53INP1;CDKN1A;MYC;MALAT1;SIRT1;DFNA5;E2F1;AKT1;RB1;CDC25A;BBC3;BCL2;BAX;CASP3;CASP9",412,"Indirect only: perturbed node not measured","HCC; malignant cell annotated observational concordance; not causal perturbation validation"
"GSE125449","GSE125449_Set2","S364_P21_LCP65","tumour-cell-intrinsic observational concordance","miR-204-5p KO",0.52584260631538,0.519640380799689,0.245572072176844,19,0.95,FALSE,"MIR204","","SIRT1;BCL2;MYC;E2F1;CDC25A;AKT1","PRKAA1;PPM1D;Mdm2;TP53;TP53INP1;CDKN1A;MYC;MALAT1;SIRT1;DFNA5;E2F1;AKT1;RB1;CDC25A;BBC3;BCL2;BAX;CASP3;CASP9",412,"Indirect only: perturbed node not measured","HCC; malignant cell annotated observational concordance; not causal perturbation validation"
"GSE125449","GSE125449_Set2","S364_P21_LCP65","tumour-cell-intrinsic observational concordance","MALAT1 OE",0.52584260631538,0.586778857914941,0.245572072176844,19,0.95,TRUE,"MALAT1","MALAT1","","PRKAA1;PPM1D;Mdm2;TP53;TP53INP1;CDKN1A;MYC;MALAT1;SIRT1;DFNA5;E2F1;AKT1;RB1;CDC25A;BBC3;BCL2;BAX;CASP3;CASP9",412,"Limited observational concordance","HCC; malignant cell annotated observational concordance; not causal perturbation validation"
"GSE125449","GSE125449_Set2","S364_P21_LCP65","tumour-cell-intrinsic observational concordance","MALAT1 KO",0.593846979854452,0.516589421049914,-0.126525526031521,19,0.95,TRUE,"MALAT1","MALAT1","","PRKAA1;PPM1D;Mdm2;TP53;TP53INP1;CDKN1A;MYC;MALAT1;SIRT1;DFNA5;E2F1;AKT1;RB1;CDC25A;BBC3;BCL2;BAX;CASP3;CASP9",412,"Limited observational concordance","HCC; malignant cell annotated observational concordance; not causal perturbation validation"
"GSE125449","GSE125449_Set2","S364_P21_LCP65","tumour-cell-intrinsic observational concordance","SIRT1 OE",0.52584260631538,0.521348239999662,0.245572072176844,19,0.95,TRUE,"SIRT1","SIRT1","TP53","PRKAA1;PPM1D;Mdm2;TP53;TP53INP1;CDKN1A;MYC;MALAT1;SIRT1;DFNA5;E2F1;AKT1;RB1;CDC25A;BBC3;BCL2;BAX;CASP3;CASP9",412,"Limited observational concordance","HCC; malignant cell annotated observational concordance; not causal perturbation validation"
"GSE125449","GSE125449_Set2","S364_P21_LCP65","tumour-cell-intrinsic observational concordance","SIRT1 KO",0.516197898278301,0.51338087249077,-0.213788047265522,19,0.95,TRUE,"SIRT1","SIRT1","TP53","PRKAA1;PPM1D;Mdm2;TP53;TP53INP1;CDKN1A;MYC;MALAT1;SIRT1;DFNA5;E2F1;AKT1;RB1;CDC25A;BBC3;BCL2;BAX;CASP3;CASP9",412,"Limited observational concordance","HCC; malignant cell annotated observational concordance; not causal perturbation validation"
"GSE125449","GSE125449_Set2","S364_P21_LCP65","tumour-cell-intrinsic observational concordance","BCL2 KO",0.578715400907083,0.560210729803351,0.180931502225076,19,0.95,TRUE,"BCL2","BCL2","BAX;CASP3","PRKAA1;PPM1D;Mdm2;TP53;TP53INP1;CDKN1A;MYC;MALAT1;SIRT1;DFNA5;E2F1;AKT1;RB1;CDC25A;BBC3;BCL2;BAX;CASP3;CASP9",412,"Limited observational concordance","HCC; malignant cell annotated observational concordance; not causal perturbation validation"
"GSE125449","GSE125449_Set2","S364_P21_LCP65","tumour-cell-intrinsic observational concordance","GSDME OE",0.571149611433399,0.561447391692481,0.180421679505952,19,0.95,TRUE,"DFNA5","DFNA5","","PRKAA1;PPM1D;Mdm2;TP53;TP53INP1;CDKN1A;MYC;MALAT1;SIRT1;DFNA5;E2F1;AKT1;RB1;CDC25A;BBC3;BCL2;BAX;CASP3;CASP9",412,"Limited observational concordance","HCC; malignant cell annotated observational concordance; not causal perturbation validation"
"GSE125449","GSE125449_Set2","S364_P21_LCP65","tumour-cell-intrinsic observational concordance","CASP3 OE",0.570162769328136,0.561299096434982,0.190586281168259,19,0.95,TRUE,"CASP3","CASP3","DFNA5;CDKN1A;CASP9","PRKAA1;PPM1D;Mdm2;TP53;TP53INP1;CDKN1A;MYC;MALAT1;SIRT1;DFNA5;E2F1;AKT1;RB1;CDC25A;BBC3;BCL2;BAX;CASP3;CASP9",412,"Limited observational concordance","HCC; malignant cell annotated observational concordance; not causal perturbation validation"
"GSE125449","GSE125449_Set2","S364_P21_LCP65","tumour-cell-intrinsic observational concordance","miR-204-5p OE + GSDME KO",0.581666856636813,0.55541679557498,-0.337254721875519,19,0.95,TRUE,"MIR204;DFNA5","DFNA5","SIRT1;BCL2;MYC;E2F1;CDC25A;AKT1","PRKAA1;PPM1D;Mdm2;TP53;TP53INP1;CDKN1A;MYC;MALAT1;SIRT1;DFNA5;E2F1;AKT1;RB1;CDC25A;BBC3;BCL2;BAX;CASP3;CASP9",412,"Limited observational concordance","HCC; malignant cell annotated observational concordance; not causal perturbation validation"
"GSE125449","GSE125449_Set2","S364_P21_LCP65","tumour-cell-intrinsic observational concordance","CASP3 OE + GSDME KO",0.561610137749189,0.549351015217576,0.202305795206569,19,0.95,TRUE,"CASP3;DFNA5","CASP3;DFNA5","DFNA5;CDKN1A;CASP9","PRKAA1;PPM1D;Mdm2;TP53;TP53INP1;CDKN1A;MYC;MALAT1;SIRT1;DFNA5;E2F1;AKT1;RB1;CDC25A;BBC3;BCL2;BAX;CASP3;CASP9",412,"Limited observational concordance","HCC; malignant cell annotated observational concordance; not causal perturbation validation"
"GSE125449","GSE125449_Set2","S364_P21_LCP65","tumour-cell-intrinsic observational concordance","SIRT1 KO + GSDME KO",0.514882108804616,0.510875387203374,-0.219014022572548,19,0.95,TRUE,"SIRT1;DFNA5","SIRT1;DFNA5","TP53","PRKAA1;PPM1D;Mdm2;TP53;TP53INP1;CDKN1A;MYC;MALAT1;SIRT1;DFNA5;E2F1;AKT1;RB1;CDC25A;BBC3;BCL2;BAX;CASP3;CASP9",412,"Limited observational concordance","HCC; malignant cell annotated observational concordance; not causal perturbation validation"
"GSE125449","GSE125449_Set2","S364_P21_LCP65","tumour-cell-intrinsic observational concordance","MALAT1 KO + GSDME KO",0.559636453538662,0.488598690523925,-0.238690404478449,19,0.95,TRUE,"MALAT1;DFNA5","MALAT1;DFNA5","","PRKAA1;PPM1D;Mdm2;TP53;TP53INP1;CDKN1A;MYC;MALAT1;SIRT1;DFNA5;E2F1;AKT1;RB1;CDC25A;BBC3;BCL2;BAX;CASP3;CASP9",412,"Limited observational concordance","HCC; malignant cell annotated observational concordance; not causal perturbation validation"
"GSE125449","GSE125449_Set2","S364_P21_LCP65","tumour-cell-intrinsic observational concordance","miR-204-5p OE + CASP3 KO",0.537587909268392,0.534952757498693,-0.235969656383161,19,0.95,TRUE,"MIR204;CASP3","CASP3","SIRT1;BCL2;MYC;E2F1;CDC25A;AKT1;DFNA5;CDKN1A;CASP9","PRKAA1;PPM1D;Mdm2;TP53;TP53INP1;CDKN1A;MYC;MALAT1;SIRT1;DFNA5;E2F1;AKT1;RB1;CDC25A;BBC3;BCL2;BAX;CASP3;CASP9",412,"Limited observational concordance","HCC; malignant cell annotated observational concordance; not causal perturbation validation"
"GSE125449","GSE125449_Set2","S364_P21_LCP65","tumour-cell-intrinsic observational concordance","GSDME E1 + CASP3 E1",0.59022855880182,0.570647311513872,0.190586281168259,19,0.95,TRUE,"DFNA5;CASP3","DFNA5;CASP3","DFNA5;CDKN1A;CASP9","PRKAA1;PPM1D;Mdm2;TP53;TP53INP1;CDKN1A;MYC;MALAT1;SIRT1;DFNA5;E2F1;AKT1;RB1;CDC25A;BBC3;BCL2;BAX;CASP3;CASP9",412,"Limited observational concordance","HCC; malignant cell annotated observational concordance; not causal perturbation validation"
"GSE125449","GSE125449_Set2","S364_P21_LCP65","tumour-cell-intrinsic observational concordance","p53 E1 + miR-204-5p E1 + CASP3 KO + p21 E1",0.510943172426287,0.494520699869717,-0.352476028848458,19,0.95,TRUE,"TP53;MIR204;CASP3;CDKN1A","TP53;CASP3;CDKN1A","Mdm2;SIRT1;BCL2;MYC;E2F1;CDC25A;AKT1;CASP3;DFNA5;CDKN1A;CASP9","PRKAA1;PPM1D;Mdm2;TP53;TP53INP1;CDKN1A;MYC;MALAT1;SIRT1;DFNA5;E2F1;AKT1;RB1;CDC25A;BBC3;BCL2;BAX;CASP3;CASP9",412,"Limited observational concordance","HCC; malignant cell annotated observational concordance; not causal perturbation validation"
"GSE125449","GSE125449_Set2","S364_P21_LCP65","tumour-cell-intrinsic observational concordance","MALAT1 E1 + miR-204-5p KO + SIRT1 E1",0.52584260631538,0.561584995939635,0.245572072176844,19,0.95,TRUE,"MALAT1;MIR204;SIRT1","MALAT1;SIRT1","SIRT1;BCL2;MYC;E2F1;CDC25A;AKT1;TP53","PRKAA1;PPM1D;Mdm2;TP53;TP53INP1;CDKN1A;MYC;MALAT1;SIRT1;DFNA5;E2F1;AKT1;RB1;CDC25A;BBC3;BCL2;BAX;CASP3;CASP9",412,"Limited observational concordance","HCC; malignant cell annotated observational concordance; not causal perturbation validation"
"GSE125449","GSE125449_Set2","S364_P21_LCP65","tumour-cell-intrinsic observational concordance","SIRT1 KO + GSDME KO + CASP3 E1",0.508303161436195,0.513536930997667,-0.088779352323695,19,0.95,TRUE,"SIRT1;DFNA5;CASP3","SIRT1;DFNA5;CASP3","DFNA5;CDKN1A;CASP9;TP53","PRKAA1;PPM1D;Mdm2;TP53;TP53INP1;CDKN1A;MYC;MALAT1;SIRT1;DFNA5;E2F1;AKT1;RB1;CDC25A;BBC3;BCL2;BAX;CASP3;CASP9",412,"Limited observational concordance","HCC; malignant cell annotated observational concordance; not causal perturbation validation"
"GSE125449","GSE125449_Set2","S364_P21_LCP65","tumour-cell-intrinsic observational concordance","BAX E1",0.594232253744363,0.601011657695886,0.503757843206849,19,0.95,TRUE,"BAX","BAX","CASP3","PRKAA1;PPM1D;Mdm2;TP53;TP53INP1;CDKN1A;MYC;MALAT1;SIRT1;DFNA5;E2F1;AKT1;RB1;CDC25A;BBC3;BCL2;BAX;CASP3;CASP9",412,"Limited observational concordance","HCC; malignant cell annotated observational concordance; not causal perturbation validation"
"GSE125449","GSE125449_Set2","S364_P21_LCP65","tumour-cell-intrinsic observational concordance","BAX E1 + GSDME KO",0.599824359007521,0.593923774115591,0.420651019908034,19,0.95,TRUE,"BAX;DFNA5","BAX;DFNA5","CASP3","PRKAA1;PPM1D;Mdm2;TP53;TP53INP1;CDKN1A;MYC;MALAT1;SIRT1;DFNA5;E2F1;AKT1;RB1;CDC25A;BBC3;BCL2;BAX;CASP3;CASP9",412,"Limited observational concordance","HCC; malignant cell annotated observational concordance; not causal perturbation validation"
"GSE125449","GSE125449_Set2","S364_P21_LCP65","tumour-cell-intrinsic observational concordance","p53 E1",0.789825782283126,0.7394212984078,0.181015871543335,19,0.95,TRUE,"TP53","TP53","Mdm2","PRKAA1;PPM1D;Mdm2;TP53;TP53INP1;CDKN1A;MYC;MALAT1;SIRT1;DFNA5;E2F1;AKT1;RB1;CDC25A;BBC3;BCL2;BAX;CASP3;CASP9",412,"Limited observational concordance","HCC; malignant cell annotated observational concordance; not causal perturbation validation"
"GSE125449","GSE125449_Set2","S364_P21_LCP65","tumour-cell-intrinsic observational concordance","p53 KO",0.52584260631538,0.521348239999662,0.245572072176844,19,0.95,TRUE,"TP53","TP53","Mdm2","PRKAA1;PPM1D;Mdm2;TP53;TP53INP1;CDKN1A;MYC;MALAT1;SIRT1;DFNA5;E2F1;AKT1;RB1;CDC25A;BBC3;BCL2;BAX;CASP3;CASP9",412,"Limited observational concordance","HCC; malignant cell annotated observational concordance; not causal perturbation validation"
"GSE125449","GSE125449_Set2","S364_P21_LCP65","tumour-cell-intrinsic observational concordance","p21 E1",0.560030159471297,0.532007332566728,-0.153380981505777,19,0.95,TRUE,"CDKN1A","CDKN1A","CASP3","PRKAA1;PPM1D;Mdm2;TP53;TP53INP1;CDKN1A;MYC;MALAT1;SIRT1;DFNA5;E2F1;AKT1;RB1;CDC25A;BBC3;BCL2;BAX;CASP3;CASP9",412,"Limited observational concordance","HCC; malignant cell annotated observational concordance; not causal perturbation validation"
"GSE189903","GSE189903_HCC","1HT1","HCC tumour-region observational concordance; malignant status annotated separately","Reference: DDR ON, GSDME endogenous",0.604268566426528,0.604268566426528,0.125658245004976,19,0.95,FALSE,"","","","PRKAA1;PPM1D;Mdm2;TP53;TP53INP1;CDKN1A;MYC;MALAT1;SIRT1;DFNA5;E2F1;AKT1;RB1;CDC25A;BBC3;BCL2;BAX;CASP3;CASP9",219,"Indirect only: perturbed node not measured","HCC; malignant cell annotated observational concordance; not causal perturbation validation"
"GSE189903","GSE189903_HCC","1HT1","HCC tumour-region observational concordance; malignant status annotated separately","GSDME KO",0.57992646116337,0.569027398277456,0.125244991494369,19,0.95,TRUE,"DFNA5","DFNA5","","PRKAA1;PPM1D;Mdm2;TP53;TP53INP1;CDKN1A;MYC;MALAT1;SIRT1;DFNA5;E2F1;AKT1;RB1;CDC25A;BBC3;BCL2;BAX;CASP3;CASP9",219,"Limited observational concordance","HCC; malignant cell annotated observational concordance; not causal perturbation validation"
"GSE189903","GSE189903_HCC","1HT1","HCC tumour-region observational concordance; malignant status annotated separately","CASP3 KO",0.593742250637054,0.581697649747724,0.125658245004976,19,0.95,TRUE,"CASP3","CASP3","DFNA5;CDKN1A;CASP9","PRKAA1;PPM1D;Mdm2;TP53;TP53INP1;CDKN1A;MYC;MALAT1;SIRT1;DFNA5;E2F1;AKT1;RB1;CDC25A;BBC3;BCL2;BAX;CASP3;CASP9",219,"Limited observational concordance","HCC; malignant cell annotated observational concordance; not causal perturbation validation"
"GSE189903","GSE189903_HCC","1HT1","HCC tumour-region observational concordance; malignant status annotated separately","miR-204-5p OE",0.612825644165511,0.58318486699144,-0.402397423592461,19,0.95,FALSE,"MIR204","","SIRT1;BCL2;MYC;E2F1;CDC25A;AKT1","PRKAA1;PPM1D;Mdm2;TP53;TP53INP1;CDKN1A;MYC;MALAT1;SIRT1;DFNA5;E2F1;AKT1;RB1;CDC25A;BBC3;BCL2;BAX;CASP3;CASP9",219,"Indirect only: perturbed node not measured","HCC; malignant cell annotated observational concordance; not causal perturbation validation"
"GSE189903","GSE189903_HCC","1HT1","HCC tumour-region observational concordance; malignant status annotated separately","miR-204-5p KO",0.537163303268633,0.53080673305851,0.281081032323344,19,0.95,FALSE,"MIR204","","SIRT1;BCL2;MYC;E2F1;CDC25A;AKT1","PRKAA1;PPM1D;Mdm2;TP53;TP53INP1;CDKN1A;MYC;MALAT1;SIRT1;DFNA5;E2F1;AKT1;RB1;CDC25A;BBC3;BCL2;BAX;CASP3;CASP9",219,"Indirect only: perturbed node not measured","HCC; malignant cell annotated observational concordance; not causal perturbation validation"
"GSE189903","GSE189903_HCC","1HT1","HCC tumour-region observational concordance; malignant status annotated separately","MALAT1 OE",0.537163303268633,0.552472015423918,0.281081032323344,19,0.95,TRUE,"MALAT1","MALAT1","","PRKAA1;PPM1D;Mdm2;TP53;TP53INP1;CDKN1A;MYC;MALAT1;SIRT1;DFNA5;E2F1;AKT1;RB1;CDC25A;BBC3;BCL2;BAX;CASP3;CASP9",219,"Limited observational concordance","HCC; malignant cell annotated observational concordance; not causal perturbation validation"
"GSE189903","GSE189903_HCC","1HT1","HCC tumour-region observational concordance; malignant status annotated separately","MALAT1 KO",0.639197283015224,0.59983940000305,-0.024503666628516,19,0.95,TRUE,"MALAT1","MALAT1","","PRKAA1;PPM1D;Mdm2;TP53;TP53INP1;CDKN1A;MYC;MALAT1;SIRT1;DFNA5;E2F1;AKT1;RB1;CDC25A;BBC3;BCL2;BAX;CASP3;CASP9",219,"Limited observational concordance","HCC; malignant cell annotated observational concordance; not causal perturbation validation"
"GSE189903","GSE189903_HCC","1HT1","HCC tumour-region observational concordance; malignant status annotated separately","SIRT1 OE",0.537163303268633,0.53070012009148,0.281081032323344,19,0.95,TRUE,"SIRT1","SIRT1","TP53","PRKAA1;PPM1D;Mdm2;TP53;TP53INP1;CDKN1A;MYC;MALAT1;SIRT1;DFNA5;E2F1;AKT1;RB1;CDC25A;BBC3;BCL2;BAX;CASP3;CASP9",219,"Limited observational concordance","HCC; malignant cell annotated observational concordance; not causal perturbation validation"
"GSE189903","GSE189903_HCC","1HT1","HCC tumour-region observational concordance; malignant status annotated separately","SIRT1 KO",0.520636574776304,0.51704760524999,-0.293641363162066,19,0.95,TRUE,"SIRT1","SIRT1","TP53","PRKAA1;PPM1D;Mdm2;TP53;TP53INP1;CDKN1A;MYC;MALAT1;SIRT1;DFNA5;E2F1;AKT1;RB1;CDC25A;BBC3;BCL2;BAX;CASP3;CASP9",219,"Limited observational concordance","HCC; malignant cell annotated observational concordance; not causal perturbation validation"
"GSE189903","GSE189903_HCC","1HT1","HCC tumour-region observational concordance; malignant status annotated separately","BCL2 KO",0.597031724321265,0.57706197512044,0.214798098956353,19,0.95,TRUE,"BCL2","BCL2","BAX;CASP3","PRKAA1;PPM1D;Mdm2;TP53;TP53INP1;CDKN1A;MYC;MALAT1;SIRT1;DFNA5;E2F1;AKT1;RB1;CDC25A;BBC3;BCL2;BAX;CASP3;CASP9",219,"Limited observational concordance","HCC; malignant cell annotated observational concordance; not causal perturbation validation"
"GSE189903","GSE189903_HCC","1HT1","HCC tumour-region observational concordance; malignant status annotated separately","GSDME OE",0.587492250637054,0.575561489186547,0.217271888573666,19,0.95,TRUE,"DFNA5","DFNA5","","PRKAA1;PPM1D;Mdm2;TP53;TP53INP1;CDKN1A;MYC;MALAT1;SIRT1;DFNA5;E2F1;AKT1;RB1;CDC25A;BBC3;BCL2;BAX;CASP3;CASP9",219,"Limited observational concordance","HCC; malignant cell annotated observational concordance; not causal perturbation validation"
"GSE189903","GSE189903_HCC","1HT1","HCC tumour-region observational concordance; malignant status annotated separately","CASP3 OE",0.586505408531791,0.576697649747724,0.214654154976393,19,0.95,TRUE,"CASP3","CASP3","DFNA5;CDKN1A;CASP9","PRKAA1;PPM1D;Mdm2;TP53;TP53INP1;CDKN1A;MYC;MALAT1;SIRT1;DFNA5;E2F1;AKT1;RB1;CDC25A;BBC3;BCL2;BAX;CASP3;CASP9",219,"Limited observational concordance","HCC; malignant cell annotated observational concordance; not causal perturbation validation"
"GSE189903","GSE189903_HCC","1HT1","HCC tumour-region observational concordance; malignant status annotated separately","miR-204-5p OE + GSDME KO",0.584207223112879,0.554852559813785,-0.393095191982063,19,0.95,TRUE,"MIR204;DFNA5","DFNA5","SIRT1;BCL2;MYC;E2F1;CDC25A;AKT1","PRKAA1;PPM1D;Mdm2;TP53;TP53INP1;CDKN1A;MYC;MALAT1;SIRT1;DFNA5;E2F1;AKT1;RB1;CDC25A;BBC3;BCL2;BAX;CASP3;CASP9",219,"Limited observational concordance","HCC; malignant cell annotated observational concordance; not causal perturbation validation"
"GSE189903","GSE189903_HCC","1HT1","HCC tumour-region observational concordance; malignant status annotated separately","CASP3 OE + GSDME KO",0.577294882216002,0.563145971988633,0.218626257297665,19,0.95,TRUE,"CASP3;DFNA5","CASP3;DFNA5","DFNA5;CDKN1A;CASP9","PRKAA1;PPM1D;Mdm2;TP53;TP53INP1;CDKN1A;MYC;MALAT1;SIRT1;DFNA5;E2F1;AKT1;RB1;CDC25A;BBC3;BCL2;BAX;CASP3;CASP9",219,"Limited observational concordance","HCC; malignant cell annotated observational concordance; not causal perturbation validation"
"GSE189903","GSE189903_HCC","1HT1","HCC tumour-region observational concordance; malignant status annotated separately","SIRT1 KO + GSDME KO",0.519320785302619,0.514119035413453,-0.301188428786257,19,0.95,TRUE,"SIRT1;DFNA5","SIRT1;DFNA5","TP53","PRKAA1;PPM1D;Mdm2;TP53;TP53INP1;CDKN1A;MYC;MALAT1;SIRT1;DFNA5;E2F1;AKT1;RB1;CDC25A;BBC3;BCL2;BAX;CASP3;CASP9",219,"Limited observational concordance","HCC; malignant cell annotated observational concordance; not causal perturbation validation"
"GSE189903","GSE189903_HCC","1HT1","HCC tumour-region observational concordance; malignant status annotated separately","MALAT1 KO + GSDME KO",0.604986756699435,0.561858672002684,-0.119689501461813,19,0.95,TRUE,"MALAT1;DFNA5","MALAT1;DFNA5","","PRKAA1;PPM1D;Mdm2;TP53;TP53INP1;CDKN1A;MYC;MALAT1;SIRT1;DFNA5;E2F1;AKT1;RB1;CDC25A;BBC3;BCL2;BAX;CASP3;CASP9",219,"Limited observational concordance","HCC; malignant cell annotated observational concordance; not causal perturbation validation"
"GSE189903","GSE189903_HCC","1HT1","HCC tumour-region observational concordance; malignant status annotated separately","miR-204-5p OE + CASP3 KO",0.540128275744458,0.532041393328933,-0.325286739521429,19,0.95,TRUE,"MIR204;CASP3","CASP3","SIRT1;BCL2;MYC;E2F1;CDC25A;AKT1;DFNA5;CDKN1A;CASP9","PRKAA1;PPM1D;Mdm2;TP53;TP53INP1;CDKN1A;MYC;MALAT1;SIRT1;DFNA5;E2F1;AKT1;RB1;CDC25A;BBC3;BCL2;BAX;CASP3;CASP9",219,"Limited observational concordance","HCC; malignant cell annotated observational concordance; not causal perturbation validation"
"GSE189903","GSE189903_HCC","1HT1","HCC tumour-region observational concordance; malignant status annotated separately","GSDME E1 + CASP3 E1",0.611834355900212,0.588608934951596,0.214654154976393,19,0.95,TRUE,"DFNA5;CASP3","DFNA5;CASP3","DFNA5;CDKN1A;CASP9","PRKAA1;PPM1D;Mdm2;TP53;TP53INP1;CDKN1A;MYC;MALAT1;SIRT1;DFNA5;E2F1;AKT1;RB1;CDC25A;BBC3;BCL2;BAX;CASP3;CASP9",219,"Limited observational concordance","HCC; malignant cell annotated observational concordance; not causal perturbation validation"
"GSE189903","GSE189903_HCC","1HT1","HCC tumour-region observational concordance; malignant status annotated separately","p53 E1 + miR-204-5p E1 + CASP3 KO + p21 E1",0.513483538902353,0.493735051258805,-0.406670513390072,19,0.95,TRUE,"TP53;MIR204;CASP3;CDKN1A","TP53;CASP3;CDKN1A","Mdm2;SIRT1;BCL2;MYC;E2F1;CDC25A;AKT1;CASP3;DFNA5;CDKN1A;CASP9","PRKAA1;PPM1D;Mdm2;TP53;TP53INP1;CDKN1A;MYC;MALAT1;SIRT1;DFNA5;E2F1;AKT1;RB1;CDC25A;BBC3;BCL2;BAX;CASP3;CASP9",219,"Limited observational concordance","HCC; malignant cell annotated observational concordance; not causal perturbation validation"
"GSE189903","GSE189903_HCC","1HT1","HCC tumour-region observational concordance; malignant status annotated separately","MALAT1 E1 + miR-204-5p KO + SIRT1 E1",0.537163303268633,0.539304835602739,0.281081032323344,19,0.95,TRUE,"MALAT1;MIR204;SIRT1","MALAT1;SIRT1","SIRT1;BCL2;MYC;E2F1;CDC25A;AKT1;TP53","PRKAA1;PPM1D;Mdm2;TP53;TP53INP1;CDKN1A;MYC;MALAT1;SIRT1;DFNA5;E2F1;AKT1;RB1;CDC25A;BBC3;BCL2;BAX;CASP3;CASP9",219,"Limited observational concordance","HCC; malignant cell annotated observational concordance; not causal perturbation validation"
"GSE189903","GSE189903_HCC","1HT1","HCC tumour-region observational concordance; malignant status annotated separately","SIRT1 KO + GSDME KO + CASP3 E1",0.512741837934198,0.51865914201093,-0.195484879183261,19,0.95,TRUE,"SIRT1;DFNA5;CASP3","SIRT1;DFNA5;CASP3","DFNA5;CDKN1A;CASP9;TP53","PRKAA1;PPM1D;Mdm2;TP53;TP53INP1;CDKN1A;MYC;MALAT1;SIRT1;DFNA5;E2F1;AKT1;RB1;CDC25A;BBC3;BCL2;BAX;CASP3;CASP9",219,"Limited observational concordance","HCC; malignant cell annotated observational concordance; not causal perturbation validation"
"GSE189903","GSE189903_HCC","1HT1","HCC tumour-region observational concordance; malignant status annotated separately","BAX E1",0.605293867396367,0.60279041557267,0.466516198539921,19,0.95,TRUE,"BAX","BAX","CASP3","PRKAA1;PPM1D;Mdm2;TP53;TP53INP1;CDKN1A;MYC;MALAT1;SIRT1;DFNA5;E2F1;AKT1;RB1;CDC25A;BBC3;BCL2;BAX;CASP3;CASP9",219,"Limited observational concordance","HCC; malignant cell annotated observational concordance; not causal perturbation validation"
"GSE189903","GSE189903_HCC","1HT1","HCC tumour-region observational concordance; malignant status annotated separately","BAX E1 + GSDME KO",0.612859656870052,0.596939598391208,0.394694181179813,19,0.95,TRUE,"BAX;DFNA5","BAX;DFNA5","CASP3","PRKAA1;PPM1D;Mdm2;TP53;TP53INP1;CDKN1A;MYC;MALAT1;SIRT1;DFNA5;E2F1;AKT1;RB1;CDC25A;BBC3;BCL2;BAX;CASP3;CASP9",219,"Limited observational concordance","HCC; malignant cell annotated observational concordance; not causal perturbation validation"
"GSE189903","GSE189903_HCC","1HT1","HCC tumour-region observational concordance; malignant status annotated separately","p53 E1",0.802834958016991,0.759302385603469,0.215886357536544,19,0.95,TRUE,"TP53","TP53","Mdm2","PRKAA1;PPM1D;Mdm2;TP53;TP53INP1;CDKN1A;MYC;MALAT1;SIRT1;DFNA5;E2F1;AKT1;RB1;CDC25A;BBC3;BCL2;BAX;CASP3;CASP9",219,"Moderate observational concordance","HCC; malignant cell annotated observational concordance; not causal perturbation validation"
"GSE189903","GSE189903_HCC","1HT1","HCC tumour-region observational concordance; malignant status annotated separately","p53 KO",0.537163303268633,0.539834496898305,0.281081032323344,19,0.95,TRUE,"TP53","TP53","Mdm2","PRKAA1;PPM1D;Mdm2;TP53;TP53INP1;CDKN1A;MYC;MALAT1;SIRT1;DFNA5;E2F1;AKT1;RB1;CDC25A;BBC3;BCL2;BAX;CASP3;CASP9",219,"Limited observational concordance","HCC; malignant cell annotated observational concordance; not causal perturbation validation"
"GSE189903","GSE189903_HCC","1HT1","HCC tumour-region observational concordance; malignant status annotated separately","p21 E1",0.570509252575048,0.530952624093858,-0.0428306889624767,19,0.95,TRUE,"CDKN1A","CDKN1A","CASP3","PRKAA1;PPM1D;Mdm2;TP53;TP53INP1;CDKN1A;MYC;MALAT1;SIRT1;DFNA5;E2F1;AKT1;RB1;CDC25A;BBC3;BCL2;BAX;CASP3;CASP9",219,"Limited observational concordance","HCC; malignant cell annotated observational concordance; not causal perturbation validation"
"GSE189903","GSE189903_HCC","1HT2","HCC tumour-region observational concordance; malignant status annotated separately","Reference: DDR ON, GSDME endogenous",0.612466601831122,0.612466601831122,-0.00788650073252987,19,0.95,FALSE,"","","","PRKAA1;PPM1D;Mdm2;TP53;TP53INP1;CDKN1A;MYC;MALAT1;SIRT1;DFNA5;E2F1;AKT1;RB1;CDC25A;BBC3;BCL2;BAX;CASP3;CASP9",141,"Indirect only: perturbed node not measured","HCC; malignant cell annotated observational concordance; not causal perturbation validation"
"GSE189903","GSE189903_HCC","1HT2","HCC tumour-region observational concordance; malignant status annotated separately","GSDME KO",0.588124496567964,0.576107519763242,-0.00995671480499171,19,0.95,TRUE,"DFNA5","DFNA5","","PRKAA1;PPM1D;Mdm2;TP53;TP53INP1;CDKN1A;MYC;MALAT1;SIRT1;DFNA5;E2F1;AKT1;RB1;CDC25A;BBC3;BCL2;BAX;CASP3;CASP9",141,"Limited observational concordance","HCC; malignant cell annotated observational concordance; not causal perturbation validation"
"GSE189903","GSE189903_HCC","1HT2","HCC tumour-region observational concordance; malignant status annotated separately","CASP3 KO",0.601940286041648,0.591006968486799,-0.0141957013185538,19,0.95,TRUE,"CASP3","CASP3","DFNA5;CDKN1A;CASP9","PRKAA1;PPM1D;Mdm2;TP53;TP53INP1;CDKN1A;MYC;MALAT1;SIRT1;DFNA5;E2F1;AKT1;RB1;CDC25A;BBC3;BCL2;BAX;CASP3;CASP9",141,"Limited observational concordance","HCC; malignant cell annotated observational concordance; not causal perturbation validation"
"GSE189903","GSE189903_HCC","1HT2","HCC tumour-region observational concordance; malignant status annotated separately","miR-204-5p OE",0.611054666398731,0.585337965886004,-0.287115999536242,19,0.95,FALSE,"MIR204","","SIRT1;BCL2;MYC;E2F1;CDC25A;AKT1","PRKAA1;PPM1D;Mdm2;TP53;TP53INP1;CDKN1A;MYC;MALAT1;SIRT1;DFNA5;E2F1;AKT1;RB1;CDC25A;BBC3;BCL2;BAX;CASP3;CASP9",141,"Indirect only: perturbed node not measured","HCC; malignant cell annotated observational concordance; not causal perturbation validation"
"GSE189903","GSE189903_HCC","1HT2","HCC tumour-region observational concordance; malignant status annotated separately","miR-204-5p KO",0.545361338673227,0.533538197968684,0.123675654222271,19,0.95,FALSE,"MIR204","","SIRT1;BCL2;MYC;E2F1;CDC25A;AKT1","PRKAA1;PPM1D;Mdm2;TP53;TP53INP1;CDKN1A;MYC;MALAT1;SIRT1;DFNA5;E2F1;AKT1;RB1;CDC25A;BBC3;BCL2;BAX;CASP3;CASP9",141,"Indirect only: perturbed node not measured","HCC; malignant cell annotated observational concordance; not causal perturbation validation"
"GSE189903","GSE189903_HCC","1HT2","HCC tumour-region observational concordance; malignant status annotated separately","MALAT1 OE",0.545361338673227,0.567797731281063,0.123675654222271,19,0.95,TRUE,"MALAT1","MALAT1","","PRKAA1;PPM1D;Mdm2;TP53;TP53INP1;CDKN1A;MYC;MALAT1;SIRT1;DFNA5;E2F1;AKT1;RB1;CDC25A;BBC3;BCL2;BAX;CASP3;CASP9",141,"Limited observational concordance","HCC; malignant cell annotated observational concordance; not causal perturbation validation"
"GSE189903","GSE189903_HCC","1HT2","HCC tumour-region observational concordance; malignant status annotated separately","MALAT1 KO",0.638280802378147,0.590802299626942,-0.14232980828904,19,0.95,TRUE,"MALAT1","MALAT1","","PRKAA1;PPM1D;Mdm2;TP53;TP53INP1;CDKN1A;MYC;MALAT1;SIRT1;DFNA5;E2F1;AKT1;RB1;CDC25A;BBC3;BCL2;BAX;CASP3;CASP9",141,"Limited observational concordance","HCC; malignant cell annotated observational concordance; not causal perturbation validation"
"GSE189903","GSE189903_HCC","1HT2","HCC tumour-region observational concordance; malignant status annotated separately","SIRT1 OE",0.545361338673227,0.537472410208318,0.123675654222271,19,0.95,TRUE,"SIRT1","SIRT1","TP53","PRKAA1;PPM1D;Mdm2;TP53;TP53INP1;CDKN1A;MYC;MALAT1;SIRT1;DFNA5;E2F1;AKT1;RB1;CDC25A;BBC3;BCL2;BAX;CASP3;CASP9",141,"Limited observational concordance","HCC; malignant cell annotated observational concordance; not causal perturbation validation"
"GSE189903","GSE189903_HCC","1HT2","HCC tumour-region observational concordance; malignant status annotated separately","SIRT1 KO",0.525941359339026,0.521429818584413,-0.169659454271416,19,0.95,TRUE,"SIRT1","SIRT1","TP53","PRKAA1;PPM1D;Mdm2;TP53;TP53INP1;CDKN1A;MYC;MALAT1;SIRT1;DFNA5;E2F1;AKT1;RB1;CDC25A;BBC3;BCL2;BAX;CASP3;CASP9",141,"Limited observational concordance","HCC; malignant cell annotated observational concordance; not causal perturbation validation"
"GSE189903","GSE189903_HCC","1HT2","HCC tumour-region observational concordance; malignant status annotated separately","BCL2 KO",0.605229759725859,0.583958359551549,0.0688188084034918,19,0.95,TRUE,"BCL2","BCL2","BAX;CASP3","PRKAA1;PPM1D;Mdm2;TP53;TP53INP1;CDKN1A;MYC;MALAT1;SIRT1;DFNA5;E2F1;AKT1;RB1;CDC25A;BBC3;BCL2;BAX;CASP3;CASP9",141,"Limited observational concordance","HCC; malignant cell annotated observational concordance; not causal perturbation validation"
"GSE189903","GSE189903_HCC","1HT2","HCC tumour-region observational concordance; malignant status annotated separately","GSDME OE",0.595690286041648,0.582641610672333,0.126174759388563,19,0.95,TRUE,"DFNA5","DFNA5","","PRKAA1;PPM1D;Mdm2;TP53;TP53INP1;CDKN1A;MYC;MALAT1;SIRT1;DFNA5;E2F1;AKT1;RB1;CDC25A;BBC3;BCL2;BAX;CASP3;CASP9",141,"Limited observational concordance","HCC; malignant cell annotated observational concordance; not causal perturbation validation"
"GSE189903","GSE189903_HCC","1HT2","HCC tumour-region observational concordance; malignant status annotated separately","CASP3 OE",0.594703443936385,0.586006968486799,0.158111109275295,19,0.95,TRUE,"CASP3","CASP3","DFNA5;CDKN1A;CASP9","PRKAA1;PPM1D;Mdm2;TP53;TP53INP1;CDKN1A;MYC;MALAT1;SIRT1;DFNA5;E2F1;AKT1;RB1;CDC25A;BBC3;BCL2;BAX;CASP3;CASP9",141,"Limited observational concordance","HCC; malignant cell annotated observational concordance; not causal perturbation validation"
"GSE189903","GSE189903_HCC","1HT2","HCC tumour-region observational concordance; malignant status annotated separately","miR-204-5p OE + GSDME KO",0.5824362453461,0.556774969541075,-0.29343725598661,19,0.95,TRUE,"MIR204;DFNA5","DFNA5","SIRT1;BCL2;MYC;E2F1;CDC25A;AKT1","PRKAA1;PPM1D;Mdm2;TP53;TP53INP1;CDKN1A;MYC;MALAT1;SIRT1;DFNA5;E2F1;AKT1;RB1;CDC25A;BBC3;BCL2;BAX;CASP3;CASP9",141,"Limited observational concordance","HCC; malignant cell annotated observational concordance; not causal perturbation validation"
"GSE189903","GSE189903_HCC","1HT2","HCC tumour-region observational concordance; malignant status annotated separately","CASP3 OE + GSDME KO",0.585492917620596,0.571765711561851,0.12530377816341,19,0.95,TRUE,"CASP3;DFNA5","CASP3;DFNA5","DFNA5;CDKN1A;CASP9","PRKAA1;PPM1D;Mdm2;TP53;TP53INP1;CDKN1A;MYC;MALAT1;SIRT1;DFNA5;E2F1;AKT1;RB1;CDC25A;BBC3;BCL2;BAX;CASP3;CASP9",141,"Limited observational concordance","HCC; malignant cell annotated observational concordance; not causal perturbation validation"
"GSE189903","GSE189903_HCC","1HT2","HCC tumour-region observational concordance; malignant status annotated separately","SIRT1 KO + GSDME KO",0.524625569865341,0.51799560874775,-0.194886630391107,19,0.95,TRUE,"SIRT1;DFNA5","SIRT1;DFNA5","TP53","PRKAA1;PPM1D;Mdm2;TP53;TP53INP1;CDKN1A;MYC;MALAT1;SIRT1;DFNA5;E2F1;AKT1;RB1;CDC25A;BBC3;BCL2;BAX;CASP3;CASP9",141,"Limited observational concordance","HCC; malignant cell annotated observational concordance; not causal perturbation validation"
"GSE189903","GSE189903_HCC","1HT2","HCC tumour-region observational concordance; malignant status annotated separately","MALAT1 KO + GSDME KO",0.60681977188754,0.555995640498848,-0.248746007385855,19,0.95,TRUE,"MALAT1;DFNA5","MALAT1;DFNA5","","PRKAA1;PPM1D;Mdm2;TP53;TP53INP1;CDKN1A;MYC;MALAT1;SIRT1;DFNA5;E2F1;AKT1;RB1;CDC25A;BBC3;BCL2;BAX;CASP3;CASP9",141,"Limited observational concordance","HCC; malignant cell annotated observational concordance; not causal perturbation validation"
"GSE189903","GSE189903_HCC","1HT2","HCC tumour-region observational concordance; malignant status annotated separately","miR-204-5p OE + CASP3 KO",0.538357297977679,0.531294850637788,-0.254572230929814,19,0.95,TRUE,"MIR204;CASP3","CASP3","SIRT1;BCL2;MYC;E2F1;CDC25A;AKT1;DFNA5;CDKN1A;CASP9","PRKAA1;PPM1D;Mdm2;TP53;TP53INP1;CDKN1A;MYC;MALAT1;SIRT1;DFNA5;E2F1;AKT1;RB1;CDC25A;BBC3;BCL2;BAX;CASP3;CASP9",141,"Limited observational concordance","HCC; malignant cell annotated observational concordance; not causal perturbation validation"
"GSE189903","GSE189903_HCC","1HT2","HCC tumour-region observational concordance; malignant status annotated separately","GSDME E1 + CASP3 E1",0.620032391304806,0.597228674524814,0.158111109275295,19,0.95,TRUE,"DFNA5;CASP3","DFNA5;CASP3","DFNA5;CDKN1A;CASP9","PRKAA1;PPM1D;Mdm2;TP53;TP53INP1;CDKN1A;MYC;MALAT1;SIRT1;DFNA5;E2F1;AKT1;RB1;CDC25A;BBC3;BCL2;BAX;CASP3;CASP9",141,"Limited observational concordance","HCC; malignant cell annotated observational concordance; not causal perturbation validation"
"GSE189903","GSE189903_HCC","1HT2","HCC tumour-region observational concordance; malignant status annotated separately","p53 E1 + miR-204-5p E1 + CASP3 KO + p21 E1",0.511712561135573,0.490069043515922,-0.340275327530469,19,0.95,TRUE,"TP53;MIR204;CASP3;CDKN1A","TP53;CASP3;CDKN1A","Mdm2;SIRT1;BCL2;MYC;E2F1;CDC25A;AKT1;CASP3;DFNA5;CDKN1A;CASP9","PRKAA1;PPM1D;Mdm2;TP53;TP53INP1;CDKN1A;MYC;MALAT1;SIRT1;DFNA5;E2F1;AKT1;RB1;CDC25A;BBC3;BCL2;BAX;CASP3;CASP9",141,"Limited observational concordance","HCC; malignant cell annotated observational concordance; not causal perturbation validation"
"GSE189903","GSE189903_HCC","1HT2","HCC tumour-region observational concordance; malignant status annotated separately","MALAT1 E1 + miR-204-5p KO + SIRT1 E1",0.545361338673227,0.547359342019651,0.123675654222271,19,0.95,TRUE,"MALAT1;MIR204;SIRT1","MALAT1;SIRT1","SIRT1;BCL2;MYC;E2F1;CDC25A;AKT1;TP53","PRKAA1;PPM1D;Mdm2;TP53;TP53INP1;CDKN1A;MYC;MALAT1;SIRT1;DFNA5;E2F1;AKT1;RB1;CDC25A;BBC3;BCL2;BAX;CASP3;CASP9",141,"Limited observational concordance","HCC; malignant cell annotated observational concordance; not causal perturbation validation"
"GSE189903","GSE189903_HCC","1HT2","HCC tumour-region observational concordance; malignant status annotated separately","SIRT1 KO + GSDME KO + CASP3 E1",0.51804662249692,0.524393374349037,-0.088025354953866,19,0.95,TRUE,"SIRT1;DFNA5;CASP3","SIRT1;DFNA5;CASP3","DFNA5;CDKN1A;CASP9;TP53","PRKAA1;PPM1D;Mdm2;TP53;TP53INP1;CDKN1A;MYC;MALAT1;SIRT1;DFNA5;E2F1;AKT1;RB1;CDC25A;BBC3;BCL2;BAX;CASP3;CASP9",141,"Limited observational concordance","HCC; malignant cell annotated observational concordance; not causal perturbation validation"
"GSE189903","GSE189903_HCC","1HT2","HCC tumour-region observational concordance; malignant status annotated separately","BAX E1",0.612465528731557,0.60744302011139,0.351078592090769,19,0.95,TRUE,"BAX","BAX","CASP3","PRKAA1;PPM1D;Mdm2;TP53;TP53INP1;CDKN1A;MYC;MALAT1;SIRT1;DFNA5;E2F1;AKT1;RB1;CDC25A;BBC3;BCL2;BAX;CASP3;CASP9",141,"Limited observational concordance","HCC; malignant cell annotated observational concordance; not causal perturbation validation"
"GSE189903","GSE189903_HCC","1HT2","HCC tumour-region observational concordance; malignant status annotated separately","BAX E1 + GSDME KO",0.620031318205241,0.601055363944691,0.273571099124632,19,0.95,TRUE,"BAX;DFNA5","BAX;DFNA5","CASP3","PRKAA1;PPM1D;Mdm2;TP53;TP53INP1;CDKN1A;MYC;MALAT1;SIRT1;DFNA5;E2F1;AKT1;RB1;CDC25A;BBC3;BCL2;BAX;CASP3;CASP9",141,"Limited observational concordance","HCC; malignant cell annotated observational concordance; not causal perturbation validation"
"GSE189903","GSE189903_HCC","1HT2","HCC tumour-region observational concordance; malignant status annotated separately","p53 E1",0.804070276062357,0.762124653924338,0.122388129698333,19,0.95,TRUE,"TP53","TP53","Mdm2","PRKAA1;PPM1D;Mdm2;TP53;TP53INP1;CDKN1A;MYC;MALAT1;SIRT1;DFNA5;E2F1;AKT1;RB1;CDC25A;BBC3;BCL2;BAX;CASP3;CASP9",141,"Moderate observational concordance","HCC; malignant cell annotated observational concordance; not causal perturbation validation"
"GSE189903","GSE189903_HCC","1HT2","HCC tumour-region observational concordance; malignant status annotated separately","p53 KO",0.545361338673227,0.548408575211579,0.123675654222271,19,0.95,TRUE,"TP53","TP53","Mdm2","PRKAA1;PPM1D;Mdm2;TP53;TP53INP1;CDKN1A;MYC;MALAT1;SIRT1;DFNA5;E2F1;AKT1;RB1;CDC25A;BBC3;BCL2;BAX;CASP3;CASP9",141,"Limited observational concordance","HCC; malignant cell annotated observational concordance; not causal perturbation validation"
"GSE189903","GSE189903_HCC","1HT2","HCC tumour-region observational concordance; malignant status annotated separately","p21 E1",0.570605151580736,0.520992241212956,-0.168188802998994,19,0.95,TRUE,"CDKN1A","CDKN1A","CASP3","PRKAA1;PPM1D;Mdm2;TP53;TP53INP1;CDKN1A;MYC;MALAT1;SIRT1;DFNA5;E2F1;AKT1;RB1;CDC25A;BBC3;BCL2;BAX;CASP3;CASP9",141,"Limited observational concordance","HCC; malignant cell annotated observational concordance; not causal perturbation validation"
"GSE189903","GSE189903_HCC","1HT3","HCC tumour-region observational concordance; malignant status annotated separately","Reference: DDR ON, GSDME endogenous",0.614226782718205,0.614226782718205,0.265512191328506,19,0.95,FALSE,"","","","PRKAA1;PPM1D;Mdm2;TP53;TP53INP1;CDKN1A;MYC;MALAT1;SIRT1;DFNA5;E2F1;AKT1;RB1;CDC25A;BBC3;BCL2;BAX;CASP3;CASP9",276,"Indirect only: perturbed node not measured","HCC; malignant cell annotated observational concordance; not causal perturbation validation"
"GSE189903","GSE189903_HCC","1HT3","HCC tumour-region observational concordance; malignant status annotated separately","GSDME KO",0.589884677455047,0.577627675983904,0.248917870124793,19,0.95,TRUE,"DFNA5","DFNA5","","PRKAA1;PPM1D;Mdm2;TP53;TP53INP1;CDKN1A;MYC;MALAT1;SIRT1;DFNA5;E2F1;AKT1;RB1;CDC25A;BBC3;BCL2;BAX;CASP3;CASP9",276,"Limited observational concordance","HCC; malignant cell annotated observational concordance; not causal perturbation validation"
"GSE189903","GSE189903_HCC","1HT3","HCC tumour-region observational concordance; malignant status annotated separately","CASP3 KO",0.603700466928731,0.59312299203293,0.218193186933327,19,0.95,TRUE,"CASP3","CASP3","DFNA5;CDKN1A;CASP9","PRKAA1;PPM1D;Mdm2;TP53;TP53INP1;CDKN1A;MYC;MALAT1;SIRT1;DFNA5;E2F1;AKT1;RB1;CDC25A;BBC3;BCL2;BAX;CASP3;CASP9",276,"Limited observational concordance","HCC; malignant cell annotated observational concordance; not causal perturbation validation"
"GSE189903","GSE189903_HCC","1HT3","HCC tumour-region observational concordance; malignant status annotated separately","miR-204-5p OE",0.611437941253452,0.583411119254422,-0.485052029519561,19,0.95,FALSE,"MIR204","","SIRT1;BCL2;MYC;E2F1;CDC25A;AKT1","PRKAA1;PPM1D;Mdm2;TP53;TP53INP1;CDKN1A;MYC;MALAT1;SIRT1;DFNA5;E2F1;AKT1;RB1;CDC25A;BBC3;BCL2;BAX;CASP3;CASP9",276,"Indirect only: perturbed node not measured","HCC; malignant cell annotated observational concordance; not causal perturbation validation"
"GSE189903","GSE189903_HCC","1HT3","HCC tumour-region observational concordance; malignant status annotated separately","miR-204-5p KO",0.54712151956031,0.537094070964037,0.415999927838549,19,0.95,FALSE,"MIR204","","SIRT1;BCL2;MYC;E2F1;CDC25A;AKT1","PRKAA1;PPM1D;Mdm2;TP53;TP53INP1;CDKN1A;MYC;MALAT1;SIRT1;DFNA5;E2F1;AKT1;RB1;CDC25A;BBC3;BCL2;BAX;CASP3;CASP9",276,"Indirect only: perturbed node not measured","HCC; malignant cell annotated observational concordance; not causal perturbation validation"
"GSE189903","GSE189903_HCC","1HT3","HCC tumour-region observational concordance; malignant status annotated separately","MALAT1 OE",0.54712151956031,0.560601255391066,0.415999927838549,19,0.95,TRUE,"MALAT1","MALAT1","","PRKAA1;PPM1D;Mdm2;TP53;TP53INP1;CDKN1A;MYC;MALAT1;SIRT1;DFNA5;E2F1;AKT1;RB1;CDC25A;BBC3;BCL2;BAX;CASP3;CASP9",276,"Limited observational concordance","HCC; malignant cell annotated observational concordance; not causal perturbation validation"
"GSE189903","GSE189903_HCC","1HT3","HCC tumour-region observational concordance; malignant status annotated separately","MALAT1 KO",0.647101252516309,0.60713659322056,0.0881089289408343,19,0.95,TRUE,"MALAT1","MALAT1","","PRKAA1;PPM1D;Mdm2;TP53;TP53INP1;CDKN1A;MYC;MALAT1;SIRT1;DFNA5;E2F1;AKT1;RB1;CDC25A;BBC3;BCL2;BAX;CASP3;CASP9",276,"Limited observational concordance","HCC; malignant cell annotated observational concordance; not causal perturbation validation"
"GSE189903","GSE189903_HCC","1HT3","HCC tumour-region observational concordance; malignant status annotated separately","SIRT1 OE",0.54712151956031,0.538926472680256,0.415999927838549,19,0.95,TRUE,"SIRT1","SIRT1","TP53","PRKAA1;PPM1D;Mdm2;TP53;TP53INP1;CDKN1A;MYC;MALAT1;SIRT1;DFNA5;E2F1;AKT1;RB1;CDC25A;BBC3;BCL2;BAX;CASP3;CASP9",276,"Limited observational concordance","HCC; malignant cell annotated observational concordance; not causal perturbation validation"
"GSE189903","GSE189903_HCC","1HT3","HCC tumour-region observational concordance; malignant status annotated separately","SIRT1 KO",0.517518565377385,0.514471858355231,-0.395872059966637,19,0.95,TRUE,"SIRT1","SIRT1","TP53","PRKAA1;PPM1D;Mdm2;TP53;TP53INP1;CDKN1A;MYC;MALAT1;SIRT1;DFNA5;E2F1;AKT1;RB1;CDC25A;BBC3;BCL2;BAX;CASP3;CASP9",276,"Limited observational concordance","HCC; malignant cell annotated observational concordance; not causal perturbation validation"
"GSE189903","GSE189903_HCC","1HT3","HCC tumour-region observational concordance; malignant status annotated separately","BCL2 KO",0.606989940612941,0.589866729042109,0.299257545633366,19,0.95,TRUE,"BCL2","BCL2","BAX;CASP3","PRKAA1;PPM1D;Mdm2;TP53;TP53INP1;CDKN1A;MYC;MALAT1;SIRT1;DFNA5;E2F1;AKT1;RB1;CDC25A;BBC3;BCL2;BAX;CASP3;CASP9",276,"Limited observational concordance","HCC; malignant cell annotated observational concordance; not causal perturbation validation"
"GSE189903","GSE189903_HCC","1HT3","HCC tumour-region observational concordance; malignant status annotated separately","GSDME OE",0.597450466928731,0.584161766892995,0.357582409387504,19,0.95,TRUE,"DFNA5","DFNA5","","PRKAA1;PPM1D;Mdm2;TP53;TP53INP1;CDKN1A;MYC;MALAT1;SIRT1;DFNA5;E2F1;AKT1;RB1;CDC25A;BBC3;BCL2;BAX;CASP3;CASP9",276,"Limited observational concordance","HCC; malignant cell annotated observational concordance; not causal perturbation validation"
"GSE189903","GSE189903_HCC","1HT3","HCC tumour-region observational concordance; malignant status annotated separately","CASP3 OE",0.596463624823468,0.58812299203293,0.375906544568416,19,0.95,TRUE,"CASP3","CASP3","DFNA5;CDKN1A;CASP9","PRKAA1;PPM1D;Mdm2;TP53;TP53INP1;CDKN1A;MYC;MALAT1;SIRT1;DFNA5;E2F1;AKT1;RB1;CDC25A;BBC3;BCL2;BAX;CASP3;CASP9",276,"Limited observational concordance","HCC; malignant cell annotated observational concordance; not causal perturbation validation"
"GSE189903","GSE189903_HCC","1HT3","HCC tumour-region observational concordance; malignant status annotated separately","miR-204-5p OE + GSDME KO",0.583371375502372,0.555429044003215,-0.494967748777414,19,0.95,TRUE,"MIR204;DFNA5","DFNA5","SIRT1;BCL2;MYC;E2F1;CDC25A;AKT1","PRKAA1;PPM1D;Mdm2;TP53;TP53INP1;CDKN1A;MYC;MALAT1;SIRT1;DFNA5;E2F1;AKT1;RB1;CDC25A;BBC3;BCL2;BAX;CASP3;CASP9",276,"Limited observational concordance","HCC; malignant cell annotated observational concordance; not causal perturbation validation"
"GSE189903","GSE189903_HCC","1HT3","HCC tumour-region observational concordance; malignant status annotated separately","CASP3 OE + GSDME KO",0.587253098507678,0.573724992623083,0.343405751870433,19,0.95,TRUE,"CASP3;DFNA5","CASP3;DFNA5","DFNA5;CDKN1A;CASP9","PRKAA1;PPM1D;Mdm2;TP53;TP53INP1;CDKN1A;MYC;MALAT1;SIRT1;DFNA5;E2F1;AKT1;RB1;CDC25A;BBC3;BCL2;BAX;CASP3;CASP9",276,"Limited observational concordance","HCC; malignant cell annotated observational concordance; not causal perturbation validation"
"GSE189903","GSE189903_HCC","1HT3","HCC tumour-region observational concordance; malignant status annotated separately","SIRT1 KO + GSDME KO",0.5162027759037,0.511840490083473,-0.425207193580598,19,0.95,TRUE,"SIRT1;DFNA5","SIRT1;DFNA5","TP53","PRKAA1;PPM1D;Mdm2;TP53;TP53INP1;CDKN1A;MYC;MALAT1;SIRT1;DFNA5;E2F1;AKT1;RB1;CDC25A;BBC3;BCL2;BAX;CASP3;CASP9",276,"Limited observational concordance","HCC; malignant cell annotated observational concordance; not causal perturbation validation"
"GSE189903","GSE189903_HCC","1HT3","HCC tumour-region observational concordance; malignant status annotated separately","MALAT1 KO + GSDME KO",0.615308581070571,0.570117771735332,-0.00520389136790492,19,0.95,TRUE,"MALAT1;DFNA5","MALAT1;DFNA5","","PRKAA1;PPM1D;Mdm2;TP53;TP53INP1;CDKN1A;MYC;MALAT1;SIRT1;DFNA5;E2F1;AKT1;RB1;CDC25A;BBC3;BCL2;BAX;CASP3;CASP9",276,"Limited observational concordance","HCC; malignant cell annotated observational concordance; not causal perturbation validation"
"GSE189903","GSE189903_HCC","1HT3","HCC tumour-region observational concordance; malignant status annotated separately","miR-204-5p OE + CASP3 KO",0.536108993885031,0.527500388780102,-0.499715860714079,19,0.95,TRUE,"MIR204;CASP3","CASP3","SIRT1;BCL2;MYC;E2F1;CDC25A;AKT1;DFNA5;CDKN1A;CASP9","PRKAA1;PPM1D;Mdm2;TP53;TP53INP1;CDKN1A;MYC;MALAT1;SIRT1;DFNA5;E2F1;AKT1;RB1;CDC25A;BBC3;BCL2;BAX;CASP3;CASP9",276,"Limited observational concordance","HCC; malignant cell annotated observational concordance; not causal perturbation validation"
"GSE189903","GSE189903_HCC","1HT3","HCC tumour-region observational concordance; malignant status annotated separately","GSDME E1 + CASP3 E1",0.621792572191889,0.599187955586046,0.375906544568416,19,0.95,TRUE,"DFNA5;CASP3","DFNA5;CASP3","DFNA5;CDKN1A;CASP9","PRKAA1;PPM1D;Mdm2;TP53;TP53INP1;CDKN1A;MYC;MALAT1;SIRT1;DFNA5;E2F1;AKT1;RB1;CDC25A;BBC3;BCL2;BAX;CASP3;CASP9",276,"Limited observational concordance","HCC; malignant cell annotated observational concordance; not causal perturbation validation"
"GSE189903","GSE189903_HCC","1HT3","HCC tumour-region observational concordance; malignant status annotated separately","p53 E1 + miR-204-5p E1 + CASP3 KO + p21 E1",0.503543204411346,0.481161840691721,-0.556059681574181,19,0.95,TRUE,"TP53;MIR204;CASP3;CDKN1A","TP53;CASP3;CDKN1A","Mdm2;SIRT1;BCL2;MYC;E2F1;CDC25A;AKT1;CASP3;DFNA5;CDKN1A;CASP9","PRKAA1;PPM1D;Mdm2;TP53;TP53INP1;CDKN1A;MYC;MALAT1;SIRT1;DFNA5;E2F1;AKT1;RB1;CDC25A;BBC3;BCL2;BAX;CASP3;CASP9",276,"Limited observational concordance","HCC; malignant cell annotated observational concordance; not causal perturbation validation"
"GSE189903","GSE189903_HCC","1HT3","HCC tumour-region observational concordance; malignant status annotated separately","MALAT1 E1 + miR-204-5p KO + SIRT1 E1",0.54712151956031,0.544040984550274,0.415999927838549,19,0.95,TRUE,"MALAT1;MIR204;SIRT1","MALAT1;SIRT1","SIRT1;BCL2;MYC;E2F1;CDC25A;AKT1;TP53","PRKAA1;PPM1D;Mdm2;TP53;TP53INP1;CDKN1A;MYC;MALAT1;SIRT1;DFNA5;E2F1;AKT1;RB1;CDC25A;BBC3;BCL2;BAX;CASP3;CASP9",276,"Limited observational concordance","HCC; malignant cell annotated observational concordance; not causal perturbation validation"
"GSE189903","GSE189903_HCC","1HT3","HCC tumour-region observational concordance; malignant status annotated separately","SIRT1 KO + GSDME KO + CASP3 E1",0.509623828535279,0.519858666817667,-0.296085284844822,19,0.95,TRUE,"SIRT1;DFNA5;CASP3","SIRT1;DFNA5;CASP3","DFNA5;CDKN1A;CASP9;TP53","PRKAA1;PPM1D;Mdm2;TP53;TP53INP1;CDKN1A;MYC;MALAT1;SIRT1;DFNA5;E2F1;AKT1;RB1;CDC25A;BBC3;BCL2;BAX;CASP3;CASP9",276,"Limited observational concordance","HCC; malignant cell annotated observational concordance; not causal perturbation validation"
"GSE189903","GSE189903_HCC","1HT3","HCC tumour-region observational concordance; malignant status annotated separately","BAX E1",0.602819664258758,0.585341119340095,0.227168500764615,19,0.95,TRUE,"BAX","BAX","CASP3","PRKAA1;PPM1D;Mdm2;TP53;TP53INP1;CDKN1A;MYC;MALAT1;SIRT1;DFNA5;E2F1;AKT1;RB1;CDC25A;BBC3;BCL2;BAX;CASP3;CASP9",276,"Limited observational concordance","HCC; malignant cell annotated observational concordance; not causal perturbation validation"
"GSE189903","GSE189903_HCC","1HT3","HCC tumour-region observational concordance; malignant status annotated separately","BAX E1 + GSDME KO",0.610385453732443,0.581503682493161,0.151403852568976,19,0.95,TRUE,"BAX;DFNA5","BAX;DFNA5","CASP3","PRKAA1;PPM1D;Mdm2;TP53;TP53INP1;CDKN1A;MYC;MALAT1;SIRT1;DFNA5;E2F1;AKT1;RB1;CDC25A;BBC3;BCL2;BAX;CASP3;CASP9",276,"Limited observational concordance","HCC; malignant cell annotated observational concordance; not causal perturbation validation"
"GSE189903","GSE189903_HCC","1HT3","HCC tumour-region observational concordance; malignant status annotated separately","p53 E1",0.812149368047357,0.766167213246305,0.340900841949433,19,0.95,TRUE,"TP53","TP53","Mdm2","PRKAA1;PPM1D;Mdm2;TP53;TP53INP1;CDKN1A;MYC;MALAT1;SIRT1;DFNA5;E2F1;AKT1;RB1;CDC25A;BBC3;BCL2;BAX;CASP3;CASP9",276,"Moderate observational concordance","HCC; malignant cell annotated observational concordance; not causal perturbation validation"
"GSE189903","GSE189903_HCC","1HT3","HCC tumour-region observational concordance; malignant status annotated separately","p53 KO",0.54712151956031,0.547231164496136,0.415999927838549,19,0.95,TRUE,"TP53","TP53","Mdm2","PRKAA1;PPM1D;Mdm2;TP53;TP53INP1;CDKN1A;MYC;MALAT1;SIRT1;DFNA5;E2F1;AKT1;RB1;CDC25A;BBC3;BCL2;BAX;CASP3;CASP9",276,"Limited observational concordance","HCC; malignant cell annotated observational concordance; not causal perturbation validation"
"GSE189903","GSE189903_HCC","1HT3","HCC tumour-region observational concordance; malignant status annotated separately","p21 E1",0.570317211225851,0.518216488076481,0.0355181323103465,19,0.95,TRUE,"CDKN1A","CDKN1A","CASP3","PRKAA1;PPM1D;Mdm2;TP53;TP53INP1;CDKN1A;MYC;MALAT1;SIRT1;DFNA5;E2F1;AKT1;RB1;CDC25A;BBC3;BCL2;BAX;CASP3;CASP9",276,"Limited observational concordance","HCC; malignant cell annotated observational concordance; not causal perturbation validation"
"GSE189903","GSE189903_HCC","2HT2","HCC tumour-region observational concordance; malignant status annotated separately","Reference: DDR ON, GSDME endogenous",0.520854977617736,0.520854977617736,-0.352789466101836,19,0.95,FALSE,"","","","PRKAA1;PPM1D;Mdm2;TP53;TP53INP1;CDKN1A;MYC;MALAT1;SIRT1;DFNA5;E2F1;AKT1;RB1;CDC25A;BBC3;BCL2;BAX;CASP3;CASP9",24,"Indirect only: perturbed node not measured","HCC; malignant cell annotated observational concordance; not causal perturbation validation"
"GSE189903","GSE189903_HCC","2HT2","HCC tumour-region observational concordance; malignant status annotated separately","GSDME KO",0.499802346038788,0.499829298851681,-0.33381196477788,19,0.95,TRUE,"DFNA5","DFNA5","","PRKAA1;PPM1D;Mdm2;TP53;TP53INP1;CDKN1A;MYC;MALAT1;SIRT1;DFNA5;E2F1;AKT1;RB1;CDC25A;BBC3;BCL2;BAX;CASP3;CASP9",24,"Limited observational concordance","HCC; malignant cell annotated observational concordance; not causal perturbation validation"
"GSE189903","GSE189903_HCC","2HT2","HCC tumour-region observational concordance; malignant status annotated separately","CASP3 KO",0.510986556565104,0.50679783354701,-0.299161261120633,19,0.95,TRUE,"CASP3","CASP3","DFNA5;CDKN1A;CASP9","PRKAA1;PPM1D;Mdm2;TP53;TP53INP1;CDKN1A;MYC;MALAT1;SIRT1;DFNA5;E2F1;AKT1;RB1;CDC25A;BBC3;BCL2;BAX;CASP3;CASP9",24,"Limited observational concordance","HCC; malignant cell annotated observational concordance; not causal perturbation validation"
"GSE189903","GSE189903_HCC","2HT2","HCC tumour-region observational concordance; malignant status annotated separately","miR-204-5p OE",0.630132790253177,0.613304443987923,0.0304516969205106,19,0.95,FALSE,"MIR204","","SIRT1;BCL2;MYC;E2F1;CDC25A;AKT1","PRKAA1;PPM1D;Mdm2;TP53;TP53INP1;CDKN1A;MYC;MALAT1;SIRT1;DFNA5;E2F1;AKT1;RB1;CDC25A;BBC3;BCL2;BAX;CASP3;CASP9",24,"Indirect only: perturbed node not measured","HCC; malignant cell annotated observational concordance; not causal perturbation validation"
"GSE189903","GSE189903_HCC","2HT2","HCC tumour-region observational concordance; malignant status annotated separately","miR-204-5p KO",0.46417076709142,0.458366259593971,-0.348540480080946,19,0.95,FALSE,"MIR204","","SIRT1;BCL2;MYC;E2F1;CDC25A;AKT1","PRKAA1;PPM1D;Mdm2;TP53;TP53INP1;CDKN1A;MYC;MALAT1;SIRT1;DFNA5;E2F1;AKT1;RB1;CDC25A;BBC3;BCL2;BAX;CASP3;CASP9",24,"Indirect only: perturbed node not measured","HCC; malignant cell annotated observational concordance; not causal perturbation validation"
"GSE189903","GSE189903_HCC","2HT2","HCC tumour-region observational concordance; malignant status annotated separately","MALAT1 OE",0.46417076709142,0.537102026124408,-0.348540480080946,19,0.95,TRUE,"MALAT1","MALAT1","","PRKAA1;PPM1D;Mdm2;TP53;TP53INP1;CDKN1A;MYC;MALAT1;SIRT1;DFNA5;E2F1;AKT1;RB1;CDC25A;BBC3;BCL2;BAX;CASP3;CASP9",24,"Limited observational concordance","HCC; malignant cell annotated observational concordance; not causal perturbation validation"
"GSE189903","GSE189903_HCC","2HT2","HCC tumour-region observational concordance; malignant status annotated separately","MALAT1 KO",0.529407609196683,0.457352026124408,-0.631360431641126,19,0.95,TRUE,"MALAT1","MALAT1","","PRKAA1;PPM1D;Mdm2;TP53;TP53INP1;CDKN1A;MYC;MALAT1;SIRT1;DFNA5;E2F1;AKT1;RB1;CDC25A;BBC3;BCL2;BAX;CASP3;CASP9",24,"Limited observational concordance","HCC; malignant cell annotated observational concordance; not causal perturbation validation"
"GSE189903","GSE189903_HCC","2HT2","HCC tumour-region observational concordance; malignant status annotated separately","SIRT1 OE",0.46417076709142,0.470401938032042,-0.348540480080946,19,0.95,TRUE,"SIRT1","SIRT1","TP53","PRKAA1;PPM1D;Mdm2;TP53;TP53INP1;CDKN1A;MYC;MALAT1;SIRT1;DFNA5;E2F1;AKT1;RB1;CDC25A;BBC3;BCL2;BAX;CASP3;CASP9",24,"Limited observational concordance","HCC; malignant cell annotated observational concordance; not causal perturbation validation"
"GSE189903","GSE189903_HCC","2HT2","HCC tumour-region observational concordance; malignant status annotated separately","SIRT1 KO",0.530701403228235,0.52536202875376,-0.0195760908774711,19,0.95,TRUE,"SIRT1","SIRT1","TP53","PRKAA1;PPM1D;Mdm2;TP53;TP53INP1;CDKN1A;MYC;MALAT1;SIRT1;DFNA5;E2F1;AKT1;RB1;CDC25A;BBC3;BCL2;BAX;CASP3;CASP9",24,"Limited observational concordance","HCC; malignant cell annotated observational concordance; not causal perturbation validation"
"GSE189903","GSE189903_HCC","2HT2","HCC tumour-region observational concordance; malignant status annotated separately","BCL2 KO",0.514276030249315,0.504826781311414,-0.335752368271581,19,0.95,TRUE,"BCL2","BCL2","BAX;CASP3","PRKAA1;PPM1D;Mdm2;TP53;TP53INP1;CDKN1A;MYC;MALAT1;SIRT1;DFNA5;E2F1;AKT1;RB1;CDC25A;BBC3;BCL2;BAX;CASP3;CASP9",24,"Limited observational concordance","HCC; malignant cell annotated observational concordance; not causal perturbation validation"
"GSE189903","GSE189903_HCC","2HT2","HCC tumour-region observational concordance; malignant status annotated separately","GSDME OE",0.50671024077563,0.50579520794259,-0.426690576355514,19,0.95,TRUE,"DFNA5","DFNA5","","PRKAA1;PPM1D;Mdm2;TP53;TP53INP1;CDKN1A;MYC;MALAT1;SIRT1;DFNA5;E2F1;AKT1;RB1;CDC25A;BBC3;BCL2;BAX;CASP3;CASP9",24,"Limited observational concordance","HCC; malignant cell annotated observational concordance; not causal perturbation validation"
"GSE189903","GSE189903_HCC","2HT2","HCC tumour-region observational concordance; malignant status annotated separately","CASP3 OE",0.505723398670367,0.50329783354701,-0.459674019681155,19,0.95,TRUE,"CASP3","CASP3","DFNA5;CDKN1A;CASP9","PRKAA1;PPM1D;Mdm2;TP53;TP53INP1;CDKN1A;MYC;MALAT1;SIRT1;DFNA5;E2F1;AKT1;RB1;CDC25A;BBC3;BCL2;BAX;CASP3;CASP9",24,"Limited observational concordance","HCC; malignant cell annotated observational concordance; not causal perturbation validation"
"GSE189903","GSE189903_HCC","2HT2","HCC tumour-region observational concordance; malignant status annotated separately","miR-204-5p OE + GSDME KO",0.60283015867423,0.582637896417788,0.0531508991975747,19,0.95,TRUE,"MIR204;DFNA5","DFNA5","SIRT1;BCL2;MYC;E2F1;CDC25A;AKT1","PRKAA1;PPM1D;Mdm2;TP53;TP53INP1;CDKN1A;MYC;MALAT1;SIRT1;DFNA5;E2F1;AKT1;RB1;CDC25A;BBC3;BCL2;BAX;CASP3;CASP9",24,"Limited observational concordance","HCC; malignant cell annotated observational concordance; not causal perturbation validation"
"GSE189903","GSE189903_HCC","2HT2","HCC tumour-region observational concordance; malignant status annotated separately","CASP3 OE + GSDME KO",0.49717076709142,0.495646142173157,-0.408416917110027,19,0.95,TRUE,"CASP3;DFNA5","CASP3;DFNA5","DFNA5;CDKN1A;CASP9","PRKAA1;PPM1D;Mdm2;TP53;TP53INP1;CDKN1A;MYC;MALAT1;SIRT1;DFNA5;E2F1;AKT1;RB1;CDC25A;BBC3;BCL2;BAX;CASP3;CASP9",24,"Limited observational concordance","HCC; malignant cell annotated observational concordance; not causal perturbation validation"
"GSE189903","GSE189903_HCC","2HT2","HCC tumour-region observational concordance; malignant status annotated separately","SIRT1 KO + GSDME KO",0.529385613754551,0.521474102359095,0.0166096559992421,19,0.95,TRUE,"SIRT1;DFNA5","SIRT1;DFNA5","TP53","PRKAA1;PPM1D;Mdm2;TP53;TP53INP1;CDKN1A;MYC;MALAT1;SIRT1;DFNA5;E2F1;AKT1;RB1;CDC25A;BBC3;BCL2;BAX;CASP3;CASP9",24,"Limited observational concordance","HCC; malignant cell annotated observational concordance; not causal perturbation validation"
"GSE189903","GSE189903_HCC","2HT2","HCC tumour-region observational concordance; malignant status annotated separately","MALAT1 KO + GSDME KO",0.495197082880894,0.436469782989479,-0.553694041545084,19,0.95,TRUE,"MALAT1;DFNA5","MALAT1;DFNA5","","PRKAA1;PPM1D;Mdm2;TP53;TP53INP1;CDKN1A;MYC;MALAT1;SIRT1;DFNA5;E2F1;AKT1;RB1;CDC25A;BBC3;BCL2;BAX;CASP3;CASP9",24,"Limited observational concordance","HCC; malignant cell annotated observational concordance; not causal perturbation validation"
"GSE189903","GSE189903_HCC","2HT2","HCC tumour-region observational concordance; malignant status annotated separately","miR-204-5p OE + CASP3 KO",0.554803842884756,0.558268140762463,0.0954645865986801,19,0.95,TRUE,"MIR204;CASP3","CASP3","SIRT1;BCL2;MYC;E2F1;CDC25A;AKT1;DFNA5;CDKN1A;CASP9","PRKAA1;PPM1D;Mdm2;TP53;TP53INP1;CDKN1A;MYC;MALAT1;SIRT1;DFNA5;E2F1;AKT1;RB1;CDC25A;BBC3;BCL2;BAX;CASP3;CASP9",24,"Limited observational concordance","HCC; malignant cell annotated observational concordance; not causal perturbation validation"
"GSE189903","GSE189903_HCC","2HT2","HCC tumour-region observational concordance; malignant status annotated separately","GSDME E1 + CASP3 E1",0.525789188144052,0.516942438469453,-0.459674019681155,19,0.95,TRUE,"DFNA5;CASP3","DFNA5;CASP3","DFNA5;CDKN1A;CASP9","PRKAA1;PPM1D;Mdm2;TP53;TP53INP1;CDKN1A;MYC;MALAT1;SIRT1;DFNA5;E2F1;AKT1;RB1;CDC25A;BBC3;BCL2;BAX;CASP3;CASP9",24,"Limited observational concordance","HCC; malignant cell annotated observational concordance; not causal perturbation validation"
"GSE189903","GSE189903_HCC","2HT2","HCC tumour-region observational concordance; malignant status annotated separately","p53 E1 + miR-204-5p E1 + CASP3 KO + p21 E1",0.538164236154413,0.532355941433773,0.132790371719207,19,0.95,TRUE,"TP53;MIR204;CASP3;CDKN1A","TP53;CASP3;CDKN1A","Mdm2;SIRT1;BCL2;MYC;E2F1;CDC25A;AKT1;CASP3;DFNA5;CDKN1A;CASP9","PRKAA1;PPM1D;Mdm2;TP53;TP53INP1;CDKN1A;MYC;MALAT1;SIRT1;DFNA5;E2F1;AKT1;RB1;CDC25A;BBC3;BCL2;BAX;CASP3;CASP9",24,"Limited observational concordance","HCC; malignant cell annotated observational concordance; not causal perturbation validation"
"GSE189903","GSE189903_HCC","2HT2","HCC tumour-region observational concordance; malignant status annotated separately","MALAT1 E1 + miR-204-5p KO + SIRT1 E1",0.46417076709142,0.514714725479009,-0.348540480080946,19,0.95,TRUE,"MALAT1;MIR204;SIRT1","MALAT1;SIRT1","SIRT1;BCL2;MYC;E2F1;CDC25A;AKT1;TP53","PRKAA1;PPM1D;Mdm2;TP53;TP53INP1;CDKN1A;MYC;MALAT1;SIRT1;DFNA5;E2F1;AKT1;RB1;CDC25A;BBC3;BCL2;BAX;CASP3;CASP9",24,"Limited observational concordance","HCC; malignant cell annotated observational concordance; not causal perturbation validation"
"GSE189903","GSE189903_HCC","2HT2","HCC tumour-region observational concordance; malignant status annotated separately","SIRT1 KO + GSDME KO + CASP3 E1",0.52280666638613,0.515146062105637,-0.0583025078265866,19,0.95,TRUE,"SIRT1;DFNA5;CASP3","SIRT1;DFNA5;CASP3","DFNA5;CDKN1A;CASP9;TP53","PRKAA1;PPM1D;Mdm2;TP53;TP53INP1;CDKN1A;MYC;MALAT1;SIRT1;DFNA5;E2F1;AKT1;RB1;CDC25A;BBC3;BCL2;BAX;CASP3;CASP9",24,"Limited observational concordance","HCC; malignant cell annotated observational concordance; not causal perturbation validation"
"GSE189903","GSE189903_HCC","2HT2","HCC tumour-region observational concordance; malignant status annotated separately","BAX E1",0.540831485329636,0.570576247437054,-0.202810106743235,19,0.95,TRUE,"BAX","BAX","CASP3","PRKAA1;PPM1D;Mdm2;TP53;TP53INP1;CDKN1A;MYC;MALAT1;SIRT1;DFNA5;E2F1;AKT1;RB1;CDC25A;BBC3;BCL2;BAX;CASP3;CASP9",24,"Limited observational concordance","HCC; malignant cell annotated observational concordance; not causal perturbation validation"
"GSE189903","GSE189903_HCC","2HT2","HCC tumour-region observational concordance; malignant status annotated separately","BAX E1 + GSDME KO",0.546423590592794,0.567000141963548,-0.146183030066597,19,0.95,TRUE,"BAX;DFNA5","BAX;DFNA5","CASP3","PRKAA1;PPM1D;Mdm2;TP53;TP53INP1;CDKN1A;MYC;MALAT1;SIRT1;DFNA5;E2F1;AKT1;RB1;CDC25A;BBC3;BCL2;BAX;CASP3;CASP9",24,"Limited observational concordance","HCC; malignant cell annotated observational concordance; not causal perturbation validation"
"GSE189903","GSE189903_HCC","2HT2","HCC tumour-region observational concordance; malignant status annotated separately","p53 E1",0.726118135512473,0.680078679468688,-0.409186064527902,19,0.95,TRUE,"TP53","TP53","Mdm2","PRKAA1;PPM1D;Mdm2;TP53;TP53INP1;CDKN1A;MYC;MALAT1;SIRT1;DFNA5;E2F1;AKT1;RB1;CDC25A;BBC3;BCL2;BAX;CASP3;CASP9",24,"Limited observational concordance","HCC; malignant cell annotated observational concordance; not causal perturbation validation"
"GSE189903","GSE189903_HCC","2HT2","HCC tumour-region observational concordance; malignant status annotated separately","p53 KO",0.46417076709142,0.463687375120862,-0.348540480080946,19,0.95,TRUE,"TP53","TP53","Mdm2","PRKAA1;PPM1D;Mdm2;TP53;TP53INP1;CDKN1A;MYC;MALAT1;SIRT1;DFNA5;E2F1;AKT1;RB1;CDC25A;BBC3;BCL2;BAX;CASP3;CASP9",24,"Limited observational concordance","HCC; malignant cell annotated observational concordance; not causal perturbation validation"
"GSE189903","GSE189903_HCC","2HT2","HCC tumour-region observational concordance; malignant status annotated separately","p21 E1",0.51934694983476,0.52783644587155,-0.195349727706906,19,0.95,TRUE,"CDKN1A","CDKN1A","CASP3","PRKAA1;PPM1D;Mdm2;TP53;TP53INP1;CDKN1A;MYC;MALAT1;SIRT1;DFNA5;E2F1;AKT1;RB1;CDC25A;BBC3;BCL2;BAX;CASP3;CASP9",24,"Limited observational concordance","HCC; malignant cell annotated observational concordance; not causal perturbation validation"
"GSE189903","GSE189903_HCC","3HT2","HCC tumour-region observational concordance; malignant status annotated separately","Reference: DDR ON, GSDME endogenous",0.578727200481011,0.578727200481011,0.00998956759453784,19,0.95,FALSE,"","","","PRKAA1;PPM1D;Mdm2;TP53;TP53INP1;CDKN1A;MYC;MALAT1;SIRT1;DFNA5;E2F1;AKT1;RB1;CDC25A;BBC3;BCL2;BAX;CASP3;CASP9",23,"Indirect only: perturbed node not measured","HCC; malignant cell annotated observational concordance; not causal perturbation validation"
"GSE189903","GSE189903_HCC","3HT2","HCC tumour-region observational concordance; malignant status annotated separately","GSDME KO",0.555705557060667,0.548109344734213,-0.00681248907709959,19,0.95,TRUE,"DFNA5","DFNA5","","PRKAA1;PPM1D;Mdm2;TP53;TP53INP1;CDKN1A;MYC;MALAT1;SIRT1;DFNA5;E2F1;AKT1;RB1;CDC25A;BBC3;BCL2;BAX;CASP3;CASP9",23,"Limited observational concordance","HCC; malignant cell annotated observational concordance; not causal perturbation validation"
"GSE189903","GSE189903_HCC","3HT2","HCC tumour-region observational concordance; malignant status annotated separately","CASP3 KO",0.568858779428379,0.558317110163636,-0.0404840370936533,19,0.95,TRUE,"CASP3","CASP3","DFNA5;CDKN1A;CASP9","PRKAA1;PPM1D;Mdm2;TP53;TP53INP1;CDKN1A;MYC;MALAT1;SIRT1;DFNA5;E2F1;AKT1;RB1;CDC25A;BBC3;BCL2;BAX;CASP3;CASP9",23,"Limited observational concordance","HCC; malignant cell annotated observational concordance; not causal perturbation validation"
"GSE189903","GSE189903_HCC","3HT2","HCC tumour-region observational concordance; malignant status annotated separately","miR-204-5p OE",0.62091027877287,0.604374392961277,-0.28929112074485,19,0.95,FALSE,"MIR204","","SIRT1;BCL2;MYC;E2F1;CDC25A;AKT1","PRKAA1;PPM1D;Mdm2;TP53;TP53INP1;CDKN1A;MYC;MALAT1;SIRT1;DFNA5;E2F1;AKT1;RB1;CDC25A;BBC3;BCL2;BAX;CASP3;CASP9",23,"Indirect only: perturbed node not measured","HCC; malignant cell annotated observational concordance; not causal perturbation validation"
"GSE189903","GSE189903_HCC","3HT2","HCC tumour-region observational concordance; malignant status annotated separately","miR-204-5p KO",0.512942399165931,0.497353642272211,0.101189171636404,19,0.95,FALSE,"MIR204","","SIRT1;BCL2;MYC;E2F1;CDC25A;AKT1","PRKAA1;PPM1D;Mdm2;TP53;TP53INP1;CDKN1A;MYC;MALAT1;SIRT1;DFNA5;E2F1;AKT1;RB1;CDC25A;BBC3;BCL2;BAX;CASP3;CASP9",23,"Indirect only: perturbed node not measured","HCC; malignant cell annotated observational concordance; not causal perturbation validation"
"GSE189903","GSE189903_HCC","3HT2","HCC tumour-region observational concordance; malignant status annotated separately","MALAT1 OE",0.512942399165931,0.567433579394223,0.101189171636404,19,0.95,TRUE,"MALAT1","MALAT1","","PRKAA1;PPM1D;Mdm2;TP53;TP53INP1;CDKN1A;MYC;MALAT1;SIRT1;DFNA5;E2F1;AKT1;RB1;CDC25A;BBC3;BCL2;BAX;CASP3;CASP9",23,"Limited observational concordance","HCC; malignant cell annotated observational concordance; not causal perturbation validation"
"GSE189903","GSE189903_HCC","3HT2","HCC tumour-region observational concordance; malignant status annotated separately","MALAT1 KO",0.587279832059958,0.519121983937227,-0.169440247963143,19,0.95,TRUE,"MALAT1","MALAT1","","PRKAA1;PPM1D;Mdm2;TP53;TP53INP1;CDKN1A;MYC;MALAT1;SIRT1;DFNA5;E2F1;AKT1;RB1;CDC25A;BBC3;BCL2;BAX;CASP3;CASP9",23,"Limited observational concordance","HCC; malignant cell annotated observational concordance; not causal perturbation validation"
"GSE189903","GSE189903_HCC","3HT2","HCC tumour-region observational concordance; malignant status annotated separately","SIRT1 OE",0.512942399165931,0.510691547137073,0.101189171636404,19,0.95,TRUE,"SIRT1","SIRT1","TP53","PRKAA1;PPM1D;Mdm2;TP53;TP53INP1;CDKN1A;MYC;MALAT1;SIRT1;DFNA5;E2F1;AKT1;RB1;CDC25A;BBC3;BCL2;BAX;CASP3;CASP9",23,"Limited observational concordance","HCC; malignant cell annotated observational concordance; not causal perturbation validation"
"GSE189903","GSE189903_HCC","3HT2","HCC tumour-region observational concordance; malignant status annotated separately","SIRT1 KO",0.505079851925681,0.504196399416867,-0.221862363278006,19,0.95,TRUE,"SIRT1","SIRT1","TP53","PRKAA1;PPM1D;Mdm2;TP53;TP53INP1;CDKN1A;MYC;MALAT1;SIRT1;DFNA5;E2F1;AKT1;RB1;CDC25A;BBC3;BCL2;BAX;CASP3;CASP9",23,"Limited observational concordance","HCC; malignant cell annotated observational concordance; not causal perturbation validation"
"GSE189903","GSE189903_HCC","3HT2","HCC tumour-region observational concordance; malignant status annotated separately","BCL2 KO",0.57214825311259,0.565205225557012,0.0135552198370514,19,0.95,TRUE,"BCL2","BCL2","BAX;CASP3","PRKAA1;PPM1D;Mdm2;TP53;TP53INP1;CDKN1A;MYC;MALAT1;SIRT1;DFNA5;E2F1;AKT1;RB1;CDC25A;BBC3;BCL2;BAX;CASP3;CASP9",23,"Limited observational concordance","HCC; malignant cell annotated observational concordance; not causal perturbation validation"
"GSE189903","GSE189903_HCC","3HT2","HCC tumour-region observational concordance; malignant status annotated separately","GSDME OE",0.563271346534352,0.554643435643304,0.119892198755107,19,0.95,TRUE,"DFNA5","DFNA5","","PRKAA1;PPM1D;Mdm2;TP53;TP53INP1;CDKN1A;MYC;MALAT1;SIRT1;DFNA5;E2F1;AKT1;RB1;CDC25A;BBC3;BCL2;BAX;CASP3;CASP9",23,"Limited observational concordance","HCC; malignant cell annotated observational concordance; not causal perturbation validation"
"GSE189903","GSE189903_HCC","3HT2","HCC tumour-region observational concordance; malignant status annotated separately","CASP3 OE",0.562284504429089,0.553820661164175,0.170676230542205,19,0.95,TRUE,"CASP3","CASP3","DFNA5;CDKN1A;CASP9","PRKAA1;PPM1D;Mdm2;TP53;TP53INP1;CDKN1A;MYC;MALAT1;SIRT1;DFNA5;E2F1;AKT1;RB1;CDC25A;BBC3;BCL2;BAX;CASP3;CASP9",23,"Limited observational concordance","HCC; malignant cell annotated observational concordance; not causal perturbation validation"
"GSE189903","GSE189903_HCC","3HT2","HCC tumour-region observational concordance; malignant status annotated separately","miR-204-5p OE + GSDME KO",0.593607647193922,0.574664636572569,-0.316690774385549,19,0.95,TRUE,"MIR204;DFNA5","DFNA5","SIRT1;BCL2;MYC;E2F1;CDC25A;AKT1","PRKAA1;PPM1D;Mdm2;TP53;TP53INP1;CDKN1A;MYC;MALAT1;SIRT1;DFNA5;E2F1;AKT1;RB1;CDC25A;BBC3;BCL2;BAX;CASP3;CASP9",23,"Limited observational concordance","HCC; malignant cell annotated observational concordance; not causal perturbation validation"
"GSE189903","GSE189903_HCC","3HT2","HCC tumour-region observational concordance; malignant status annotated separately","CASP3 OE + GSDME KO",0.553073978113299,0.541963575152014,0.101186732993883,19,0.95,TRUE,"CASP3;DFNA5","CASP3;DFNA5","DFNA5;CDKN1A;CASP9","PRKAA1;PPM1D;Mdm2;TP53;TP53INP1;CDKN1A;MYC;MALAT1;SIRT1;DFNA5;E2F1;AKT1;RB1;CDC25A;BBC3;BCL2;BAX;CASP3;CASP9",23,"Limited observational concordance","HCC; malignant cell annotated observational concordance; not causal perturbation validation"
"GSE189903","GSE189903_HCC","3HT2","HCC tumour-region observational concordance; malignant status annotated separately","SIRT1 KO + GSDME KO",0.503764062451996,0.502750661022613,-0.264647185587924,19,0.95,TRUE,"SIRT1;DFNA5","SIRT1;DFNA5","TP53","PRKAA1;PPM1D;Mdm2;TP53;TP53INP1;CDKN1A;MYC;MALAT1;SIRT1;DFNA5;E2F1;AKT1;RB1;CDC25A;BBC3;BCL2;BAX;CASP3;CASP9",23,"Limited observational concordance","HCC; malignant cell annotated observational concordance; not causal perturbation validation"
"GSE189903","GSE189903_HCC","3HT2","HCC tumour-region observational concordance; malignant status annotated separately","MALAT1 KO + GSDME KO",0.553069305744169,0.490827345864759,-0.24354211601795,19,0.95,TRUE,"MALAT1;DFNA5","MALAT1;DFNA5","","PRKAA1;PPM1D;Mdm2;TP53;TP53INP1;CDKN1A;MYC;MALAT1;SIRT1;DFNA5;E2F1;AKT1;RB1;CDC25A;BBC3;BCL2;BAX;CASP3;CASP9",23,"Limited observational concordance","HCC; malignant cell annotated observational concordance; not causal perturbation validation"
"GSE189903","GSE189903_HCC","3HT2","HCC tumour-region observational concordance; malignant status annotated separately","miR-204-5p OE + CASP3 KO",0.545581331404448,0.551120931583233,-0.364179719246817,19,0.95,TRUE,"MIR204;CASP3","CASP3","SIRT1;BCL2;MYC;E2F1;CDC25A;AKT1;DFNA5;CDKN1A;CASP9","PRKAA1;PPM1D;Mdm2;TP53;TP53INP1;CDKN1A;MYC;MALAT1;SIRT1;DFNA5;E2F1;AKT1;RB1;CDC25A;BBC3;BCL2;BAX;CASP3;CASP9",23,"Limited observational concordance","HCC; malignant cell annotated observational concordance; not causal perturbation validation"
"GSE189903","GSE189903_HCC","3HT2","HCC tumour-region observational concordance; malignant status annotated separately","GSDME E1 + CASP3 E1",0.583661411007326,0.564645472373737,0.170676230542205,19,0.95,TRUE,"DFNA5;CASP3","DFNA5;CASP3","DFNA5;CDKN1A;CASP9","PRKAA1;PPM1D;Mdm2;TP53;TP53INP1;CDKN1A;MYC;MALAT1;SIRT1;DFNA5;E2F1;AKT1;RB1;CDC25A;BBC3;BCL2;BAX;CASP3;CASP9",23,"Limited observational concordance","HCC; malignant cell annotated observational concordance; not causal perturbation validation"
"GSE189903","GSE189903_HCC","3HT2","HCC tumour-region observational concordance; malignant status annotated separately","p53 E1 + miR-204-5p E1 + CASP3 KO + p21 E1",0.513015541930764,0.511238271598374,-0.398371115157622,19,0.95,TRUE,"TP53;MIR204;CASP3;CDKN1A","TP53;CASP3;CDKN1A","Mdm2;SIRT1;BCL2;MYC;E2F1;CDC25A;AKT1;CASP3;DFNA5;CDKN1A;CASP9","PRKAA1;PPM1D;Mdm2;TP53;TP53INP1;CDKN1A;MYC;MALAT1;SIRT1;DFNA5;E2F1;AKT1;RB1;CDC25A;BBC3;BCL2;BAX;CASP3;CASP9",23,"Limited observational concordance","HCC; malignant cell annotated observational concordance; not causal perturbation validation"
"GSE189903","GSE189903_HCC","3HT2","HCC tumour-region observational concordance; malignant status annotated separately","MALAT1 E1 + miR-204-5p KO + SIRT1 E1",0.512942399165931,0.537789490945984,0.101189171636404,19,0.95,TRUE,"MALAT1;MIR204;SIRT1","MALAT1;SIRT1","SIRT1;BCL2;MYC;E2F1;CDC25A;AKT1;TP53","PRKAA1;PPM1D;Mdm2;TP53;TP53INP1;CDKN1A;MYC;MALAT1;SIRT1;DFNA5;E2F1;AKT1;RB1;CDC25A;BBC3;BCL2;BAX;CASP3;CASP9",23,"Limited observational concordance","HCC; malignant cell annotated observational concordance; not causal perturbation validation"
"GSE189903","GSE189903_HCC","3HT2","HCC tumour-region observational concordance; malignant status annotated separately","SIRT1 KO + GSDME KO + CASP3 E1",0.497185115083575,0.50552026230773,-0.172621150623815,19,0.95,TRUE,"SIRT1;DFNA5;CASP3","SIRT1;DFNA5;CASP3","DFNA5;CDKN1A;CASP9;TP53","PRKAA1;PPM1D;Mdm2;TP53;TP53INP1;CDKN1A;MYC;MALAT1;SIRT1;DFNA5;E2F1;AKT1;RB1;CDC25A;BBC3;BCL2;BAX;CASP3;CASP9",23,"Limited observational concordance","HCC; malignant cell annotated observational concordance; not causal perturbation validation"
"GSE189903","GSE189903_HCC","3HT2","HCC tumour-region observational concordance; malignant status annotated separately","BAX E1",0.561259914510237,0.541863589695966,-0.0248879243261933,19,0.95,TRUE,"BAX","BAX","CASP3","PRKAA1;PPM1D;Mdm2;TP53;TP53INP1;CDKN1A;MYC;MALAT1;SIRT1;DFNA5;E2F1;AKT1;RB1;CDC25A;BBC3;BCL2;BAX;CASP3;CASP9",23,"Limited observational concordance","HCC; malignant cell annotated observational concordance; not causal perturbation validation"
"GSE189903","GSE189903_HCC","3HT2","HCC tumour-region observational concordance; malignant status annotated separately","BAX E1 + GSDME KO",0.567505242141106,0.542077837999759,-0.08248899553758,19,0.95,TRUE,"BAX;DFNA5","BAX;DFNA5","CASP3","PRKAA1;PPM1D;Mdm2;TP53;TP53INP1;CDKN1A;MYC;MALAT1;SIRT1;DFNA5;E2F1;AKT1;RB1;CDC25A;BBC3;BCL2;BAX;CASP3;CASP9",23,"Limited observational concordance","HCC; malignant cell annotated observational concordance; not causal perturbation validation"
"GSE189903","GSE189903_HCC","3HT2","HCC tumour-region observational concordance; malignant status annotated separately","p53 E1",0.771610807386911,0.731125843491928,0.104528917639348,19,0.95,TRUE,"TP53","TP53","Mdm2","PRKAA1;PPM1D;Mdm2;TP53;TP53INP1;CDKN1A;MYC;MALAT1;SIRT1;DFNA5;E2F1;AKT1;RB1;CDC25A;BBC3;BCL2;BAX;CASP3;CASP9",23,"Limited observational concordance","HCC; malignant cell annotated observational concordance; not causal perturbation validation"
"GSE189903","GSE189903_HCC","3HT2","HCC tumour-region observational concordance; malignant status annotated separately","p53 KO",0.512942399165931,0.517443245396335,0.101189171636404,19,0.95,TRUE,"TP53","TP53","Mdm2","PRKAA1;PPM1D;Mdm2;TP53;TP53INP1;CDKN1A;MYC;MALAT1;SIRT1;DFNA5;E2F1;AKT1;RB1;CDC25A;BBC3;BCL2;BAX;CASP3;CASP9",23,"Limited observational concordance","HCC; malignant cell annotated observational concordance; not causal perturbation validation"
"GSE189903","GSE189903_HCC","3HT2","HCC tumour-region observational concordance; malignant status annotated separately","p21 E1",0.557386574696621,0.534685308016551,-0.136849274489865,19,0.95,TRUE,"CDKN1A","CDKN1A","CASP3","PRKAA1;PPM1D;Mdm2;TP53;TP53INP1;CDKN1A;MYC;MALAT1;SIRT1;DFNA5;E2F1;AKT1;RB1;CDC25A;BBC3;BCL2;BAX;CASP3;CASP9",23,"Limited observational concordance","HCC; malignant cell annotated observational concordance; not causal perturbation validation"
"GSE189903","GSE189903_HCC","3HT3","HCC tumour-region observational concordance; malignant status annotated separately","Reference: DDR ON, GSDME endogenous",0.571082373217397,0.571082373217397,0.000525766715501992,19,0.95,FALSE,"","","","PRKAA1;PPM1D;Mdm2;TP53;TP53INP1;CDKN1A;MYC;MALAT1;SIRT1;DFNA5;E2F1;AKT1;RB1;CDC25A;BBC3;BCL2;BAX;CASP3;CASP9",23,"Indirect only: perturbed node not measured","HCC; malignant cell annotated observational concordance; not causal perturbation validation"
"GSE189903","GSE189903_HCC","3HT3","HCC tumour-region observational concordance; malignant status annotated separately","GSDME KO",0.550029741638449,0.543207504142297,-0.0151970910181452,19,0.95,TRUE,"DFNA5","DFNA5","","PRKAA1;PPM1D;Mdm2;TP53;TP53INP1;CDKN1A;MYC;MALAT1;SIRT1;DFNA5;E2F1;AKT1;RB1;CDC25A;BBC3;BCL2;BAX;CASP3;CASP9",23,"Limited observational concordance","HCC; malignant cell annotated observational concordance; not causal perturbation validation"
"GSE189903","GSE189903_HCC","3HT3","HCC tumour-region observational concordance; malignant status annotated separately","CASP3 KO",0.561213952164765,0.550796724457713,-0.0467932376796773,19,0.95,TRUE,"CASP3","CASP3","DFNA5;CDKN1A;CASP9","PRKAA1;PPM1D;Mdm2;TP53;TP53INP1;CDKN1A;MYC;MALAT1;SIRT1;DFNA5;E2F1;AKT1;RB1;CDC25A;BBC3;BCL2;BAX;CASP3;CASP9",23,"Limited observational concordance","HCC; malignant cell annotated observational concordance; not causal perturbation validation"
"GSE189903","GSE189903_HCC","3HT3","HCC tumour-region observational concordance; malignant status annotated separately","miR-204-5p OE",0.616684713476856,0.602870467604406,-0.28929112074485,19,0.95,FALSE,"MIR204","","SIRT1;BCL2;MYC;E2F1;CDC25A;AKT1","PRKAA1;PPM1D;Mdm2;TP53;TP53INP1;CDKN1A;MYC;MALAT1;SIRT1;DFNA5;E2F1;AKT1;RB1;CDC25A;BBC3;BCL2;BAX;CASP3;CASP9",23,"Indirect only: perturbed node not measured","HCC; malignant cell annotated observational concordance; not causal perturbation validation"
"GSE189903","GSE189903_HCC","3HT3","HCC tumour-region observational concordance; malignant status annotated separately","miR-204-5p KO",0.509847867296699,0.493294293783495,0.101189171636404,19,0.95,FALSE,"MIR204","","SIRT1;BCL2;MYC;E2F1;CDC25A;AKT1","PRKAA1;PPM1D;Mdm2;TP53;TP53INP1;CDKN1A;MYC;MALAT1;SIRT1;DFNA5;E2F1;AKT1;RB1;CDC25A;BBC3;BCL2;BAX;CASP3;CASP9",23,"Indirect only: perturbed node not measured","HCC; malignant cell annotated observational concordance; not causal perturbation validation"
"GSE189903","GSE189903_HCC","3HT3","HCC tumour-region observational concordance; malignant status annotated separately","MALAT1 OE",0.509847867296699,0.570655729995336,0.101189171636404,19,0.95,TRUE,"MALAT1","MALAT1","","PRKAA1;PPM1D;Mdm2;TP53;TP53INP1;CDKN1A;MYC;MALAT1;SIRT1;DFNA5;E2F1;AKT1;RB1;CDC25A;BBC3;BCL2;BAX;CASP3;CASP9",23,"Limited observational concordance","HCC; malignant cell annotated observational concordance; not causal perturbation validation"
"GSE189903","GSE189903_HCC","3HT3","HCC tumour-region observational concordance; malignant status annotated separately","MALAT1 KO",0.579635004796344,0.506624932266838,-0.180910049363725,19,0.95,TRUE,"MALAT1","MALAT1","","PRKAA1;PPM1D;Mdm2;TP53;TP53INP1;CDKN1A;MYC;MALAT1;SIRT1;DFNA5;E2F1;AKT1;RB1;CDC25A;BBC3;BCL2;BAX;CASP3;CASP9",23,"Limited observational concordance","HCC; malignant cell annotated observational concordance; not causal perturbation validation"
"GSE189903","GSE189903_HCC","3HT3","HCC tumour-region observational concordance; malignant status annotated separately","SIRT1 OE",0.509847867296699,0.50813519472336,0.101189171636404,19,0.95,TRUE,"SIRT1","SIRT1","TP53","PRKAA1;PPM1D;Mdm2;TP53;TP53INP1;CDKN1A;MYC;MALAT1;SIRT1;DFNA5;E2F1;AKT1;RB1;CDC25A;BBC3;BCL2;BAX;CASP3;CASP9",23,"Limited observational concordance","HCC; malignant cell annotated observational concordance; not causal perturbation validation"
"GSE189903","GSE189903_HCC","3HT3","HCC tumour-region observational concordance; malignant status annotated separately","SIRT1 KO",0.497339894180789,0.497802521279782,-0.221862363278006,19,0.95,TRUE,"SIRT1","SIRT1","TP53","PRKAA1;PPM1D;Mdm2;TP53;TP53INP1;CDKN1A;MYC;MALAT1;SIRT1;DFNA5;E2F1;AKT1;RB1;CDC25A;BBC3;BCL2;BAX;CASP3;CASP9",23,"Limited observational concordance","HCC; malignant cell annotated observational concordance; not causal perturbation validation"
"GSE189903","GSE189903_HCC","3HT3","HCC tumour-region observational concordance; malignant status annotated separately","BCL2 KO",0.564503425848976,0.555622662281478,0.00208541843646945,19,0.95,TRUE,"BCL2","BCL2","BAX;CASP3","PRKAA1;PPM1D;Mdm2;TP53;TP53INP1;CDKN1A;MYC;MALAT1;SIRT1;DFNA5;E2F1;AKT1;RB1;CDC25A;BBC3;BCL2;BAX;CASP3;CASP9",23,"Limited observational concordance","HCC; malignant cell annotated observational concordance; not causal perturbation validation"
"GSE189903","GSE189903_HCC","3HT3","HCC tumour-region observational concordance; malignant status annotated separately","GSDME OE",0.556937636375291,0.549173413233206,0.113609638121652,19,0.95,TRUE,"DFNA5","DFNA5","","PRKAA1;PPM1D;Mdm2;TP53;TP53INP1;CDKN1A;MYC;MALAT1;SIRT1;DFNA5;E2F1;AKT1;RB1;CDC25A;BBC3;BCL2;BAX;CASP3;CASP9",23,"Limited observational concordance","HCC; malignant cell annotated observational concordance; not causal perturbation validation"
"GSE189903","GSE189903_HCC","3HT3","HCC tumour-region observational concordance; malignant status annotated separately","CASP3 OE",0.555950794270028,0.547296724457713,0.168582043664387,19,0.95,TRUE,"CASP3","CASP3","DFNA5;CDKN1A;CASP9","PRKAA1;PPM1D;Mdm2;TP53;TP53INP1;CDKN1A;MYC;MALAT1;SIRT1;DFNA5;E2F1;AKT1;RB1;CDC25A;BBC3;BCL2;BAX;CASP3;CASP9",23,"Limited observational concordance","HCC; malignant cell annotated observational concordance; not causal perturbation validation"
"GSE189903","GSE189903_HCC","3HT3","HCC tumour-region observational concordance; malignant status annotated separately","miR-204-5p OE + GSDME KO",0.588066292424225,0.572428988932506,-0.316690774385549,19,0.95,TRUE,"MIR204;DFNA5","DFNA5","SIRT1;BCL2;MYC;E2F1;CDC25A;AKT1","PRKAA1;PPM1D;Mdm2;TP53;TP53INP1;CDKN1A;MYC;MALAT1;SIRT1;DFNA5;E2F1;AKT1;RB1;CDC25A;BBC3;BCL2;BAX;CASP3;CASP9",23,"Limited observational concordance","HCC; malignant cell annotated observational concordance; not causal perturbation validation"
"GSE189903","GSE189903_HCC","3HT3","HCC tumour-region observational concordance; malignant status annotated separately","CASP3 OE + GSDME KO",0.547398162691081,0.536385855979364,0.0969924642687483,19,0.95,TRUE,"CASP3;DFNA5","CASP3;DFNA5","DFNA5;CDKN1A;CASP9","PRKAA1;PPM1D;Mdm2;TP53;TP53INP1;CDKN1A;MYC;MALAT1;SIRT1;DFNA5;E2F1;AKT1;RB1;CDC25A;BBC3;BCL2;BAX;CASP3;CASP9",23,"Limited observational concordance","HCC; malignant cell annotated observational concordance; not causal perturbation validation"
"GSE189903","GSE189903_HCC","3HT3","HCC tumour-region observational concordance; malignant status annotated separately","SIRT1 KO + GSDME KO",0.496024104707105,0.497094538055192,-0.264647185587924,19,0.95,TRUE,"SIRT1;DFNA5","SIRT1;DFNA5","TP53","PRKAA1;PPM1D;Mdm2;TP53;TP53INP1;CDKN1A;MYC;MALAT1;SIRT1;DFNA5;E2F1;AKT1;RB1;CDC25A;BBC3;BCL2;BAX;CASP3;CASP9",23,"Limited observational concordance","HCC; malignant cell annotated observational concordance; not causal perturbation validation"
"GSE189903","GSE189903_HCC","3HT3","HCC tumour-region observational concordance; malignant status annotated separately","MALAT1 KO + GSDME KO",0.545424478480555,0.479829940394817,-0.25394989875376,19,0.95,TRUE,"MALAT1;DFNA5","MALAT1;DFNA5","","PRKAA1;PPM1D;Mdm2;TP53;TP53INP1;CDKN1A;MYC;MALAT1;SIRT1;DFNA5;E2F1;AKT1;RB1;CDC25A;BBC3;BCL2;BAX;CASP3;CASP9",23,"Limited observational concordance","HCC; malignant cell annotated observational concordance; not causal perturbation validation"
"GSE189903","GSE189903_HCC","3HT3","HCC tumour-region observational concordance; malignant status annotated separately","miR-204-5p OE + CASP3 KO",0.542342207832126,0.551891969759613,-0.364179719246817,19,0.95,TRUE,"MIR204;CASP3","CASP3","SIRT1;BCL2;MYC;E2F1;CDC25A;AKT1;DFNA5;CDKN1A;CASP9","PRKAA1;PPM1D;Mdm2;TP53;TP53INP1;CDKN1A;MYC;MALAT1;SIRT1;DFNA5;E2F1;AKT1;RB1;CDC25A;BBC3;BCL2;BAX;CASP3;CASP9",23,"Limited observational concordance","HCC; malignant cell annotated observational concordance; not causal perturbation validation"
"GSE189903","GSE189903_HCC","3HT3","HCC tumour-region observational concordance; malignant status annotated separately","GSDME E1 + CASP3 E1",0.576016583743713,0.557682152275661,0.168582043664387,19,0.95,TRUE,"DFNA5;CASP3","DFNA5;CASP3","DFNA5;CDKN1A;CASP9","PRKAA1;PPM1D;Mdm2;TP53;TP53INP1;CDKN1A;MYC;MALAT1;SIRT1;DFNA5;E2F1;AKT1;RB1;CDC25A;BBC3;BCL2;BAX;CASP3;CASP9",23,"Limited observational concordance","HCC; malignant cell annotated observational concordance; not causal perturbation validation"
"GSE189903","GSE189903_HCC","3HT3","HCC tumour-region observational concordance; malignant status annotated separately","p53 E1 + miR-204-5p E1 + CASP3 KO + p21 E1",0.509776418358442,0.512569306897072,-0.398371115157622,19,0.95,TRUE,"TP53;MIR204;CASP3;CDKN1A","TP53;CASP3;CDKN1A","Mdm2;SIRT1;BCL2;MYC;E2F1;CDC25A;AKT1;CASP3;DFNA5;CDKN1A;CASP9","PRKAA1;PPM1D;Mdm2;TP53;TP53INP1;CDKN1A;MYC;MALAT1;SIRT1;DFNA5;E2F1;AKT1;RB1;CDC25A;BBC3;BCL2;BAX;CASP3;CASP9",23,"Limited observational concordance","HCC; malignant cell annotated observational concordance; not causal perturbation validation"
"GSE189903","GSE189903_HCC","3HT3","HCC tumour-region observational concordance; malignant status annotated separately","MALAT1 E1 + miR-204-5p KO + SIRT1 E1",0.509847867296699,0.538699158898306,0.101189171636404,19,0.95,TRUE,"MALAT1;MIR204;SIRT1","MALAT1;SIRT1","SIRT1;BCL2;MYC;E2F1;CDC25A;AKT1;TP53","PRKAA1;PPM1D;Mdm2;TP53;TP53INP1;CDKN1A;MYC;MALAT1;SIRT1;DFNA5;E2F1;AKT1;RB1;CDC25A;BBC3;BCL2;BAX;CASP3;CASP9",23,"Limited observational concordance","HCC; malignant cell annotated observational concordance; not causal perturbation validation"
"GSE189903","GSE189903_HCC","3HT3","HCC tumour-region observational concordance; malignant status annotated separately","SIRT1 KO + GSDME KO + CASP3 E1",0.489445157338684,0.499397129346687,-0.172621150623815,19,0.95,TRUE,"SIRT1;DFNA5;CASP3","SIRT1;DFNA5;CASP3","DFNA5;CDKN1A;CASP9;TP53","PRKAA1;PPM1D;Mdm2;TP53;TP53INP1;CDKN1A;MYC;MALAT1;SIRT1;DFNA5;E2F1;AKT1;RB1;CDC25A;BBC3;BCL2;BAX;CASP3;CASP9",23,"Limited observational concordance","HCC; malignant cell annotated observational concordance; not causal perturbation validation"
"GSE189903","GSE189903_HCC","3HT3","HCC tumour-region observational concordance; malignant status annotated separately","BAX E1",0.563187235993719,0.554507437956776,-0.0270060455454438,19,0.95,TRUE,"BAX","BAX","CASP3","PRKAA1;PPM1D;Mdm2;TP53;TP53INP1;CDKN1A;MYC;MALAT1;SIRT1;DFNA5;E2F1;AKT1;RB1;CDC25A;BBC3;BCL2;BAX;CASP3;CASP9",23,"Limited observational concordance","HCC; malignant cell annotated observational concordance; not causal perturbation validation"
"GSE189903","GSE189903_HCC","3HT3","HCC tumour-region observational concordance; malignant status annotated separately","BAX E1 + GSDME KO",0.568779341256877,0.552785425884841,-0.0877098180399584,19,0.95,TRUE,"BAX;DFNA5","BAX;DFNA5","CASP3","PRKAA1;PPM1D;Mdm2;TP53;TP53INP1;CDKN1A;MYC;MALAT1;SIRT1;DFNA5;E2F1;AKT1;RB1;CDC25A;BBC3;BCL2;BAX;CASP3;CASP9",23,"Limited observational concordance","HCC; malignant cell annotated observational concordance; not causal perturbation validation"
"GSE189903","GSE189903_HCC","3HT3","HCC tumour-region observational concordance; malignant status annotated separately","p53 E1",0.750458490978162,0.711036115732754,0.0971751244385903,19,0.95,TRUE,"TP53","TP53","Mdm2","PRKAA1;PPM1D;Mdm2;TP53;TP53INP1;CDKN1A;MYC;MALAT1;SIRT1;DFNA5;E2F1;AKT1;RB1;CDC25A;BBC3;BCL2;BAX;CASP3;CASP9",23,"Limited observational concordance","HCC; malignant cell annotated observational concordance; not causal perturbation validation"
"GSE189903","GSE189903_HCC","3HT3","HCC tumour-region observational concordance; malignant status annotated separately","p53 KO",0.509847867296699,0.512270817908937,0.101189171636404,19,0.95,TRUE,"TP53","TP53","Mdm2","PRKAA1;PPM1D;Mdm2;TP53;TP53INP1;CDKN1A;MYC;MALAT1;SIRT1;DFNA5;E2F1;AKT1;RB1;CDC25A;BBC3;BCL2;BAX;CASP3;CASP9",23,"Limited observational concordance","HCC; malignant cell annotated observational concordance; not causal perturbation validation"
"GSE189903","GSE189903_HCC","3HT3","HCC tumour-region observational concordance; malignant status annotated separately","p21 E1",0.554242581605576,0.537665216937785,-0.14311718019169,19,0.95,TRUE,"CDKN1A","CDKN1A","CASP3","PRKAA1;PPM1D;Mdm2;TP53;TP53INP1;CDKN1A;MYC;MALAT1;SIRT1;DFNA5;E2F1;AKT1;RB1;CDC25A;BBC3;BCL2;BAX;CASP3;CASP9",23,"Limited observational concordance","HCC; malignant cell annotated observational concordance; not causal perturbation validation"
"GSE189903","GSE189903_HCC","4HB","HCC tumour-region observational concordance; malignant status annotated separately","Reference: DDR ON, GSDME endogenous",0.580067161407105,0.580067161407105,0.0362779033696374,19,0.95,FALSE,"","","","PRKAA1;PPM1D;Mdm2;TP53;TP53INP1;CDKN1A;MYC;MALAT1;SIRT1;DFNA5;E2F1;AKT1;RB1;CDC25A;BBC3;BCL2;BAX;CASP3;CASP9",12,"Indirect only: perturbed node not measured","HCC; malignant cell annotated observational concordance; not causal perturbation validation"
"GSE189903","GSE189903_HCC","4HB","HCC tumour-region observational concordance; malignant status annotated separately","GSDME KO",0.555725056143948,0.548126184851591,0.0204374672312988,19,0.95,TRUE,"DFNA5","DFNA5","","PRKAA1;PPM1D;Mdm2;TP53;TP53INP1;CDKN1A;MYC;MALAT1;SIRT1;DFNA5;E2F1;AKT1;RB1;CDC25A;BBC3;BCL2;BAX;CASP3;CASP9",12,"Limited observational concordance","HCC; malignant cell annotated observational concordance; not causal perturbation validation"
"GSE189903","GSE189903_HCC","4HB","HCC tumour-region observational concordance; malignant status annotated separately","CASP3 KO",0.569540845617632,0.561115903114903,-0.0110411010255418,19,0.95,TRUE,"CASP3","CASP3","DFNA5;CDKN1A;CASP9","PRKAA1;PPM1D;Mdm2;TP53;TP53INP1;CDKN1A;MYC;MALAT1;SIRT1;DFNA5;E2F1;AKT1;RB1;CDC25A;BBC3;BCL2;BAX;CASP3;CASP9",12,"Limited observational concordance","HCC; malignant cell annotated observational concordance; not causal perturbation validation"
"GSE189903","GSE189903_HCC","4HB","HCC tumour-region observational concordance; malignant status annotated separately","miR-204-5p OE",0.625355648737612,0.598219308637591,-0.381733772110686,19,0.95,FALSE,"MIR204","","SIRT1;BCL2;MYC;E2F1;CDC25A;AKT1","PRKAA1;PPM1D;Mdm2;TP53;TP53INP1;CDKN1A;MYC;MALAT1;SIRT1;DFNA5;E2F1;AKT1;RB1;CDC25A;BBC3;BCL2;BAX;CASP3;CASP9",12,"Indirect only: perturbed node not measured","HCC; malignant cell annotated observational concordance; not causal perturbation validation"
"GSE189903","GSE189903_HCC","4HB","HCC tumour-region observational concordance; malignant status annotated separately","miR-204-5p KO",0.512961898249211,0.506902027072395,0.168648619394006,19,0.95,FALSE,"MIR204","","SIRT1;BCL2;MYC;E2F1;CDC25A;AKT1","PRKAA1;PPM1D;Mdm2;TP53;TP53INP1;CDKN1A;MYC;MALAT1;SIRT1;DFNA5;E2F1;AKT1;RB1;CDC25A;BBC3;BCL2;BAX;CASP3;CASP9",12,"Indirect only: perturbed node not measured","HCC; malignant cell annotated observational concordance; not causal perturbation validation"
"GSE189903","GSE189903_HCC","4HB","HCC tumour-region observational concordance; malignant status annotated separately","MALAT1 OE",0.512961898249211,0.534047114684659,0.168648619394006,19,0.95,TRUE,"MALAT1","MALAT1","","PRKAA1;PPM1D;Mdm2;TP53;TP53INP1;CDKN1A;MYC;MALAT1;SIRT1;DFNA5;E2F1;AKT1;RB1;CDC25A;BBC3;BCL2;BAX;CASP3;CASP9",12,"Limited observational concordance","HCC; malignant cell annotated observational concordance; not causal perturbation validation"
"GSE189903","GSE189903_HCC","4HB","HCC tumour-region observational concordance; malignant status annotated separately","MALAT1 KO",0.61308433837807,0.574810998766174,-0.116262077833172,19,0.95,TRUE,"MALAT1","MALAT1","","PRKAA1;PPM1D;Mdm2;TP53;TP53INP1;CDKN1A;MYC;MALAT1;SIRT1;DFNA5;E2F1;AKT1;RB1;CDC25A;BBC3;BCL2;BAX;CASP3;CASP9",12,"Limited observational concordance","HCC; malignant cell annotated observational concordance; not causal perturbation validation"
"GSE189903","GSE189903_HCC","4HB","HCC tumour-region observational concordance; malignant status annotated separately","SIRT1 OE",0.512961898249211,0.510707655075435,0.168648619394006,19,0.95,TRUE,"SIRT1","SIRT1","TP53","PRKAA1;PPM1D;Mdm2;TP53;TP53INP1;CDKN1A;MYC;MALAT1;SIRT1;DFNA5;E2F1;AKT1;RB1;CDC25A;BBC3;BCL2;BAX;CASP3;CASP9",12,"Limited observational concordance","HCC; malignant cell annotated observational concordance; not causal perturbation validation"
"GSE189903","GSE189903_HCC","4HB","HCC tumour-region observational concordance; malignant status annotated separately","SIRT1 KO",0.515526334120516,0.512826102099556,-0.281678196514723,19,0.95,TRUE,"SIRT1","SIRT1","TP53","PRKAA1;PPM1D;Mdm2;TP53;TP53INP1;CDKN1A;MYC;MALAT1;SIRT1;DFNA5;E2F1;AKT1;RB1;CDC25A;BBC3;BCL2;BAX;CASP3;CASP9",12,"Limited observational concordance","HCC; malignant cell annotated observational concordance; not causal perturbation validation"
"GSE189903","GSE189903_HCC","4HB","HCC tumour-region observational concordance; malignant status annotated separately","BCL2 KO",0.572830319301842,0.564715492185606,0.0667333899670224,19,0.95,TRUE,"BCL2","BCL2","BAX;CASP3","PRKAA1;PPM1D;Mdm2;TP53;TP53INP1;CDKN1A;MYC;MALAT1;SIRT1;DFNA5;E2F1;AKT1;RB1;CDC25A;BBC3;BCL2;BAX;CASP3;CASP9",12,"Limited observational concordance","HCC; malignant cell annotated observational concordance; not causal perturbation validation"
"GSE189903","GSE189903_HCC","4HB","HCC tumour-region observational concordance; malignant status annotated separately","GSDME OE",0.563290845617632,0.554660275760682,0.173293964139479,19,0.95,TRUE,"DFNA5","DFNA5","","PRKAA1;PPM1D;Mdm2;TP53;TP53INP1;CDKN1A;MYC;MALAT1;SIRT1;DFNA5;E2F1;AKT1;RB1;CDC25A;BBC3;BCL2;BAX;CASP3;CASP9",12,"Limited observational concordance","HCC; malignant cell annotated observational concordance; not causal perturbation validation"
"GSE189903","GSE189903_HCC","4HB","HCC tumour-region observational concordance; malignant status annotated separately","CASP3 OE",0.562304003512369,0.556115903114903,0.227219276243304,19,0.95,TRUE,"CASP3","CASP3","DFNA5;CDKN1A;CASP9","PRKAA1;PPM1D;Mdm2;TP53;TP53INP1;CDKN1A;MYC;MALAT1;SIRT1;DFNA5;E2F1;AKT1;RB1;CDC25A;BBC3;BCL2;BAX;CASP3;CASP9",12,"Limited observational concordance","HCC; malignant cell annotated observational concordance; not causal perturbation validation"
"GSE189903","GSE189903_HCC","4HB","HCC tumour-region observational concordance; malignant status annotated separately","miR-204-5p OE + GSDME KO",0.598053017158665,0.569169025569277,-0.406382916781457,19,0.95,TRUE,"MIR204;DFNA5","DFNA5","SIRT1;BCL2;MYC;E2F1;CDC25A;AKT1","PRKAA1;PPM1D;Mdm2;TP53;TP53INP1;CDKN1A;MYC;MALAT1;SIRT1;DFNA5;E2F1;AKT1;RB1;CDC25A;BBC3;BCL2;BAX;CASP3;CASP9",12,"Limited observational concordance","HCC; malignant cell annotated observational concordance; not causal perturbation validation"
"GSE189903","GSE189903_HCC","4HB","HCC tumour-region observational concordance; malignant status annotated separately","CASP3 OE + GSDME KO",0.553093477196579,0.544088799180466,0.159906495145774,19,0.95,TRUE,"CASP3;DFNA5","CASP3;DFNA5","DFNA5;CDKN1A;CASP9","PRKAA1;PPM1D;Mdm2;TP53;TP53INP1;CDKN1A;MYC;MALAT1;SIRT1;DFNA5;E2F1;AKT1;RB1;CDC25A;BBC3;BCL2;BAX;CASP3;CASP9",12,"Limited observational concordance","HCC; malignant cell annotated observational concordance; not causal perturbation validation"
"GSE189903","GSE189903_HCC","4HB","HCC tumour-region observational concordance; malignant status annotated separately","SIRT1 KO + GSDME KO",0.514210544646831,0.510384628780377,-0.327763878385044,19,0.95,TRUE,"SIRT1;DFNA5","SIRT1;DFNA5","TP53","PRKAA1;PPM1D;Mdm2;TP53;TP53INP1;CDKN1A;MYC;MALAT1;SIRT1;DFNA5;E2F1;AKT1;RB1;CDC25A;BBC3;BCL2;BAX;CASP3;CASP9",12,"Limited observational concordance","HCC; malignant cell annotated observational concordance; not causal perturbation validation"
"GSE189903","GSE189903_HCC","4HB","HCC tumour-region observational concordance; malignant status annotated separately","MALAT1 KO + GSDME KO",0.578873812062281,0.539833678914233,-0.220644993999169,19,0.95,TRUE,"MALAT1;DFNA5","MALAT1;DFNA5","","PRKAA1;PPM1D;Mdm2;TP53;TP53INP1;CDKN1A;MYC;MALAT1;SIRT1;DFNA5;E2F1;AKT1;RB1;CDC25A;BBC3;BCL2;BAX;CASP3;CASP9",12,"Limited observational concordance","HCC; malignant cell annotated observational concordance; not causal perturbation validation"
"GSE189903","GSE189903_HCC","4HB","HCC tumour-region observational concordance; malignant status annotated separately","miR-204-5p OE + CASP3 KO",0.550026701369191,0.544318103380716,-0.436072802981625,19,0.95,TRUE,"MIR204;CASP3","CASP3","SIRT1;BCL2;MYC;E2F1;CDC25A;AKT1;DFNA5;CDKN1A;CASP9","PRKAA1;PPM1D;Mdm2;TP53;TP53INP1;CDKN1A;MYC;MALAT1;SIRT1;DFNA5;E2F1;AKT1;RB1;CDC25A;BBC3;BCL2;BAX;CASP3;CASP9",12,"Limited observational concordance","HCC; malignant cell annotated observational concordance; not causal perturbation validation"
"GSE189903","GSE189903_HCC","4HB","HCC tumour-region observational concordance; malignant status annotated separately","GSDME E1 + CASP3 E1",0.58763295088079,0.569551762143429,0.227219276243304,19,0.95,TRUE,"DFNA5;CASP3","DFNA5;CASP3","DFNA5;CDKN1A;CASP9","PRKAA1;PPM1D;Mdm2;TP53;TP53INP1;CDKN1A;MYC;MALAT1;SIRT1;DFNA5;E2F1;AKT1;RB1;CDC25A;BBC3;BCL2;BAX;CASP3;CASP9",12,"Limited observational concordance","HCC; malignant cell annotated observational concordance; not causal perturbation validation"
"GSE189903","GSE189903_HCC","4HB","HCC tumour-region observational concordance; malignant status annotated separately","p53 E1 + miR-204-5p E1 + CASP3 KO + p21 E1",0.517460911895507,0.500253424958162,-0.497963893947027,19,0.95,TRUE,"TP53;MIR204;CASP3;CDKN1A","TP53;CASP3;CDKN1A","Mdm2;SIRT1;BCL2;MYC;E2F1;CDC25A;AKT1;CASP3;DFNA5;CDKN1A;CASP9","PRKAA1;PPM1D;Mdm2;TP53;TP53INP1;CDKN1A;MYC;MALAT1;SIRT1;DFNA5;E2F1;AKT1;RB1;CDC25A;BBC3;BCL2;BAX;CASP3;CASP9",12,"Limited observational concordance","HCC; malignant cell annotated observational concordance; not causal perturbation validation"
"GSE189903","GSE189903_HCC","4HB","HCC tumour-region observational concordance; malignant status annotated separately","MALAT1 E1 + miR-204-5p KO + SIRT1 E1",0.512961898249211,0.521784230101205,0.168648619394006,19,0.95,TRUE,"MALAT1;MIR204;SIRT1","MALAT1;SIRT1","SIRT1;BCL2;MYC;E2F1;CDC25A;AKT1;TP53","PRKAA1;PPM1D;Mdm2;TP53;TP53INP1;CDKN1A;MYC;MALAT1;SIRT1;DFNA5;E2F1;AKT1;RB1;CDC25A;BBC3;BCL2;BAX;CASP3;CASP9",12,"Limited observational concordance","HCC; malignant cell annotated observational concordance; not causal perturbation validation"
"GSE189903","GSE189903_HCC","4HB","HCC tumour-region observational concordance; malignant status annotated separately","SIRT1 KO + GSDME KO + CASP3 E1",0.50763159727841,0.513761995465399,-0.197771252039205,19,0.95,TRUE,"SIRT1;DFNA5;CASP3","SIRT1;DFNA5;CASP3","DFNA5;CDKN1A;CASP9;TP53","PRKAA1;PPM1D;Mdm2;TP53;TP53INP1;CDKN1A;MYC;MALAT1;SIRT1;DFNA5;E2F1;AKT1;RB1;CDC25A;BBC3;BCL2;BAX;CASP3;CASP9",12,"Limited observational concordance","HCC; malignant cell annotated observational concordance; not causal perturbation validation"
"GSE189903","GSE189903_HCC","4HB","HCC tumour-region observational concordance; malignant status annotated separately","BAX E1",0.563880767120837,0.547252058179881,0.0397147728609468,19,0.95,TRUE,"BAX","BAX","CASP3","PRKAA1;PPM1D;Mdm2;TP53;TP53INP1;CDKN1A;MYC;MALAT1;SIRT1;DFNA5;E2F1;AKT1;RB1;CDC25A;BBC3;BCL2;BAX;CASP3;CASP9",12,"Limited observational concordance","HCC; malignant cell annotated observational concordance; not causal perturbation validation"
"GSE189903","GSE189903_HCC","4HB","HCC tumour-region observational concordance; malignant status annotated separately","BAX E1 + GSDME KO",0.571446556594522,0.54780951300528,-0.034457428515698,19,0.95,TRUE,"BAX;DFNA5","BAX;DFNA5","CASP3","PRKAA1;PPM1D;Mdm2;TP53;TP53INP1;CDKN1A;MYC;MALAT1;SIRT1;DFNA5;E2F1;AKT1;RB1;CDC25A;BBC3;BCL2;BAX;CASP3;CASP9",12,"Limited observational concordance","HCC; malignant cell annotated observational concordance; not causal perturbation validation"
"GSE189903","GSE189903_HCC","4HB","HCC tumour-region observational concordance; malignant status annotated separately","p53 E1",0.804544266309401,0.754786939165373,0.157056011930478,19,0.95,TRUE,"TP53","TP53","Mdm2","PRKAA1;PPM1D;Mdm2;TP53;TP53INP1;CDKN1A;MYC;MALAT1;SIRT1;DFNA5;E2F1;AKT1;RB1;CDC25A;BBC3;BCL2;BAX;CASP3;CASP9",12,"Moderate observational concordance","HCC; malignant cell annotated observational concordance; not causal perturbation validation"
"GSE189903","GSE189903_HCC","4HB","HCC tumour-region observational concordance; malignant status annotated separately","p53 KO",0.512961898249211,0.513914548159129,0.168648619394006,19,0.95,TRUE,"TP53","TP53","Mdm2","PRKAA1;PPM1D;Mdm2;TP53;TP53INP1;CDKN1A;MYC;MALAT1;SIRT1;DFNA5;E2F1;AKT1;RB1;CDC25A;BBC3;BCL2;BAX;CASP3;CASP9",12,"Limited observational concordance","HCC; malignant cell annotated observational concordance; not causal perturbation validation"
"GSE189903","GSE189903_HCC","4HB","HCC tumour-region observational concordance; malignant status annotated separately","p21 E1",0.552067528655781,0.522855152654222,-0.180724614402645,19,0.95,TRUE,"CDKN1A","CDKN1A","CASP3","PRKAA1;PPM1D;Mdm2;TP53;TP53INP1;CDKN1A;MYC;MALAT1;SIRT1;DFNA5;E2F1;AKT1;RB1;CDC25A;BBC3;BCL2;BAX;CASP3;CASP9",12,"Limited observational concordance","HCC; malignant cell annotated observational concordance; not causal perturbation validation"
"GSE189903","GSE189903_HCC","4HT1","HCC tumour-region observational concordance; malignant status annotated separately","Reference: DDR ON, GSDME endogenous",0.581704749830326,0.581704749830326,-0.0436386373866653,19,0.95,FALSE,"","","","PRKAA1;PPM1D;Mdm2;TP53;TP53INP1;CDKN1A;MYC;MALAT1;SIRT1;DFNA5;E2F1;AKT1;RB1;CDC25A;BBC3;BCL2;BAX;CASP3;CASP9",66,"Indirect only: perturbed node not measured","HCC; malignant cell annotated observational concordance; not causal perturbation validation"
"GSE189903","GSE189903_HCC","4HT1","HCC tumour-region observational concordance; malignant status annotated separately","GSDME KO",0.557362644567168,0.549540465762555,-0.0455912730544357,19,0.95,TRUE,"DFNA5","DFNA5","","PRKAA1;PPM1D;Mdm2;TP53;TP53INP1;CDKN1A;MYC;MALAT1;SIRT1;DFNA5;E2F1;AKT1;RB1;CDC25A;BBC3;BCL2;BAX;CASP3;CASP9",66,"Limited observational concordance","HCC; malignant cell annotated observational concordance; not causal perturbation validation"
"GSE189903","GSE189903_HCC","4HT1","HCC tumour-region observational concordance; malignant status annotated separately","CASP3 KO",0.571178434040853,0.562360470316551,-0.0499478379726892,19,0.95,TRUE,"CASP3","CASP3","DFNA5;CDKN1A;CASP9","PRKAA1;PPM1D;Mdm2;TP53;TP53INP1;CDKN1A;MYC;MALAT1;SIRT1;DFNA5;E2F1;AKT1;RB1;CDC25A;BBC3;BCL2;BAX;CASP3;CASP9",66,"Limited observational concordance","HCC; malignant cell annotated observational concordance; not causal perturbation validation"
"GSE189903","GSE189903_HCC","4HT1","HCC tumour-region observational concordance; malignant status annotated separately","miR-204-5p OE",0.633150399807299,0.604553237659941,-0.0152258484602553,19,0.95,FALSE,"MIR204","","SIRT1;BCL2;MYC;E2F1;CDC25A;AKT1","PRKAA1;PPM1D;Mdm2;TP53;TP53INP1;CDKN1A;MYC;MALAT1;SIRT1;DFNA5;E2F1;AKT1;RB1;CDC25A;BBC3;BCL2;BAX;CASP3;CASP9",66,"Indirect only: perturbed node not measured","HCC; malignant cell annotated observational concordance; not causal perturbation validation"
"GSE189903","GSE189903_HCC","4HT1","HCC tumour-region observational concordance; malignant status annotated separately","miR-204-5p KO",0.514599486672432,0.507736676064655,-0.0787026890505362,19,0.95,FALSE,"MIR204","","SIRT1;BCL2;MYC;E2F1;CDC25A;AKT1","PRKAA1;PPM1D;Mdm2;TP53;TP53INP1;CDKN1A;MYC;MALAT1;SIRT1;DFNA5;E2F1;AKT1;RB1;CDC25A;BBC3;BCL2;BAX;CASP3;CASP9",66,"Indirect only: perturbed node not measured","HCC; malignant cell annotated observational concordance; not causal perturbation validation"
"GSE189903","GSE189903_HCC","4HT1","HCC tumour-region observational concordance; malignant status annotated separately","MALAT1 OE",0.514599486672432,0.558057748860907,-0.0787026890505362,19,0.95,TRUE,"MALAT1","MALAT1","","PRKAA1;PPM1D;Mdm2;TP53;TP53INP1;CDKN1A;MYC;MALAT1;SIRT1;DFNA5;E2F1;AKT1;RB1;CDC25A;BBC3;BCL2;BAX;CASP3;CASP9",66,"Limited observational concordance","HCC; malignant cell annotated observational concordance; not causal perturbation validation"
"GSE189903","GSE189903_HCC","4HT1","HCC tumour-region observational concordance; malignant status annotated separately","MALAT1 KO",0.597279127789493,0.538564690901664,-0.184038177018429,19,0.95,TRUE,"MALAT1","MALAT1","","PRKAA1;PPM1D;Mdm2;TP53;TP53INP1;CDKN1A;MYC;MALAT1;SIRT1;DFNA5;E2F1;AKT1;RB1;CDC25A;BBC3;BCL2;BAX;CASP3;CASP9",66,"Limited observational concordance","HCC; malignant cell annotated observational concordance; not causal perturbation validation"
"GSE189903","GSE189903_HCC","4HT1","HCC tumour-region observational concordance; malignant status annotated separately","SIRT1 OE",0.514599486672432,0.512060445512009,-0.0787026890505362,19,0.95,TRUE,"SIRT1","SIRT1","TP53","PRKAA1;PPM1D;Mdm2;TP53;TP53INP1;CDKN1A;MYC;MALAT1;SIRT1;DFNA5;E2F1;AKT1;RB1;CDC25A;BBC3;BCL2;BAX;CASP3;CASP9",66,"Limited observational concordance","HCC; malignant cell annotated observational concordance; not causal perturbation validation"
"GSE189903","GSE189903_HCC","4HT1","HCC tumour-region observational concordance; malignant status annotated separately","SIRT1 KO",0.528091313862724,0.523205867973554,0.0804794847184922,19,0.95,TRUE,"SIRT1","SIRT1","TP53","PRKAA1;PPM1D;Mdm2;TP53;TP53INP1;CDKN1A;MYC;MALAT1;SIRT1;DFNA5;E2F1;AKT1;RB1;CDC25A;BBC3;BCL2;BAX;CASP3;CASP9",66,"Limited observational concordance","HCC; malignant cell annotated observational concordance; not causal perturbation validation"
"GSE189903","GSE189903_HCC","4HT1","HCC tumour-region observational concordance; malignant status annotated separately","BCL2 KO",0.574467907725063,0.562013461432802,0.0552635885664404,19,0.95,TRUE,"BCL2","BCL2","BAX;CASP3","PRKAA1;PPM1D;Mdm2;TP53;TP53INP1;CDKN1A;MYC;MALAT1;SIRT1;DFNA5;E2F1;AKT1;RB1;CDC25A;BBC3;BCL2;BAX;CASP3;CASP9",66,"Limited observational concordance","HCC; malignant cell annotated observational concordance; not causal perturbation validation"
"GSE189903","GSE189903_HCC","4HT1","HCC tumour-region observational concordance; malignant status annotated separately","GSDME OE",0.564928434040853,0.556074556671645,0.0319363498867317,19,0.95,TRUE,"DFNA5","DFNA5","","PRKAA1;PPM1D;Mdm2;TP53;TP53INP1;CDKN1A;MYC;MALAT1;SIRT1;DFNA5;E2F1;AKT1;RB1;CDC25A;BBC3;BCL2;BAX;CASP3;CASP9",66,"Limited observational concordance","HCC; malignant cell annotated observational concordance; not causal perturbation validation"
"GSE189903","GSE189903_HCC","4HT1","HCC tumour-region observational concordance; malignant status annotated separately","CASP3 OE",0.563941591935589,0.557360470316551,0.021988962217094,19,0.95,TRUE,"CASP3","CASP3","DFNA5;CDKN1A;CASP9","PRKAA1;PPM1D;Mdm2;TP53;TP53INP1;CDKN1A;MYC;MALAT1;SIRT1;DFNA5;E2F1;AKT1;RB1;CDC25A;BBC3;BCL2;BAX;CASP3;CASP9",66,"Limited observational concordance","HCC; malignant cell annotated observational concordance; not causal perturbation validation"
"GSE189903","GSE189903_HCC","4HT1","HCC tumour-region observational concordance; malignant status annotated separately","miR-204-5p OE + GSDME KO",0.604531978754668,0.573931462196376,-0.0155023455992926,19,0.95,TRUE,"MIR204;DFNA5","DFNA5","SIRT1;BCL2;MYC;E2F1;CDC25A;AKT1","PRKAA1;PPM1D;Mdm2;TP53;TP53INP1;CDKN1A;MYC;MALAT1;SIRT1;DFNA5;E2F1;AKT1;RB1;CDC25A;BBC3;BCL2;BAX;CASP3;CASP9",66,"Limited observational concordance","HCC; malignant cell annotated observational concordance; not causal perturbation validation"
"GSE189903","GSE189903_HCC","4HT1","HCC tumour-region observational concordance; malignant status annotated separately","CASP3 OE + GSDME KO",0.5547310656198,0.545241176219029,0.0288355974853035,19,0.95,TRUE,"CASP3;DFNA5","CASP3;DFNA5","DFNA5;CDKN1A;CASP9","PRKAA1;PPM1D;Mdm2;TP53;TP53INP1;CDKN1A;MYC;MALAT1;SIRT1;DFNA5;E2F1;AKT1;RB1;CDC25A;BBC3;BCL2;BAX;CASP3;CASP9",66,"Limited observational concordance","HCC; malignant cell annotated observational concordance; not causal perturbation validation"
"GSE189903","GSE189903_HCC","4HT1","HCC tumour-region observational concordance; malignant status annotated separately","SIRT1 KO + GSDME KO",0.52677552438904,0.519566729361221,0.0653313135970189,19,0.95,TRUE,"SIRT1;DFNA5","SIRT1;DFNA5","TP53","PRKAA1;PPM1D;Mdm2;TP53;TP53INP1;CDKN1A;MYC;MALAT1;SIRT1;DFNA5;E2F1;AKT1;RB1;CDC25A;BBC3;BCL2;BAX;CASP3;CASP9",66,"Limited observational concordance","HCC; malignant cell annotated observational concordance; not causal perturbation validation"
"GSE189903","GSE189903_HCC","4HT1","HCC tumour-region observational concordance; malignant status annotated separately","MALAT1 KO + GSDME KO",0.563068601473703,0.507936927993465,-0.268520794583894,19,0.95,TRUE,"MALAT1;DFNA5","MALAT1;DFNA5","","PRKAA1;PPM1D;Mdm2;TP53;TP53INP1;CDKN1A;MYC;MALAT1;SIRT1;DFNA5;E2F1;AKT1;RB1;CDC25A;BBC3;BCL2;BAX;CASP3;CASP9",66,"Limited observational concordance","HCC; malignant cell annotated observational concordance; not causal perturbation validation"
"GSE189903","GSE189903_HCC","4HT1","HCC tumour-region observational concordance; malignant status annotated separately","miR-204-5p OE + CASP3 KO",0.560453031386247,0.551039013882611,0.0341786791526139,19,0.95,TRUE,"MIR204;CASP3","CASP3","SIRT1;BCL2;MYC;E2F1;CDC25A;AKT1;DFNA5;CDKN1A;CASP9","PRKAA1;PPM1D;Mdm2;TP53;TP53INP1;CDKN1A;MYC;MALAT1;SIRT1;DFNA5;E2F1;AKT1;RB1;CDC25A;BBC3;BCL2;BAX;CASP3;CASP9",66,"Limited observational concordance","HCC; malignant cell annotated observational concordance; not causal perturbation validation"
"GSE189903","GSE189903_HCC","4HT1","HCC tumour-region observational concordance; malignant status annotated separately","GSDME E1 + CASP3 E1",0.589270539304011,0.570704139181992,0.021988962217094,19,0.95,TRUE,"DFNA5;CASP3","DFNA5;CASP3","DFNA5;CDKN1A;CASP9","PRKAA1;PPM1D;Mdm2;TP53;TP53INP1;CDKN1A;MYC;MALAT1;SIRT1;DFNA5;E2F1;AKT1;RB1;CDC25A;BBC3;BCL2;BAX;CASP3;CASP9",66,"Limited observational concordance","HCC; malignant cell annotated observational concordance; not causal perturbation validation"
"GSE189903","GSE189903_HCC","4HT1","HCC tumour-region observational concordance; malignant status annotated separately","p53 E1 + miR-204-5p E1 + CASP3 KO + p21 E1",0.530025891637715,0.510564194293606,-0.0497963893947027,19,0.95,TRUE,"TP53;MIR204;CASP3;CDKN1A","TP53;CASP3;CDKN1A","Mdm2;SIRT1;BCL2;MYC;E2F1;CDC25A;AKT1;CASP3;DFNA5;CDKN1A;CASP9","PRKAA1;PPM1D;Mdm2;TP53;TP53INP1;CDKN1A;MYC;MALAT1;SIRT1;DFNA5;E2F1;AKT1;RB1;CDC25A;BBC3;BCL2;BAX;CASP3;CASP9",66,"Limited observational concordance","HCC; malignant cell annotated observational concordance; not causal perturbation validation"
"GSE189903","GSE189903_HCC","4HT1","HCC tumour-region observational concordance; malignant status annotated separately","MALAT1 E1 + miR-204-5p KO + SIRT1 E1",0.514599486672432,0.538493455799359,-0.0787026890505362,19,0.95,TRUE,"MALAT1;MIR204;SIRT1","MALAT1;SIRT1","SIRT1;BCL2;MYC;E2F1;CDC25A;AKT1;TP53","PRKAA1;PPM1D;Mdm2;TP53;TP53INP1;CDKN1A;MYC;MALAT1;SIRT1;DFNA5;E2F1;AKT1;RB1;CDC25A;BBC3;BCL2;BAX;CASP3;CASP9",66,"Limited observational concordance","HCC; malignant cell annotated observational concordance; not causal perturbation validation"
"GSE189903","GSE189903_HCC","4HT1","HCC tumour-region observational concordance; malignant status annotated separately","SIRT1 KO + GSDME KO + CASP3 E1",0.520196577020618,0.521463112081591,0.140611930640591,19,0.95,TRUE,"SIRT1;DFNA5;CASP3","SIRT1;DFNA5;CASP3","DFNA5;CDKN1A;CASP9;TP53","PRKAA1;PPM1D;Mdm2;TP53;TP53INP1;CDKN1A;MYC;MALAT1;SIRT1;DFNA5;E2F1;AKT1;RB1;CDC25A;BBC3;BCL2;BAX;CASP3;CASP9",66,"Limited observational concordance","HCC; malignant cell annotated observational concordance; not causal perturbation validation"
"GSE189903","GSE189903_HCC","4HT1","HCC tumour-region observational concordance; malignant status annotated separately","BAX E1",0.575619715344952,0.569466352553085,0.194337621866233,19,0.95,TRUE,"BAX","BAX","CASP3","PRKAA1;PPM1D;Mdm2;TP53;TP53INP1;CDKN1A;MYC;MALAT1;SIRT1;DFNA5;E2F1;AKT1;RB1;CDC25A;BBC3;BCL2;BAX;CASP3;CASP9",66,"Limited observational concordance","HCC; malignant cell annotated observational concordance; not causal perturbation validation"
"GSE189903","GSE189903_HCC","4HT1","HCC tumour-region observational concordance; malignant status annotated separately","BAX E1 + GSDME KO",0.583185504818637,0.56746061956619,0.183772952083722,19,0.95,TRUE,"BAX;DFNA5","BAX;DFNA5","CASP3","PRKAA1;PPM1D;Mdm2;TP53;TP53INP1;CDKN1A;MYC;MALAT1;SIRT1;DFNA5;E2F1;AKT1;RB1;CDC25A;BBC3;BCL2;BAX;CASP3;CASP9",66,"Limited observational concordance","HCC; malignant cell annotated observational concordance; not causal perturbation validation"
"GSE189903","GSE189903_HCC","4HT1","HCC tumour-region observational concordance; malignant status annotated separately","p53 E1",0.793989654105282,0.751829472347831,0.0467491139191056,19,0.95,TRUE,"TP53","TP53","Mdm2","PRKAA1;PPM1D;Mdm2;TP53;TP53INP1;CDKN1A;MYC;MALAT1;SIRT1;DFNA5;E2F1;AKT1;RB1;CDC25A;BBC3;BCL2;BAX;CASP3;CASP9",66,"Moderate observational concordance","HCC; malignant cell annotated observational concordance; not causal perturbation validation"
"GSE189903","GSE189903_HCC","4HT1","HCC tumour-region observational concordance; malignant status annotated separately","p53 KO",0.514599486672432,0.521028899251128,-0.0787026890505362,19,0.95,TRUE,"TP53","TP53","Mdm2","PRKAA1;PPM1D;Mdm2;TP53;TP53INP1;CDKN1A;MYC;MALAT1;SIRT1;DFNA5;E2F1;AKT1;RB1;CDC25A;BBC3;BCL2;BAX;CASP3;CASP9",66,"Limited observational concordance","HCC; malignant cell annotated observational concordance; not causal perturbation validation"
"GSE189903","GSE189903_HCC","4HT1","HCC tumour-region observational concordance; malignant status annotated separately","p21 E1",0.553705117079002,0.524207943090795,-0.197439029607514,19,0.95,TRUE,"CDKN1A","CDKN1A","CASP3","PRKAA1;PPM1D;Mdm2;TP53;TP53INP1;CDKN1A;MYC;MALAT1;SIRT1;DFNA5;E2F1;AKT1;RB1;CDC25A;BBC3;BCL2;BAX;CASP3;CASP9",66,"Limited observational concordance","HCC; malignant cell annotated observational concordance; not causal perturbation validation"
"GSE189903","GSE189903_HCC","4HT3","HCC tumour-region observational concordance; malignant status annotated separately","Reference: DDR ON, GSDME endogenous",0.589806413988514,0.589806413988514,-0.0247110356285936,19,0.95,FALSE,"","","","PRKAA1;PPM1D;Mdm2;TP53;TP53INP1;CDKN1A;MYC;MALAT1;SIRT1;DFNA5;E2F1;AKT1;RB1;CDC25A;BBC3;BCL2;BAX;CASP3;CASP9",176,"Indirect only: perturbed node not measured","HCC; malignant cell annotated observational concordance; not causal perturbation validation"
"GSE189903","GSE189903_HCC","4HT3","HCC tumour-region observational concordance; malignant status annotated separately","GSDME KO",0.565464308725356,0.556537357535535,-0.0288220691723444,19,0.95,TRUE,"DFNA5","DFNA5","","PRKAA1;PPM1D;Mdm2;TP53;TP53INP1;CDKN1A;MYC;MALAT1;SIRT1;DFNA5;E2F1;AKT1;RB1;CDC25A;BBC3;BCL2;BAX;CASP3;CASP9",176,"Limited observational concordance","HCC; malignant cell annotated observational concordance; not causal perturbation validation"
"GSE189903","GSE189903_HCC","4HT3","HCC tumour-region observational concordance; malignant status annotated separately","CASP3 KO",0.57928009819904,0.568935605179049,-0.0373294368006414,19,0.95,TRUE,"CASP3","CASP3","DFNA5;CDKN1A;CASP9","PRKAA1;PPM1D;Mdm2;TP53;TP53INP1;CDKN1A;MYC;MALAT1;SIRT1;DFNA5;E2F1;AKT1;RB1;CDC25A;BBC3;BCL2;BAX;CASP3;CASP9",176,"Limited observational concordance","HCC; malignant cell annotated observational concordance; not causal perturbation validation"
"GSE189903","GSE189903_HCC","4HT3","HCC tumour-region observational concordance; malignant status annotated separately","miR-204-5p OE",0.631857064091897,0.603515443643107,-0.210986757234966,19,0.95,FALSE,"MIR204","","SIRT1;BCL2;MYC;E2F1;CDC25A;AKT1","PRKAA1;PPM1D;Mdm2;TP53;TP53INP1;CDKN1A;MYC;MALAT1;SIRT1;DFNA5;E2F1;AKT1;RB1;CDC25A;BBC3;BCL2;BAX;CASP3;CASP9",176,"Indirect only: perturbed node not measured","HCC; malignant cell annotated observational concordance; not causal perturbation validation"
"GSE189903","GSE189903_HCC","4HT3","HCC tumour-region observational concordance; malignant status annotated separately","miR-204-5p KO",0.522701150830619,0.513948799698005,0.0562162064646687,19,0.95,FALSE,"MIR204","","SIRT1;BCL2;MYC;E2F1;CDC25A;AKT1","PRKAA1;PPM1D;Mdm2;TP53;TP53INP1;CDKN1A;MYC;MALAT1;SIRT1;DFNA5;E2F1;AKT1;RB1;CDC25A;BBC3;BCL2;BAX;CASP3;CASP9",176,"Indirect only: perturbed node not measured","HCC; malignant cell annotated observational concordance; not causal perturbation validation"
"GSE189903","GSE189903_HCC","4HT3","HCC tumour-region observational concordance; malignant status annotated separately","MALAT1 OE",0.522701150830619,0.559919105800868,0.0562162064646687,19,0.95,TRUE,"MALAT1","MALAT1","","PRKAA1;PPM1D;Mdm2;TP53;TP53INP1;CDKN1A;MYC;MALAT1;SIRT1;DFNA5;E2F1;AKT1;RB1;CDC25A;BBC3;BCL2;BAX;CASP3;CASP9",176,"Limited observational concordance","HCC; malignant cell annotated observational concordance; not causal perturbation validation"
"GSE189903","GSE189903_HCC","4HT3","HCC tumour-region observational concordance; malignant status annotated separately","MALAT1 KO",0.609345064450362,0.554120807396343,-0.1621412834355,19,0.95,TRUE,"MALAT1","MALAT1","","PRKAA1;PPM1D;Mdm2;TP53;TP53INP1;CDKN1A;MYC;MALAT1;SIRT1;DFNA5;E2F1;AKT1;RB1;CDC25A;BBC3;BCL2;BAX;CASP3;CASP9",176,"Limited observational concordance","HCC; malignant cell annotated observational concordance; not causal perturbation validation"
"GSE189903","GSE189903_HCC","4HT3","HCC tumour-region observational concordance; malignant status annotated separately","SIRT1 OE",0.522701150830619,0.518753124599207,0.0562162064646687,19,0.95,TRUE,"SIRT1","SIRT1","TP53","PRKAA1;PPM1D;Mdm2;TP53;TP53INP1;CDKN1A;MYC;MALAT1;SIRT1;DFNA5;E2F1;AKT1;RB1;CDC25A;BBC3;BCL2;BAX;CASP3;CASP9",176,"Limited observational concordance","HCC; malignant cell annotated observational concordance; not causal perturbation validation"
"GSE189903","GSE189903_HCC","4HT3","HCC tumour-region observational concordance; malignant status annotated separately","SIRT1 KO",0.528091893230452,0.523206346581678,-0.104405818013179,19,0.95,TRUE,"SIRT1","SIRT1","TP53","PRKAA1;PPM1D;Mdm2;TP53;TP53INP1;CDKN1A;MYC;MALAT1;SIRT1;DFNA5;E2F1;AKT1;RB1;CDC25A;BBC3;BCL2;BAX;CASP3;CASP9",176,"Limited observational concordance","HCC; malignant cell annotated observational concordance; not causal perturbation validation"
"GSE189903","GSE189903_HCC","4HT3","HCC tumour-region observational concordance; malignant status annotated separately","BCL2 KO",0.582569571883251,0.568350385527498,0.0490073332570321,19,0.95,TRUE,"BCL2","BCL2","BAX;CASP3","PRKAA1;PPM1D;Mdm2;TP53;TP53INP1;CDKN1A;MYC;MALAT1;SIRT1;DFNA5;E2F1;AKT1;RB1;CDC25A;BBC3;BCL2;BAX;CASP3;CASP9",176,"Limited observational concordance","HCC; malignant cell annotated observational concordance; not causal perturbation validation"
"GSE189903","GSE189903_HCC","4HT3","HCC tumour-region observational concordance; malignant status annotated separately","GSDME OE",0.57303009819904,0.563071448444626,0.0947619562212858,19,0.95,TRUE,"DFNA5","DFNA5","","PRKAA1;PPM1D;Mdm2;TP53;TP53INP1;CDKN1A;MYC;MALAT1;SIRT1;DFNA5;E2F1;AKT1;RB1;CDC25A;BBC3;BCL2;BAX;CASP3;CASP9",176,"Limited observational concordance","HCC; malignant cell annotated observational concordance; not causal perturbation validation"
"GSE189903","GSE189903_HCC","4HT3","HCC tumour-region observational concordance; malignant status annotated separately","CASP3 OE",0.572043256093777,0.563935605179049,0.118321558596744,19,0.95,TRUE,"CASP3","CASP3","DFNA5;CDKN1A;CASP9","PRKAA1;PPM1D;Mdm2;TP53;TP53INP1;CDKN1A;MYC;MALAT1;SIRT1;DFNA5;E2F1;AKT1;RB1;CDC25A;BBC3;BCL2;BAX;CASP3;CASP9",176,"Limited observational concordance","HCC; malignant cell annotated observational concordance; not causal perturbation validation"
"GSE189903","GSE189903_HCC","4HT3","HCC tumour-region observational concordance; malignant status annotated separately","miR-204-5p OE + GSDME KO",0.603238643039265,0.573004860395631,-0.219247459189996,19,0.95,TRUE,"MIR204;DFNA5","DFNA5","SIRT1;BCL2;MYC;E2F1;CDC25A;AKT1","PRKAA1;PPM1D;Mdm2;TP53;TP53INP1;CDKN1A;MYC;MALAT1;SIRT1;DFNA5;E2F1;AKT1;RB1;CDC25A;BBC3;BCL2;BAX;CASP3;CASP9",176,"Limited observational concordance","HCC; malignant cell annotated observational concordance; not causal perturbation validation"
"GSE189903","GSE189903_HCC","4HT3","HCC tumour-region observational concordance; malignant status annotated separately","CASP3 OE + GSDME KO",0.562832729777987,0.551329264054675,0.0886039268184782,19,0.95,TRUE,"CASP3;DFNA5","CASP3;DFNA5","DFNA5;CDKN1A;CASP9","PRKAA1;PPM1D;Mdm2;TP53;TP53INP1;CDKN1A;MYC;MALAT1;SIRT1;DFNA5;E2F1;AKT1;RB1;CDC25A;BBC3;BCL2;BAX;CASP3;CASP9",176,"Limited observational concordance","HCC; malignant cell annotated observational concordance; not causal perturbation validation"
"GSE189903","GSE189903_HCC","4HT3","HCC tumour-region observational concordance; malignant status annotated separately","SIRT1 KO + GSDME KO",0.526776103756768,0.51956715274533,-0.129555316794088,19,0.95,TRUE,"SIRT1;DFNA5","SIRT1;DFNA5","TP53","PRKAA1;PPM1D;Mdm2;TP53;TP53INP1;CDKN1A;MYC;MALAT1;SIRT1;DFNA5;E2F1;AKT1;RB1;CDC25A;BBC3;BCL2;BAX;CASP3;CASP9",176,"Limited observational concordance","HCC; malignant cell annotated observational concordance; not causal perturbation validation"
"GSE189903","GSE189903_HCC","4HT3","HCC tumour-region observational concordance; malignant status annotated separately","MALAT1 KO + GSDME KO",0.575134538134572,0.521626310508782,-0.260194568395246,19,0.95,TRUE,"MALAT1;DFNA5","MALAT1;DFNA5","","PRKAA1;PPM1D;Mdm2;TP53;TP53INP1;CDKN1A;MYC;MALAT1;SIRT1;DFNA5;E2F1;AKT1;RB1;CDC25A;BBC3;BCL2;BAX;CASP3;CASP9",176,"Limited observational concordance","HCC; malignant cell annotated observational concordance; not causal perturbation validation"
"GSE189903","GSE189903_HCC","4HT3","HCC tumour-region observational concordance; malignant status annotated separately","miR-204-5p OE + CASP3 KO",0.559159695670844,0.54986509120591,-0.18739344776778,19,0.95,TRUE,"MIR204;CASP3","CASP3","SIRT1;BCL2;MYC;E2F1;CDC25A;AKT1;DFNA5;CDKN1A;CASP9","PRKAA1;PPM1D;Mdm2;TP53;TP53INP1;CDKN1A;MYC;MALAT1;SIRT1;DFNA5;E2F1;AKT1;RB1;CDC25A;BBC3;BCL2;BAX;CASP3;CASP9",176,"Limited observational concordance","HCC; malignant cell annotated observational concordance; not causal perturbation validation"
"GSE189903","GSE189903_HCC","4HT3","HCC tumour-region observational concordance; malignant status annotated separately","GSDME E1 + CASP3 E1",0.597372203462198,0.576792227017638,0.118321558596744,19,0.95,TRUE,"DFNA5;CASP3","DFNA5;CASP3","DFNA5;CDKN1A;CASP9","PRKAA1;PPM1D;Mdm2;TP53;TP53INP1;CDKN1A;MYC;MALAT1;SIRT1;DFNA5;E2F1;AKT1;RB1;CDC25A;BBC3;BCL2;BAX;CASP3;CASP9",176,"Limited observational concordance","HCC; malignant cell annotated observational concordance; not causal perturbation validation"
"GSE189903","GSE189903_HCC","4HT3","HCC tumour-region observational concordance; malignant status annotated separately","p53 E1 + miR-204-5p E1 + CASP3 KO + p21 E1",0.52892681284156,0.509490120499399,-0.265580743438415,19,0.95,TRUE,"TP53;MIR204;CASP3;CDKN1A","TP53;CASP3;CDKN1A","Mdm2;SIRT1;BCL2;MYC;E2F1;CDC25A;AKT1;CASP3;DFNA5;CDKN1A;CASP9","PRKAA1;PPM1D;Mdm2;TP53;TP53INP1;CDKN1A;MYC;MALAT1;SIRT1;DFNA5;E2F1;AKT1;RB1;CDC25A;BBC3;BCL2;BAX;CASP3;CASP9",176,"Limited observational concordance","HCC; malignant cell annotated observational concordance; not causal perturbation validation"
"GSE189903","GSE189903_HCC","4HT3","HCC tumour-region observational concordance; malignant status annotated separately","MALAT1 E1 + miR-204-5p KO + SIRT1 E1",0.522701150830619,0.539858659815725,0.0562162064646687,19,0.95,TRUE,"MALAT1;MIR204;SIRT1","MALAT1;SIRT1","SIRT1;BCL2;MYC;E2F1;CDC25A;AKT1;TP53","PRKAA1;PPM1D;Mdm2;TP53;TP53INP1;CDKN1A;MYC;MALAT1;SIRT1;DFNA5;E2F1;AKT1;RB1;CDC25A;BBC3;BCL2;BAX;CASP3;CASP9",176,"Limited observational concordance","HCC; malignant cell annotated observational concordance; not causal perturbation validation"
"GSE189903","GSE189903_HCC","4HT3","HCC tumour-region observational concordance; malignant status annotated separately","SIRT1 KO + GSDME KO + CASP3 E1",0.520197156388347,0.521800459195905,-0.0377251521230854,19,0.95,TRUE,"SIRT1;DFNA5;CASP3","SIRT1;DFNA5;CASP3","DFNA5;CDKN1A;CASP9;TP53","PRKAA1;PPM1D;Mdm2;TP53;TP53INP1;CDKN1A;MYC;MALAT1;SIRT1;DFNA5;E2F1;AKT1;RB1;CDC25A;BBC3;BCL2;BAX;CASP3;CASP9",176,"Limited observational concordance","HCC; malignant cell annotated observational concordance; not causal perturbation validation"
"GSE189903","GSE189903_HCC","4HT3","HCC tumour-region observational concordance; malignant status annotated separately","BAX E1",0.583915636422388,0.576560214408295,0.302361804048008,19,0.95,TRUE,"BAX","BAX","CASP3","PRKAA1;PPM1D;Mdm2;TP53;TP53INP1;CDKN1A;MYC;MALAT1;SIRT1;DFNA5;E2F1;AKT1;RB1;CDC25A;BBC3;BCL2;BAX;CASP3;CASP9",176,"Limited observational concordance","HCC; malignant cell annotated observational concordance; not causal perturbation validation"
"GSE189903","GSE189903_HCC","4HT3","HCC tumour-region observational concordance; malignant status annotated separately","BAX E1 + GSDME KO",0.591481425896072,0.573735958899645,0.242246164110361,19,0.95,TRUE,"BAX;DFNA5","BAX;DFNA5","CASP3","PRKAA1;PPM1D;Mdm2;TP53;TP53INP1;CDKN1A;MYC;MALAT1;SIRT1;DFNA5;E2F1;AKT1;RB1;CDC25A;BBC3;BCL2;BAX;CASP3;CASP9",176,"Limited observational concordance","HCC; malignant cell annotated observational concordance; not causal perturbation validation"
"GSE189903","GSE189903_HCC","4HT3","HCC tumour-region observational concordance; malignant status annotated separately","p53 E1",0.805879842024828,0.762254127422246,0.0950740406669451,19,0.95,TRUE,"TP53","TP53","Mdm2","PRKAA1;PPM1D;Mdm2;TP53;TP53INP1;CDKN1A;MYC;MALAT1;SIRT1;DFNA5;E2F1;AKT1;RB1;CDC25A;BBC3;BCL2;BAX;CASP3;CASP9",176,"Moderate observational concordance","HCC; malignant cell annotated observational concordance; not causal perturbation validation"
"GSE189903","GSE189903_HCC","4HT3","HCC tumour-region observational concordance; malignant status annotated separately","p53 KO",0.522701150830619,0.528323904261812,0.0562162064646687,19,0.95,TRUE,"TP53","TP53","Mdm2","PRKAA1;PPM1D;Mdm2;TP53;TP53INP1;CDKN1A;MYC;MALAT1;SIRT1;DFNA5;E2F1;AKT1;RB1;CDC25A;BBC3;BCL2;BAX;CASP3;CASP9",176,"Limited observational concordance","HCC; malignant cell annotated observational concordance; not causal perturbation validation"
"GSE189903","GSE189903_HCC","4HT3","HCC tumour-region observational concordance; malignant status annotated separately","p21 E1",0.560707123073306,0.528629589013452,-0.167144152048689,19,0.95,TRUE,"CDKN1A","CDKN1A","CASP3","PRKAA1;PPM1D;Mdm2;TP53;TP53INP1;CDKN1A;MYC;MALAT1;SIRT1;DFNA5;E2F1;AKT1;RB1;CDC25A;BBC3;BCL2;BAX;CASP3;CASP9",176,"Limited observational concordance","HCC; malignant cell annotated observational concordance; not causal perturbation validation"
"GSE189903","GSE189903_HCC","4HT2","HCC tumour-region observational concordance; malignant status annotated separately","Reference: DDR ON, GSDME endogenous",0.577803412470571,0.577803412470571,-0.0173503016115657,19,0.95,FALSE,"","","","PRKAA1;PPM1D;Mdm2;TP53;TP53INP1;CDKN1A;MYC;MALAT1;SIRT1;DFNA5;E2F1;AKT1;RB1;CDC25A;BBC3;BCL2;BAX;CASP3;CASP9",153,"Indirect only: perturbed node not measured","HCC; malignant cell annotated observational concordance; not causal perturbation validation"
"GSE189903","GSE189903_HCC","4HT2","HCC tumour-region observational concordance; malignant status annotated separately","GSDME KO",0.553461307207413,0.546171128951857,-0.0193893919886681,19,0.95,TRUE,"DFNA5","DFNA5","","PRKAA1;PPM1D;Mdm2;TP53;TP53INP1;CDKN1A;MYC;MALAT1;SIRT1;DFNA5;E2F1;AKT1;RB1;CDC25A;BBC3;BCL2;BAX;CASP3;CASP9",153,"Limited observational concordance","HCC; malignant cell annotated observational concordance; not causal perturbation validation"
"GSE189903","GSE189903_HCC","4HT2","HCC tumour-region observational concordance; malignant status annotated separately","CASP3 KO",0.567277096681097,0.55755338575915,-0.0236595021975896,19,0.95,TRUE,"CASP3","CASP3","DFNA5;CDKN1A;CASP9","PRKAA1;PPM1D;Mdm2;TP53;TP53INP1;CDKN1A;MYC;MALAT1;SIRT1;DFNA5;E2F1;AKT1;RB1;CDC25A;BBC3;BCL2;BAX;CASP3;CASP9",153,"Limited observational concordance","HCC; malignant cell annotated observational concordance; not causal perturbation validation"
"GSE189903","GSE189903_HCC","4HT2","HCC tumour-region observational concordance; malignant status annotated separately","miR-204-5p OE",0.64115551770118,0.610874982431995,0,19,0.95,FALSE,"MIR204","","SIRT1;BCL2;MYC;E2F1;CDC25A;AKT1","PRKAA1;PPM1D;Mdm2;TP53;TP53INP1;CDKN1A;MYC;MALAT1;SIRT1;DFNA5;E2F1;AKT1;RB1;CDC25A;BBC3;BCL2;BAX;CASP3;CASP9",153,"Indirect only: perturbed node not measured","HCC; malignant cell annotated observational concordance; not causal perturbation validation"
"GSE189903","GSE189903_HCC","4HT2","HCC tumour-region observational concordance; malignant status annotated separately","miR-204-5p KO",0.510698149312676,0.504533804498535,-0.0562162064646687,19,0.95,FALSE,"MIR204","","SIRT1;BCL2;MYC;E2F1;CDC25A;AKT1","PRKAA1;PPM1D;Mdm2;TP53;TP53INP1;CDKN1A;MYC;MALAT1;SIRT1;DFNA5;E2F1;AKT1;RB1;CDC25A;BBC3;BCL2;BAX;CASP3;CASP9",153,"Indirect only: perturbed node not measured","HCC; malignant cell annotated observational concordance; not causal perturbation validation"
"GSE189903","GSE189903_HCC","4HT2","HCC tumour-region observational concordance; malignant status annotated separately","MALAT1 OE",0.510698149312676,0.540953373790919,-0.0562162064646687,19,0.95,TRUE,"MALAT1","MALAT1","","PRKAA1;PPM1D;Mdm2;TP53;TP53INP1;CDKN1A;MYC;MALAT1;SIRT1;DFNA5;E2F1;AKT1;RB1;CDC25A;BBC3;BCL2;BAX;CASP3;CASP9",153,"Limited observational concordance","HCC; malignant cell annotated observational concordance; not causal perturbation validation"
"GSE189903","GSE189903_HCC","4HT2","HCC tumour-region observational concordance; malignant status annotated separately","MALAT1 KO",0.603980276103576,0.558087084523117,-0.156927737344326,19,0.95,TRUE,"MALAT1","MALAT1","","PRKAA1;PPM1D;Mdm2;TP53;TP53INP1;CDKN1A;MYC;MALAT1;SIRT1;DFNA5;E2F1;AKT1;RB1;CDC25A;BBC3;BCL2;BAX;CASP3;CASP9",153,"Limited observational concordance","HCC; malignant cell annotated observational concordance; not causal perturbation validation"
"GSE189903","GSE189903_HCC","4HT2","HCC tumour-region observational concordance; malignant status annotated separately","SIRT1 OE",0.510698149312676,0.508837601606124,-0.0562162064646687,19,0.95,TRUE,"SIRT1","SIRT1","TP53","PRKAA1;PPM1D;Mdm2;TP53;TP53INP1;CDKN1A;MYC;MALAT1;SIRT1;DFNA5;E2F1;AKT1;RB1;CDC25A;BBC3;BCL2;BAX;CASP3;CASP9",153,"Limited observational concordance","HCC; malignant cell annotated observational concordance; not causal perturbation validation"
"GSE189903","GSE189903_HCC","4HT2","HCC tumour-region observational concordance; malignant status annotated separately","SIRT1 KO",0.534722654747895,0.528683932183043,0.0978804543873554,19,0.95,TRUE,"SIRT1","SIRT1","TP53","PRKAA1;PPM1D;Mdm2;TP53;TP53INP1;CDKN1A;MYC;MALAT1;SIRT1;DFNA5;E2F1;AKT1;RB1;CDC25A;BBC3;BCL2;BAX;CASP3;CASP9",153,"Limited observational concordance","HCC; malignant cell annotated observational concordance; not causal perturbation validation"
"GSE189903","GSE189903_HCC","4HT2","HCC tumour-region observational concordance; malignant status annotated separately","BCL2 KO",0.570566570365308,0.557549868418123,0.0823740282405433,19,0.95,TRUE,"BCL2","BCL2","BAX;CASP3","PRKAA1;PPM1D;Mdm2;TP53;TP53INP1;CDKN1A;MYC;MALAT1;SIRT1;DFNA5;E2F1;AKT1;RB1;CDC25A;BBC3;BCL2;BAX;CASP3;CASP9",153,"Limited observational concordance","HCC; malignant cell annotated observational concordance; not causal perturbation validation"
"GSE189903","GSE189903_HCC","4HT2","HCC tumour-region observational concordance; malignant status annotated separately","GSDME OE",0.561027096681097,0.552705219860948,0.0602078727372811,19,0.95,TRUE,"DFNA5","DFNA5","","PRKAA1;PPM1D;Mdm2;TP53;TP53INP1;CDKN1A;MYC;MALAT1;SIRT1;DFNA5;E2F1;AKT1;RB1;CDC25A;BBC3;BCL2;BAX;CASP3;CASP9",153,"Limited observational concordance","HCC; malignant cell annotated observational concordance; not causal perturbation validation"
"GSE189903","GSE189903_HCC","4HT2","HCC tumour-region observational concordance; malignant status annotated separately","CASP3 OE",0.560040254575834,0.55255338575915,0.0492133916287341,19,0.95,TRUE,"CASP3","CASP3","DFNA5;CDKN1A;CASP9","PRKAA1;PPM1D;Mdm2;TP53;TP53INP1;CDKN1A;MYC;MALAT1;SIRT1;DFNA5;E2F1;AKT1;RB1;CDC25A;BBC3;BCL2;BAX;CASP3;CASP9",153,"Limited observational concordance","HCC; malignant cell annotated observational concordance; not causal perturbation validation"
"GSE189903","GSE189903_HCC","4HT2","HCC tumour-region observational concordance; malignant status annotated separately","miR-204-5p OE + GSDME KO",0.612537096648548,0.579575877171424,0,19,0.95,TRUE,"MIR204;DFNA5","DFNA5","SIRT1;BCL2;MYC;E2F1;CDC25A;AKT1","PRKAA1;PPM1D;Mdm2;TP53;TP53INP1;CDKN1A;MYC;MALAT1;SIRT1;DFNA5;E2F1;AKT1;RB1;CDC25A;BBC3;BCL2;BAX;CASP3;CASP9",153,"Limited observational concordance","HCC; malignant cell annotated observational concordance; not causal perturbation validation"
"GSE189903","GSE189903_HCC","4HT2","HCC tumour-region observational concordance; malignant status annotated separately","CASP3 OE + GSDME KO",0.550829728260045,0.540790171999213,0.0560983441986814,19,0.95,TRUE,"CASP3;DFNA5","CASP3;DFNA5","DFNA5;CDKN1A;CASP9","PRKAA1;PPM1D;Mdm2;TP53;TP53INP1;CDKN1A;MYC;MALAT1;SIRT1;DFNA5;E2F1;AKT1;RB1;CDC25A;BBC3;BCL2;BAX;CASP3;CASP9",153,"Limited observational concordance","HCC; malignant cell annotated observational concordance; not causal perturbation validation"
"GSE189903","GSE189903_HCC","4HT2","HCC tumour-region observational concordance; malignant status annotated separately","SIRT1 KO + GSDME KO",0.533406865274211,0.524412709238846,0.0830482799962105,19,0.95,TRUE,"SIRT1;DFNA5","SIRT1;DFNA5","TP53","PRKAA1;PPM1D;Mdm2;TP53;TP53INP1;CDKN1A;MYC;MALAT1;SIRT1;DFNA5;E2F1;AKT1;RB1;CDC25A;BBC3;BCL2;BAX;CASP3;CASP9",153,"Limited observational concordance","HCC; malignant cell annotated observational concordance; not causal perturbation validation"
"GSE189903","GSE189903_HCC","4HT2","HCC tumour-region observational concordance; malignant status annotated separately","MALAT1 KO + GSDME KO",0.569769749787786,0.525116634380343,-0.24354211601795,19,0.95,TRUE,"MALAT1;DFNA5","MALAT1;DFNA5","","PRKAA1;PPM1D;Mdm2;TP53;TP53INP1;CDKN1A;MYC;MALAT1;SIRT1;DFNA5;E2F1;AKT1;RB1;CDC25A;BBC3;BCL2;BAX;CASP3;CASP9",153,"Limited observational concordance","HCC; malignant cell annotated observational concordance; not causal perturbation validation"
"GSE189903","GSE189903_HCC","4HT2","HCC tumour-region observational concordance; malignant status annotated separately","miR-204-5p OE + CASP3 KO",0.568458149280127,0.557622733992322,0.0530358814437112,19,0.95,TRUE,"MIR204;CASP3","CASP3","SIRT1;BCL2;MYC;E2F1;CDC25A;AKT1;DFNA5;CDKN1A;CASP9","PRKAA1;PPM1D;Mdm2;TP53;TP53INP1;CDKN1A;MYC;MALAT1;SIRT1;DFNA5;E2F1;AKT1;RB1;CDC25A;BBC3;BCL2;BAX;CASP3;CASP9",153,"Limited observational concordance","HCC; malignant cell annotated observational concordance; not causal perturbation validation"
"GSE189903","GSE189903_HCC","4HT2","HCC tumour-region observational concordance; malignant status annotated separately","GSDME E1 + CASP3 E1",0.585369201944255,0.566253134962176,0.0492133916287341,19,0.95,TRUE,"DFNA5;CASP3","DFNA5;CASP3","DFNA5;CDKN1A;CASP9","PRKAA1;PPM1D;Mdm2;TP53;TP53INP1;CDKN1A;MYC;MALAT1;SIRT1;DFNA5;E2F1;AKT1;RB1;CDC25A;BBC3;BCL2;BAX;CASP3;CASP9",153,"Limited observational concordance","HCC; malignant cell annotated observational concordance; not causal perturbation validation"
"GSE189903","GSE189903_HCC","4HT2","HCC tumour-region observational concordance; malignant status annotated separately","p53 E1 + miR-204-5p E1 + CASP3 KO + p21 E1",0.541504780322853,0.5209175655982,-0.0331975929298018,19,0.95,TRUE,"TP53;MIR204;CASP3;CDKN1A","TP53;CASP3;CDKN1A","Mdm2;SIRT1;BCL2;MYC;E2F1;CDC25A;AKT1;CASP3;DFNA5;CDKN1A;CASP9","PRKAA1;PPM1D;Mdm2;TP53;TP53INP1;CDKN1A;MYC;MALAT1;SIRT1;DFNA5;E2F1;AKT1;RB1;CDC25A;BBC3;BCL2;BAX;CASP3;CASP9",153,"Limited observational concordance","HCC; malignant cell annotated observational concordance; not causal perturbation validation"
"GSE189903","GSE189903_HCC","4HT2","HCC tumour-region observational concordance; malignant status annotated separately","MALAT1 E1 + miR-204-5p KO + SIRT1 E1",0.510698149312676,0.526163048352347,-0.0562162064646687,19,0.95,TRUE,"MALAT1;MIR204;SIRT1","MALAT1;SIRT1","SIRT1;BCL2;MYC;E2F1;CDC25A;AKT1;TP53","PRKAA1;PPM1D;Mdm2;TP53;TP53INP1;CDKN1A;MYC;MALAT1;SIRT1;DFNA5;E2F1;AKT1;RB1;CDC25A;BBC3;BCL2;BAX;CASP3;CASP9",153,"Limited observational concordance","HCC; malignant cell annotated observational concordance; not causal perturbation validation"
"GSE189903","GSE189903_HCC","4HT2","HCC tumour-region observational concordance; malignant status annotated separately","SIRT1 KO + GSDME KO + CASP3 E1",0.52682791790579,0.52404194345961,0.156616540632203,19,0.95,TRUE,"SIRT1;DFNA5;CASP3","SIRT1;DFNA5;CASP3","DFNA5;CDKN1A;CASP9;TP53","PRKAA1;PPM1D;Mdm2;TP53;TP53INP1;CDKN1A;MYC;MALAT1;SIRT1;DFNA5;E2F1;AKT1;RB1;CDC25A;BBC3;BCL2;BAX;CASP3;CASP9",153,"Limited observational concordance","HCC; malignant cell annotated observational concordance; not causal perturbation validation"
"GSE189903","GSE189903_HCC","4HT2","HCC tumour-region observational concordance; malignant status annotated separately","BAX E1",0.575192148776455,0.57341760049871,0.252585955395621,19,0.95,TRUE,"BAX","BAX","CASP3","PRKAA1;PPM1D;Mdm2;TP53;TP53INP1;CDKN1A;MYC;MALAT1;SIRT1;DFNA5;E2F1;AKT1;RB1;CDC25A;BBC3;BCL2;BAX;CASP3;CASP9",153,"Limited observational concordance","HCC; malignant cell annotated observational concordance; not causal perturbation validation"
"GSE189903","GSE189903_HCC","4HT2","HCC tumour-region observational concordance; malignant status annotated separately","BAX E1 + GSDME KO",0.582757938250139,0.57095595428732,0.238069506108459,19,0.95,TRUE,"BAX;DFNA5","BAX;DFNA5","CASP3","PRKAA1;PPM1D;Mdm2;TP53;TP53INP1;CDKN1A;MYC;MALAT1;SIRT1;DFNA5;E2F1;AKT1;RB1;CDC25A;BBC3;BCL2;BAX;CASP3;CASP9",153,"Limited observational concordance","HCC; malignant cell annotated observational concordance; not causal perturbation validation"
"GSE189903","GSE189903_HCC","4HT2","HCC tumour-region observational concordance; malignant status annotated separately","p53 E1",0.800690802419365,0.758272784504494,0.0751137448363158,19,0.95,TRUE,"TP53","TP53","Mdm2","PRKAA1;PPM1D;Mdm2;TP53;TP53INP1;CDKN1A;MYC;MALAT1;SIRT1;DFNA5;E2F1;AKT1;RB1;CDC25A;BBC3;BCL2;BAX;CASP3;CASP9",153,"Moderate observational concordance","HCC; malignant cell annotated observational concordance; not causal perturbation validation"
"GSE189903","GSE189903_HCC","4HT2","HCC tumour-region observational concordance; malignant status annotated separately","p53 KO",0.510698149312676,0.518713636285925,-0.0562162064646687,19,0.95,TRUE,"TP53","TP53","Mdm2","PRKAA1;PPM1D;Mdm2;TP53;TP53INP1;CDKN1A;MYC;MALAT1;SIRT1;DFNA5;E2F1;AKT1;RB1;CDC25A;BBC3;BCL2;BAX;CASP3;CASP9",153,"Limited observational concordance","HCC; malignant cell annotated observational concordance; not causal perturbation validation"
"GSE189903","GSE189903_HCC","4HT2","HCC tumour-region observational concordance; malignant status annotated separately","p21 E1",0.554651327519214,0.530996339206582,-0.167144152048689,19,0.95,TRUE,"CDKN1A","CDKN1A","CASP3","PRKAA1;PPM1D;Mdm2;TP53;TP53INP1;CDKN1A;MYC;MALAT1;SIRT1;DFNA5;E2F1;AKT1;RB1;CDC25A;BBC3;BCL2;BAX;CASP3;CASP9",153,"Limited observational concordance","HCC; malignant cell annotated observational concordance; not causal perturbation validation"
"GSE189903","GSE189903_HCC","2HT3","HCC tumour-region observational concordance; malignant status annotated separately","Reference: DDR ON, GSDME endogenous",0.536234459391147,0.536234459391147,0.205574785761279,19,0.95,FALSE,"","","","PRKAA1;PPM1D;Mdm2;TP53;TP53INP1;CDKN1A;MYC;MALAT1;SIRT1;DFNA5;E2F1;AKT1;RB1;CDC25A;BBC3;BCL2;BAX;CASP3;CASP9",21,"Indirect only: perturbed node not measured","HCC; malignant cell annotated observational concordance; not causal perturbation validation"
"GSE189903","GSE189903_HCC","2HT3","HCC tumour-region observational concordance; malignant status annotated separately","GSDME KO",0.515181827812199,0.513111578565081,0.205946785176934,19,0.95,TRUE,"DFNA5","DFNA5","","PRKAA1;PPM1D;Mdm2;TP53;TP53INP1;CDKN1A;MYC;MALAT1;SIRT1;DFNA5;E2F1;AKT1;RB1;CDC25A;BBC3;BCL2;BAX;CASP3;CASP9",21,"Limited observational concordance","HCC; malignant cell annotated observational concordance; not causal perturbation validation"
"GSE189903","GSE189903_HCC","2HT3","HCC tumour-region observational concordance; malignant status annotated separately","CASP3 KO",0.526366038338515,0.522964397430453,0.208729386054291,19,0.95,TRUE,"CASP3","CASP3","DFNA5;CDKN1A;CASP9","PRKAA1;PPM1D;Mdm2;TP53;TP53INP1;CDKN1A;MYC;MALAT1;SIRT1;DFNA5;E2F1;AKT1;RB1;CDC25A;BBC3;BCL2;BAX;CASP3;CASP9",21,"Limited observational concordance","HCC; malignant cell annotated observational concordance; not causal perturbation validation"
"GSE189903","GSE189903_HCC","2HT3","HCC tumour-region observational concordance; malignant status annotated separately","miR-204-5p OE",0.655676774616429,0.63479025450564,0.265364787450163,19,0.95,FALSE,"MIR204","","SIRT1;BCL2;MYC;E2F1;CDC25A;AKT1","PRKAA1;PPM1D;Mdm2;TP53;TP53INP1;CDKN1A;MYC;MALAT1;SIRT1;DFNA5;E2F1;AKT1;RB1;CDC25A;BBC3;BCL2;BAX;CASP3;CASP9",21,"Indirect only: perturbed node not measured","HCC; malignant cell annotated observational concordance; not causal perturbation validation"
"GSE189903","GSE189903_HCC","2HT3","HCC tumour-region observational concordance; malignant status annotated separately","miR-204-5p KO",0.479550248864831,0.467982283340118,0.0787026890505362,19,0.95,FALSE,"MIR204","","SIRT1;BCL2;MYC;E2F1;CDC25A;AKT1","PRKAA1;PPM1D;Mdm2;TP53;TP53INP1;CDKN1A;MYC;MALAT1;SIRT1;DFNA5;E2F1;AKT1;RB1;CDC25A;BBC3;BCL2;BAX;CASP3;CASP9",21,"Indirect only: perturbed node not measured","HCC; malignant cell annotated observational concordance; not causal perturbation validation"
"GSE189903","GSE189903_HCC","2HT3","HCC tumour-region observational concordance; malignant status annotated separately","MALAT1 OE",0.479550248864831,0.550384305837809,0.0787026890505362,19,0.95,TRUE,"MALAT1","MALAT1","","PRKAA1;PPM1D;Mdm2;TP53;TP53INP1;CDKN1A;MYC;MALAT1;SIRT1;DFNA5;E2F1;AKT1;RB1;CDC25A;BBC3;BCL2;BAX;CASP3;CASP9",21,"Limited observational concordance","HCC; malignant cell annotated observational concordance; not causal perturbation validation"
"GSE189903","GSE189903_HCC","2HT3","HCC tumour-region observational concordance; malignant status annotated separately","MALAT1 KO",0.544787090970094,0.470634305837809,0.0349307588108633,19,0.95,TRUE,"MALAT1","MALAT1","","PRKAA1;PPM1D;Mdm2;TP53;TP53INP1;CDKN1A;MYC;MALAT1;SIRT1;DFNA5;E2F1;AKT1;RB1;CDC25A;BBC3;BCL2;BAX;CASP3;CASP9",21,"Limited observational concordance","HCC; malignant cell annotated observational concordance; not causal perturbation validation"
"GSE189903","GSE189903_HCC","2HT3","HCC tumour-region observational concordance; malignant status annotated separately","SIRT1 OE",0.479550248864831,0.483106727323121,0.0787026890505362,19,0.95,TRUE,"SIRT1","SIRT1","TP53","PRKAA1;PPM1D;Mdm2;TP53;TP53INP1;CDKN1A;MYC;MALAT1;SIRT1;DFNA5;E2F1;AKT1;RB1;CDC25A;BBC3;BCL2;BAX;CASP3;CASP9",21,"Limited observational concordance","HCC; malignant cell annotated observational concordance; not causal perturbation validation"
"GSE189903","GSE189903_HCC","2HT3","HCC tumour-region observational concordance; malignant status annotated separately","SIRT1 KO",0.576530027448634,0.563220457457567,0.354544757003087,19,0.95,TRUE,"SIRT1","SIRT1","TP53","PRKAA1;PPM1D;Mdm2;TP53;TP53INP1;CDKN1A;MYC;MALAT1;SIRT1;DFNA5;E2F1;AKT1;RB1;CDC25A;BBC3;BCL2;BAX;CASP3;CASP9",21,"Limited observational concordance","HCC; malignant cell annotated observational concordance; not causal perturbation validation"
"GSE189903","GSE189903_HCC","2HT3","HCC tumour-region observational concordance; malignant status annotated separately","BCL2 KO",0.529655512022726,0.510718918077308,0.30238567328807,19,0.95,TRUE,"BCL2","BCL2","BAX;CASP3","PRKAA1;PPM1D;Mdm2;TP53;TP53INP1;CDKN1A;MYC;MALAT1;SIRT1;DFNA5;E2F1;AKT1;RB1;CDC25A;BBC3;BCL2;BAX;CASP3;CASP9",21,"Limited observational concordance","HCC; malignant cell annotated observational concordance; not causal perturbation validation"
"GSE189903","GSE189903_HCC","2HT3","HCC tumour-region observational concordance; malignant status annotated separately","GSDME OE",0.522089722549042,0.51907748765599,0.257061439252217,19,0.95,TRUE,"DFNA5","DFNA5","","PRKAA1;PPM1D;Mdm2;TP53;TP53INP1;CDKN1A;MYC;MALAT1;SIRT1;DFNA5;E2F1;AKT1;RB1;CDC25A;BBC3;BCL2;BAX;CASP3;CASP9",21,"Limited observational concordance","HCC; malignant cell annotated observational concordance; not causal perturbation validation"
"GSE189903","GSE189903_HCC","2HT3","HCC tumour-region observational concordance; malignant status annotated separately","CASP3 OE",0.521102880443778,0.519464397430453,0.229313463121123,19,0.95,TRUE,"CASP3","CASP3","DFNA5;CDKN1A;CASP9","PRKAA1;PPM1D;Mdm2;TP53;TP53INP1;CDKN1A;MYC;MALAT1;SIRT1;DFNA5;E2F1;AKT1;RB1;CDC25A;BBC3;BCL2;BAX;CASP3;CASP9",21,"Limited observational concordance","HCC; malignant cell annotated observational concordance; not causal perturbation validation"
"GSE189903","GSE189903_HCC","2HT3","HCC tumour-region observational concordance; malignant status annotated separately","miR-204-5p OE + GSDME KO",0.627058353563798,0.60092879866575,0.27239835838757,19,0.95,TRUE,"MIR204;DFNA5","DFNA5","SIRT1;BCL2;MYC;E2F1;CDC25A;AKT1","PRKAA1;PPM1D;Mdm2;TP53;TP53INP1;CDKN1A;MYC;MALAT1;SIRT1;DFNA5;E2F1;AKT1;RB1;CDC25A;BBC3;BCL2;BAX;CASP3;CASP9",21,"Limited observational concordance","HCC; malignant cell annotated observational concordance; not causal perturbation validation"
"GSE189903","GSE189903_HCC","2HT3","HCC tumour-region observational concordance; malignant status annotated separately","CASP3 OE + GSDME KO",0.512550248864831,0.510615182805975,0.257423243005164,19,0.95,TRUE,"CASP3;DFNA5","CASP3;DFNA5","DFNA5;CDKN1A;CASP9","PRKAA1;PPM1D;Mdm2;TP53;TP53INP1;CDKN1A;MYC;MALAT1;SIRT1;DFNA5;E2F1;AKT1;RB1;CDC25A;BBC3;BCL2;BAX;CASP3;CASP9",21,"Limited observational concordance","HCC; malignant cell annotated observational concordance; not causal perturbation validation"
"GSE189903","GSE189903_HCC","2HT3","HCC tumour-region observational concordance; malignant status annotated separately","SIRT1 KO + GSDME KO",0.574561533282697,0.554487274321971,0.348802775984084,19,0.95,TRUE,"SIRT1;DFNA5","SIRT1;DFNA5","TP53","PRKAA1;PPM1D;Mdm2;TP53;TP53INP1;CDKN1A;MYC;MALAT1;SIRT1;DFNA5;E2F1;AKT1;RB1;CDC25A;BBC3;BCL2;BAX;CASP3;CASP9",21,"Limited observational concordance","HCC; malignant cell annotated observational concordance; not causal perturbation validation"
"GSE189903","GSE189903_HCC","2HT3","HCC tumour-region observational concordance; malignant status annotated separately","MALAT1 KO + GSDME KO",0.510576564654305,0.448158189137272,-0.0395495743960774,19,0.95,TRUE,"MALAT1;DFNA5","MALAT1;DFNA5","","PRKAA1;PPM1D;Mdm2;TP53;TP53INP1;CDKN1A;MYC;MALAT1;SIRT1;DFNA5;E2F1;AKT1;RB1;CDC25A;BBC3;BCL2;BAX;CASP3;CASP9",21,"Limited observational concordance","HCC; malignant cell annotated observational concordance; not causal perturbation validation"
"GSE189903","GSE189903_HCC","2HT3","HCC tumour-region observational concordance; malignant status annotated separately","miR-204-5p OE + CASP3 KO",0.582979406195377,0.579729069526176,0.34532251695572,19,0.95,TRUE,"MIR204;CASP3","CASP3","SIRT1;BCL2;MYC;E2F1;CDC25A;AKT1;DFNA5;CDKN1A;CASP9","PRKAA1;PPM1D;Mdm2;TP53;TP53INP1;CDKN1A;MYC;MALAT1;SIRT1;DFNA5;E2F1;AKT1;RB1;CDC25A;BBC3;BCL2;BAX;CASP3;CASP9",21,"Limited observational concordance","HCC; malignant cell annotated observational concordance; not causal perturbation validation"
"GSE189903","GSE189903_HCC","2HT3","HCC tumour-region observational concordance; malignant status annotated separately","GSDME E1 + CASP3 E1",0.541168669917462,0.531911479102271,0.229313463121123,19,0.95,TRUE,"DFNA5;CASP3","DFNA5;CASP3","DFNA5;CDKN1A;CASP9","PRKAA1;PPM1D;Mdm2;TP53;TP53INP1;CDKN1A;MYC;MALAT1;SIRT1;DFNA5;E2F1;AKT1;RB1;CDC25A;BBC3;BCL2;BAX;CASP3;CASP9",21,"Limited observational concordance","HCC; malignant cell annotated observational concordance; not causal perturbation validation"
"GSE189903","GSE189903_HCC","2HT3","HCC tumour-region observational concordance; malignant status annotated separately","p53 E1 + miR-204-5p E1 + CASP3 KO + p21 E1",0.556334669353271,0.542197019693912,0.248981946973514,19,0.95,TRUE,"TP53;MIR204;CASP3;CDKN1A","TP53;CASP3;CDKN1A","Mdm2;SIRT1;BCL2;MYC;E2F1;CDC25A;AKT1;CASP3;DFNA5;CDKN1A;CASP9","PRKAA1;PPM1D;Mdm2;TP53;TP53INP1;CDKN1A;MYC;MALAT1;SIRT1;DFNA5;E2F1;AKT1;RB1;CDC25A;BBC3;BCL2;BAX;CASP3;CASP9",21,"Limited observational concordance","HCC; malignant cell annotated observational concordance; not causal perturbation validation"
"GSE189903","GSE189903_HCC","2HT3","HCC tumour-region observational concordance; malignant status annotated separately","MALAT1 E1 + miR-204-5p KO + SIRT1 E1",0.479550248864831,0.522469583338805,0.0787026890505362,19,0.95,TRUE,"MALAT1;MIR204;SIRT1","MALAT1;SIRT1","SIRT1;BCL2;MYC;E2F1;CDC25A;AKT1;TP53","PRKAA1;PPM1D;Mdm2;TP53;TP53INP1;CDKN1A;MYC;MALAT1;SIRT1;DFNA5;E2F1;AKT1;RB1;CDC25A;BBC3;BCL2;BAX;CASP3;CASP9",21,"Limited observational concordance","HCC; malignant cell annotated observational concordance; not causal perturbation validation"
"GSE189903","GSE189903_HCC","2HT3","HCC tumour-region observational concordance; malignant status annotated separately","SIRT1 KO + GSDME KO + CASP3 E1",0.565351006966907,0.544833043216154,0.401258436218272,19,0.95,TRUE,"SIRT1;DFNA5;CASP3","SIRT1;DFNA5;CASP3","DFNA5;CDKN1A;CASP9;TP53","PRKAA1;PPM1D;Mdm2;TP53;TP53INP1;CDKN1A;MYC;MALAT1;SIRT1;DFNA5;E2F1;AKT1;RB1;CDC25A;BBC3;BCL2;BAX;CASP3;CASP9",21,"Limited observational concordance","HCC; malignant cell annotated observational concordance; not causal perturbation validation"
"GSE189903","GSE189903_HCC","2HT3","HCC tumour-region observational concordance; malignant status annotated separately","BAX E1",0.572084532504452,0.616063400057121,0.476047744026548,19,0.95,TRUE,"BAX","BAX","CASP3","PRKAA1;PPM1D;Mdm2;TP53;TP53INP1;CDKN1A;MYC;MALAT1;SIRT1;DFNA5;E2F1;AKT1;RB1;CDC25A;BBC3;BCL2;BAX;CASP3;CASP9",21,"Limited observational concordance","HCC; malignant cell annotated observational concordance; not causal perturbation validation"
"GSE189903","GSE189903_HCC","2HT3","HCC tumour-region observational concordance; malignant status annotated separately","BAX E1 + GSDME KO",0.57767663776761,0.607238776973607,0.46569736721216,19,0.95,TRUE,"BAX;DFNA5","BAX;DFNA5","CASP3","PRKAA1;PPM1D;Mdm2;TP53;TP53INP1;CDKN1A;MYC;MALAT1;SIRT1;DFNA5;E2F1;AKT1;RB1;CDC25A;BBC3;BCL2;BAX;CASP3;CASP9",21,"Limited observational concordance","HCC; malignant cell annotated observational concordance; not causal perturbation validation"
"GSE189903","GSE189903_HCC","2HT3","HCC tumour-region observational concordance; malignant status annotated separately","p53 E1",0.741497617285884,0.705954509411051,0.274716703142609,19,0.95,TRUE,"TP53","TP53","Mdm2","PRKAA1;PPM1D;Mdm2;TP53;TP53INP1;CDKN1A;MYC;MALAT1;SIRT1;DFNA5;E2F1;AKT1;RB1;CDC25A;BBC3;BCL2;BAX;CASP3;CASP9",21,"Limited observational concordance","HCC; malignant cell annotated observational concordance; not causal perturbation validation"
"GSE189903","GSE189903_HCC","2HT3","HCC tumour-region observational concordance; malignant status annotated separately","p53 KO",0.479550248864831,0.489563205063225,0.0787026890505362,19,0.95,TRUE,"TP53","TP53","Mdm2","PRKAA1;PPM1D;Mdm2;TP53;TP53INP1;CDKN1A;MYC;MALAT1;SIRT1;DFNA5;E2F1;AKT1;RB1;CDC25A;BBC3;BCL2;BAX;CASP3;CASP9",21,"Limited observational concordance","HCC; malignant cell annotated observational concordance; not causal perturbation validation"
"GSE189903","GSE189903_HCC","2HT3","HCC tumour-region observational concordance; malignant status annotated separately","p21 E1",0.522941805988037,0.516203421381917,0.0637237079685629,19,0.95,TRUE,"CDKN1A","CDKN1A","CASP3","PRKAA1;PPM1D;Mdm2;TP53;TP53INP1;CDKN1A;MYC;MALAT1;SIRT1;DFNA5;E2F1;AKT1;RB1;CDC25A;BBC3;BCL2;BAX;CASP3;CASP9",21,"Limited observational concordance","HCC; malignant cell annotated observational concordance; not causal perturbation validation"
