"accession","experiment","validation_group","validation_scope","perturbation","concordance_score","weighted_concordance_score","spearman_rank_correlation","nodes_compared","node_coverage","direct_target_observed","direct_nodes","observed_direct_nodes","observed_first_order_nodes","compared_nodes","n_cells","evidence_grade","claim_level"
"GSE125449","GSE125449_Set1","S10_P05_LCP23","tumour-cell-intrinsic observational concordance","Reference: DDR ON, GSDME endogenous",0.59762624365752,0.59762624365752,-0.0264747825074525,19,0.95,FALSE,"","","","PRKAA1;PPM1D;Mdm2;TP53;TP53INP1;CDKN1A;MYC;MALAT1;SIRT1;DFNA5;E2F1;AKT1;RB1;CDC25A;BBC3;BCL2;BAX;CASP3;CASP9",46,"Indirect only: perturbed node not measured","HCC; malignant cell annotated observational concordance; not causal perturbation validation"
"GSE125449","GSE125449_Set1","S10_P05_LCP23","tumour-cell-intrinsic observational concordance","GSDME KO",0.601160351805949,0.587365758377865,-0.0729089956691528,19,0.95,TRUE,"DFNA5","DFNA5","","PRKAA1;PPM1D;Mdm2;TP53;TP53INP1;CDKN1A;MYC;MALAT1;SIRT1;DFNA5;E2F1;AKT1;RB1;CDC25A;BBC3;BCL2;BAX;CASP3;CASP9",46,"Limited observational concordance","HCC; malignant cell annotated observational concordance; not causal perturbation validation"
"GSE125449","GSE125449_Set1","S10_P05_LCP23","tumour-cell-intrinsic observational concordance","CASP3 KO",0.606094562332265,0.593482155368304,-0.114724057532294,19,0.95,TRUE,"CASP3","CASP3","DFNA5;CDKN1A;CASP9","PRKAA1;PPM1D;Mdm2;TP53;TP53INP1;CDKN1A;MYC;MALAT1;SIRT1;DFNA5;E2F1;AKT1;RB1;CDC25A;BBC3;BCL2;BAX;CASP3;CASP9",46,"Limited observational concordance","HCC; malignant cell annotated observational concordance; not causal perturbation validation"
"GSE125449","GSE125449_Set1","S10_P05_LCP23","tumour-cell-intrinsic observational concordance","miR-204-5p OE",0.576412231659854,0.576073296061489,-0.370795882646403,19,0.95,FALSE,"MIR204","","SIRT1;BCL2;MYC;E2F1;CDC25A;AKT1","PRKAA1;PPM1D;Mdm2;TP53;TP53INP1;CDKN1A;MYC;MALAT1;SIRT1;DFNA5;E2F1;AKT1;RB1;CDC25A;BBC3;BCL2;BAX;CASP3;CASP9",46,"Indirect only: perturbed node not measured","HCC; malignant cell annotated observational concordance; not causal perturbation validation"
"GSE125449","GSE125449_Set1","S10_P05_LCP23","tumour-cell-intrinsic observational concordance","miR-204-5p KO",0.527147193911212,0.502631867372521,0.0707686410942324,19,0.95,FALSE,"MIR204","","SIRT1;BCL2;MYC;E2F1;CDC25A;AKT1","PRKAA1;PPM1D;Mdm2;TP53;TP53INP1;CDKN1A;MYC;MALAT1;SIRT1;DFNA5;E2F1;AKT1;RB1;CDC25A;BBC3;BCL2;BAX;CASP3;CASP9",46,"Indirect only: perturbed node not measured","HCC; malignant cell annotated observational concordance; not causal perturbation validation"
"GSE125449","GSE125449_Set1","S10_P05_LCP23","tumour-cell-intrinsic observational concordance","MALAT1 OE",0.527147193911212,0.569415769603357,0.0707686410942324,19,0.95,TRUE,"MALAT1","MALAT1","","PRKAA1;PPM1D;Mdm2;TP53;TP53INP1;CDKN1A;MYC;MALAT1;SIRT1;DFNA5;E2F1;AKT1;RB1;CDC25A;BBC3;BCL2;BAX;CASP3;CASP9",46,"Limited observational concordance","HCC; malignant cell annotated observational concordance; not causal perturbation validation"
"GSE125449","GSE125449_Set1","S10_P05_LCP23","tumour-cell-intrinsic observational concordance","MALAT1 KO",0.572666585869421,0.51678704020719,-0.292060314870131,19,0.95,TRUE,"MALAT1","MALAT1","","PRKAA1;PPM1D;Mdm2;TP53;TP53INP1;CDKN1A;MYC;MALAT1;SIRT1;DFNA5;E2F1;AKT1;RB1;CDC25A;BBC3;BCL2;BAX;CASP3;CASP9",46,"Limited observational concordance","HCC; malignant cell annotated observational concordance; not causal perturbation validation"
"GSE125449","GSE125449_Set1","S10_P05_LCP23","tumour-cell-intrinsic observational concordance","SIRT1 OE",0.527147193911212,0.522425942796219,0.0707686410942324,19,0.95,TRUE,"SIRT1","SIRT1","TP53","PRKAA1;PPM1D;Mdm2;TP53;TP53INP1;CDKN1A;MYC;MALAT1;SIRT1;DFNA5;E2F1;AKT1;RB1;CDC25A;BBC3;BCL2;BAX;CASP3;CASP9",46,"Limited observational concordance","HCC; malignant cell annotated observational concordance; not causal perturbation validation"
"GSE125449","GSE125449_Set1","S10_P05_LCP23","tumour-cell-intrinsic observational concordance","SIRT1 KO",0.482268252701386,0.485352034840276,-0.388707198499668,19,0.95,TRUE,"SIRT1","SIRT1","TP53","PRKAA1;PPM1D;Mdm2;TP53;TP53INP1;CDKN1A;MYC;MALAT1;SIRT1;DFNA5;E2F1;AKT1;RB1;CDC25A;BBC3;BCL2;BAX;CASP3;CASP9",46,"Limited observational concordance","HCC; malignant cell annotated observational concordance; not causal perturbation validation"
"GSE125449","GSE125449_Set1","S10_P05_LCP23","tumour-cell-intrinsic observational concordance","BCL2 KO",0.590389401552257,0.594768733420117,-0.0853209908609371,19,0.95,TRUE,"BCL2","BCL2","BAX;CASP3","PRKAA1;PPM1D;Mdm2;TP53;TP53INP1;CDKN1A;MYC;MALAT1;SIRT1;DFNA5;E2F1;AKT1;RB1;CDC25A;BBC3;BCL2;BAX;CASP3;CASP9",46,"Limited observational concordance","HCC; malignant cell annotated observational concordance; not causal perturbation validation"
"GSE125449","GSE125449_Set1","S10_P05_LCP23","tumour-cell-intrinsic observational concordance","GSDME OE",0.581094562332265,0.57003621292332,0.0208707047335249,19,0.95,TRUE,"DFNA5","DFNA5","","PRKAA1;PPM1D;Mdm2;TP53;TP53INP1;CDKN1A;MYC;MALAT1;SIRT1;DFNA5;E2F1;AKT1;RB1;CDC25A;BBC3;BCL2;BAX;CASP3;CASP9",46,"Limited observational concordance","HCC; malignant cell annotated observational concordance; not causal perturbation validation"
"GSE125449","GSE125449_Set1","S10_P05_LCP23","tumour-cell-intrinsic observational concordance","CASP3 OE",0.592692033131204,0.583046233175497,0.0834828189340997,19,0.95,TRUE,"CASP3","CASP3","DFNA5;CDKN1A;CASP9","PRKAA1;PPM1D;Mdm2;TP53;TP53INP1;CDKN1A;MYC;MALAT1;SIRT1;DFNA5;E2F1;AKT1;RB1;CDC25A;BBC3;BCL2;BAX;CASP3;CASP9",46,"Limited observational concordance","HCC; malignant cell annotated observational concordance; not causal perturbation validation"
"GSE125449","GSE125449_Set1","S10_P05_LCP23","tumour-cell-intrinsic observational concordance","miR-204-5p OE + GSDME KO",0.560622757975644,0.557208300054901,-0.374850649362439,19,0.95,TRUE,"MIR204;DFNA5","DFNA5","SIRT1;BCL2;MYC;E2F1;CDC25A;AKT1","PRKAA1;PPM1D;Mdm2;TP53;TP53INP1;CDKN1A;MYC;MALAT1;SIRT1;DFNA5;E2F1;AKT1;RB1;CDC25A;BBC3;BCL2;BAX;CASP3;CASP9",46,"Limited observational concordance","HCC; malignant cell annotated observational concordance; not causal perturbation validation"
"GSE125449","GSE125449_Set1","S10_P05_LCP23","tumour-cell-intrinsic observational concordance","CASP3 OE + GSDME KO",0.582081404437528,0.568964958674355,0.0176000668803812,19,0.95,TRUE,"CASP3;DFNA5","CASP3;DFNA5","DFNA5;CDKN1A;CASP9","PRKAA1;PPM1D;Mdm2;TP53;TP53INP1;CDKN1A;MYC;MALAT1;SIRT1;DFNA5;E2F1;AKT1;RB1;CDC25A;BBC3;BCL2;BAX;CASP3;CASP9",46,"Limited observational concordance","HCC; malignant cell annotated observational concordance; not causal perturbation validation"
"GSE125449","GSE125449_Set1","S10_P05_LCP23","tumour-cell-intrinsic observational concordance","SIRT1 KO + GSDME KO",0.473057726385597,0.480311415435628,-0.351973593444166,19,0.95,TRUE,"SIRT1;DFNA5","SIRT1;DFNA5","TP53","PRKAA1;PPM1D;Mdm2;TP53;TP53INP1;CDKN1A;MYC;MALAT1;SIRT1;DFNA5;E2F1;AKT1;RB1;CDC25A;BBC3;BCL2;BAX;CASP3;CASP9",46,"Limited observational concordance","HCC; malignant cell annotated observational concordance; not causal perturbation validation"
"GSE125449","GSE125449_Set1","S10_P05_LCP23","tumour-cell-intrinsic observational concordance","MALAT1 KO + GSDME KO",0.588847200069807,0.527069862174621,-0.31008062621641,19,0.95,TRUE,"MALAT1;DFNA5","MALAT1;DFNA5","","PRKAA1;PPM1D;Mdm2;TP53;TP53INP1;CDKN1A;MYC;MALAT1;SIRT1;DFNA5;E2F1;AKT1;RB1;CDC25A;BBC3;BCL2;BAX;CASP3;CASP9",46,"Limited observational concordance","HCC; malignant cell annotated observational concordance; not causal perturbation validation"
"GSE125449","GSE125449_Set1","S10_P05_LCP23","tumour-cell-intrinsic observational concordance","miR-204-5p OE + CASP3 KO",0.506675389554591,0.525986296827183,-0.453754992350632,19,0.95,TRUE,"MIR204;CASP3","CASP3","SIRT1;BCL2;MYC;E2F1;CDC25A;AKT1;DFNA5;CDKN1A;CASP9","PRKAA1;PPM1D;Mdm2;TP53;TP53INP1;CDKN1A;MYC;MALAT1;SIRT1;DFNA5;E2F1;AKT1;RB1;CDC25A;BBC3;BCL2;BAX;CASP3;CASP9",46,"Limited observational concordance","HCC; malignant cell annotated observational concordance; not causal perturbation validation"
"GSE125449","GSE125449_Set1","S10_P05_LCP23","tumour-cell-intrinsic observational concordance","GSDME E1 + CASP3 E1",0.567278772858581,0.557390884600281,0.0834828189340997,19,0.95,TRUE,"DFNA5;CASP3","DFNA5;CASP3","DFNA5;CDKN1A;CASP9","PRKAA1;PPM1D;Mdm2;TP53;TP53INP1;CDKN1A;MYC;MALAT1;SIRT1;DFNA5;E2F1;AKT1;RB1;CDC25A;BBC3;BCL2;BAX;CASP3;CASP9",46,"Limited observational concordance","HCC; malignant cell annotated observational concordance; not causal perturbation validation"
"GSE125449","GSE125449_Set1","S10_P05_LCP23","tumour-cell-intrinsic observational concordance","p53 E1 + miR-204-5p E1 + CASP3 KO + p21 E1",0.477728021133538,0.480758400050096,-0.470152163025777,19,0.95,TRUE,"TP53;MIR204;CASP3;CDKN1A","TP53;CASP3;CDKN1A","Mdm2;SIRT1;BCL2;MYC;E2F1;CDC25A;AKT1;CASP3;DFNA5;CDKN1A;CASP9","PRKAA1;PPM1D;Mdm2;TP53;TP53INP1;CDKN1A;MYC;MALAT1;SIRT1;DFNA5;E2F1;AKT1;RB1;CDC25A;BBC3;BCL2;BAX;CASP3;CASP9",46,"Limited observational concordance","HCC; malignant cell annotated observational concordance; not causal perturbation validation"
"GSE125449","GSE125449_Set1","S10_P05_LCP23","tumour-cell-intrinsic observational concordance","MALAT1 E1 + miR-204-5p KO + SIRT1 E1",0.527147193911212,0.534746675202383,0.0707686410942324,19,0.95,TRUE,"MALAT1;MIR204;SIRT1","MALAT1;SIRT1","SIRT1;BCL2;MYC;E2F1;CDC25A;AKT1;TP53","PRKAA1;PPM1D;Mdm2;TP53;TP53INP1;CDKN1A;MYC;MALAT1;SIRT1;DFNA5;E2F1;AKT1;RB1;CDC25A;BBC3;BCL2;BAX;CASP3;CASP9",46,"Limited observational concordance","HCC; malignant cell annotated observational concordance; not causal perturbation validation"
"GSE125449","GSE125449_Set1","S10_P05_LCP23","tumour-cell-intrinsic observational concordance","SIRT1 KO + GSDME KO + CASP3 E1",0.471741936911913,0.494051741974868,-0.251845635711251,19,0.95,TRUE,"SIRT1;DFNA5;CASP3","SIRT1;DFNA5;CASP3","DFNA5;CDKN1A;CASP9;TP53","PRKAA1;PPM1D;Mdm2;TP53;TP53INP1;CDKN1A;MYC;MALAT1;SIRT1;DFNA5;E2F1;AKT1;RB1;CDC25A;BBC3;BCL2;BAX;CASP3;CASP9",46,"Limited observational concordance","HCC; malignant cell annotated observational concordance; not causal perturbation validation"
"GSE125449","GSE125449_Set1","S10_P05_LCP23","tumour-cell-intrinsic observational concordance","BAX E1",0.537099927868046,0.475860936837506,-0.263987912165665,19,0.95,TRUE,"BAX","BAX","CASP3","PRKAA1;PPM1D;Mdm2;TP53;TP53INP1;CDKN1A;MYC;MALAT1;SIRT1;DFNA5;E2F1;AKT1;RB1;CDC25A;BBC3;BCL2;BAX;CASP3;CASP9",46,"Limited observational concordance","HCC; malignant cell annotated observational concordance; not causal perturbation validation"
"GSE125449","GSE125449_Set1","S10_P05_LCP23","tumour-cell-intrinsic observational concordance","BAX E1 + GSDME KO",0.521310454183836,0.466626982587025,-0.279323309552882,19,0.95,TRUE,"BAX;DFNA5","BAX;DFNA5","CASP3","PRKAA1;PPM1D;Mdm2;TP53;TP53INP1;CDKN1A;MYC;MALAT1;SIRT1;DFNA5;E2F1;AKT1;RB1;CDC25A;BBC3;BCL2;BAX;CASP3;CASP9",46,"Limited observational concordance","HCC; malignant cell annotated observational concordance; not causal perturbation validation"
"GSE125449","GSE125449_Set1","S10_P05_LCP23","tumour-cell-intrinsic observational concordance","p53 E1",0.720755094806649,0.682362904405493,0.00110207575281935,19,0.95,TRUE,"TP53","TP53","Mdm2","PRKAA1;PPM1D;Mdm2;TP53;TP53INP1;CDKN1A;MYC;MALAT1;SIRT1;DFNA5;E2F1;AKT1;RB1;CDC25A;BBC3;BCL2;BAX;CASP3;CASP9",46,"Limited observational concordance","HCC; malignant cell annotated observational concordance; not causal perturbation validation"
"GSE125449","GSE125449_Set1","S10_P05_LCP23","tumour-cell-intrinsic observational concordance","p53 KO",0.527147193911212,0.522425942796219,0.0707686410942324,19,0.95,TRUE,"TP53","TP53","Mdm2","PRKAA1;PPM1D;Mdm2;TP53;TP53INP1;CDKN1A;MYC;MALAT1;SIRT1;DFNA5;E2F1;AKT1;RB1;CDC25A;BBC3;BCL2;BAX;CASP3;CASP9",46,"Limited observational concordance","HCC; malignant cell annotated observational concordance; not causal perturbation validation"
"GSE125449","GSE125449_Set1","S10_P05_LCP23","tumour-cell-intrinsic observational concordance","p21 E1",0.569975383395996,0.525956986297402,-0.238905293134802,19,0.95,TRUE,"CDKN1A","CDKN1A","CASP3","PRKAA1;PPM1D;Mdm2;TP53;TP53INP1;CDKN1A;MYC;MALAT1;SIRT1;DFNA5;E2F1;AKT1;RB1;CDC25A;BBC3;BCL2;BAX;CASP3;CASP9",46,"Limited observational concordance","HCC; malignant cell annotated observational concordance; not causal perturbation validation"
"GSE125449","GSE125449_Set1","S12_P07_LCP30","tumour-cell-intrinsic observational concordance","Reference: DDR ON, GSDME endogenous",0.565923289249472,0.565923289249472,-0.0220623187562105,19,0.95,FALSE,"","","","PRKAA1;PPM1D;Mdm2;TP53;TP53INP1;CDKN1A;MYC;MALAT1;SIRT1;DFNA5;E2F1;AKT1;RB1;CDC25A;BBC3;BCL2;BAX;CASP3;CASP9",25,"Indirect only: perturbed node not measured","HCC; malignant cell annotated observational concordance; not causal perturbation validation"
"GSE125449","GSE125449_Set1","S12_P07_LCP30","tumour-cell-intrinsic observational concordance","GSDME KO",0.568883815565262,0.559490567988181,-0.0684902686589011,19,0.95,TRUE,"DFNA5","DFNA5","","PRKAA1;PPM1D;Mdm2;TP53;TP53INP1;CDKN1A;MYC;MALAT1;SIRT1;DFNA5;E2F1;AKT1;RB1;CDC25A;BBC3;BCL2;BAX;CASP3;CASP9",25,"Limited observational concordance","HCC; malignant cell annotated observational concordance; not causal perturbation validation"
"GSE125449","GSE125449_Set1","S12_P07_LCP30","tumour-cell-intrinsic observational concordance","CASP3 KO",0.573818026091577,0.568917918924814,-0.108105361905431,19,0.95,TRUE,"CASP3","CASP3","DFNA5;CDKN1A;CASP9","PRKAA1;PPM1D;Mdm2;TP53;TP53INP1;CDKN1A;MYC;MALAT1;SIRT1;DFNA5;E2F1;AKT1;RB1;CDC25A;BBC3;BCL2;BAX;CASP3;CASP9",25,"Limited observational concordance","HCC; malignant cell annotated observational concordance; not causal perturbation validation"
"GSE125449","GSE125449_Set1","S12_P07_LCP30","tumour-cell-intrinsic observational concordance","miR-204-5p OE",0.61845672039221,0.608027107498079,-0.127781965711991,19,0.95,FALSE,"MIR204","","SIRT1;BCL2;MYC;E2F1;CDC25A;AKT1","PRKAA1;PPM1D;Mdm2;TP53;TP53INP1;CDKN1A;MYC;MALAT1;SIRT1;DFNA5;E2F1;AKT1;RB1;CDC25A;BBC3;BCL2;BAX;CASP3;CASP9",25,"Indirect only: perturbed node not measured","HCC; malignant cell annotated observational concordance; not causal perturbation validation"
"GSE125449","GSE125449_Set1","S12_P07_LCP30","tumour-cell-intrinsic observational concordance","miR-204-5p KO",0.494870657670525,0.478101699829599,-0.0707686410942324,19,0.95,FALSE,"MIR204","","SIRT1;BCL2;MYC;E2F1;CDC25A;AKT1","PRKAA1;PPM1D;Mdm2;TP53;TP53INP1;CDKN1A;MYC;MALAT1;SIRT1;DFNA5;E2F1;AKT1;RB1;CDC25A;BBC3;BCL2;BAX;CASP3;CASP9",25,"Indirect only: perturbed node not measured","HCC; malignant cell annotated observational concordance; not causal perturbation validation"
"GSE125449","GSE125449_Set1","S12_P07_LCP30","tumour-cell-intrinsic observational concordance","MALAT1 OE",0.494870657670525,0.52396886008695,-0.0707686410942324,19,0.95,TRUE,"MALAT1","MALAT1","","PRKAA1;PPM1D;Mdm2;TP53;TP53INP1;CDKN1A;MYC;MALAT1;SIRT1;DFNA5;E2F1;AKT1;RB1;CDC25A;BBC3;BCL2;BAX;CASP3;CASP9",25,"Limited observational concordance","HCC; malignant cell annotated observational concordance; not causal perturbation validation"
"GSE125449","GSE125449_Set1","S12_P07_LCP30","tumour-cell-intrinsic observational concordance","MALAT1 KO",0.557159344471475,0.520966141762959,-0.277840149726641,19,0.95,TRUE,"MALAT1","MALAT1","","PRKAA1;PPM1D;Mdm2;TP53;TP53INP1;CDKN1A;MYC;MALAT1;SIRT1;DFNA5;E2F1;AKT1;RB1;CDC25A;BBC3;BCL2;BAX;CASP3;CASP9",25,"Limited observational concordance","HCC; malignant cell annotated observational concordance; not causal perturbation validation"
"GSE125449","GSE125449_Set1","S12_P07_LCP30","tumour-cell-intrinsic observational concordance","SIRT1 OE",0.494870657670525,0.495762717206086,-0.0707686410942324,19,0.95,TRUE,"SIRT1","SIRT1","TP53","PRKAA1;PPM1D;Mdm2;TP53;TP53INP1;CDKN1A;MYC;MALAT1;SIRT1;DFNA5;E2F1;AKT1;RB1;CDC25A;BBC3;BCL2;BAX;CASP3;CASP9",25,"Limited observational concordance","HCC; malignant cell annotated observational concordance; not causal perturbation validation"
"GSE125449","GSE125449_Set1","S12_P07_LCP30","tumour-cell-intrinsic observational concordance","SIRT1 KO",0.524223086432251,0.520010375748381,-0.195986822772942,19,0.95,TRUE,"SIRT1","SIRT1","TP53","PRKAA1;PPM1D;Mdm2;TP53;TP53INP1;CDKN1A;MYC;MALAT1;SIRT1;DFNA5;E2F1;AKT1;RB1;CDC25A;BBC3;BCL2;BAX;CASP3;CASP9",25,"Limited observational concordance","HCC; malignant cell annotated observational concordance; not causal perturbation validation"
"GSE125449","GSE125449_Set1","S12_P07_LCP30","tumour-cell-intrinsic observational concordance","BCL2 KO",0.560002236617893,0.565785600398911,-0.0415666365732771,19,0.95,TRUE,"BCL2","BCL2","BAX;CASP3","PRKAA1;PPM1D;Mdm2;TP53;TP53INP1;CDKN1A;MYC;MALAT1;SIRT1;DFNA5;E2F1;AKT1;RB1;CDC25A;BBC3;BCL2;BAX;CASP3;CASP9",25,"Limited observational concordance","HCC; malignant cell annotated observational concordance; not causal perturbation validation"
"GSE125449","GSE125449_Set1","S12_P07_LCP30","tumour-cell-intrinsic observational concordance","GSDME OE",0.548818026091577,0.542161022533635,-0.0142799558703065,19,0.95,TRUE,"DFNA5","DFNA5","","PRKAA1;PPM1D;Mdm2;TP53;TP53INP1;CDKN1A;MYC;MALAT1;SIRT1;DFNA5;E2F1;AKT1;RB1;CDC25A;BBC3;BCL2;BAX;CASP3;CASP9",25,"Limited observational concordance","HCC; malignant cell annotated observational concordance; not causal perturbation validation"
"GSE125449","GSE125449_Set1","S12_P07_LCP30","tumour-cell-intrinsic observational concordance","CASP3 OE",0.561646973459998,0.559417918924814,0.00878766515095786,19,0.95,TRUE,"CASP3","CASP3","DFNA5;CDKN1A;CASP9","PRKAA1;PPM1D;Mdm2;TP53;TP53INP1;CDKN1A;MYC;MALAT1;SIRT1;DFNA5;E2F1;AKT1;RB1;CDC25A;BBC3;BCL2;BAX;CASP3;CASP9",25,"Limited observational concordance","HCC; malignant cell annotated observational concordance; not causal perturbation validation"
"GSE125449","GSE125449_Set1","S12_P07_LCP30","tumour-cell-intrinsic observational concordance","miR-204-5p OE + GSDME KO",0.602667246707999,0.585738488837571,-0.119111421292738,19,0.95,TRUE,"MIR204;DFNA5","DFNA5","SIRT1;BCL2;MYC;E2F1;CDC25A;AKT1","PRKAA1;PPM1D;Mdm2;TP53;TP53INP1;CDKN1A;MYC;MALAT1;SIRT1;DFNA5;E2F1;AKT1;RB1;CDC25A;BBC3;BCL2;BAX;CASP3;CASP9",25,"Limited observational concordance","HCC; malignant cell annotated observational concordance; not causal perturbation validation"
"GSE125449","GSE125449_Set1","S12_P07_LCP30","tumour-cell-intrinsic observational concordance","CASP3 OE + GSDME KO",0.54980486819684,0.546220295300754,-0.0154000585203336,19,0.95,TRUE,"CASP3;DFNA5","CASP3;DFNA5","DFNA5;CDKN1A;CASP9","PRKAA1;PPM1D;Mdm2;TP53;TP53INP1;CDKN1A;MYC;MALAT1;SIRT1;DFNA5;E2F1;AKT1;RB1;CDC25A;BBC3;BCL2;BAX;CASP3;CASP9",25,"Limited observational concordance","HCC; malignant cell annotated observational concordance; not causal perturbation validation"
"GSE125449","GSE125449_Set1","S12_P07_LCP30","tumour-cell-intrinsic observational concordance","SIRT1 KO + GSDME KO",0.515012560116461,0.510970717008183,-0.0952535797439658,19,0.95,TRUE,"SIRT1;DFNA5","SIRT1;DFNA5","TP53","PRKAA1;PPM1D;Mdm2;TP53;TP53INP1;CDKN1A;MYC;MALAT1;SIRT1;DFNA5;E2F1;AKT1;RB1;CDC25A;BBC3;BCL2;BAX;CASP3;CASP9",25,"Limited observational concordance","HCC; malignant cell annotated observational concordance; not causal perturbation validation"
"GSE125449","GSE125449_Set1","S12_P07_LCP30","tumour-cell-intrinsic observational concordance","MALAT1 KO + GSDME KO",0.576567239208317,0.533200204751404,-0.292611295161965,19,0.95,TRUE,"MALAT1;DFNA5","MALAT1;DFNA5","","PRKAA1;PPM1D;Mdm2;TP53;TP53INP1;CDKN1A;MYC;MALAT1;SIRT1;DFNA5;E2F1;AKT1;RB1;CDC25A;BBC3;BCL2;BAX;CASP3;CASP9",25,"Limited observational concordance","HCC; malignant cell annotated observational concordance; not causal perturbation validation"
"GSE125449","GSE125449_Set1","S12_P07_LCP30","tumour-cell-intrinsic observational concordance","miR-204-5p OE + CASP3 KO",0.548719878286947,0.551782974518439,-0.175567326740572,19,0.95,TRUE,"MIR204;CASP3","CASP3","SIRT1;BCL2;MYC;E2F1;CDC25A;AKT1;DFNA5;CDKN1A;CASP9","PRKAA1;PPM1D;Mdm2;TP53;TP53INP1;CDKN1A;MYC;MALAT1;SIRT1;DFNA5;E2F1;AKT1;RB1;CDC25A;BBC3;BCL2;BAX;CASP3;CASP9",25,"Limited observational concordance","HCC; malignant cell annotated observational concordance; not causal perturbation validation"
"GSE125449","GSE125449_Set1","S12_P07_LCP30","tumour-cell-intrinsic observational concordance","GSDME E1 + CASP3 E1",0.535002236617893,0.53464622122668,0.00878766515095786,19,0.95,TRUE,"DFNA5;CASP3","DFNA5;CASP3","DFNA5;CDKN1A;CASP9","PRKAA1;PPM1D;Mdm2;TP53;TP53INP1;CDKN1A;MYC;MALAT1;SIRT1;DFNA5;E2F1;AKT1;RB1;CDC25A;BBC3;BCL2;BAX;CASP3;CASP9",25,"Limited observational concordance","HCC; malignant cell annotated observational concordance; not causal perturbation validation"
"GSE125449","GSE125449_Set1","S12_P07_LCP30","tumour-cell-intrinsic observational concordance","p53 E1 + miR-204-5p E1 + CASP3 KO + p21 E1",0.519772509865894,0.502417871765157,-0.208956516900345,19,0.95,TRUE,"TP53;MIR204;CASP3;CDKN1A","TP53;CASP3;CDKN1A","Mdm2;SIRT1;BCL2;MYC;E2F1;CDC25A;AKT1;CASP3;DFNA5;CDKN1A;CASP9","PRKAA1;PPM1D;Mdm2;TP53;TP53INP1;CDKN1A;MYC;MALAT1;SIRT1;DFNA5;E2F1;AKT1;RB1;CDC25A;BBC3;BCL2;BAX;CASP3;CASP9",25,"Limited observational concordance","HCC; malignant cell annotated observational concordance; not causal perturbation validation"
"GSE125449","GSE125449_Set1","S12_P07_LCP30","tumour-cell-intrinsic observational concordance","MALAT1 E1 + miR-204-5p KO + SIRT1 E1",0.494870657670525,0.502494029739125,-0.0707686410942324,19,0.95,TRUE,"MALAT1;MIR204;SIRT1","MALAT1;SIRT1","SIRT1;BCL2;MYC;E2F1;CDC25A;AKT1;TP53","PRKAA1;PPM1D;Mdm2;TP53;TP53INP1;CDKN1A;MYC;MALAT1;SIRT1;DFNA5;E2F1;AKT1;RB1;CDC25A;BBC3;BCL2;BAX;CASP3;CASP9",25,"Limited observational concordance","HCC; malignant cell annotated observational concordance; not causal perturbation validation"
"GSE125449","GSE125449_Set1","S12_P07_LCP30","tumour-cell-intrinsic observational concordance","SIRT1 KO + GSDME KO + CASP3 E1",0.513696770642777,0.519738519986876,-0.00479705972783335,19,0.95,TRUE,"SIRT1;DFNA5;CASP3","SIRT1;DFNA5;CASP3","DFNA5;CDKN1A;CASP9;TP53","PRKAA1;PPM1D;Mdm2;TP53;TP53INP1;CDKN1A;MYC;MALAT1;SIRT1;DFNA5;E2F1;AKT1;RB1;CDC25A;BBC3;BCL2;BAX;CASP3;CASP9",25,"Limited observational concordance","HCC; malignant cell annotated observational concordance; not causal perturbation validation"
"GSE125449","GSE125449_Set1","S12_P07_LCP30","tumour-cell-intrinsic observational concordance","BAX E1",0.521048350951168,0.482705779416111,-0.242080201612497,19,0.95,TRUE,"BAX","BAX","CASP3","PRKAA1;PPM1D;Mdm2;TP53;TP53INP1;CDKN1A;MYC;MALAT1;SIRT1;DFNA5;E2F1;AKT1;RB1;CDC25A;BBC3;BCL2;BAX;CASP3;CASP9",25,"Limited observational concordance","HCC; malignant cell annotated observational concordance; not causal perturbation validation"
"GSE125449","GSE125449_Set1","S12_P07_LCP30","tumour-cell-intrinsic observational concordance","BAX E1 + GSDME KO",0.505258877266958,0.472682035637329,-0.257415598999715,19,0.95,TRUE,"BAX;DFNA5","BAX;DFNA5","CASP3","PRKAA1;PPM1D;Mdm2;TP53;TP53INP1;CDKN1A;MYC;MALAT1;SIRT1;DFNA5;E2F1;AKT1;RB1;CDC25A;BBC3;BCL2;BAX;CASP3;CASP9",25,"Limited observational concordance","HCC; malignant cell annotated observational concordance; not causal perturbation validation"
"GSE125449","GSE125449_Set1","S12_P07_LCP30","tumour-cell-intrinsic observational concordance","p53 E1",0.746494932488961,0.703626248577837,-0.0154290605394709,19,0.95,TRUE,"TP53","TP53","Mdm2","PRKAA1;PPM1D;Mdm2;TP53;TP53INP1;CDKN1A;MYC;MALAT1;SIRT1;DFNA5;E2F1;AKT1;RB1;CDC25A;BBC3;BCL2;BAX;CASP3;CASP9",25,"Limited observational concordance","HCC; malignant cell annotated observational concordance; not causal perturbation validation"
"GSE125449","GSE125449_Set1","S12_P07_LCP30","tumour-cell-intrinsic observational concordance","p53 KO",0.494870657670525,0.495762717206086,-0.0707686410942324,19,0.95,TRUE,"TP53","TP53","Mdm2","PRKAA1;PPM1D;Mdm2;TP53;TP53INP1;CDKN1A;MYC;MALAT1;SIRT1;DFNA5;E2F1;AKT1;RB1;CDC25A;BBC3;BCL2;BAX;CASP3;CASP9",25,"Limited observational concordance","HCC; malignant cell annotated observational concordance; not causal perturbation validation"
"GSE125449","GSE125449_Set1","S12_P07_LCP30","tumour-cell-intrinsic observational concordance","p21 E1",0.537788502156799,0.499478917775566,-0.269590376656703,19,0.95,TRUE,"CDKN1A","CDKN1A","CASP3","PRKAA1;PPM1D;Mdm2;TP53;TP53INP1;CDKN1A;MYC;MALAT1;SIRT1;DFNA5;E2F1;AKT1;RB1;CDC25A;BBC3;BCL2;BAX;CASP3;CASP9",25,"Limited observational concordance","HCC; malignant cell annotated observational concordance; not causal perturbation validation"
"GSE125449","GSE125449_Set1","S15_P09_LCP38","tumour-cell-intrinsic observational concordance","Reference: DDR ON, GSDME endogenous",0.568041208893872,0.568041208893872,-0.227241883188968,19,0.95,FALSE,"","","","PRKAA1;PPM1D;Mdm2;TP53;TP53INP1;CDKN1A;MYC;MALAT1;SIRT1;DFNA5;E2F1;AKT1;RB1;CDC25A;BBC3;BCL2;BAX;CASP3;CASP9",228,"Indirect only: perturbed node not measured","HCC; malignant cell annotated observational concordance; not causal perturbation validation"
"GSE125449","GSE125449_Set1","S15_P09_LCP38","tumour-cell-intrinsic observational concordance","GSDME KO",0.569983387971483,0.560440198702645,-0.181167807420319,19,0.95,TRUE,"DFNA5","DFNA5","","PRKAA1;PPM1D;Mdm2;TP53;TP53INP1;CDKN1A;MYC;MALAT1;SIRT1;DFNA5;E2F1;AKT1;RB1;CDC25A;BBC3;BCL2;BAX;CASP3;CASP9",228,"Limited observational concordance","HCC; malignant cell annotated observational concordance; not causal perturbation validation"
"GSE125449","GSE125449_Set1","S15_P09_LCP38","tumour-cell-intrinsic observational concordance","CASP3 KO",0.572943914287273,0.555318052898002,-0.157745579106905,19,0.95,TRUE,"CASP3","CASP3","DFNA5;CDKN1A;CASP9","PRKAA1;PPM1D;Mdm2;TP53;TP53INP1;CDKN1A;MYC;MALAT1;SIRT1;DFNA5;E2F1;AKT1;RB1;CDC25A;BBC3;BCL2;BAX;CASP3;CASP9",228,"Limited observational concordance","HCC; malignant cell annotated observational concordance; not causal perturbation validation"
"GSE125449","GSE125449_Set1","S15_P09_LCP38","tumour-cell-intrinsic observational concordance","miR-204-5p OE",0.6298370541838,0.616676161179688,-0.220195708771556,19,0.95,FALSE,"MIR204","","SIRT1;BCL2;MYC;E2F1;CDC25A;AKT1","PRKAA1;PPM1D;Mdm2;TP53;TP53INP1;CDKN1A;MYC;MALAT1;SIRT1;DFNA5;E2F1;AKT1;RB1;CDC25A;BBC3;BCL2;BAX;CASP3;CASP9",228,"Indirect only: perturbed node not measured","HCC; malignant cell annotated observational concordance; not causal perturbation validation"
"GSE125449","GSE125449_Set1","S15_P09_LCP38","tumour-cell-intrinsic observational concordance","miR-204-5p KO",0.496988577314925,0.479711318759343,-0.0471790940628216,19,0.95,FALSE,"MIR204","","SIRT1;BCL2;MYC;E2F1;CDC25A;AKT1","PRKAA1;PPM1D;Mdm2;TP53;TP53INP1;CDKN1A;MYC;MALAT1;SIRT1;DFNA5;E2F1;AKT1;RB1;CDC25A;BBC3;BCL2;BAX;CASP3;CASP9",228,"Indirect only: perturbed node not measured","HCC; malignant cell annotated observational concordance; not causal perturbation validation"
"GSE125449","GSE125449_Set1","S15_P09_LCP38","tumour-cell-intrinsic observational concordance","MALAT1 OE",0.496988577314925,0.551559357512348,-0.0471790940628216,19,0.95,TRUE,"MALAT1","MALAT1","","PRKAA1;PPM1D;Mdm2;TP53;TP53INP1;CDKN1A;MYC;MALAT1;SIRT1;DFNA5;E2F1;AKT1;RB1;CDC25A;BBC3;BCL2;BAX;CASP3;CASP9",228,"Limited observational concordance","HCC; malignant cell annotated observational concordance; not causal perturbation validation"
"GSE125449","GSE125449_Set1","S15_P09_LCP38","tumour-cell-intrinsic observational concordance","MALAT1 KO",0.539391282708325,0.479859612507732,-0.483485614878644,19,0.95,TRUE,"MALAT1","MALAT1","","PRKAA1;PPM1D;Mdm2;TP53;TP53INP1;CDKN1A;MYC;MALAT1;SIRT1;DFNA5;E2F1;AKT1;RB1;CDC25A;BBC3;BCL2;BAX;CASP3;CASP9",228,"Limited observational concordance","HCC; malignant cell annotated observational concordance; not causal perturbation validation"
"GSE125449","GSE125449_Set1","S15_P09_LCP38","tumour-cell-intrinsic observational concordance","SIRT1 OE",0.496988577314925,0.497512302999286,-0.0471790940628216,19,0.95,TRUE,"SIRT1","SIRT1","TP53","PRKAA1;PPM1D;Mdm2;TP53;TP53INP1;CDKN1A;MYC;MALAT1;SIRT1;DFNA5;E2F1;AKT1;RB1;CDC25A;BBC3;BCL2;BAX;CASP3;CASP9",228,"Limited observational concordance","HCC; malignant cell annotated observational concordance; not causal perturbation validation"
"GSE125449","GSE125449_Set1","S15_P09_LCP38","tumour-cell-intrinsic observational concordance","SIRT1 KO",0.506375417232825,0.505266649018421,-0.379996673043093,19,0.95,TRUE,"SIRT1","SIRT1","TP53","PRKAA1;PPM1D;Mdm2;TP53;TP53INP1;CDKN1A;MYC;MALAT1;SIRT1;DFNA5;E2F1;AKT1;RB1;CDC25A;BBC3;BCL2;BAX;CASP3;CASP9",228,"Limited observational concordance","HCC; malignant cell annotated observational concordance; not causal perturbation validation"
"GSE125449","GSE125449_Set1","S15_P09_LCP38","tumour-cell-intrinsic observational concordance","BCL2 KO",0.562120156262293,0.55677264666741,-0.247212101725279,19,0.95,TRUE,"BCL2","BCL2","BAX;CASP3","PRKAA1;PPM1D;Mdm2;TP53;TP53INP1;CDKN1A;MYC;MALAT1;SIRT1;DFNA5;E2F1;AKT1;RB1;CDC25A;BBC3;BCL2;BAX;CASP3;CASP9",228,"Limited observational concordance","HCC; malignant cell annotated observational concordance; not causal perturbation validation"
"GSE125449","GSE125449_Set1","S15_P09_LCP38","tumour-cell-intrinsic observational concordance","GSDME OE",0.550935945735977,0.543990134953799,-0.185639426313985,19,0.95,TRUE,"DFNA5","DFNA5","","PRKAA1;PPM1D;Mdm2;TP53;TP53INP1;CDKN1A;MYC;MALAT1;SIRT1;DFNA5;E2F1;AKT1;RB1;CDC25A;BBC3;BCL2;BAX;CASP3;CASP9",228,"Limited observational concordance","HCC; malignant cell annotated observational concordance; not causal perturbation validation"
"GSE125449","GSE125449_Set1","S15_P09_LCP38","tumour-cell-intrinsic observational concordance","CASP3 OE",0.563404440603062,0.547818052898002,-0.160374889004981,19,0.95,TRUE,"CASP3","CASP3","DFNA5;CDKN1A;CASP9","PRKAA1;PPM1D;Mdm2;TP53;TP53INP1;CDKN1A;MYC;MALAT1;SIRT1;DFNA5;E2F1;AKT1;RB1;CDC25A;BBC3;BCL2;BAX;CASP3;CASP9",228,"Limited observational concordance","HCC; malignant cell annotated observational concordance; not causal perturbation validation"
"GSE125449","GSE125449_Set1","S15_P09_LCP38","tumour-cell-intrinsic observational concordance","miR-204-5p OE + GSDME KO",0.610651733022298,0.591156533122274,-0.276758890650773,19,0.95,TRUE,"MIR204;DFNA5","DFNA5","SIRT1;BCL2;MYC;E2F1;CDC25A;AKT1","PRKAA1;PPM1D;Mdm2;TP53;TP53INP1;CDKN1A;MYC;MALAT1;SIRT1;DFNA5;E2F1;AKT1;RB1;CDC25A;BBC3;BCL2;BAX;CASP3;CASP9",228,"Limited observational concordance","HCC; malignant cell annotated observational concordance; not causal perturbation validation"
"GSE125449","GSE125449_Set1","S15_P09_LCP38","tumour-cell-intrinsic observational concordance","CASP3 OE + GSDME KO",0.55192278784124,0.535733330369461,-0.20130076494436,19,0.95,TRUE,"CASP3;DFNA5","CASP3;DFNA5","DFNA5;CDKN1A;CASP9","PRKAA1;PPM1D;Mdm2;TP53;TP53INP1;CDKN1A;MYC;MALAT1;SIRT1;DFNA5;E2F1;AKT1;RB1;CDC25A;BBC3;BCL2;BAX;CASP3;CASP9",228,"Limited observational concordance","HCC; malignant cell annotated observational concordance; not causal perturbation validation"
"GSE125449","GSE125449_Set1","S15_P09_LCP38","tumour-cell-intrinsic observational concordance","SIRT1 KO + GSDME KO",0.497164890917035,0.497928189516295,-0.315963093784862,19,0.95,TRUE,"SIRT1;DFNA5","SIRT1;DFNA5","TP53","PRKAA1;PPM1D;Mdm2;TP53;TP53INP1;CDKN1A;MYC;MALAT1;SIRT1;DFNA5;E2F1;AKT1;RB1;CDC25A;BBC3;BCL2;BAX;CASP3;CASP9",228,"Limited observational concordance","HCC; malignant cell annotated observational concordance; not causal perturbation validation"
"GSE125449","GSE125449_Set1","S15_P09_LCP38","tumour-cell-intrinsic observational concordance","MALAT1 KO + GSDME KO",0.558799177445167,0.497026459006804,-0.466212772515518,19,0.95,TRUE,"MALAT1;DFNA5","MALAT1;DFNA5","","PRKAA1;PPM1D;Mdm2;TP53;TP53INP1;CDKN1A;MYC;MALAT1;SIRT1;DFNA5;E2F1;AKT1;RB1;CDC25A;BBC3;BCL2;BAX;CASP3;CASP9",228,"Limited observational concordance","HCC; malignant cell annotated observational concordance; not causal perturbation validation"
"GSE125449","GSE125449_Set1","S15_P09_LCP38","tumour-cell-intrinsic observational concordance","miR-204-5p OE + CASP3 KO",0.559335943548614,0.565303221884372,-0.272005717485393,19,0.95,TRUE,"MIR204;CASP3","CASP3","SIRT1;BCL2;MYC;E2F1;CDC25A;AKT1;DFNA5;CDKN1A;CASP9","PRKAA1;PPM1D;Mdm2;TP53;TP53INP1;CDKN1A;MYC;MALAT1;SIRT1;DFNA5;E2F1;AKT1;RB1;CDC25A;BBC3;BCL2;BAX;CASP3;CASP9",228,"Limited observational concordance","HCC; malignant cell annotated observational concordance; not causal perturbation validation"
"GSE125449","GSE125449_Set1","S15_P09_LCP38","tumour-cell-intrinsic observational concordance","GSDME E1 + CASP3 E1",0.537120156262293,0.524159256295387,-0.160374889004981,19,0.95,TRUE,"DFNA5;CASP3","DFNA5;CASP3","DFNA5;CDKN1A;CASP9","PRKAA1;PPM1D;Mdm2;TP53;TP53INP1;CDKN1A;MYC;MALAT1;SIRT1;DFNA5;E2F1;AKT1;RB1;CDC25A;BBC3;BCL2;BAX;CASP3;CASP9",228,"Limited observational concordance","HCC; malignant cell annotated observational concordance; not causal perturbation validation"
"GSE125449","GSE125449_Set1","S15_P09_LCP38","tumour-cell-intrinsic observational concordance","p53 E1 + miR-204-5p E1 + CASP3 KO + p21 E1",0.535965738181049,0.536954004661198,-0.21766303843786,19,0.95,TRUE,"TP53;MIR204;CASP3;CDKN1A","TP53;CASP3;CDKN1A","Mdm2;SIRT1;BCL2;MYC;E2F1;CDC25A;AKT1;CASP3;DFNA5;CDKN1A;CASP9","PRKAA1;PPM1D;Mdm2;TP53;TP53INP1;CDKN1A;MYC;MALAT1;SIRT1;DFNA5;E2F1;AKT1;RB1;CDC25A;BBC3;BCL2;BAX;CASP3;CASP9",228,"Limited observational concordance","HCC; malignant cell annotated observational concordance; not causal perturbation validation"
"GSE125449","GSE125449_Set1","S15_P09_LCP38","tumour-cell-intrinsic observational concordance","MALAT1 E1 + miR-204-5p KO + SIRT1 E1",0.496988577314925,0.522074382750698,-0.0471790940628216,19,0.95,TRUE,"MALAT1;MIR204;SIRT1","MALAT1;SIRT1","SIRT1;BCL2;MYC;E2F1;CDC25A;AKT1;TP53","PRKAA1;PPM1D;Mdm2;TP53;TP53INP1;CDKN1A;MYC;MALAT1;SIRT1;DFNA5;E2F1;AKT1;RB1;CDC25A;BBC3;BCL2;BAX;CASP3;CASP9",228,"Limited observational concordance","HCC; malignant cell annotated observational concordance; not causal perturbation validation"
"GSE125449","GSE125449_Set1","S15_P09_LCP38","tumour-cell-intrinsic observational concordance","SIRT1 KO + GSDME KO + CASP3 E1",0.495849101443351,0.498367738013405,-0.383764778226668,19,0.95,TRUE,"SIRT1;DFNA5;CASP3","SIRT1;DFNA5;CASP3","DFNA5;CDKN1A;CASP9;TP53","PRKAA1;PPM1D;Mdm2;TP53;TP53INP1;CDKN1A;MYC;MALAT1;SIRT1;DFNA5;E2F1;AKT1;RB1;CDC25A;BBC3;BCL2;BAX;CASP3;CASP9",228,"Limited observational concordance","HCC; malignant cell annotated observational concordance; not causal perturbation validation"
"GSE125449","GSE125449_Set1","S15_P09_LCP38","tumour-cell-intrinsic observational concordance","BAX E1",0.550171677206055,0.540227400600533,-0.384480320208084,19,0.95,TRUE,"BAX","BAX","CASP3","PRKAA1;PPM1D;Mdm2;TP53;TP53INP1;CDKN1A;MYC;MALAT1;SIRT1;DFNA5;E2F1;AKT1;RB1;CDC25A;BBC3;BCL2;BAX;CASP3;CASP9",228,"Limited observational concordance","HCC; malignant cell annotated observational concordance; not causal perturbation validation"
"GSE125449","GSE125449_Set1","S15_P09_LCP38","tumour-cell-intrinsic observational concordance","BAX E1 + GSDME KO",0.534382203521844,0.523566546685087,-0.369144922820867,19,0.95,TRUE,"BAX;DFNA5","BAX;DFNA5","CASP3","PRKAA1;PPM1D;Mdm2;TP53;TP53INP1;CDKN1A;MYC;MALAT1;SIRT1;DFNA5;E2F1;AKT1;RB1;CDC25A;BBC3;BCL2;BAX;CASP3;CASP9",228,"Limited observational concordance","HCC; malignant cell annotated observational concordance; not causal perturbation validation"
"GSE125449","GSE125449_Set1","S15_P09_LCP38","tumour-cell-intrinsic observational concordance","p53 E1",0.72062652786801,0.682256696934443,-0.20388401427158,19,0.95,TRUE,"TP53","TP53","Mdm2","PRKAA1;PPM1D;Mdm2;TP53;TP53INP1;CDKN1A;MYC;MALAT1;SIRT1;DFNA5;E2F1;AKT1;RB1;CDC25A;BBC3;BCL2;BAX;CASP3;CASP9",228,"Limited observational concordance","HCC; malignant cell annotated observational concordance; not causal perturbation validation"
"GSE125449","GSE125449_Set1","S15_P09_LCP38","tumour-cell-intrinsic observational concordance","p53 KO",0.496988577314925,0.497512302999286,-0.0471790940628216,19,0.95,TRUE,"TP53","TP53","Mdm2","PRKAA1;PPM1D;Mdm2;TP53;TP53INP1;CDKN1A;MYC;MALAT1;SIRT1;DFNA5;E2F1;AKT1;RB1;CDC25A;BBC3;BCL2;BAX;CASP3;CASP9",228,"Limited observational concordance","HCC; malignant cell annotated observational concordance; not causal perturbation validation"
"GSE125449","GSE125449_Set1","S15_P09_LCP38","tumour-cell-intrinsic observational concordance","p21 E1",0.57227107734076,0.570145635499949,0.0372604585623086,19,0.95,TRUE,"CDKN1A","CDKN1A","CASP3","PRKAA1;PPM1D;Mdm2;TP53;TP53INP1;CDKN1A;MYC;MALAT1;SIRT1;DFNA5;E2F1;AKT1;RB1;CDC25A;BBC3;BCL2;BAX;CASP3;CASP9",228,"Limited observational concordance","HCC; malignant cell annotated observational concordance; not causal perturbation validation"
"GSE125449","GSE125449_Set1","S21_P13_LCP37","tumour-cell-intrinsic observational concordance","Reference: DDR ON, GSDME endogenous",0.50227809765521,0.50227809765521,-0.553764200780882,19,0.95,FALSE,"","","","PRKAA1;PPM1D;Mdm2;TP53;TP53INP1;CDKN1A;MYC;MALAT1;SIRT1;DFNA5;E2F1;AKT1;RB1;CDC25A;BBC3;BCL2;BAX;CASP3;CASP9",60,"Indirect only: perturbed node not measured","HCC; malignant cell annotated observational concordance; not causal perturbation validation"
"GSE125449","GSE125449_Set1","S21_P13_LCP37","tumour-cell-intrinsic observational concordance","GSDME KO",0.505238623971,0.504524266156772,-0.501525515663566,19,0.95,TRUE,"DFNA5","DFNA5","","PRKAA1;PPM1D;Mdm2;TP53;TP53INP1;CDKN1A;MYC;MALAT1;SIRT1;DFNA5;E2F1;AKT1;RB1;CDC25A;BBC3;BCL2;BAX;CASP3;CASP9",60,"Limited observational concordance","HCC; malignant cell annotated observational concordance; not causal perturbation validation"
"GSE125449","GSE125449_Set1","S21_P13_LCP37","tumour-cell-intrinsic observational concordance","CASP3 KO",0.510172834497315,0.49730122682656,-0.457793114191367,19,0.95,TRUE,"CASP3","CASP3","DFNA5;CDKN1A;CASP9","PRKAA1;PPM1D;Mdm2;TP53;TP53INP1;CDKN1A;MYC;MALAT1;SIRT1;DFNA5;E2F1;AKT1;RB1;CDC25A;BBC3;BCL2;BAX;CASP3;CASP9",60,"Limited observational concordance","HCC; malignant cell annotated observational concordance; not causal perturbation validation"
"GSE125449","GSE125449_Set1","S21_P13_LCP37","tumour-cell-intrinsic observational concordance","miR-204-5p OE",0.642530575293852,0.626323237223328,0.0832864597944227,19,0.95,FALSE,"MIR204","","SIRT1;BCL2;MYC;E2F1;CDC25A;AKT1","PRKAA1;PPM1D;Mdm2;TP53;TP53INP1;CDKN1A;MYC;MALAT1;SIRT1;DFNA5;E2F1;AKT1;RB1;CDC25A;BBC3;BCL2;BAX;CASP3;CASP9",60,"Indirect only: perturbed node not measured","HCC; malignant cell annotated observational concordance; not causal perturbation validation"
"GSE125449","GSE125449_Set1","S21_P13_LCP37","tumour-cell-intrinsic observational concordance","miR-204-5p KO",0.431225466076263,0.42973135421796,-0.448201393596805,19,0.95,FALSE,"MIR204","","SIRT1;BCL2;MYC;E2F1;CDC25A;AKT1","PRKAA1;PPM1D;Mdm2;TP53;TP53INP1;CDKN1A;MYC;MALAT1;SIRT1;DFNA5;E2F1;AKT1;RB1;CDC25A;BBC3;BCL2;BAX;CASP3;CASP9",60,"Indirect only: perturbed node not measured","HCC; malignant cell annotated observational concordance; not causal perturbation validation"
"GSE125449","GSE125449_Set1","S21_P13_LCP37","tumour-cell-intrinsic observational concordance","MALAT1 OE",0.431225466076263,0.403960554416556,-0.448201393596805,19,0.95,TRUE,"MALAT1","MALAT1","","PRKAA1;PPM1D;Mdm2;TP53;TP53INP1;CDKN1A;MYC;MALAT1;SIRT1;DFNA5;E2F1;AKT1;RB1;CDC25A;BBC3;BCL2;BAX;CASP3;CASP9",60,"Limited observational concordance","HCC; malignant cell annotated observational concordance; not causal perturbation validation"
"GSE125449","GSE125449_Set1","S21_P13_LCP37","tumour-cell-intrinsic observational concordance","MALAT1 KO",0.543722015489763,0.574403179663194,-0.286591020584173,19,0.95,TRUE,"MALAT1","MALAT1","","PRKAA1;PPM1D;Mdm2;TP53;TP53INP1;CDKN1A;MYC;MALAT1;SIRT1;DFNA5;E2F1;AKT1;RB1;CDC25A;BBC3;BCL2;BAX;CASP3;CASP9",60,"Limited observational concordance","HCC; malignant cell annotated observational concordance; not causal perturbation validation"
"GSE125449","GSE125449_Set1","S21_P13_LCP37","tumour-cell-intrinsic observational concordance","SIRT1 OE",0.431225466076263,0.443186254584739,-0.448201393596805,19,0.95,TRUE,"SIRT1","SIRT1","TP53","PRKAA1;PPM1D;Mdm2;TP53;TP53INP1;CDKN1A;MYC;MALAT1;SIRT1;DFNA5;E2F1;AKT1;RB1;CDC25A;BBC3;BCL2;BAX;CASP3;CASP9",60,"Limited observational concordance","HCC; malignant cell annotated observational concordance; not causal perturbation validation"
"GSE125449","GSE125449_Set1","S21_P13_LCP37","tumour-cell-intrinsic observational concordance","SIRT1 KO",0.547348578317225,0.539114042957707,-0.0065328940924314,19,0.95,TRUE,"SIRT1","SIRT1","TP53","PRKAA1;PPM1D;Mdm2;TP53;TP53INP1;CDKN1A;MYC;MALAT1;SIRT1;DFNA5;E2F1;AKT1;RB1;CDC25A;BBC3;BCL2;BAX;CASP3;CASP9",60,"Limited observational concordance","HCC; malignant cell annotated observational concordance; not causal perturbation validation"
"GSE125449","GSE125449_Set1","S21_P13_LCP37","tumour-cell-intrinsic observational concordance","BCL2 KO",0.496357045023631,0.493516159446956,-0.552398722881708,19,0.95,TRUE,"BCL2","BCL2","BAX;CASP3","PRKAA1;PPM1D;Mdm2;TP53;TP53INP1;CDKN1A;MYC;MALAT1;SIRT1;DFNA5;E2F1;AKT1;RB1;CDC25A;BBC3;BCL2;BAX;CASP3;CASP9",60,"Limited observational concordance","HCC; malignant cell annotated observational concordance; not causal perturbation validation"
"GSE125449","GSE125449_Set1","S21_P13_LCP37","tumour-cell-intrinsic observational concordance","GSDME OE",0.485172834497315,0.487194720702227,-0.49320770659751,19,0.95,TRUE,"DFNA5","DFNA5","","PRKAA1;PPM1D;Mdm2;TP53;TP53INP1;CDKN1A;MYC;MALAT1;SIRT1;DFNA5;E2F1;AKT1;RB1;CDC25A;BBC3;BCL2;BAX;CASP3;CASP9",60,"Limited observational concordance","HCC; malignant cell annotated observational concordance; not causal perturbation validation"
"GSE125449","GSE125449_Set1","S21_P13_LCP37","tumour-cell-intrinsic observational concordance","CASP3 OE",0.498001781865736,0.48780122682656,-0.45256475527433,19,0.95,TRUE,"CASP3","CASP3","DFNA5;CDKN1A;CASP9","PRKAA1;PPM1D;Mdm2;TP53;TP53INP1;CDKN1A;MYC;MALAT1;SIRT1;DFNA5;E2F1;AKT1;RB1;CDC25A;BBC3;BCL2;BAX;CASP3;CASP9",60,"Limited observational concordance","HCC; malignant cell annotated observational concordance; not causal perturbation validation"
"GSE125449","GSE125449_Set1","S21_P13_LCP37","tumour-cell-intrinsic observational concordance","miR-204-5p OE + GSDME KO",0.626741101609642,0.6020743189494,0.0420393251621427,19,0.95,TRUE,"MIR204;DFNA5","DFNA5","SIRT1;BCL2;MYC;E2F1;CDC25A;AKT1","PRKAA1;PPM1D;Mdm2;TP53;TP53INP1;CDKN1A;MYC;MALAT1;SIRT1;DFNA5;E2F1;AKT1;RB1;CDC25A;BBC3;BCL2;BAX;CASP3;CASP9",60,"Limited observational concordance","HCC; malignant cell annotated observational concordance; not causal perturbation validation"
"GSE125449","GSE125449_Set1","S21_P13_LCP37","tumour-cell-intrinsic observational concordance","CASP3 OE + GSDME KO",0.486159676602579,0.479908543357926,-0.495001881010722,19,0.95,TRUE,"CASP3;DFNA5","CASP3;DFNA5","DFNA5;CDKN1A;CASP9","PRKAA1;PPM1D;Mdm2;TP53;TP53INP1;CDKN1A;MYC;MALAT1;SIRT1;DFNA5;E2F1;AKT1;RB1;CDC25A;BBC3;BCL2;BAX;CASP3;CASP9",60,"Limited observational concordance","HCC; malignant cell annotated observational concordance; not causal perturbation validation"
"GSE125449","GSE125449_Set1","S21_P13_LCP37","tumour-cell-intrinsic observational concordance","SIRT1 KO + GSDME KO",0.538138052001435,0.527870114924126,0.0127779192339466,19,0.95,TRUE,"SIRT1;DFNA5","SIRT1;DFNA5","TP53","PRKAA1;PPM1D;Mdm2;TP53;TP53INP1;CDKN1A;MYC;MALAT1;SIRT1;DFNA5;E2F1;AKT1;RB1;CDC25A;BBC3;BCL2;BAX;CASP3;CASP9",60,"Limited observational concordance","HCC; malignant cell annotated observational concordance; not causal perturbation validation"
"GSE125449","GSE125449_Set1","S21_P13_LCP37","tumour-cell-intrinsic observational concordance","MALAT1 KO + GSDME KO",0.563129910226605,0.58022479810361,-0.270774631343908,19,0.95,TRUE,"MALAT1;DFNA5","MALAT1;DFNA5","","PRKAA1;PPM1D;Mdm2;TP53;TP53INP1;CDKN1A;MYC;MALAT1;SIRT1;DFNA5;E2F1;AKT1;RB1;CDC25A;BBC3;BCL2;BAX;CASP3;CASP9",60,"Limited observational concordance","HCC; malignant cell annotated observational concordance; not causal perturbation validation"
"GSE125449","GSE125449_Set1","S21_P13_LCP37","tumour-cell-intrinsic observational concordance","miR-204-5p OE + CASP3 KO",0.572793733188589,0.565236378896716,0.0457464161225433,19,0.95,TRUE,"MIR204;CASP3","CASP3","SIRT1;BCL2;MYC;E2F1;CDC25A;AKT1;DFNA5;CDKN1A;CASP9","PRKAA1;PPM1D;Mdm2;TP53;TP53INP1;CDKN1A;MYC;MALAT1;SIRT1;DFNA5;E2F1;AKT1;RB1;CDC25A;BBC3;BCL2;BAX;CASP3;CASP9",60,"Limited observational concordance","HCC; malignant cell annotated observational concordance; not causal perturbation validation"
"GSE125449","GSE125449_Set1","S21_P13_LCP37","tumour-cell-intrinsic observational concordance","GSDME E1 + CASP3 E1",0.471357045023631,0.468334469283851,-0.45256475527433,19,0.95,TRUE,"DFNA5;CASP3","DFNA5;CASP3","DFNA5;CDKN1A;CASP9","PRKAA1;PPM1D;Mdm2;TP53;TP53INP1;CDKN1A;MYC;MALAT1;SIRT1;DFNA5;E2F1;AKT1;RB1;CDC25A;BBC3;BCL2;BAX;CASP3;CASP9",60,"Limited observational concordance","HCC; malignant cell annotated observational concordance; not causal perturbation validation"
"GSE125449","GSE125449_Set1","S21_P13_LCP37","tumour-cell-intrinsic observational concordance","p53 E1 + miR-204-5p E1 + CASP3 KO + p21 E1",0.583136173692274,0.582076942013735,0.104478258450173,19,0.95,TRUE,"TP53;MIR204;CASP3;CDKN1A","TP53;CASP3;CDKN1A","Mdm2;SIRT1;BCL2;MYC;E2F1;CDC25A;AKT1;CASP3;DFNA5;CDKN1A;CASP9","PRKAA1;PPM1D;Mdm2;TP53;TP53INP1;CDKN1A;MYC;MALAT1;SIRT1;DFNA5;E2F1;AKT1;RB1;CDC25A;BBC3;BCL2;BAX;CASP3;CASP9",60,"Limited observational concordance","HCC; malignant cell annotated observational concordance; not causal perturbation validation"
"GSE125449","GSE125449_Set1","S21_P13_LCP37","tumour-cell-intrinsic observational concordance","MALAT1 E1 + miR-204-5p KO + SIRT1 E1",0.431225466076263,0.417326845069814,-0.448201393596805,19,0.95,TRUE,"MALAT1;MIR204;SIRT1","MALAT1;SIRT1","SIRT1;BCL2;MYC;E2F1;CDC25A;AKT1;TP53","PRKAA1;PPM1D;Mdm2;TP53;TP53INP1;CDKN1A;MYC;MALAT1;SIRT1;DFNA5;E2F1;AKT1;RB1;CDC25A;BBC3;BCL2;BAX;CASP3;CASP9",60,"Limited observational concordance","HCC; malignant cell annotated observational concordance; not causal perturbation validation"
"GSE125449","GSE125449_Set1","S21_P13_LCP37","tumour-cell-intrinsic observational concordance","SIRT1 KO + GSDME KO + CASP3 E1",0.536822262527751,0.515165154943299,-0.095941194556667,19,0.95,TRUE,"SIRT1;DFNA5;CASP3","SIRT1;DFNA5;CASP3","DFNA5;CDKN1A;CASP9;TP53","PRKAA1;PPM1D;Mdm2;TP53;TP53INP1;CDKN1A;MYC;MALAT1;SIRT1;DFNA5;E2F1;AKT1;RB1;CDC25A;BBC3;BCL2;BAX;CASP3;CASP9",60,"Limited observational concordance","HCC; malignant cell annotated observational concordance; not causal perturbation validation"
"GSE125449","GSE125449_Set1","S21_P13_LCP37","tumour-cell-intrinsic observational concordance","BAX E1",0.51268820594174,0.544304956480834,-0.292467935884782,19,0.95,TRUE,"BAX","BAX","CASP3","PRKAA1;PPM1D;Mdm2;TP53;TP53INP1;CDKN1A;MYC;MALAT1;SIRT1;DFNA5;E2F1;AKT1;RB1;CDC25A;BBC3;BCL2;BAX;CASP3;CASP9",60,"Limited observational concordance","HCC; malignant cell annotated observational concordance; not causal perturbation validation"
"GSE125449","GSE125449_Set1","S21_P13_LCP37","tumour-cell-intrinsic observational concordance","BAX E1 + GSDME KO",0.49689873225753,0.52717361534843,-0.274941767442248,19,0.95,TRUE,"BAX;DFNA5","BAX;DFNA5","CASP3","PRKAA1;PPM1D;Mdm2;TP53;TP53INP1;CDKN1A;MYC;MALAT1;SIRT1;DFNA5;E2F1;AKT1;RB1;CDC25A;BBC3;BCL2;BAX;CASP3;CASP9",60,"Limited observational concordance","HCC; malignant cell annotated observational concordance; not causal perturbation validation"
"GSE125449","GSE125449_Set1","S21_P13_LCP37","tumour-cell-intrinsic observational concordance","p53 E1",0.695823499564562,0.661767238770726,-0.494832013015889,19,0.95,TRUE,"TP53","TP53","Mdm2","PRKAA1;PPM1D;Mdm2;TP53;TP53INP1;CDKN1A;MYC;MALAT1;SIRT1;DFNA5;E2F1;AKT1;RB1;CDC25A;BBC3;BCL2;BAX;CASP3;CASP9",60,"Limited observational concordance","HCC; malignant cell annotated observational concordance; not causal perturbation validation"
"GSE125449","GSE125449_Set1","S21_P13_LCP37","tumour-cell-intrinsic observational concordance","p53 KO",0.431225466076263,0.443186254584739,-0.448201393596805,19,0.95,TRUE,"TP53","TP53","Mdm2","PRKAA1;PPM1D;Mdm2;TP53;TP53INP1;CDKN1A;MYC;MALAT1;SIRT1;DFNA5;E2F1;AKT1;RB1;CDC25A;BBC3;BCL2;BAX;CASP3;CASP9",60,"Limited observational concordance","HCC; malignant cell annotated observational concordance; not causal perturbation validation"
"GSE125449","GSE125449_Set1","S21_P13_LCP37","tumour-cell-intrinsic observational concordance","p21 E1",0.535317906579947,0.573241294755391,-0.204932522092697,19,0.95,TRUE,"CDKN1A","CDKN1A","CASP3","PRKAA1;PPM1D;Mdm2;TP53;TP53INP1;CDKN1A;MYC;MALAT1;SIRT1;DFNA5;E2F1;AKT1;RB1;CDC25A;BBC3;BCL2;BAX;CASP3;CASP9",60,"Limited observational concordance","HCC; malignant cell annotated observational concordance; not causal perturbation validation"
"GSE125449","GSE125449_Set2","S351_P10_LCP34","tumour-cell-intrinsic observational concordance","Reference: DDR ON, GSDME endogenous",0.587021388712488,0.587021388712488,0.34450996410239,19,0.95,FALSE,"","","","PRKAA1;PPM1D;Mdm2;TP53;TP53INP1;CDKN1A;MYC;MALAT1;SIRT1;DFNA5;E2F1;AKT1;RB1;CDC25A;BBC3;BCL2;BAX;CASP3;CASP9",43,"Indirect only: perturbed node not measured","HCC; malignant cell annotated observational concordance; not causal perturbation validation"
"GSE125449","GSE125449_Set2","S351_P10_LCP34","tumour-cell-intrinsic observational concordance","GSDME KO",0.589981915028277,0.577711653888057,0.275999182225857,19,0.95,TRUE,"DFNA5","DFNA5","","PRKAA1;PPM1D;Mdm2;TP53;TP53INP1;CDKN1A;MYC;MALAT1;SIRT1;DFNA5;E2F1;AKT1;RB1;CDC25A;BBC3;BCL2;BAX;CASP3;CASP9",43,"Limited observational concordance","HCC; malignant cell annotated observational concordance; not causal perturbation validation"
"GSE125449","GSE125449_Set2","S351_P10_LCP34","tumour-cell-intrinsic observational concordance","CASP3 KO",0.594916125554593,0.589461966958311,0.219465606761522,19,0.95,TRUE,"CASP3","CASP3","DFNA5;CDKN1A;CASP9","PRKAA1;PPM1D;Mdm2;TP53;TP53INP1;CDKN1A;MYC;MALAT1;SIRT1;DFNA5;E2F1;AKT1;RB1;CDC25A;BBC3;BCL2;BAX;CASP3;CASP9",43,"Limited observational concordance","HCC; malignant cell annotated observational concordance; not causal perturbation validation"
"GSE125449","GSE125449_Set2","S351_P10_LCP34","tumour-cell-intrinsic observational concordance","miR-204-5p OE",0.627304019894331,0.596751055119692,-0.0884185133752467,19,0.95,FALSE,"MIR204","","SIRT1;BCL2;MYC;E2F1;CDC25A;AKT1","PRKAA1;PPM1D;Mdm2;TP53;TP53INP1;CDKN1A;MYC;MALAT1;SIRT1;DFNA5;E2F1;AKT1;RB1;CDC25A;BBC3;BCL2;BAX;CASP3;CASP9",43,"Indirect only: perturbed node not measured","HCC; malignant cell annotated observational concordance; not causal perturbation validation"
"GSE125449","GSE125449_Set2","S351_P10_LCP34","tumour-cell-intrinsic observational concordance","miR-204-5p KO",0.51596875713354,0.51213625542149,0.218286286379416,19,0.95,FALSE,"MIR204","","SIRT1;BCL2;MYC;E2F1;CDC25A;AKT1","PRKAA1;PPM1D;Mdm2;TP53;TP53INP1;CDKN1A;MYC;MALAT1;SIRT1;DFNA5;E2F1;AKT1;RB1;CDC25A;BBC3;BCL2;BAX;CASP3;CASP9",43,"Indirect only: perturbed node not measured","HCC; malignant cell annotated observational concordance; not causal perturbation validation"
"GSE125449","GSE125449_Set2","S351_P10_LCP34","tumour-cell-intrinsic observational concordance","MALAT1 OE",0.51596875713354,0.525568998281641,0.218286286379416,19,0.95,TRUE,"MALAT1","MALAT1","","PRKAA1;PPM1D;Mdm2;TP53;TP53INP1;CDKN1A;MYC;MALAT1;SIRT1;DFNA5;E2F1;AKT1;RB1;CDC25A;BBC3;BCL2;BAX;CASP3;CASP9",43,"Limited observational concordance","HCC; malignant cell annotated observational concordance; not causal perturbation validation"
"GSE125449","GSE125449_Set2","S351_P10_LCP34","tumour-cell-intrinsic observational concordance","MALAT1 KO",0.591087649180599,0.566888807171479,0.0582017419744999,19,0.95,TRUE,"MALAT1","MALAT1","","PRKAA1;PPM1D;Mdm2;TP53;TP53INP1;CDKN1A;MYC;MALAT1;SIRT1;DFNA5;E2F1;AKT1;RB1;CDC25A;BBC3;BCL2;BAX;CASP3;CASP9",43,"Limited observational concordance","HCC; malignant cell annotated observational concordance; not causal perturbation validation"
"GSE125449","GSE125449_Set2","S351_P10_LCP34","tumour-cell-intrinsic observational concordance","SIRT1 OE",0.51596875713354,0.513191581979881,0.218286286379416,19,0.95,TRUE,"SIRT1","SIRT1","TP53","PRKAA1;PPM1D;Mdm2;TP53;TP53INP1;CDKN1A;MYC;MALAT1;SIRT1;DFNA5;E2F1;AKT1;RB1;CDC25A;BBC3;BCL2;BAX;CASP3;CASP9",43,"Limited observational concordance","HCC; malignant cell annotated observational concordance; not causal perturbation validation"
"GSE125449","GSE125449_Set2","S351_P10_LCP34","tumour-cell-intrinsic observational concordance","SIRT1 KO",0.549033115331778,0.540505617013208,-0.0654899373262811,19,0.95,TRUE,"SIRT1","SIRT1","TP53","PRKAA1;PPM1D;Mdm2;TP53;TP53INP1;CDKN1A;MYC;MALAT1;SIRT1;DFNA5;E2F1;AKT1;RB1;CDC25A;BBC3;BCL2;BAX;CASP3;CASP9",43,"Limited observational concordance","HCC; malignant cell annotated observational concordance; not causal perturbation validation"
"GSE125449","GSE125449_Set2","S351_P10_LCP34","tumour-cell-intrinsic observational concordance","BCL2 KO",0.581100336080909,0.570916573637585,0.331496878202586,19,0.95,TRUE,"BCL2","BCL2","BAX;CASP3","PRKAA1;PPM1D;Mdm2;TP53;TP53INP1;CDKN1A;MYC;MALAT1;SIRT1;DFNA5;E2F1;AKT1;RB1;CDC25A;BBC3;BCL2;BAX;CASP3;CASP9",43,"Limited observational concordance","HCC; malignant cell annotated observational concordance; not causal perturbation validation"
"GSE125449","GSE125449_Set2","S351_P10_LCP34","tumour-cell-intrinsic observational concordance","GSDME OE",0.569916125554593,0.560382108433512,0.310020350700368,19,0.95,TRUE,"DFNA5","DFNA5","","PRKAA1;PPM1D;Mdm2;TP53;TP53INP1;CDKN1A;MYC;MALAT1;SIRT1;DFNA5;E2F1;AKT1;RB1;CDC25A;BBC3;BCL2;BAX;CASP3;CASP9",43,"Limited observational concordance","HCC; malignant cell annotated observational concordance; not causal perturbation validation"
"GSE125449","GSE125449_Set2","S351_P10_LCP34","tumour-cell-intrinsic observational concordance","CASP3 OE",0.582745072923014,0.579961966958311,0.299855749038061,19,0.95,TRUE,"CASP3","CASP3","DFNA5;CDKN1A;CASP9","PRKAA1;PPM1D;Mdm2;TP53;TP53INP1;CDKN1A;MYC;MALAT1;SIRT1;DFNA5;E2F1;AKT1;RB1;CDC25A;BBC3;BCL2;BAX;CASP3;CASP9",43,"Limited observational concordance","HCC; malignant cell annotated observational concordance; not causal perturbation validation"
"GSE125449","GSE125449_Set2","S351_P10_LCP34","tumour-cell-intrinsic observational concordance","miR-204-5p OE + GSDME KO",0.615610190234881,0.578449771945098,-0.052678658400752,19,0.95,TRUE,"MIR204;DFNA5","DFNA5","SIRT1;BCL2;MYC;E2F1;CDC25A;AKT1","PRKAA1;PPM1D;Mdm2;TP53;TP53INP1;CDKN1A;MYC;MALAT1;SIRT1;DFNA5;E2F1;AKT1;RB1;CDC25A;BBC3;BCL2;BAX;CASP3;CASP9",43,"Limited observational concordance","HCC; malignant cell annotated observational concordance; not causal perturbation validation"
"GSE125449","GSE125449_Set2","S351_P10_LCP34","tumour-cell-intrinsic observational concordance","CASP3 OE + GSDME KO",0.570902967659856,0.565242561998436,0.311729055506977,19,0.95,TRUE,"CASP3;DFNA5","CASP3;DFNA5","DFNA5;CDKN1A;CASP9","PRKAA1;PPM1D;Mdm2;TP53;TP53INP1;CDKN1A;MYC;MALAT1;SIRT1;DFNA5;E2F1;AKT1;RB1;CDC25A;BBC3;BCL2;BAX;CASP3;CASP9",43,"Limited observational concordance","HCC; malignant cell annotated observational concordance; not causal perturbation validation"
"GSE125449","GSE125449_Set2","S351_P10_LCP34","tumour-cell-intrinsic observational concordance","SIRT1 KO + GSDME KO",0.539822589015989,0.529101122742453,-0.0147800874128713,19,0.95,TRUE,"SIRT1;DFNA5","SIRT1;DFNA5","TP53","PRKAA1;PPM1D;Mdm2;TP53;TP53INP1;CDKN1A;MYC;MALAT1;SIRT1;DFNA5;E2F1;AKT1;RB1;CDC25A;BBC3;BCL2;BAX;CASP3;CASP9",43,"Limited observational concordance","HCC; malignant cell annotated observational concordance; not causal perturbation validation"
"GSE125449","GSE125449_Set2","S351_P10_LCP34","tumour-cell-intrinsic observational concordance","MALAT1 KO + GSDME KO",0.610495543917441,0.573612150310902,0.0353615414042147,19,0.95,TRUE,"MALAT1;DFNA5","MALAT1;DFNA5","","PRKAA1;PPM1D;Mdm2;TP53;TP53INP1;CDKN1A;MYC;MALAT1;SIRT1;DFNA5;E2F1;AKT1;RB1;CDC25A;BBC3;BCL2;BAX;CASP3;CASP9",43,"Limited observational concordance","HCC; malignant cell annotated observational concordance; not causal perturbation validation"
"GSE125449","GSE125449_Set2","S351_P10_LCP34","tumour-cell-intrinsic observational concordance","miR-204-5p OE + CASP3 KO",0.560198756736436,0.540665599663605,-0.0958179816828592,19,0.95,TRUE,"MIR204;CASP3","CASP3","SIRT1;BCL2;MYC;E2F1;CDC25A;AKT1;DFNA5;CDKN1A;CASP9","PRKAA1;PPM1D;Mdm2;TP53;TP53INP1;CDKN1A;MYC;MALAT1;SIRT1;DFNA5;E2F1;AKT1;RB1;CDC25A;BBC3;BCL2;BAX;CASP3;CASP9",43,"Limited observational concordance","HCC; malignant cell annotated observational concordance; not causal perturbation validation"
"GSE125449","GSE125449_Set2","S351_P10_LCP34","tumour-cell-intrinsic observational concordance","GSDME E1 + CASP3 E1",0.556100336080908,0.553668487924362,0.299855749038061,19,0.95,TRUE,"DFNA5;CASP3","DFNA5;CASP3","DFNA5;CDKN1A;CASP9","PRKAA1;PPM1D;Mdm2;TP53;TP53INP1;CDKN1A;MYC;MALAT1;SIRT1;DFNA5;E2F1;AKT1;RB1;CDC25A;BBC3;BCL2;BAX;CASP3;CASP9",43,"Limited observational concordance","HCC; malignant cell annotated observational concordance; not causal perturbation validation"
"GSE125449","GSE125449_Set2","S351_P10_LCP34","tumour-cell-intrinsic observational concordance","p53 E1 + miR-204-5p E1 + CASP3 KO + p21 E1",0.532715453392776,0.487761222951383,-0.161131898902152,19,0.95,TRUE,"TP53;MIR204;CASP3;CDKN1A","TP53;CASP3;CDKN1A","Mdm2;SIRT1;BCL2;MYC;E2F1;CDC25A;AKT1;CASP3;DFNA5;CDKN1A;CASP9","PRKAA1;PPM1D;Mdm2;TP53;TP53INP1;CDKN1A;MYC;MALAT1;SIRT1;DFNA5;E2F1;AKT1;RB1;CDC25A;BBC3;BCL2;BAX;CASP3;CASP9",43,"Limited observational concordance","HCC; malignant cell annotated observational concordance; not causal perturbation validation"
"GSE125449","GSE125449_Set2","S351_P10_LCP34","tumour-cell-intrinsic observational concordance","MALAT1 E1 + miR-204-5p KO + SIRT1 E1",0.51596875713354,0.518145740716003,0.218286286379416,19,0.95,TRUE,"MALAT1;MIR204;SIRT1","MALAT1;SIRT1","SIRT1;BCL2;MYC;E2F1;CDC25A;AKT1;TP53","PRKAA1;PPM1D;Mdm2;TP53;TP53INP1;CDKN1A;MYC;MALAT1;SIRT1;DFNA5;E2F1;AKT1;RB1;CDC25A;BBC3;BCL2;BAX;CASP3;CASP9",43,"Limited observational concordance","HCC; malignant cell annotated observational concordance; not causal perturbation validation"
"GSE125449","GSE125449_Set2","S351_P10_LCP34","tumour-cell-intrinsic observational concordance","SIRT1 KO + GSDME KO + CASP3 E1",0.538506799542305,0.538581354184655,0.119297254684965,19,0.95,TRUE,"SIRT1;DFNA5;CASP3","SIRT1;DFNA5;CASP3","DFNA5;CDKN1A;CASP9;TP53","PRKAA1;PPM1D;Mdm2;TP53;TP53INP1;CDKN1A;MYC;MALAT1;SIRT1;DFNA5;E2F1;AKT1;RB1;CDC25A;BBC3;BCL2;BAX;CASP3;CASP9",43,"Limited observational concordance","HCC; malignant cell annotated observational concordance; not causal perturbation validation"
"GSE125449","GSE125449_Set2","S351_P10_LCP34","tumour-cell-intrinsic observational concordance","BAX E1",0.571380190631985,0.560508672900581,0.0456127611948471,19,0.95,TRUE,"BAX","BAX","CASP3","PRKAA1;PPM1D;Mdm2;TP53;TP53INP1;CDKN1A;MYC;MALAT1;SIRT1;DFNA5;E2F1;AKT1;RB1;CDC25A;BBC3;BCL2;BAX;CASP3;CASP9",43,"Limited observational concordance","HCC; malignant cell annotated observational concordance; not causal perturbation validation"
"GSE125449","GSE125449_Set2","S351_P10_LCP34","tumour-cell-intrinsic observational concordance","BAX E1 + GSDME KO",0.555590716947774,0.541507672181284,0.0228063805974235,19,0.95,TRUE,"BAX;DFNA5","BAX;DFNA5","CASP3","PRKAA1;PPM1D;Mdm2;TP53;TP53INP1;CDKN1A;MYC;MALAT1;SIRT1;DFNA5;E2F1;AKT1;RB1;CDC25A;BBC3;BCL2;BAX;CASP3;CASP9",43,"Limited observational concordance","HCC; malignant cell annotated observational concordance; not causal perturbation validation"
"GSE125449","GSE125449_Set2","S351_P10_LCP34","tumour-cell-intrinsic observational concordance","p53 E1",0.779585305720853,0.73096177429114,0.31231611639519,19,0.95,TRUE,"TP53","TP53","Mdm2","PRKAA1;PPM1D;Mdm2;TP53;TP53INP1;CDKN1A;MYC;MALAT1;SIRT1;DFNA5;E2F1;AKT1;RB1;CDC25A;BBC3;BCL2;BAX;CASP3;CASP9",43,"Limited observational concordance","HCC; malignant cell annotated observational concordance; not causal perturbation validation"
"GSE125449","GSE125449_Set2","S351_P10_LCP34","tumour-cell-intrinsic observational concordance","p53 KO",0.51596875713354,0.513191581979881,0.218286286379416,19,0.95,TRUE,"TP53","TP53","Mdm2","PRKAA1;PPM1D;Mdm2;TP53;TP53INP1;CDKN1A;MYC;MALAT1;SIRT1;DFNA5;E2F1;AKT1;RB1;CDC25A;BBC3;BCL2;BAX;CASP3;CASP9",43,"Limited observational concordance","HCC; malignant cell annotated observational concordance; not causal perturbation validation"
"GSE125449","GSE125449_Set2","S351_P10_LCP34","tumour-cell-intrinsic observational concordance","p21 E1",0.547019516247169,0.49239967145368,-0.0646481822875589,19,0.95,TRUE,"CDKN1A","CDKN1A","CASP3","PRKAA1;PPM1D;Mdm2;TP53;TP53INP1;CDKN1A;MYC;MALAT1;SIRT1;DFNA5;E2F1;AKT1;RB1;CDC25A;BBC3;BCL2;BAX;CASP3;CASP9",43,"Limited observational concordance","HCC; malignant cell annotated observational concordance; not causal perturbation validation"
"GSE125449","GSE125449_Set2","S364_P21_LCP65","tumour-cell-intrinsic observational concordance","Reference: DDR ON, GSDME endogenous",0.589241716696557,0.589241716696557,0.193946350161345,19,0.95,FALSE,"","","","PRKAA1;PPM1D;Mdm2;TP53;TP53INP1;CDKN1A;MYC;MALAT1;SIRT1;DFNA5;E2F1;AKT1;RB1;CDC25A;BBC3;BCL2;BAX;CASP3;CASP9",412,"Indirect only: perturbed node not measured","HCC; malignant cell annotated observational concordance; not causal perturbation validation"
"GSE125449","GSE125449_Set2","S364_P21_LCP65","tumour-cell-intrinsic observational concordance","GSDME KO",0.590886453538662,0.578492846237936,0.125221851195065,19,0.95,TRUE,"DFNA5","DFNA5","","PRKAA1;PPM1D;Mdm2;TP53;TP53INP1;CDKN1A;MYC;MALAT1;SIRT1;DFNA5;E2F1;AKT1;RB1;CDC25A;BBC3;BCL2;BAX;CASP3;CASP9",412,"Limited observational concordance","HCC; malignant cell annotated observational concordance; not causal perturbation validation"
"GSE125449","GSE125449_Set2","S364_P21_LCP65","tumour-cell-intrinsic observational concordance","CASP3 KO",0.593846979854452,0.579799096434982,0.0893173981006195,19,0.95,TRUE,"CASP3","CASP3","DFNA5;CDKN1A;CASP9","PRKAA1;PPM1D;Mdm2;TP53;TP53INP1;CDKN1A;MYC;MALAT1;SIRT1;DFNA5;E2F1;AKT1;RB1;CDC25A;BBC3;BCL2;BAX;CASP3;CASP9",412,"Limited observational concordance","HCC; malignant cell annotated observational concordance; not causal perturbation validation"
"GSE125449","GSE125449_Set2","S364_P21_LCP65","tumour-cell-intrinsic observational concordance","miR-204-5p OE",0.600416856636813,0.576316811043978,-0.353674053500987,19,0.95,FALSE,"MIR204","","SIRT1;BCL2;MYC;E2F1;CDC25A;AKT1","PRKAA1;PPM1D;Mdm2;TP53;TP53INP1;CDKN1A;MYC;MALAT1;SIRT1;DFNA5;E2F1;AKT1;RB1;CDC25A;BBC3;BCL2;BAX;CASP3;CASP9",412,"Indirect only: perturbed node not measured","HCC; malignant cell annotated observational concordance; not causal perturbation validation"
"GSE125449","GSE125449_Set2","S364_P21_LCP65","tumour-cell-intrinsic observational concordance","miR-204-5p KO",0.52584260631538,0.519640380799689,0.245572072176844,19,0.95,FALSE,"MIR204","","SIRT1;BCL2;MYC;E2F1;CDC25A;AKT1","PRKAA1;PPM1D;Mdm2;TP53;TP53INP1;CDKN1A;MYC;MALAT1;SIRT1;DFNA5;E2F1;AKT1;RB1;CDC25A;BBC3;BCL2;BAX;CASP3;CASP9",412,"Indirect only: perturbed node not measured","HCC; malignant cell annotated observational concordance; not causal perturbation validation"
"GSE125449","GSE125449_Set2","S364_P21_LCP65","tumour-cell-intrinsic observational concordance","MALAT1 OE",0.52584260631538,0.586778857914941,0.245572072176844,19,0.95,TRUE,"MALAT1","MALAT1","","PRKAA1;PPM1D;Mdm2;TP53;TP53INP1;CDKN1A;MYC;MALAT1;SIRT1;DFNA5;E2F1;AKT1;RB1;CDC25A;BBC3;BCL2;BAX;CASP3;CASP9",412,"Limited observational concordance","HCC; malignant cell annotated observational concordance; not causal perturbation validation"
"GSE125449","GSE125449_Set2","S364_P21_LCP65","tumour-cell-intrinsic observational concordance","MALAT1 KO",0.560294348275504,0.487612148322642,-0.126525526031521,19,0.95,TRUE,"MALAT1","MALAT1","","PRKAA1;PPM1D;Mdm2;TP53;TP53INP1;CDKN1A;MYC;MALAT1;SIRT1;DFNA5;E2F1;AKT1;RB1;CDC25A;BBC3;BCL2;BAX;CASP3;CASP9",412,"Limited observational concordance","HCC; malignant cell annotated observational concordance; not causal perturbation validation"
"GSE125449","GSE125449_Set2","S364_P21_LCP65","tumour-cell-intrinsic observational concordance","SIRT1 OE",0.52584260631538,0.521348239999662,0.245572072176844,19,0.95,TRUE,"SIRT1","SIRT1","TP53","PRKAA1;PPM1D;Mdm2;TP53;TP53INP1;CDKN1A;MYC;MALAT1;SIRT1;DFNA5;E2F1;AKT1;RB1;CDC25A;BBC3;BCL2;BAX;CASP3;CASP9",412,"Limited observational concordance","HCC; malignant cell annotated observational concordance; not causal perturbation validation"
"GSE125449","GSE125449_Set2","S364_P21_LCP65","tumour-cell-intrinsic observational concordance","SIRT1 KO",0.515868950909879,0.513109133360335,-0.197729233850502,19,0.95,TRUE,"SIRT1","SIRT1","TP53","PRKAA1;PPM1D;Mdm2;TP53;TP53INP1;CDKN1A;MYC;MALAT1;SIRT1;DFNA5;E2F1;AKT1;RB1;CDC25A;BBC3;BCL2;BAX;CASP3;CASP9",412,"Limited observational concordance","HCC; malignant cell annotated observational concordance; not causal perturbation validation"
"GSE125449","GSE125449_Set2","S364_P21_LCP65","tumour-cell-intrinsic observational concordance","BCL2 KO",0.58397855880182,0.566460729803351,0.180931502225076,19,0.95,TRUE,"BCL2","BCL2","BAX;CASP3","PRKAA1;PPM1D;Mdm2;TP53;TP53INP1;CDKN1A;MYC;MALAT1;SIRT1;DFNA5;E2F1;AKT1;RB1;CDC25A;BBC3;BCL2;BAX;CASP3;CASP9",412,"Limited observational concordance","HCC; malignant cell annotated observational concordance; not causal perturbation validation"
"GSE125449","GSE125449_Set2","S364_P21_LCP65","tumour-cell-intrinsic observational concordance","GSDME OE",0.574110137749189,0.564004209874299,0.180421679505952,19,0.95,TRUE,"DFNA5","DFNA5","","PRKAA1;PPM1D;Mdm2;TP53;TP53INP1;CDKN1A;MYC;MALAT1;SIRT1;DFNA5;E2F1;AKT1;RB1;CDC25A;BBC3;BCL2;BAX;CASP3;CASP9",412,"Limited observational concordance","HCC; malignant cell annotated observational concordance; not causal perturbation validation"
"GSE125449","GSE125449_Set2","S364_P21_LCP65","tumour-cell-intrinsic observational concordance","CASP3 OE",0.584307506170241,0.572299096434982,0.190586281168259,19,0.95,TRUE,"CASP3","CASP3","DFNA5;CDKN1A;CASP9","PRKAA1;PPM1D;Mdm2;TP53;TP53INP1;CDKN1A;MYC;MALAT1;SIRT1;DFNA5;E2F1;AKT1;RB1;CDC25A;BBC3;BCL2;BAX;CASP3;CASP9",412,"Limited observational concordance","HCC; malignant cell annotated observational concordance; not causal perturbation validation"
"GSE125449","GSE125449_Set2","S364_P21_LCP65","tumour-cell-intrinsic observational concordance","miR-204-5p OE + GSDME KO",0.58989054084734,0.560997152717838,-0.279602109973222,19,0.95,TRUE,"MIR204;DFNA5","DFNA5","SIRT1;BCL2;MYC;E2F1;CDC25A;AKT1","PRKAA1;PPM1D;Mdm2;TP53;TP53INP1;CDKN1A;MYC;MALAT1;SIRT1;DFNA5;E2F1;AKT1;RB1;CDC25A;BBC3;BCL2;BAX;CASP3;CASP9",412,"Limited observational concordance","HCC; malignant cell annotated observational concordance; not causal perturbation validation"
"GSE125449","GSE125449_Set2","S364_P21_LCP65","tumour-cell-intrinsic observational concordance","CASP3 OE + GSDME KO",0.57443908511761,0.559536200402761,0.202305795206569,19,0.95,TRUE,"CASP3;DFNA5","CASP3;DFNA5","DFNA5;CDKN1A;CASP9","PRKAA1;PPM1D;Mdm2;TP53;TP53INP1;CDKN1A;MYC;MALAT1;SIRT1;DFNA5;E2F1;AKT1;RB1;CDC25A;BBC3;BCL2;BAX;CASP3;CASP9",412,"Limited observational concordance","HCC; malignant cell annotated observational concordance; not causal perturbation validation"
"GSE125449","GSE125449_Set2","S364_P21_LCP65","tumour-cell-intrinsic observational concordance","SIRT1 KO + GSDME KO",0.50665842459409,0.504865771818758,-0.219014022572548,19,0.95,TRUE,"SIRT1;DFNA5","SIRT1;DFNA5","TP53","PRKAA1;PPM1D;Mdm2;TP53;TP53INP1;CDKN1A;MYC;MALAT1;SIRT1;DFNA5;E2F1;AKT1;RB1;CDC25A;BBC3;BCL2;BAX;CASP3;CASP9",412,"Limited observational concordance","HCC; malignant cell annotated observational concordance; not causal perturbation validation"
"GSE125449","GSE125449_Set2","S364_P21_LCP65","tumour-cell-intrinsic observational concordance","MALAT1 KO + GSDME KO",0.579702243012346,0.503848690523925,-0.127554131493775,19,0.95,TRUE,"MALAT1;DFNA5","MALAT1;DFNA5","","PRKAA1;PPM1D;Mdm2;TP53;TP53INP1;CDKN1A;MYC;MALAT1;SIRT1;DFNA5;E2F1;AKT1;RB1;CDC25A;BBC3;BCL2;BAX;CASP3;CASP9",412,"Limited observational concordance","HCC; malignant cell annotated observational concordance; not causal perturbation validation"
"GSE125449","GSE125449_Set2","S364_P21_LCP65","tumour-cell-intrinsic observational concordance","miR-204-5p OE + CASP3 KO",0.533311593478919,0.531323725240629,-0.310335851122096,19,0.95,TRUE,"MIR204;CASP3","CASP3","SIRT1;BCL2;MYC;E2F1;CDC25A;AKT1;DFNA5;CDKN1A;CASP9","PRKAA1;PPM1D;Mdm2;TP53;TP53INP1;CDKN1A;MYC;MALAT1;SIRT1;DFNA5;E2F1;AKT1;RB1;CDC25A;BBC3;BCL2;BAX;CASP3;CASP9",412,"Limited observational concordance","HCC; malignant cell annotated observational concordance; not causal perturbation validation"
"GSE125449","GSE125449_Set2","S364_P21_LCP65","tumour-cell-intrinsic observational concordance","GSDME E1 + CASP3 E1",0.561610137749189,0.549351015217576,0.190586281168259,19,0.95,TRUE,"DFNA5;CASP3","DFNA5;CASP3","DFNA5;CDKN1A;CASP9","PRKAA1;PPM1D;Mdm2;TP53;TP53INP1;CDKN1A;MYC;MALAT1;SIRT1;DFNA5;E2F1;AKT1;RB1;CDC25A;BBC3;BCL2;BAX;CASP3;CASP9",412,"Limited observational concordance","HCC; malignant cell annotated observational concordance; not causal perturbation validation"
"GSE125449","GSE125449_Set2","S364_P21_LCP65","tumour-cell-intrinsic observational concordance","p53 E1 + miR-204-5p E1 + CASP3 KO + p21 E1",0.510943172426287,0.494520699869717,-0.352476028848458,19,0.95,TRUE,"TP53;MIR204;CASP3;CDKN1A","TP53;CASP3;CDKN1A","Mdm2;SIRT1;BCL2;MYC;E2F1;CDC25A;AKT1;CASP3;DFNA5;CDKN1A;CASP9","PRKAA1;PPM1D;Mdm2;TP53;TP53INP1;CDKN1A;MYC;MALAT1;SIRT1;DFNA5;E2F1;AKT1;RB1;CDC25A;BBC3;BCL2;BAX;CASP3;CASP9",412,"Limited observational concordance","HCC; malignant cell annotated observational concordance; not causal perturbation validation"
"GSE125449","GSE125449_Set2","S364_P21_LCP65","tumour-cell-intrinsic observational concordance","MALAT1 E1 + miR-204-5p KO + SIRT1 E1",0.52584260631538,0.561584995939635,0.245572072176844,19,0.95,TRUE,"MALAT1;MIR204;SIRT1","MALAT1;SIRT1","SIRT1;BCL2;MYC;E2F1;CDC25A;AKT1;TP53","PRKAA1;PPM1D;Mdm2;TP53;TP53INP1;CDKN1A;MYC;MALAT1;SIRT1;DFNA5;E2F1;AKT1;RB1;CDC25A;BBC3;BCL2;BAX;CASP3;CASP9",412,"Limited observational concordance","HCC; malignant cell annotated observational concordance; not causal perturbation validation"
"GSE125449","GSE125449_Set2","S364_P21_LCP65","tumour-cell-intrinsic observational concordance","SIRT1 KO + GSDME KO + CASP3 E1",0.505342635120406,0.511117576158957,-0.088779352323695,19,0.95,TRUE,"SIRT1;DFNA5;CASP3","SIRT1;DFNA5;CASP3","DFNA5;CDKN1A;CASP9;TP53","PRKAA1;PPM1D;Mdm2;TP53;TP53INP1;CDKN1A;MYC;MALAT1;SIRT1;DFNA5;E2F1;AKT1;RB1;CDC25A;BBC3;BCL2;BAX;CASP3;CASP9",412,"Limited observational concordance","HCC; malignant cell annotated observational concordance; not causal perturbation validation"
"GSE125449","GSE125449_Set2","S364_P21_LCP65","tumour-cell-intrinsic observational concordance","BAX E1",0.592587516902258,0.599109483782842,0.443457400505458,19,0.95,TRUE,"BAX","BAX","CASP3","PRKAA1;PPM1D;Mdm2;TP53;TP53INP1;CDKN1A;MYC;MALAT1;SIRT1;DFNA5;E2F1;AKT1;RB1;CDC25A;BBC3;BCL2;BAX;CASP3;CASP9",412,"Limited observational concordance","HCC; malignant cell annotated observational concordance; not causal perturbation validation"
"GSE125449","GSE125449_Set2","S364_P21_LCP65","tumour-cell-intrinsic observational concordance","BAX E1 + GSDME KO",0.578771727428574,0.577096851038668,0.420651019908034,19,0.95,TRUE,"BAX;DFNA5","BAX;DFNA5","CASP3","PRKAA1;PPM1D;Mdm2;TP53;TP53INP1;CDKN1A;MYC;MALAT1;SIRT1;DFNA5;E2F1;AKT1;RB1;CDC25A;BBC3;BCL2;BAX;CASP3;CASP9",412,"Limited observational concordance","HCC; malignant cell annotated observational concordance; not causal perturbation validation"
"GSE125449","GSE125449_Set2","S364_P21_LCP65","tumour-cell-intrinsic observational concordance","p53 E1",0.752399611433399,0.708504026836286,0.181015871543335,19,0.95,TRUE,"TP53","TP53","Mdm2","PRKAA1;PPM1D;Mdm2;TP53;TP53INP1;CDKN1A;MYC;MALAT1;SIRT1;DFNA5;E2F1;AKT1;RB1;CDC25A;BBC3;BCL2;BAX;CASP3;CASP9",412,"Limited observational concordance","HCC; malignant cell annotated observational concordance; not causal perturbation validation"
"GSE125449","GSE125449_Set2","S364_P21_LCP65","tumour-cell-intrinsic observational concordance","p53 KO",0.52584260631538,0.521348239999662,0.245572072176844,19,0.95,TRUE,"TP53","TP53","Mdm2","PRKAA1;PPM1D;Mdm2;TP53;TP53INP1;CDKN1A;MYC;MALAT1;SIRT1;DFNA5;E2F1;AKT1;RB1;CDC25A;BBC3;BCL2;BAX;CASP3;CASP9",412,"Limited observational concordance","HCC; malignant cell annotated observational concordance; not causal perturbation validation"
"GSE125449","GSE125449_Set2","S364_P21_LCP65","tumour-cell-intrinsic observational concordance","p21 E1",0.570556475260771,0.540702984740641,-0.153380981505777,19,0.95,TRUE,"CDKN1A","CDKN1A","CASP3","PRKAA1;PPM1D;Mdm2;TP53;TP53INP1;CDKN1A;MYC;MALAT1;SIRT1;DFNA5;E2F1;AKT1;RB1;CDC25A;BBC3;BCL2;BAX;CASP3;CASP9",412,"Limited observational concordance","HCC; malignant cell annotated observational concordance; not causal perturbation validation"
"GSE189903","GSE189903_HCC","1HT1","HCC tumour-region observational concordance; malignant status annotated separately","Reference: DDR ON, GSDME endogenous",0.608215934847581,0.608215934847581,0.230811588105374,19,0.95,FALSE,"","","","PRKAA1;PPM1D;Mdm2;TP53;TP53INP1;CDKN1A;MYC;MALAT1;SIRT1;DFNA5;E2F1;AKT1;RB1;CDC25A;BBC3;BCL2;BAX;CASP3;CASP9",219,"Indirect only: perturbed node not measured","HCC; malignant cell annotated observational concordance; not causal perturbation validation"
"GSE189903","GSE189903_HCC","1HT1","HCC tumour-region observational concordance; malignant status annotated separately","GSDME KO",0.61117646116337,0.596016034641092,0.169537190365534,19,0.95,TRUE,"DFNA5","DFNA5","","PRKAA1;PPM1D;Mdm2;TP53;TP53INP1;CDKN1A;MYC;MALAT1;SIRT1;DFNA5;E2F1;AKT1;RB1;CDC25A;BBC3;BCL2;BAX;CASP3;CASP9",219,"Limited observational concordance","HCC; malignant cell annotated observational concordance; not causal perturbation validation"
"GSE189903","GSE189903_HCC","1HT1","HCC tumour-region observational concordance; malignant status annotated separately","CASP3 KO",0.616110671689686,0.599697649747724,0.125658245004976,19,0.95,TRUE,"CASP3","CASP3","DFNA5;CDKN1A;CASP9","PRKAA1;PPM1D;Mdm2;TP53;TP53INP1;CDKN1A;MYC;MALAT1;SIRT1;DFNA5;E2F1;AKT1;RB1;CDC25A;BBC3;BCL2;BAX;CASP3;CASP9",219,"Limited observational concordance","HCC; malignant cell annotated observational concordance; not causal perturbation validation"
"GSE189903","GSE189903_HCC","1HT1","HCC tumour-region observational concordance; malignant status annotated separately","miR-204-5p OE",0.602957223112879,0.57568486699144,-0.402397423592461,19,0.95,FALSE,"MIR204","","SIRT1;BCL2;MYC;E2F1;CDC25A;AKT1","PRKAA1;PPM1D;Mdm2;TP53;TP53INP1;CDKN1A;MYC;MALAT1;SIRT1;DFNA5;E2F1;AKT1;RB1;CDC25A;BBC3;BCL2;BAX;CASP3;CASP9",219,"Indirect only: perturbed node not measured","HCC; malignant cell annotated observational concordance; not causal perturbation validation"
"GSE189903","GSE189903_HCC","1HT1","HCC tumour-region observational concordance; malignant status annotated separately","miR-204-5p KO",0.537163303268633,0.53080673305851,0.281081032323344,19,0.95,FALSE,"MIR204","","SIRT1;BCL2;MYC;E2F1;CDC25A;AKT1","PRKAA1;PPM1D;Mdm2;TP53;TP53INP1;CDKN1A;MYC;MALAT1;SIRT1;DFNA5;E2F1;AKT1;RB1;CDC25A;BBC3;BCL2;BAX;CASP3;CASP9",219,"Indirect only: perturbed node not measured","HCC; malignant cell annotated observational concordance; not causal perturbation validation"
"GSE189903","GSE189903_HCC","1HT1","HCC tumour-region observational concordance; malignant status annotated separately","MALAT1 OE",0.537163303268633,0.552472015423918,0.281081032323344,19,0.95,TRUE,"MALAT1","MALAT1","","PRKAA1;PPM1D;Mdm2;TP53;TP53INP1;CDKN1A;MYC;MALAT1;SIRT1;DFNA5;E2F1;AKT1;RB1;CDC25A;BBC3;BCL2;BAX;CASP3;CASP9",219,"Limited observational concordance","HCC; malignant cell annotated observational concordance; not causal perturbation validation"
"GSE189903","GSE189903_HCC","1HT1","HCC tumour-region observational concordance; malignant status annotated separately","MALAT1 KO",0.605644651436277,0.570862127275777,-0.024503666628516,19,0.95,TRUE,"MALAT1","MALAT1","","PRKAA1;PPM1D;Mdm2;TP53;TP53INP1;CDKN1A;MYC;MALAT1;SIRT1;DFNA5;E2F1;AKT1;RB1;CDC25A;BBC3;BCL2;BAX;CASP3;CASP9",219,"Limited observational concordance","HCC; malignant cell annotated observational concordance; not causal perturbation validation"
"GSE189903","GSE189903_HCC","1HT1","HCC tumour-region observational concordance; malignant status annotated separately","SIRT1 OE",0.537163303268633,0.53070012009148,0.281081032323344,19,0.95,TRUE,"SIRT1","SIRT1","TP53","PRKAA1;PPM1D;Mdm2;TP53;TP53INP1;CDKN1A;MYC;MALAT1;SIRT1;DFNA5;E2F1;AKT1;RB1;CDC25A;BBC3;BCL2;BAX;CASP3;CASP9",219,"Limited observational concordance","HCC; malignant cell annotated observational concordance; not causal perturbation validation"
"GSE189903","GSE189903_HCC","1HT1","HCC tumour-region observational concordance; malignant status annotated separately","SIRT1 KO",0.520307627407883,0.516775866119555,-0.212250931528802,19,0.95,TRUE,"SIRT1","SIRT1","TP53","PRKAA1;PPM1D;Mdm2;TP53;TP53INP1;CDKN1A;MYC;MALAT1;SIRT1;DFNA5;E2F1;AKT1;RB1;CDC25A;BBC3;BCL2;BAX;CASP3;CASP9",219,"Limited observational concordance","HCC; malignant cell annotated observational concordance; not causal perturbation validation"
"GSE189903","GSE189903_HCC","1HT1","HCC tumour-region observational concordance; malignant status annotated separately","BCL2 KO",0.602294882216002,0.58331197512044,0.214798098956353,19,0.95,TRUE,"BCL2","BCL2","BAX;CASP3","PRKAA1;PPM1D;Mdm2;TP53;TP53INP1;CDKN1A;MYC;MALAT1;SIRT1;DFNA5;E2F1;AKT1;RB1;CDC25A;BBC3;BCL2;BAX;CASP3;CASP9",219,"Limited observational concordance","HCC; malignant cell annotated observational concordance; not causal perturbation validation"
"GSE189903","GSE189903_HCC","1HT1","HCC tumour-region observational concordance; malignant status annotated separately","GSDME OE",0.591110671689686,0.578686489186547,0.217271888573666,19,0.95,TRUE,"DFNA5","DFNA5","","PRKAA1;PPM1D;Mdm2;TP53;TP53INP1;CDKN1A;MYC;MALAT1;SIRT1;DFNA5;E2F1;AKT1;RB1;CDC25A;BBC3;BCL2;BAX;CASP3;CASP9",219,"Limited observational concordance","HCC; malignant cell annotated observational concordance; not causal perturbation validation"
"GSE189903","GSE189903_HCC","1HT1","HCC tumour-region observational concordance; malignant status annotated separately","CASP3 OE",0.603939619058107,0.590197649747724,0.214654154976393,19,0.95,TRUE,"CASP3","CASP3","DFNA5;CDKN1A;CASP9","PRKAA1;PPM1D;Mdm2;TP53;TP53INP1;CDKN1A;MYC;MALAT1;SIRT1;DFNA5;E2F1;AKT1;RB1;CDC25A;BBC3;BCL2;BAX;CASP3;CASP9",219,"Limited observational concordance","HCC; malignant cell annotated observational concordance; not causal perturbation validation"
"GSE189903","GSE189903_HCC","1HT1","HCC tumour-region observational concordance; malignant status annotated separately","miR-204-5p OE + GSDME KO",0.592430907323406,0.560432916956643,-0.348973706008381,19,0.95,TRUE,"MIR204;DFNA5","DFNA5","SIRT1;BCL2;MYC;E2F1;CDC25A;AKT1","PRKAA1;PPM1D;Mdm2;TP53;TP53INP1;CDKN1A;MYC;MALAT1;SIRT1;DFNA5;E2F1;AKT1;RB1;CDC25A;BBC3;BCL2;BAX;CASP3;CASP9",219,"Limited observational concordance","HCC; malignant cell annotated observational concordance; not causal perturbation validation"
"GSE189903","GSE189903_HCC","1HT1","HCC tumour-region observational concordance; malignant status annotated separately","CASP3 OE + GSDME KO",0.592097513794949,0.574720046062707,0.218626257297665,19,0.95,TRUE,"CASP3;DFNA5","CASP3;DFNA5","DFNA5;CDKN1A;CASP9","PRKAA1;PPM1D;Mdm2;TP53;TP53INP1;CDKN1A;MYC;MALAT1;SIRT1;DFNA5;E2F1;AKT1;RB1;CDC25A;BBC3;BCL2;BAX;CASP3;CASP9",219,"Limited observational concordance","HCC; malignant cell annotated observational concordance; not causal perturbation validation"
"GSE189903","GSE189903_HCC","1HT1","HCC tumour-region observational concordance; malignant status annotated separately","SIRT1 KO + GSDME KO",0.511097101092093,0.508109420028837,-0.301188428786257,19,0.95,TRUE,"SIRT1;DFNA5","SIRT1;DFNA5","TP53","PRKAA1;PPM1D;Mdm2;TP53;TP53INP1;CDKN1A;MYC;MALAT1;SIRT1;DFNA5;E2F1;AKT1;RB1;CDC25A;BBC3;BCL2;BAX;CASP3;CASP9",219,"Limited observational concordance","HCC; malignant cell annotated observational concordance; not causal perturbation validation"
"GSE189903","GSE189903_HCC","1HT1","HCC tumour-region observational concordance; malignant status annotated separately","MALAT1 KO + GSDME KO",0.625052546173119,0.577108672002684,-0.0333049047545915,19,0.95,TRUE,"MALAT1;DFNA5","MALAT1;DFNA5","","PRKAA1;PPM1D;Mdm2;TP53;TP53INP1;CDKN1A;MYC;MALAT1;SIRT1;DFNA5;E2F1;AKT1;RB1;CDC25A;BBC3;BCL2;BAX;CASP3;CASP9",219,"Limited observational concordance","HCC; malignant cell annotated observational concordance; not causal perturbation validation"
"GSE189903","GSE189903_HCC","1HT1","HCC tumour-region observational concordance; malignant status annotated separately","miR-204-5p OE + CASP3 KO",0.535851959954985,0.528412361070869,-0.383036921537914,19,0.95,TRUE,"MIR204;CASP3","CASP3","SIRT1;BCL2;MYC;E2F1;CDC25A;AKT1;DFNA5;CDKN1A;CASP9","PRKAA1;PPM1D;Mdm2;TP53;TP53INP1;CDKN1A;MYC;MALAT1;SIRT1;DFNA5;E2F1;AKT1;RB1;CDC25A;BBC3;BCL2;BAX;CASP3;CASP9",219,"Limited observational concordance","HCC; malignant cell annotated observational concordance; not causal perturbation validation"
"GSE189903","GSE189903_HCC","1HT1","HCC tumour-region observational concordance; malignant status annotated separately","GSDME E1 + CASP3 E1",0.577294882216002,0.563145971988633,0.214654154976393,19,0.95,TRUE,"DFNA5;CASP3","DFNA5;CASP3","DFNA5;CDKN1A;CASP9","PRKAA1;PPM1D;Mdm2;TP53;TP53INP1;CDKN1A;MYC;MALAT1;SIRT1;DFNA5;E2F1;AKT1;RB1;CDC25A;BBC3;BCL2;BAX;CASP3;CASP9",219,"Limited observational concordance","HCC; malignant cell annotated observational concordance; not causal perturbation validation"
"GSE189903","GSE189903_HCC","1HT1","HCC tumour-region observational concordance; malignant status annotated separately","p53 E1 + miR-204-5p E1 + CASP3 KO + p21 E1",0.513483538902353,0.493735051258805,-0.406670513390072,19,0.95,TRUE,"TP53;MIR204;CASP3;CDKN1A","TP53;CASP3;CDKN1A","Mdm2;SIRT1;BCL2;MYC;E2F1;CDC25A;AKT1;CASP3;DFNA5;CDKN1A;CASP9","PRKAA1;PPM1D;Mdm2;TP53;TP53INP1;CDKN1A;MYC;MALAT1;SIRT1;DFNA5;E2F1;AKT1;RB1;CDC25A;BBC3;BCL2;BAX;CASP3;CASP9",219,"Limited observational concordance","HCC; malignant cell annotated observational concordance; not causal perturbation validation"
"GSE189903","GSE189903_HCC","1HT1","HCC tumour-region observational concordance; malignant status annotated separately","MALAT1 E1 + miR-204-5p KO + SIRT1 E1",0.537163303268633,0.539304835602739,0.281081032323344,19,0.95,TRUE,"MALAT1;MIR204;SIRT1","MALAT1;SIRT1","SIRT1;BCL2;MYC;E2F1;CDC25A;AKT1;TP53","PRKAA1;PPM1D;Mdm2;TP53;TP53INP1;CDKN1A;MYC;MALAT1;SIRT1;DFNA5;E2F1;AKT1;RB1;CDC25A;BBC3;BCL2;BAX;CASP3;CASP9",219,"Limited observational concordance","HCC; malignant cell annotated observational concordance; not causal perturbation validation"
"GSE189903","GSE189903_HCC","1HT1","HCC tumour-region observational concordance; malignant status annotated separately","SIRT1 KO + GSDME KO + CASP3 E1",0.509781311618409,0.51623978717222,-0.195484879183261,19,0.95,TRUE,"SIRT1;DFNA5;CASP3","SIRT1;DFNA5;CASP3","DFNA5;CDKN1A;CASP9;TP53","PRKAA1;PPM1D;Mdm2;TP53;TP53INP1;CDKN1A;MYC;MALAT1;SIRT1;DFNA5;E2F1;AKT1;RB1;CDC25A;BBC3;BCL2;BAX;CASP3;CASP9",219,"Limited observational concordance","HCC; malignant cell annotated observational concordance; not causal perturbation validation"
"GSE189903","GSE189903_HCC","1HT1","HCC tumour-region observational concordance; malignant status annotated separately","BAX E1",0.603649130554262,0.600888241659626,0.420276211441468,19,0.95,TRUE,"BAX","BAX","CASP3","PRKAA1;PPM1D;Mdm2;TP53;TP53INP1;CDKN1A;MYC;MALAT1;SIRT1;DFNA5;E2F1;AKT1;RB1;CDC25A;BBC3;BCL2;BAX;CASP3;CASP9",219,"Limited observational concordance","HCC; malignant cell annotated observational concordance; not causal perturbation validation"
"GSE189903","GSE189903_HCC","1HT1","HCC tumour-region observational concordance; malignant status annotated separately","BAX E1 + GSDME KO",0.587859656870052,0.577228059929669,0.394694181179813,19,0.95,TRUE,"BAX;DFNA5","BAX;DFNA5","CASP3","PRKAA1;PPM1D;Mdm2;TP53;TP53INP1;CDKN1A;MYC;MALAT1;SIRT1;DFNA5;E2F1;AKT1;RB1;CDC25A;BBC3;BCL2;BAX;CASP3;CASP9",219,"Limited observational concordance","HCC; malignant cell annotated observational concordance; not causal perturbation validation"
"GSE189903","GSE189903_HCC","1HT1","HCC tumour-region observational concordance; malignant status annotated separately","p53 E1",0.775368175317908,0.73661243467814,0.215886357536544,19,0.95,TRUE,"TP53","TP53","Mdm2","PRKAA1;PPM1D;Mdm2;TP53;TP53INP1;CDKN1A;MYC;MALAT1;SIRT1;DFNA5;E2F1;AKT1;RB1;CDC25A;BBC3;BCL2;BAX;CASP3;CASP9",219,"Limited observational concordance","HCC; malignant cell annotated observational concordance; not causal perturbation validation"
"GSE189903","GSE189903_HCC","1HT1","HCC tumour-region observational concordance; malignant status annotated separately","p53 KO",0.537163303268633,0.539834496898305,0.281081032323344,19,0.95,TRUE,"TP53","TP53","Mdm2","PRKAA1;PPM1D;Mdm2;TP53;TP53INP1;CDKN1A;MYC;MALAT1;SIRT1;DFNA5;E2F1;AKT1;RB1;CDC25A;BBC3;BCL2;BAX;CASP3;CASP9",219,"Limited observational concordance","HCC; malignant cell annotated observational concordance; not causal perturbation validation"
"GSE189903","GSE189903_HCC","1HT1","HCC tumour-region observational concordance; malignant status annotated separately","p21 E1",0.58366714731189,0.54182218931125,-0.0428306889624767,19,0.95,TRUE,"CDKN1A","CDKN1A","CASP3","PRKAA1;PPM1D;Mdm2;TP53;TP53INP1;CDKN1A;MYC;MALAT1;SIRT1;DFNA5;E2F1;AKT1;RB1;CDC25A;BBC3;BCL2;BAX;CASP3;CASP9",219,"Limited observational concordance","HCC; malignant cell annotated observational concordance; not causal perturbation validation"
"GSE189903","GSE189903_HCC","1HT2","HCC tumour-region observational concordance; malignant status annotated separately","Reference: DDR ON, GSDME endogenous",0.616413970252175,0.616413970252175,0.1056791098159,19,0.95,FALSE,"","","","PRKAA1;PPM1D;Mdm2;TP53;TP53INP1;CDKN1A;MYC;MALAT1;SIRT1;DFNA5;E2F1;AKT1;RB1;CDC25A;BBC3;BCL2;BAX;CASP3;CASP9",141,"Indirect only: perturbed node not measured","HCC; malignant cell annotated observational concordance; not causal perturbation validation"
"GSE189903","GSE189903_HCC","1HT2","HCC tumour-region observational concordance; malignant status annotated separately","GSDME KO",0.619374496567964,0.603096156126878,0.0368559109490291,19,0.95,TRUE,"DFNA5","DFNA5","","PRKAA1;PPM1D;Mdm2;TP53;TP53INP1;CDKN1A;MYC;MALAT1;SIRT1;DFNA5;E2F1;AKT1;RB1;CDC25A;BBC3;BCL2;BAX;CASP3;CASP9",141,"Limited observational concordance","HCC; malignant cell annotated observational concordance; not causal perturbation validation"
"GSE189903","GSE189903_HCC","1HT2","HCC tumour-region observational concordance; malignant status annotated separately","CASP3 KO",0.62430870709428,0.609006968486799,-0.0141957013185538,19,0.95,TRUE,"CASP3","CASP3","DFNA5;CDKN1A;CASP9","PRKAA1;PPM1D;Mdm2;TP53;TP53INP1;CDKN1A;MYC;MALAT1;SIRT1;DFNA5;E2F1;AKT1;RB1;CDC25A;BBC3;BCL2;BAX;CASP3;CASP9",141,"Limited observational concordance","HCC; malignant cell annotated observational concordance; not causal perturbation validation"
"GSE189903","GSE189903_HCC","1HT2","HCC tumour-region observational concordance; malignant status annotated separately","miR-204-5p OE",0.6011862453461,0.577837965886004,-0.287115999536242,19,0.95,FALSE,"MIR204","","SIRT1;BCL2;MYC;E2F1;CDC25A;AKT1","PRKAA1;PPM1D;Mdm2;TP53;TP53INP1;CDKN1A;MYC;MALAT1;SIRT1;DFNA5;E2F1;AKT1;RB1;CDC25A;BBC3;BCL2;BAX;CASP3;CASP9",141,"Indirect only: perturbed node not measured","HCC; malignant cell annotated observational concordance; not causal perturbation validation"
"GSE189903","GSE189903_HCC","1HT2","HCC tumour-region observational concordance; malignant status annotated separately","miR-204-5p KO",0.545361338673227,0.533538197968684,0.123675654222271,19,0.95,FALSE,"MIR204","","SIRT1;BCL2;MYC;E2F1;CDC25A;AKT1","PRKAA1;PPM1D;Mdm2;TP53;TP53INP1;CDKN1A;MYC;MALAT1;SIRT1;DFNA5;E2F1;AKT1;RB1;CDC25A;BBC3;BCL2;BAX;CASP3;CASP9",141,"Indirect only: perturbed node not measured","HCC; malignant cell annotated observational concordance; not causal perturbation validation"
"GSE189903","GSE189903_HCC","1HT2","HCC tumour-region observational concordance; malignant status annotated separately","MALAT1 OE",0.545361338673227,0.567797731281063,0.123675654222271,19,0.95,TRUE,"MALAT1","MALAT1","","PRKAA1;PPM1D;Mdm2;TP53;TP53INP1;CDKN1A;MYC;MALAT1;SIRT1;DFNA5;E2F1;AKT1;RB1;CDC25A;BBC3;BCL2;BAX;CASP3;CASP9",141,"Limited observational concordance","HCC; malignant cell annotated observational concordance; not causal perturbation validation"
"GSE189903","GSE189903_HCC","1HT2","HCC tumour-region observational concordance; malignant status annotated separately","MALAT1 KO",0.607477666624382,0.564199591475963,-0.14232980828904,19,0.95,TRUE,"MALAT1","MALAT1","","PRKAA1;PPM1D;Mdm2;TP53;TP53INP1;CDKN1A;MYC;MALAT1;SIRT1;DFNA5;E2F1;AKT1;RB1;CDC25A;BBC3;BCL2;BAX;CASP3;CASP9",141,"Limited observational concordance","HCC; malignant cell annotated observational concordance; not causal perturbation validation"
"GSE189903","GSE189903_HCC","1HT2","HCC tumour-region observational concordance; malignant status annotated separately","SIRT1 OE",0.545361338673227,0.537472410208318,0.123675654222271,19,0.95,TRUE,"SIRT1","SIRT1","TP53","PRKAA1;PPM1D;Mdm2;TP53;TP53INP1;CDKN1A;MYC;MALAT1;SIRT1;DFNA5;E2F1;AKT1;RB1;CDC25A;BBC3;BCL2;BAX;CASP3;CASP9",141,"Limited observational concordance","HCC; malignant cell annotated observational concordance; not causal perturbation validation"
"GSE189903","GSE189903_HCC","1HT2","HCC tumour-region observational concordance; malignant status annotated separately","SIRT1 KO",0.525612411970604,0.521158079453978,-0.167621151305142,19,0.95,TRUE,"SIRT1","SIRT1","TP53","PRKAA1;PPM1D;Mdm2;TP53;TP53INP1;CDKN1A;MYC;MALAT1;SIRT1;DFNA5;E2F1;AKT1;RB1;CDC25A;BBC3;BCL2;BAX;CASP3;CASP9",141,"Limited observational concordance","HCC; malignant cell annotated observational concordance; not causal perturbation validation"
"GSE189903","GSE189903_HCC","1HT2","HCC tumour-region observational concordance; malignant status annotated separately","BCL2 KO",0.610492917620596,0.590208359551549,0.0688188084034918,19,0.95,TRUE,"BCL2","BCL2","BAX;CASP3","PRKAA1;PPM1D;Mdm2;TP53;TP53INP1;CDKN1A;MYC;MALAT1;SIRT1;DFNA5;E2F1;AKT1;RB1;CDC25A;BBC3;BCL2;BAX;CASP3;CASP9",141,"Limited observational concordance","HCC; malignant cell annotated observational concordance; not causal perturbation validation"
"GSE189903","GSE189903_HCC","1HT2","HCC tumour-region observational concordance; malignant status annotated separately","GSDME OE",0.59930870709428,0.585766610672333,0.126174759388563,19,0.95,TRUE,"DFNA5","DFNA5","","PRKAA1;PPM1D;Mdm2;TP53;TP53INP1;CDKN1A;MYC;MALAT1;SIRT1;DFNA5;E2F1;AKT1;RB1;CDC25A;BBC3;BCL2;BAX;CASP3;CASP9",141,"Limited observational concordance","HCC; malignant cell annotated observational concordance; not causal perturbation validation"
"GSE189903","GSE189903_HCC","1HT2","HCC tumour-region observational concordance; malignant status annotated separately","CASP3 OE",0.612137654462701,0.599506968486799,0.158111109275295,19,0.95,TRUE,"CASP3","CASP3","DFNA5;CDKN1A;CASP9","PRKAA1;PPM1D;Mdm2;TP53;TP53INP1;CDKN1A;MYC;MALAT1;SIRT1;DFNA5;E2F1;AKT1;RB1;CDC25A;BBC3;BCL2;BAX;CASP3;CASP9",141,"Limited observational concordance","HCC; malignant cell annotated observational concordance; not causal perturbation validation"
"GSE189903","GSE189903_HCC","1HT2","HCC tumour-region observational concordance; malignant status annotated separately","miR-204-5p OE + GSDME KO",0.590659929556626,0.562355326683933,-0.245450405661397,19,0.95,TRUE,"MIR204;DFNA5","DFNA5","SIRT1;BCL2;MYC;E2F1;CDC25A;AKT1","PRKAA1;PPM1D;Mdm2;TP53;TP53INP1;CDKN1A;MYC;MALAT1;SIRT1;DFNA5;E2F1;AKT1;RB1;CDC25A;BBC3;BCL2;BAX;CASP3;CASP9",141,"Limited observational concordance","HCC; malignant cell annotated observational concordance; not causal perturbation validation"
"GSE189903","GSE189903_HCC","1HT2","HCC tumour-region observational concordance; malignant status annotated separately","CASP3 OE + GSDME KO",0.600295549199543,0.583339785635925,0.12530377816341,19,0.95,TRUE,"CASP3;DFNA5","CASP3;DFNA5","DFNA5;CDKN1A;CASP9","PRKAA1;PPM1D;Mdm2;TP53;TP53INP1;CDKN1A;MYC;MALAT1;SIRT1;DFNA5;E2F1;AKT1;RB1;CDC25A;BBC3;BCL2;BAX;CASP3;CASP9",141,"Limited observational concordance","HCC; malignant cell annotated observational concordance; not causal perturbation validation"
"GSE189903","GSE189903_HCC","1HT2","HCC tumour-region observational concordance; malignant status annotated separately","SIRT1 KO + GSDME KO",0.516401885654815,0.511985993363134,-0.194886630391107,19,0.95,TRUE,"SIRT1;DFNA5","SIRT1;DFNA5","TP53","PRKAA1;PPM1D;Mdm2;TP53;TP53INP1;CDKN1A;MYC;MALAT1;SIRT1;DFNA5;E2F1;AKT1;RB1;CDC25A;BBC3;BCL2;BAX;CASP3;CASP9",141,"Limited observational concordance","HCC; malignant cell annotated observational concordance; not causal perturbation validation"
"GSE189903","GSE189903_HCC","1HT2","HCC tumour-region observational concordance; malignant status annotated separately","MALAT1 KO + GSDME KO",0.625451855009726,0.570156023671709,-0.156116741037148,19,0.95,TRUE,"MALAT1;DFNA5","MALAT1;DFNA5","","PRKAA1;PPM1D;Mdm2;TP53;TP53INP1;CDKN1A;MYC;MALAT1;SIRT1;DFNA5;E2F1;AKT1;RB1;CDC25A;BBC3;BCL2;BAX;CASP3;CASP9",141,"Limited observational concordance","HCC; malignant cell annotated observational concordance; not causal perturbation validation"
"GSE189903","GSE189903_HCC","1HT2","HCC tumour-region observational concordance; malignant status annotated separately","miR-204-5p OE + CASP3 KO",0.534080982188205,0.527665818379724,-0.314679563232686,19,0.95,TRUE,"MIR204;CASP3","CASP3","SIRT1;BCL2;MYC;E2F1;CDC25A;AKT1;DFNA5;CDKN1A;CASP9","PRKAA1;PPM1D;Mdm2;TP53;TP53INP1;CDKN1A;MYC;MALAT1;SIRT1;DFNA5;E2F1;AKT1;RB1;CDC25A;BBC3;BCL2;BAX;CASP3;CASP9",141,"Limited observational concordance","HCC; malignant cell annotated observational concordance; not causal perturbation validation"
"GSE189903","GSE189903_HCC","1HT2","HCC tumour-region observational concordance; malignant status annotated separately","GSDME E1 + CASP3 E1",0.585492917620596,0.571765711561851,0.158111109275295,19,0.95,TRUE,"DFNA5;CASP3","DFNA5;CASP3","DFNA5;CDKN1A;CASP9","PRKAA1;PPM1D;Mdm2;TP53;TP53INP1;CDKN1A;MYC;MALAT1;SIRT1;DFNA5;E2F1;AKT1;RB1;CDC25A;BBC3;BCL2;BAX;CASP3;CASP9",141,"Limited observational concordance","HCC; malignant cell annotated observational concordance; not causal perturbation validation"
"GSE189903","GSE189903_HCC","1HT2","HCC tumour-region observational concordance; malignant status annotated separately","p53 E1 + miR-204-5p E1 + CASP3 KO + p21 E1",0.511712561135573,0.490069043515922,-0.340275327530469,19,0.95,TRUE,"TP53;MIR204;CASP3;CDKN1A","TP53;CASP3;CDKN1A","Mdm2;SIRT1;BCL2;MYC;E2F1;CDC25A;AKT1;CASP3;DFNA5;CDKN1A;CASP9","PRKAA1;PPM1D;Mdm2;TP53;TP53INP1;CDKN1A;MYC;MALAT1;SIRT1;DFNA5;E2F1;AKT1;RB1;CDC25A;BBC3;BCL2;BAX;CASP3;CASP9",141,"Limited observational concordance","HCC; malignant cell annotated observational concordance; not causal perturbation validation"
"GSE189903","GSE189903_HCC","1HT2","HCC tumour-region observational concordance; malignant status annotated separately","MALAT1 E1 + miR-204-5p KO + SIRT1 E1",0.545361338673227,0.547359342019651,0.123675654222271,19,0.95,TRUE,"MALAT1;MIR204;SIRT1","MALAT1;SIRT1","SIRT1;BCL2;MYC;E2F1;CDC25A;AKT1;TP53","PRKAA1;PPM1D;Mdm2;TP53;TP53INP1;CDKN1A;MYC;MALAT1;SIRT1;DFNA5;E2F1;AKT1;RB1;CDC25A;BBC3;BCL2;BAX;CASP3;CASP9",141,"Limited observational concordance","HCC; malignant cell annotated observational concordance; not causal perturbation validation"
"GSE189903","GSE189903_HCC","1HT2","HCC tumour-region observational concordance; malignant status annotated separately","SIRT1 KO + GSDME KO + CASP3 E1",0.515086096181131,0.521974019510328,-0.088025354953866,19,0.95,TRUE,"SIRT1;DFNA5;CASP3","SIRT1;DFNA5;CASP3","DFNA5;CDKN1A;CASP9;TP53","PRKAA1;PPM1D;Mdm2;TP53;TP53INP1;CDKN1A;MYC;MALAT1;SIRT1;DFNA5;E2F1;AKT1;RB1;CDC25A;BBC3;BCL2;BAX;CASP3;CASP9",141,"Limited observational concordance","HCC; malignant cell annotated observational concordance; not causal perturbation validation"
"GSE189903","GSE189903_HCC","1HT2","HCC tumour-region observational concordance; malignant status annotated separately","BAX E1",0.610820791889451,0.605540846198346,0.302285622887714,19,0.95,TRUE,"BAX","BAX","CASP3","PRKAA1;PPM1D;Mdm2;TP53;TP53INP1;CDKN1A;MYC;MALAT1;SIRT1;DFNA5;E2F1;AKT1;RB1;CDC25A;BBC3;BCL2;BAX;CASP3;CASP9",141,"Limited observational concordance","HCC; malignant cell annotated observational concordance; not causal perturbation validation"
"GSE189903","GSE189903_HCC","1HT2","HCC tumour-region observational concordance; malignant status annotated separately","BAX E1 + GSDME KO",0.595031318205241,0.581343825483153,0.273571099124632,19,0.95,TRUE,"BAX;DFNA5","BAX;DFNA5","CASP3","PRKAA1;PPM1D;Mdm2;TP53;TP53INP1;CDKN1A;MYC;MALAT1;SIRT1;DFNA5;E2F1;AKT1;RB1;CDC25A;BBC3;BCL2;BAX;CASP3;CASP9",141,"Limited observational concordance","HCC; malignant cell annotated observational concordance; not causal perturbation validation"
"GSE189903","GSE189903_HCC","1HT2","HCC tumour-region observational concordance; malignant status annotated separately","p53 E1",0.772491328693936,0.736037697402599,0.122388129698333,19,0.95,TRUE,"TP53","TP53","Mdm2","PRKAA1;PPM1D;Mdm2;TP53;TP53INP1;CDKN1A;MYC;MALAT1;SIRT1;DFNA5;E2F1;AKT1;RB1;CDC25A;BBC3;BCL2;BAX;CASP3;CASP9",141,"Limited observational concordance","HCC; malignant cell annotated observational concordance; not causal perturbation validation"
"GSE189903","GSE189903_HCC","1HT2","HCC tumour-region observational concordance; malignant status annotated separately","p53 KO",0.545361338673227,0.548408575211579,0.123675654222271,19,0.95,TRUE,"TP53","TP53","Mdm2","PRKAA1;PPM1D;Mdm2;TP53;TP53INP1;CDKN1A;MYC;MALAT1;SIRT1;DFNA5;E2F1;AKT1;RB1;CDC25A;BBC3;BCL2;BAX;CASP3;CASP9",141,"Limited observational concordance","HCC; malignant cell annotated observational concordance; not causal perturbation validation"
"GSE189903","GSE189903_HCC","1HT2","HCC tumour-region observational concordance; malignant status annotated separately","p21 E1",0.583763046317578,0.531861806430347,-0.168188802998994,19,0.95,TRUE,"CDKN1A","CDKN1A","CASP3","PRKAA1;PPM1D;Mdm2;TP53;TP53INP1;CDKN1A;MYC;MALAT1;SIRT1;DFNA5;E2F1;AKT1;RB1;CDC25A;BBC3;BCL2;BAX;CASP3;CASP9",141,"Limited observational concordance","HCC; malignant cell annotated observational concordance; not causal perturbation validation"
"GSE189903","GSE189903_HCC","1HT3","HCC tumour-region observational concordance; malignant status annotated separately","Reference: DDR ON, GSDME endogenous",0.618174151139257,0.618174151139257,0.351737932670832,19,0.95,FALSE,"","","","PRKAA1;PPM1D;Mdm2;TP53;TP53INP1;CDKN1A;MYC;MALAT1;SIRT1;DFNA5;E2F1;AKT1;RB1;CDC25A;BBC3;BCL2;BAX;CASP3;CASP9",276,"Indirect only: perturbed node not measured","HCC; malignant cell annotated observational concordance; not causal perturbation validation"
"GSE189903","GSE189903_HCC","1HT3","HCC tumour-region observational concordance; malignant status annotated separately","GSDME KO",0.621134677455047,0.60461631234754,0.283264001293966,19,0.95,TRUE,"DFNA5","DFNA5","","PRKAA1;PPM1D;Mdm2;TP53;TP53INP1;CDKN1A;MYC;MALAT1;SIRT1;DFNA5;E2F1;AKT1;RB1;CDC25A;BBC3;BCL2;BAX;CASP3;CASP9",276,"Limited observational concordance","HCC; malignant cell annotated observational concordance; not causal perturbation validation"
"GSE189903","GSE189903_HCC","1HT3","HCC tumour-region observational concordance; malignant status annotated separately","CASP3 KO",0.626068887981362,0.61112299203293,0.218193186933327,19,0.95,TRUE,"CASP3","CASP3","DFNA5;CDKN1A;CASP9","PRKAA1;PPM1D;Mdm2;TP53;TP53INP1;CDKN1A;MYC;MALAT1;SIRT1;DFNA5;E2F1;AKT1;RB1;CDC25A;BBC3;BCL2;BAX;CASP3;CASP9",276,"Limited observational concordance","HCC; malignant cell annotated observational concordance; not causal perturbation validation"
"GSE189903","GSE189903_HCC","1HT3","HCC tumour-region observational concordance; malignant status annotated separately","miR-204-5p OE",0.602121375502372,0.576330529283601,-0.485052029519561,19,0.95,FALSE,"MIR204","","SIRT1;BCL2;MYC;E2F1;CDC25A;AKT1","PRKAA1;PPM1D;Mdm2;TP53;TP53INP1;CDKN1A;MYC;MALAT1;SIRT1;DFNA5;E2F1;AKT1;RB1;CDC25A;BBC3;BCL2;BAX;CASP3;CASP9",276,"Indirect only: perturbed node not measured","HCC; malignant cell annotated observational concordance; not causal perturbation validation"
"GSE189903","GSE189903_HCC","1HT3","HCC tumour-region observational concordance; malignant status annotated separately","miR-204-5p KO",0.54712151956031,0.537094070964037,0.415999927838549,19,0.95,FALSE,"MIR204","","SIRT1;BCL2;MYC;E2F1;CDC25A;AKT1","PRKAA1;PPM1D;Mdm2;TP53;TP53INP1;CDKN1A;MYC;MALAT1;SIRT1;DFNA5;E2F1;AKT1;RB1;CDC25A;BBC3;BCL2;BAX;CASP3;CASP9",276,"Indirect only: perturbed node not measured","HCC; malignant cell annotated observational concordance; not causal perturbation validation"
"GSE189903","GSE189903_HCC","1HT3","HCC tumour-region observational concordance; malignant status annotated separately","MALAT1 OE",0.54712151956031,0.560601255391066,0.415999927838549,19,0.95,TRUE,"MALAT1","MALAT1","","PRKAA1;PPM1D;Mdm2;TP53;TP53INP1;CDKN1A;MYC;MALAT1;SIRT1;DFNA5;E2F1;AKT1;RB1;CDC25A;BBC3;BCL2;BAX;CASP3;CASP9",276,"Limited observational concordance","HCC; malignant cell annotated observational concordance; not causal perturbation validation"
"GSE189903","GSE189903_HCC","1HT3","HCC tumour-region observational concordance; malignant status annotated separately","MALAT1 KO",0.615966475807413,0.580247467881059,0.0881089289408343,19,0.95,TRUE,"MALAT1","MALAT1","","PRKAA1;PPM1D;Mdm2;TP53;TP53INP1;CDKN1A;MYC;MALAT1;SIRT1;DFNA5;E2F1;AKT1;RB1;CDC25A;BBC3;BCL2;BAX;CASP3;CASP9",276,"Limited observational concordance","HCC; malignant cell annotated observational concordance; not causal perturbation validation"
"GSE189903","GSE189903_HCC","1HT3","HCC tumour-region observational concordance; malignant status annotated separately","SIRT1 OE",0.54712151956031,0.538926472680256,0.415999927838549,19,0.95,TRUE,"SIRT1","SIRT1","TP53","PRKAA1;PPM1D;Mdm2;TP53;TP53INP1;CDKN1A;MYC;MALAT1;SIRT1;DFNA5;E2F1;AKT1;RB1;CDC25A;BBC3;BCL2;BAX;CASP3;CASP9",276,"Limited observational concordance","HCC; malignant cell annotated observational concordance; not causal perturbation validation"
"GSE189903","GSE189903_HCC","1HT3","HCC tumour-region observational concordance; malignant status annotated separately","SIRT1 KO",0.517189618008964,0.514200119224796,-0.316041118095453,19,0.95,TRUE,"SIRT1","SIRT1","TP53","PRKAA1;PPM1D;Mdm2;TP53;TP53INP1;CDKN1A;MYC;MALAT1;SIRT1;DFNA5;E2F1;AKT1;RB1;CDC25A;BBC3;BCL2;BAX;CASP3;CASP9",276,"Limited observational concordance","HCC; malignant cell annotated observational concordance; not causal perturbation validation"
"GSE189903","GSE189903_HCC","1HT3","HCC tumour-region observational concordance; malignant status annotated separately","BCL2 KO",0.612253098507678,0.596116729042109,0.299257545633366,19,0.95,TRUE,"BCL2","BCL2","BAX;CASP3","PRKAA1;PPM1D;Mdm2;TP53;TP53INP1;CDKN1A;MYC;MALAT1;SIRT1;DFNA5;E2F1;AKT1;RB1;CDC25A;BBC3;BCL2;BAX;CASP3;CASP9",276,"Limited observational concordance","HCC; malignant cell annotated observational concordance; not causal perturbation validation"
"GSE189903","GSE189903_HCC","1HT3","HCC tumour-region observational concordance; malignant status annotated separately","GSDME OE",0.601068887981362,0.587286766892995,0.357582409387504,19,0.95,TRUE,"DFNA5","DFNA5","","PRKAA1;PPM1D;Mdm2;TP53;TP53INP1;CDKN1A;MYC;MALAT1;SIRT1;DFNA5;E2F1;AKT1;RB1;CDC25A;BBC3;BCL2;BAX;CASP3;CASP9",276,"Limited observational concordance","HCC; malignant cell annotated observational concordance; not causal perturbation validation"
"GSE189903","GSE189903_HCC","1HT3","HCC tumour-region observational concordance; malignant status annotated separately","CASP3 OE",0.613897835349783,0.60162299203293,0.375906544568416,19,0.95,TRUE,"CASP3","CASP3","DFNA5;CDKN1A;CASP9","PRKAA1;PPM1D;Mdm2;TP53;TP53INP1;CDKN1A;MYC;MALAT1;SIRT1;DFNA5;E2F1;AKT1;RB1;CDC25A;BBC3;BCL2;BAX;CASP3;CASP9",276,"Limited observational concordance","HCC; malignant cell annotated observational concordance; not causal perturbation validation"
"GSE189903","GSE189903_HCC","1HT3","HCC tumour-region observational concordance; malignant status annotated separately","miR-204-5p OE + GSDME KO",0.58906952020082,0.559295642191448,-0.462515390259911,19,0.95,TRUE,"MIR204;DFNA5","DFNA5","SIRT1;BCL2;MYC;E2F1;CDC25A;AKT1","PRKAA1;PPM1D;Mdm2;TP53;TP53INP1;CDKN1A;MYC;MALAT1;SIRT1;DFNA5;E2F1;AKT1;RB1;CDC25A;BBC3;BCL2;BAX;CASP3;CASP9",276,"Limited observational concordance","HCC; malignant cell annotated observational concordance; not causal perturbation validation"
"GSE189903","GSE189903_HCC","1HT3","HCC tumour-region observational concordance; malignant status annotated separately","CASP3 OE + GSDME KO",0.602055730086626,0.585299066697157,0.343405751870433,19,0.95,TRUE,"CASP3;DFNA5","CASP3;DFNA5","DFNA5;CDKN1A;CASP9","PRKAA1;PPM1D;Mdm2;TP53;TP53INP1;CDKN1A;MYC;MALAT1;SIRT1;DFNA5;E2F1;AKT1;RB1;CDC25A;BBC3;BCL2;BAX;CASP3;CASP9",276,"Limited observational concordance","HCC; malignant cell annotated observational concordance; not causal perturbation validation"
"GSE189903","GSE189903_HCC","1HT3","HCC tumour-region observational concordance; malignant status annotated separately","SIRT1 KO + GSDME KO",0.507979091693174,0.505830874698858,-0.425207193580598,19,0.95,TRUE,"SIRT1;DFNA5","SIRT1;DFNA5","TP53","PRKAA1;PPM1D;Mdm2;TP53;TP53INP1;CDKN1A;MYC;MALAT1;SIRT1;DFNA5;E2F1;AKT1;RB1;CDC25A;BBC3;BCL2;BAX;CASP3;CASP9",276,"Limited observational concordance","HCC; malignant cell annotated observational concordance; not causal perturbation validation"
"GSE189903","GSE189903_HCC","1HT3","HCC tumour-region observational concordance; malignant status annotated separately","MALAT1 KO + GSDME KO",0.634272305147888,0.584530202034093,0.0603651398676971,19,0.95,TRUE,"MALAT1;DFNA5","MALAT1;DFNA5","","PRKAA1;PPM1D;Mdm2;TP53;TP53INP1;CDKN1A;MYC;MALAT1;SIRT1;DFNA5;E2F1;AKT1;RB1;CDC25A;BBC3;BCL2;BAX;CASP3;CASP9",276,"Limited observational concordance","HCC; malignant cell annotated observational concordance; not causal perturbation validation"
"GSE189903","GSE189903_HCC","1HT3","HCC tumour-region observational concordance; malignant status annotated separately","miR-204-5p OE + CASP3 KO",0.535016112344477,0.525822493642344,-0.529180239293918,19,0.95,TRUE,"MIR204;CASP3","CASP3","SIRT1;BCL2;MYC;E2F1;CDC25A;AKT1;DFNA5;CDKN1A;CASP9","PRKAA1;PPM1D;Mdm2;TP53;TP53INP1;CDKN1A;MYC;MALAT1;SIRT1;DFNA5;E2F1;AKT1;RB1;CDC25A;BBC3;BCL2;BAX;CASP3;CASP9",276,"Limited observational concordance","HCC; malignant cell annotated observational concordance; not causal perturbation validation"
"GSE189903","GSE189903_HCC","1HT3","HCC tumour-region observational concordance; malignant status annotated separately","GSDME E1 + CASP3 E1",0.587253098507678,0.573724992623083,0.375906544568416,19,0.95,TRUE,"DFNA5;CASP3","DFNA5;CASP3","DFNA5;CDKN1A;CASP9","PRKAA1;PPM1D;Mdm2;TP53;TP53INP1;CDKN1A;MYC;MALAT1;SIRT1;DFNA5;E2F1;AKT1;RB1;CDC25A;BBC3;BCL2;BAX;CASP3;CASP9",276,"Limited observational concordance","HCC; malignant cell annotated observational concordance; not causal perturbation validation"
"GSE189903","GSE189903_HCC","1HT3","HCC tumour-region observational concordance; malignant status annotated separately","p53 E1 + miR-204-5p E1 + CASP3 KO + p21 E1",0.506174783358715,0.482513192043073,-0.556059681574181,19,0.95,TRUE,"TP53;MIR204;CASP3;CDKN1A","TP53;CASP3;CDKN1A","Mdm2;SIRT1;BCL2;MYC;E2F1;CDC25A;AKT1;CASP3;DFNA5;CDKN1A;CASP9","PRKAA1;PPM1D;Mdm2;TP53;TP53INP1;CDKN1A;MYC;MALAT1;SIRT1;DFNA5;E2F1;AKT1;RB1;CDC25A;BBC3;BCL2;BAX;CASP3;CASP9",276,"Limited observational concordance","HCC; malignant cell annotated observational concordance; not causal perturbation validation"
"GSE189903","GSE189903_HCC","1HT3","HCC tumour-region observational concordance; malignant status annotated separately","MALAT1 E1 + miR-204-5p KO + SIRT1 E1",0.54712151956031,0.544040984550274,0.415999927838549,19,0.95,TRUE,"MALAT1;MIR204;SIRT1","MALAT1;SIRT1","SIRT1;BCL2;MYC;E2F1;CDC25A;AKT1;TP53","PRKAA1;PPM1D;Mdm2;TP53;TP53INP1;CDKN1A;MYC;MALAT1;SIRT1;DFNA5;E2F1;AKT1;RB1;CDC25A;BBC3;BCL2;BAX;CASP3;CASP9",276,"Limited observational concordance","HCC; malignant cell annotated observational concordance; not causal perturbation validation"
"GSE189903","GSE189903_HCC","1HT3","HCC tumour-region observational concordance; malignant status annotated separately","SIRT1 KO + GSDME KO + CASP3 E1",0.50666330221949,0.517439311978957,-0.296085284844822,19,0.95,TRUE,"SIRT1;DFNA5;CASP3","SIRT1;DFNA5;CASP3","DFNA5;CDKN1A;CASP9;TP53","PRKAA1;PPM1D;Mdm2;TP53;TP53INP1;CDKN1A;MYC;MALAT1;SIRT1;DFNA5;E2F1;AKT1;RB1;CDC25A;BBC3;BCL2;BAX;CASP3;CASP9",276,"Limited observational concordance","HCC; malignant cell annotated observational concordance; not causal perturbation validation"
"GSE189903","GSE189903_HCC","1HT3","HCC tumour-region observational concordance; malignant status annotated separately","BAX E1",0.601174927416653,0.583438945427052,0.180118376332058,19,0.95,TRUE,"BAX","BAX","CASP3","PRKAA1;PPM1D;Mdm2;TP53;TP53INP1;CDKN1A;MYC;MALAT1;SIRT1;DFNA5;E2F1;AKT1;RB1;CDC25A;BBC3;BCL2;BAX;CASP3;CASP9",276,"Limited observational concordance","HCC; malignant cell annotated observational concordance; not causal perturbation validation"
"GSE189903","GSE189903_HCC","1HT3","HCC tumour-region observational concordance; malignant status annotated separately","BAX E1 + GSDME KO",0.585385453732443,0.561792144031623,0.151403852568976,19,0.95,TRUE,"BAX;DFNA5","BAX;DFNA5","CASP3","PRKAA1;PPM1D;Mdm2;TP53;TP53INP1;CDKN1A;MYC;MALAT1;SIRT1;DFNA5;E2F1;AKT1;RB1;CDC25A;BBC3;BCL2;BAX;CASP3;CASP9",276,"Limited observational concordance","HCC; malignant cell annotated observational concordance; not causal perturbation validation"
"GSE189903","GSE189903_HCC","1HT3","HCC tumour-region observational concordance; malignant status annotated separately","p53 E1",0.781311778832099,0.740692683025005,0.340900841949433,19,0.95,TRUE,"TP53","TP53","Mdm2","PRKAA1;PPM1D;Mdm2;TP53;TP53INP1;CDKN1A;MYC;MALAT1;SIRT1;DFNA5;E2F1;AKT1;RB1;CDC25A;BBC3;BCL2;BAX;CASP3;CASP9",276,"Limited observational concordance","HCC; malignant cell annotated observational concordance; not causal perturbation validation"
"GSE189903","GSE189903_HCC","1HT3","HCC tumour-region observational concordance; malignant status annotated separately","p53 KO",0.54712151956031,0.547231164496136,0.415999927838549,19,0.95,TRUE,"TP53","TP53","Mdm2","PRKAA1;PPM1D;Mdm2;TP53;TP53INP1;CDKN1A;MYC;MALAT1;SIRT1;DFNA5;E2F1;AKT1;RB1;CDC25A;BBC3;BCL2;BAX;CASP3;CASP9",276,"Limited observational concordance","HCC; malignant cell annotated observational concordance; not causal perturbation validation"
"GSE189903","GSE189903_HCC","1HT3","HCC tumour-region observational concordance; malignant status annotated separately","p21 E1",0.583475105962693,0.529086053293873,0.0355181323103465,19,0.95,TRUE,"CDKN1A","CDKN1A","CASP3","PRKAA1;PPM1D;Mdm2;TP53;TP53INP1;CDKN1A;MYC;MALAT1;SIRT1;DFNA5;E2F1;AKT1;RB1;CDC25A;BBC3;BCL2;BAX;CASP3;CASP9",276,"Limited observational concordance","HCC; malignant cell annotated observational concordance; not causal perturbation validation"
"GSE189903","GSE189903_HCC","2HT2","HCC tumour-region observational concordance; malignant status annotated separately","Reference: DDR ON, GSDME endogenous",0.524802346038788,0.524802346038788,-0.40116000392802,19,0.95,FALSE,"","","","PRKAA1;PPM1D;Mdm2;TP53;TP53INP1;CDKN1A;MYC;MALAT1;SIRT1;DFNA5;E2F1;AKT1;RB1;CDC25A;BBC3;BCL2;BAX;CASP3;CASP9",24,"Indirect only: perturbed node not measured","HCC; malignant cell annotated observational concordance; not causal perturbation validation"
"GSE189903","GSE189903_HCC","2HT2","HCC tumour-region observational concordance; malignant status annotated separately","GSDME KO",0.526447082880894,0.522840662488044,-0.352763719083564,19,0.95,TRUE,"DFNA5","DFNA5","","PRKAA1;PPM1D;Mdm2;TP53;TP53INP1;CDKN1A;MYC;MALAT1;SIRT1;DFNA5;E2F1;AKT1;RB1;CDC25A;BBC3;BCL2;BAX;CASP3;CASP9",24,"Limited observational concordance","HCC; malignant cell annotated observational concordance; not causal perturbation validation"
"GSE189903","GSE189903_HCC","2HT2","HCC tumour-region observational concordance; malignant status annotated separately","CASP3 KO",0.529407609196683,0.52179783354701,-0.299161261120633,19,0.95,TRUE,"CASP3","CASP3","DFNA5;CDKN1A;CASP9","PRKAA1;PPM1D;Mdm2;TP53;TP53INP1;CDKN1A;MYC;MALAT1;SIRT1;DFNA5;E2F1;AKT1;RB1;CDC25A;BBC3;BCL2;BAX;CASP3;CASP9",24,"Limited observational concordance","HCC; malignant cell annotated observational concordance; not causal perturbation validation"
"GSE189903","GSE189903_HCC","2HT2","HCC tumour-region observational concordance; malignant status annotated separately","miR-204-5p OE",0.623553842884756,0.608304443987923,0.0304516969205106,19,0.95,FALSE,"MIR204","","SIRT1;BCL2;MYC;E2F1;CDC25A;AKT1","PRKAA1;PPM1D;Mdm2;TP53;TP53INP1;CDKN1A;MYC;MALAT1;SIRT1;DFNA5;E2F1;AKT1;RB1;CDC25A;BBC3;BCL2;BAX;CASP3;CASP9",24,"Indirect only: perturbed node not measured","HCC; malignant cell annotated observational concordance; not causal perturbation validation"
"GSE189903","GSE189903_HCC","2HT2","HCC tumour-region observational concordance; malignant status annotated separately","miR-204-5p KO",0.46417076709142,0.458366259593971,-0.348540480080946,19,0.95,FALSE,"MIR204","","SIRT1;BCL2;MYC;E2F1;CDC25A;AKT1","PRKAA1;PPM1D;Mdm2;TP53;TP53INP1;CDKN1A;MYC;MALAT1;SIRT1;DFNA5;E2F1;AKT1;RB1;CDC25A;BBC3;BCL2;BAX;CASP3;CASP9",24,"Indirect only: perturbed node not measured","HCC; malignant cell annotated observational concordance; not causal perturbation validation"
"GSE189903","GSE189903_HCC","2HT2","HCC tumour-region observational concordance; malignant status annotated separately","MALAT1 OE",0.46417076709142,0.537102026124408,-0.348540480080946,19,0.95,TRUE,"MALAT1","MALAT1","","PRKAA1;PPM1D;Mdm2;TP53;TP53INP1;CDKN1A;MYC;MALAT1;SIRT1;DFNA5;E2F1;AKT1;RB1;CDC25A;BBC3;BCL2;BAX;CASP3;CASP9",24,"Limited observational concordance","HCC; malignant cell annotated observational concordance; not causal perturbation validation"
"GSE189903","GSE189903_HCC","2HT2","HCC tumour-region observational concordance; malignant status annotated separately","MALAT1 KO",0.495854977617736,0.428374753397135,-0.631360431641126,19,0.95,TRUE,"MALAT1","MALAT1","","PRKAA1;PPM1D;Mdm2;TP53;TP53INP1;CDKN1A;MYC;MALAT1;SIRT1;DFNA5;E2F1;AKT1;RB1;CDC25A;BBC3;BCL2;BAX;CASP3;CASP9",24,"Limited observational concordance","HCC; malignant cell annotated observational concordance; not causal perturbation validation"
"GSE189903","GSE189903_HCC","2HT2","HCC tumour-region observational concordance; malignant status annotated separately","SIRT1 OE",0.46417076709142,0.470401938032042,-0.348540480080946,19,0.95,TRUE,"SIRT1","SIRT1","TP53","PRKAA1;PPM1D;Mdm2;TP53;TP53INP1;CDKN1A;MYC;MALAT1;SIRT1;DFNA5;E2F1;AKT1;RB1;CDC25A;BBC3;BCL2;BAX;CASP3;CASP9",24,"Limited observational concordance","HCC; malignant cell annotated observational concordance; not causal perturbation validation"
"GSE189903","GSE189903_HCC","2HT2","HCC tumour-region observational concordance; malignant status annotated separately","SIRT1 KO",0.530372455859814,0.525090289623325,-0.144787310260479,19,0.95,TRUE,"SIRT1","SIRT1","TP53","PRKAA1;PPM1D;Mdm2;TP53;TP53INP1;CDKN1A;MYC;MALAT1;SIRT1;DFNA5;E2F1;AKT1;RB1;CDC25A;BBC3;BCL2;BAX;CASP3;CASP9",24,"Limited observational concordance","HCC; malignant cell annotated observational concordance; not causal perturbation validation"
"GSE189903","GSE189903_HCC","2HT2","HCC tumour-region observational concordance; malignant status annotated separately","BCL2 KO",0.519539188144051,0.511076781311414,-0.335752368271581,19,0.95,TRUE,"BCL2","BCL2","BAX;CASP3","PRKAA1;PPM1D;Mdm2;TP53;TP53INP1;CDKN1A;MYC;MALAT1;SIRT1;DFNA5;E2F1;AKT1;RB1;CDC25A;BBC3;BCL2;BAX;CASP3;CASP9",24,"Limited observational concordance","HCC; malignant cell annotated observational concordance; not causal perturbation validation"
"GSE189903","GSE189903_HCC","2HT2","HCC tumour-region observational concordance; malignant status annotated separately","GSDME OE",0.50967076709142,0.508352026124408,-0.426690576355514,19,0.95,TRUE,"DFNA5","DFNA5","","PRKAA1;PPM1D;Mdm2;TP53;TP53INP1;CDKN1A;MYC;MALAT1;SIRT1;DFNA5;E2F1;AKT1;RB1;CDC25A;BBC3;BCL2;BAX;CASP3;CASP9",24,"Limited observational concordance","HCC; malignant cell annotated observational concordance; not causal perturbation validation"
"GSE189903","GSE189903_HCC","2HT2","HCC tumour-region observational concordance; malignant status annotated separately","CASP3 OE",0.519868135512473,0.51429783354701,-0.459674019681155,19,0.95,TRUE,"CASP3","CASP3","DFNA5;CDKN1A;CASP9","PRKAA1;PPM1D;Mdm2;TP53;TP53INP1;CDKN1A;MYC;MALAT1;SIRT1;DFNA5;E2F1;AKT1;RB1;CDC25A;BBC3;BCL2;BAX;CASP3;CASP9",24,"Limited observational concordance","HCC; malignant cell annotated observational concordance; not causal perturbation validation"
"GSE189903","GSE189903_HCC","2HT2","HCC tumour-region observational concordance; malignant status annotated separately","miR-204-5p OE + GSDME KO",0.607764369200546,0.585986110703503,0.0350643436659138,19,0.95,TRUE,"MIR204;DFNA5","DFNA5","SIRT1;BCL2;MYC;E2F1;CDC25A;AKT1","PRKAA1;PPM1D;Mdm2;TP53;TP53INP1;CDKN1A;MYC;MALAT1;SIRT1;DFNA5;E2F1;AKT1;RB1;CDC25A;BBC3;BCL2;BAX;CASP3;CASP9",24,"Limited observational concordance","HCC; malignant cell annotated observational concordance; not causal perturbation validation"
"GSE189903","GSE189903_HCC","2HT2","HCC tumour-region observational concordance; malignant status annotated separately","CASP3 OE + GSDME KO",0.509999714459841,0.505831327358342,-0.408416917110027,19,0.95,TRUE,"CASP3;DFNA5","CASP3;DFNA5","DFNA5;CDKN1A;CASP9","PRKAA1;PPM1D;Mdm2;TP53;TP53INP1;CDKN1A;MYC;MALAT1;SIRT1;DFNA5;E2F1;AKT1;RB1;CDC25A;BBC3;BCL2;BAX;CASP3;CASP9",24,"Limited observational concordance","HCC; malignant cell annotated observational concordance; not causal perturbation validation"
"GSE189903","GSE189903_HCC","2HT2","HCC tumour-region observational concordance; malignant status annotated separately","SIRT1 KO + GSDME KO",0.521161929544025,0.51546448697448,0.0166096559992421,19,0.95,TRUE,"SIRT1;DFNA5","SIRT1;DFNA5","TP53","PRKAA1;PPM1D;Mdm2;TP53;TP53INP1;CDKN1A;MYC;MALAT1;SIRT1;DFNA5;E2F1;AKT1;RB1;CDC25A;BBC3;BCL2;BAX;CASP3;CASP9",24,"Limited observational concordance","HCC; malignant cell annotated observational concordance; not causal perturbation validation"
"GSE189903","GSE189903_HCC","2HT2","HCC tumour-region observational concordance; malignant status annotated separately","MALAT1 KO + GSDME KO",0.515262872354578,0.451719782989479,-0.588039724573256,19,0.95,TRUE,"MALAT1;DFNA5","MALAT1;DFNA5","","PRKAA1;PPM1D;Mdm2;TP53;TP53INP1;CDKN1A;MYC;MALAT1;SIRT1;DFNA5;E2F1;AKT1;RB1;CDC25A;BBC3;BCL2;BAX;CASP3;CASP9",24,"Limited observational concordance","HCC; malignant cell annotated observational concordance; not causal perturbation validation"
"GSE189903","GSE189903_HCC","2HT2","HCC tumour-region observational concordance; malignant status annotated separately","miR-204-5p OE + CASP3 KO",0.553817000779493,0.558671366568914,0.103714612601035,19,0.95,TRUE,"MIR204;CASP3","CASP3","SIRT1;BCL2;MYC;E2F1;CDC25A;AKT1;DFNA5;CDKN1A;CASP9","PRKAA1;PPM1D;Mdm2;TP53;TP53INP1;CDKN1A;MYC;MALAT1;SIRT1;DFNA5;E2F1;AKT1;RB1;CDC25A;BBC3;BCL2;BAX;CASP3;CASP9",24,"Limited observational concordance","HCC; malignant cell annotated observational concordance; not causal perturbation validation"
"GSE189903","GSE189903_HCC","2HT2","HCC tumour-region observational concordance; malignant status annotated separately","GSDME E1 + CASP3 E1",0.49717076709142,0.495646142173157,-0.459674019681155,19,0.95,TRUE,"DFNA5;CASP3","DFNA5;CASP3","DFNA5;CDKN1A;CASP9","PRKAA1;PPM1D;Mdm2;TP53;TP53INP1;CDKN1A;MYC;MALAT1;SIRT1;DFNA5;E2F1;AKT1;RB1;CDC25A;BBC3;BCL2;BAX;CASP3;CASP9",24,"Limited observational concordance","HCC; malignant cell annotated observational concordance; not causal perturbation validation"
"GSE189903","GSE189903_HCC","2HT2","HCC tumour-region observational concordance; malignant status annotated separately","p53 E1 + miR-204-5p E1 + CASP3 KO + p21 E1",0.538164236154413,0.532355941433773,0.132790371719207,19,0.95,TRUE,"TP53;MIR204;CASP3;CDKN1A","TP53;CASP3;CDKN1A","Mdm2;SIRT1;BCL2;MYC;E2F1;CDC25A;AKT1;CASP3;DFNA5;CDKN1A;CASP9","PRKAA1;PPM1D;Mdm2;TP53;TP53INP1;CDKN1A;MYC;MALAT1;SIRT1;DFNA5;E2F1;AKT1;RB1;CDC25A;BBC3;BCL2;BAX;CASP3;CASP9",24,"Limited observational concordance","HCC; malignant cell annotated observational concordance; not causal perturbation validation"
"GSE189903","GSE189903_HCC","2HT2","HCC tumour-region observational concordance; malignant status annotated separately","MALAT1 E1 + miR-204-5p KO + SIRT1 E1",0.46417076709142,0.514714725479009,-0.348540480080946,19,0.95,TRUE,"MALAT1;MIR204;SIRT1","MALAT1;SIRT1","SIRT1;BCL2;MYC;E2F1;CDC25A;AKT1;TP53","PRKAA1;PPM1D;Mdm2;TP53;TP53INP1;CDKN1A;MYC;MALAT1;SIRT1;DFNA5;E2F1;AKT1;RB1;CDC25A;BBC3;BCL2;BAX;CASP3;CASP9",24,"Limited observational concordance","HCC; malignant cell annotated observational concordance; not causal perturbation validation"
"GSE189903","GSE189903_HCC","2HT2","HCC tumour-region observational concordance; malignant status annotated separately","SIRT1 KO + GSDME KO + CASP3 E1",0.519846140070341,0.512726707266927,-0.0583025078265866,19,0.95,TRUE,"SIRT1;DFNA5;CASP3","SIRT1;DFNA5;CASP3","DFNA5;CDKN1A;CASP9;TP53","PRKAA1;PPM1D;Mdm2;TP53;TP53INP1;CDKN1A;MYC;MALAT1;SIRT1;DFNA5;E2F1;AKT1;RB1;CDC25A;BBC3;BCL2;BAX;CASP3;CASP9",24,"Limited observational concordance","HCC; malignant cell annotated observational concordance; not causal perturbation validation"
"GSE189903","GSE189903_HCC","2HT2","HCC tumour-region observational concordance; malignant status annotated separately","BAX E1",0.539186748487531,0.56867407352401,-0.167588402326349,19,0.95,TRUE,"BAX","BAX","CASP3","PRKAA1;PPM1D;Mdm2;TP53;TP53INP1;CDKN1A;MYC;MALAT1;SIRT1;DFNA5;E2F1;AKT1;RB1;CDC25A;BBC3;BCL2;BAX;CASP3;CASP9",24,"Limited observational concordance","HCC; malignant cell annotated observational concordance; not causal perturbation validation"
"GSE189903","GSE189903_HCC","2HT2","HCC tumour-region observational concordance; malignant status annotated separately","BAX E1 + GSDME KO",0.525370959013846,0.550173218886624,-0.146183030066597,19,0.95,TRUE,"BAX;DFNA5","BAX;DFNA5","CASP3","PRKAA1;PPM1D;Mdm2;TP53;TP53INP1;CDKN1A;MYC;MALAT1;SIRT1;DFNA5;E2F1;AKT1;RB1;CDC25A;BBC3;BCL2;BAX;CASP3;CASP9",24,"Limited observational concordance","HCC; malignant cell annotated observational concordance; not causal perturbation validation"
"GSE189903","GSE189903_HCC","2HT2","HCC tumour-region observational concordance; malignant status annotated separately","p53 E1",0.68796024077563,0.648556940338253,-0.409186064527902,19,0.95,TRUE,"TP53","TP53","Mdm2","PRKAA1;PPM1D;Mdm2;TP53;TP53INP1;CDKN1A;MYC;MALAT1;SIRT1;DFNA5;E2F1;AKT1;RB1;CDC25A;BBC3;BCL2;BAX;CASP3;CASP9",24,"Limited observational concordance","HCC; malignant cell annotated observational concordance; not causal perturbation validation"
"GSE189903","GSE189903_HCC","2HT2","HCC tumour-region observational concordance; malignant status annotated separately","p53 KO",0.46417076709142,0.463687375120862,-0.348540480080946,19,0.95,TRUE,"TP53","TP53","Mdm2","PRKAA1;PPM1D;Mdm2;TP53;TP53INP1;CDKN1A;MYC;MALAT1;SIRT1;DFNA5;E2F1;AKT1;RB1;CDC25A;BBC3;BCL2;BAX;CASP3;CASP9",24,"Limited observational concordance","HCC; malignant cell annotated observational concordance; not causal perturbation validation"
"GSE189903","GSE189903_HCC","2HT2","HCC tumour-region observational concordance; malignant status annotated separately","p21 E1",0.529873265624234,0.536532098045463,-0.195349727706906,19,0.95,TRUE,"CDKN1A","CDKN1A","CASP3","PRKAA1;PPM1D;Mdm2;TP53;TP53INP1;CDKN1A;MYC;MALAT1;SIRT1;DFNA5;E2F1;AKT1;RB1;CDC25A;BBC3;BCL2;BAX;CASP3;CASP9",24,"Limited observational concordance","HCC; malignant cell annotated observational concordance; not causal perturbation validation"
"GSE189903","GSE189903_HCC","3HT2","HCC tumour-region observational concordance; malignant status annotated separately","Reference: DDR ON, GSDME endogenous",0.582674568902063,0.582674568902063,0.0751846403167848,19,0.95,FALSE,"","","","PRKAA1;PPM1D;Mdm2;TP53;TP53INP1;CDKN1A;MYC;MALAT1;SIRT1;DFNA5;E2F1;AKT1;RB1;CDC25A;BBC3;BCL2;BAX;CASP3;CASP9",23,"Indirect only: perturbed node not measured","HCC; malignant cell annotated observational concordance; not causal perturbation validation"
"GSE189903","GSE189903_HCC","3HT2","HCC tumour-region observational concordance; malignant status annotated separately","GSDME KO",0.584319305744169,0.572821218597237,0.017901442460957,19,0.95,TRUE,"DFNA5","DFNA5","","PRKAA1;PPM1D;Mdm2;TP53;TP53INP1;CDKN1A;MYC;MALAT1;SIRT1;DFNA5;E2F1;AKT1;RB1;CDC25A;BBC3;BCL2;BAX;CASP3;CASP9",23,"Limited observational concordance","HCC; malignant cell annotated observational concordance; not causal perturbation validation"
"GSE189903","GSE189903_HCC","3HT2","HCC tumour-region observational concordance; malignant status annotated separately","CASP3 KO",0.587279832059958,0.573317110163636,-0.0404840370936533,19,0.95,TRUE,"CASP3","CASP3","DFNA5;CDKN1A;CASP9","PRKAA1;PPM1D;Mdm2;TP53;TP53INP1;CDKN1A;MYC;MALAT1;SIRT1;DFNA5;E2F1;AKT1;RB1;CDC25A;BBC3;BCL2;BAX;CASP3;CASP9",23,"Limited observational concordance","HCC; malignant cell annotated observational concordance; not causal perturbation validation"
"GSE189903","GSE189903_HCC","3HT2","HCC tumour-region observational concordance; malignant status annotated separately","miR-204-5p OE",0.614331331404448,0.599374392961277,-0.28929112074485,19,0.95,FALSE,"MIR204","","SIRT1;BCL2;MYC;E2F1;CDC25A;AKT1","PRKAA1;PPM1D;Mdm2;TP53;TP53INP1;CDKN1A;MYC;MALAT1;SIRT1;DFNA5;E2F1;AKT1;RB1;CDC25A;BBC3;BCL2;BAX;CASP3;CASP9",23,"Indirect only: perturbed node not measured","HCC; malignant cell annotated observational concordance; not causal perturbation validation"
"GSE189903","GSE189903_HCC","3HT2","HCC tumour-region observational concordance; malignant status annotated separately","miR-204-5p KO",0.512942399165931,0.497353642272211,0.101189171636404,19,0.95,FALSE,"MIR204","","SIRT1;BCL2;MYC;E2F1;CDC25A;AKT1","PRKAA1;PPM1D;Mdm2;TP53;TP53INP1;CDKN1A;MYC;MALAT1;SIRT1;DFNA5;E2F1;AKT1;RB1;CDC25A;BBC3;BCL2;BAX;CASP3;CASP9",23,"Indirect only: perturbed node not measured","HCC; malignant cell annotated observational concordance; not causal perturbation validation"
"GSE189903","GSE189903_HCC","3HT2","HCC tumour-region observational concordance; malignant status annotated separately","MALAT1 OE",0.512942399165931,0.567433579394223,0.101189171636404,19,0.95,TRUE,"MALAT1","MALAT1","","PRKAA1;PPM1D;Mdm2;TP53;TP53INP1;CDKN1A;MYC;MALAT1;SIRT1;DFNA5;E2F1;AKT1;RB1;CDC25A;BBC3;BCL2;BAX;CASP3;CASP9",23,"Limited observational concordance","HCC; malignant cell annotated observational concordance; not causal perturbation validation"
"GSE189903","GSE189903_HCC","3HT2","HCC tumour-region observational concordance; malignant status annotated separately","MALAT1 KO",0.553727200481011,0.490144711209954,-0.169440247963143,19,0.95,TRUE,"MALAT1","MALAT1","","PRKAA1;PPM1D;Mdm2;TP53;TP53INP1;CDKN1A;MYC;MALAT1;SIRT1;DFNA5;E2F1;AKT1;RB1;CDC25A;BBC3;BCL2;BAX;CASP3;CASP9",23,"Limited observational concordance","HCC; malignant cell annotated observational concordance; not causal perturbation validation"
"GSE189903","GSE189903_HCC","3HT2","HCC tumour-region observational concordance; malignant status annotated separately","SIRT1 OE",0.512942399165931,0.510691547137073,0.101189171636404,19,0.95,TRUE,"SIRT1","SIRT1","TP53","PRKAA1;PPM1D;Mdm2;TP53;TP53INP1;CDKN1A;MYC;MALAT1;SIRT1;DFNA5;E2F1;AKT1;RB1;CDC25A;BBC3;BCL2;BAX;CASP3;CASP9",23,"Limited observational concordance","HCC; malignant cell annotated observational concordance; not causal perturbation validation"
"GSE189903","GSE189903_HCC","3HT2","HCC tumour-region observational concordance; malignant status annotated separately","SIRT1 KO",0.504750904557259,0.503924660286432,-0.259994417349462,19,0.95,TRUE,"SIRT1","SIRT1","TP53","PRKAA1;PPM1D;Mdm2;TP53;TP53INP1;CDKN1A;MYC;MALAT1;SIRT1;DFNA5;E2F1;AKT1;RB1;CDC25A;BBC3;BCL2;BAX;CASP3;CASP9",23,"Limited observational concordance","HCC; malignant cell annotated observational concordance; not causal perturbation validation"
"GSE189903","GSE189903_HCC","3HT2","HCC tumour-region observational concordance; malignant status annotated separately","BCL2 KO",0.577411411007327,0.571455225557012,0.0135552198370514,19,0.95,TRUE,"BCL2","BCL2","BAX;CASP3","PRKAA1;PPM1D;Mdm2;TP53;TP53INP1;CDKN1A;MYC;MALAT1;SIRT1;DFNA5;E2F1;AKT1;RB1;CDC25A;BBC3;BCL2;BAX;CASP3;CASP9",23,"Limited observational concordance","HCC; malignant cell annotated observational concordance; not causal perturbation validation"
"GSE189903","GSE189903_HCC","3HT2","HCC tumour-region observational concordance; malignant status annotated separately","GSDME OE",0.566889767586983,0.557768435643304,0.119892198755107,19,0.95,TRUE,"DFNA5","DFNA5","","PRKAA1;PPM1D;Mdm2;TP53;TP53INP1;CDKN1A;MYC;MALAT1;SIRT1;DFNA5;E2F1;AKT1;RB1;CDC25A;BBC3;BCL2;BAX;CASP3;CASP9",23,"Limited observational concordance","HCC; malignant cell annotated observational concordance; not causal perturbation validation"
"GSE189903","GSE189903_HCC","3HT2","HCC tumour-region observational concordance; malignant status annotated separately","CASP3 OE",0.577740358375747,0.565817110163636,0.170676230542205,19,0.95,TRUE,"CASP3","CASP3","DFNA5;CDKN1A;CASP9","PRKAA1;PPM1D;Mdm2;TP53;TP53INP1;CDKN1A;MYC;MALAT1;SIRT1;DFNA5;E2F1;AKT1;RB1;CDC25A;BBC3;BCL2;BAX;CASP3;CASP9",23,"Limited observational concordance","HCC; malignant cell annotated observational concordance; not causal perturbation validation"
"GSE189903","GSE189903_HCC","3HT2","HCC tumour-region observational concordance; malignant status annotated separately","miR-204-5p OE + GSDME KO",0.598541857720238,0.578012850858283,-0.292202863882615,19,0.95,TRUE,"MIR204;DFNA5","DFNA5","SIRT1;BCL2;MYC;E2F1;CDC25A;AKT1","PRKAA1;PPM1D;Mdm2;TP53;TP53INP1;CDKN1A;MYC;MALAT1;SIRT1;DFNA5;E2F1;AKT1;RB1;CDC25A;BBC3;BCL2;BAX;CASP3;CASP9",23,"Limited observational concordance","HCC; malignant cell annotated observational concordance; not causal perturbation validation"
"GSE189903","GSE189903_HCC","3HT2","HCC tumour-region observational concordance; malignant status annotated separately","CASP3 OE + GSDME KO",0.567871937323116,0.553534361262626,0.101186732993883,19,0.95,TRUE,"CASP3;DFNA5","CASP3;DFNA5","DFNA5;CDKN1A;CASP9","PRKAA1;PPM1D;Mdm2;TP53;TP53INP1;CDKN1A;MYC;MALAT1;SIRT1;DFNA5;E2F1;AKT1;RB1;CDC25A;BBC3;BCL2;BAX;CASP3;CASP9",23,"Limited observational concordance","HCC; malignant cell annotated observational concordance; not causal perturbation validation"
"GSE189903","GSE189903_HCC","3HT2","HCC tumour-region observational concordance; malignant status annotated separately","SIRT1 KO + GSDME KO",0.49554037824147,0.496741045637997,-0.264647185587924,19,0.95,TRUE,"SIRT1;DFNA5","SIRT1;DFNA5","TP53","PRKAA1;PPM1D;Mdm2;TP53;TP53INP1;CDKN1A;MYC;MALAT1;SIRT1;DFNA5;E2F1;AKT1;RB1;CDC25A;BBC3;BCL2;BAX;CASP3;CASP9",23,"Limited observational concordance","HCC; malignant cell annotated observational concordance; not causal perturbation validation"
"GSE189903","GSE189903_HCC","3HT2","HCC tumour-region observational concordance; malignant status annotated separately","MALAT1 KO + GSDME KO",0.573135095217853,0.506077345864759,-0.194625537159644,19,0.95,TRUE,"MALAT1;DFNA5","MALAT1;DFNA5","","PRKAA1;PPM1D;Mdm2;TP53;TP53INP1;CDKN1A;MYC;MALAT1;SIRT1;DFNA5;E2F1;AKT1;RB1;CDC25A;BBC3;BCL2;BAX;CASP3;CASP9",23,"Limited observational concordance","HCC; malignant cell annotated observational concordance; not causal perturbation validation"
"GSE189903","GSE189903_HCC","3HT2","HCC tumour-region observational concordance; malignant status annotated separately","miR-204-5p OE + CASP3 KO",0.544594489299185,0.549508028357426,-0.384215496681108,19,0.95,TRUE,"MIR204;CASP3","CASP3","SIRT1;BCL2;MYC;E2F1;CDC25A;AKT1;DFNA5;CDKN1A;CASP9","PRKAA1;PPM1D;Mdm2;TP53;TP53INP1;CDKN1A;MYC;MALAT1;SIRT1;DFNA5;E2F1;AKT1;RB1;CDC25A;BBC3;BCL2;BAX;CASP3;CASP9",23,"Limited observational concordance","HCC; malignant cell annotated observational concordance; not causal perturbation validation"
"GSE189903","GSE189903_HCC","3HT2","HCC tumour-region observational concordance; malignant status annotated separately","GSDME E1 + CASP3 E1",0.553073978113299,0.541963575152014,0.170676230542205,19,0.95,TRUE,"DFNA5;CASP3","DFNA5;CASP3","DFNA5;CDKN1A;CASP9","PRKAA1;PPM1D;Mdm2;TP53;TP53INP1;CDKN1A;MYC;MALAT1;SIRT1;DFNA5;E2F1;AKT1;RB1;CDC25A;BBC3;BCL2;BAX;CASP3;CASP9",23,"Limited observational concordance","HCC; malignant cell annotated observational concordance; not causal perturbation validation"
"GSE189903","GSE189903_HCC","3HT2","HCC tumour-region observational concordance; malignant status annotated separately","p53 E1 + miR-204-5p E1 + CASP3 KO + p21 E1",0.515647120878133,0.512589622949725,-0.398371115157622,19,0.95,TRUE,"TP53;MIR204;CASP3;CDKN1A","TP53;CASP3;CDKN1A","Mdm2;SIRT1;BCL2;MYC;E2F1;CDC25A;AKT1;CASP3;DFNA5;CDKN1A;CASP9","PRKAA1;PPM1D;Mdm2;TP53;TP53INP1;CDKN1A;MYC;MALAT1;SIRT1;DFNA5;E2F1;AKT1;RB1;CDC25A;BBC3;BCL2;BAX;CASP3;CASP9",23,"Limited observational concordance","HCC; malignant cell annotated observational concordance; not causal perturbation validation"
"GSE189903","GSE189903_HCC","3HT2","HCC tumour-region observational concordance; malignant status annotated separately","MALAT1 E1 + miR-204-5p KO + SIRT1 E1",0.512942399165931,0.537789490945984,0.101189171636404,19,0.95,TRUE,"MALAT1;MIR204;SIRT1","MALAT1;SIRT1","SIRT1;BCL2;MYC;E2F1;CDC25A;AKT1;TP53","PRKAA1;PPM1D;Mdm2;TP53;TP53INP1;CDKN1A;MYC;MALAT1;SIRT1;DFNA5;E2F1;AKT1;RB1;CDC25A;BBC3;BCL2;BAX;CASP3;CASP9",23,"Limited observational concordance","HCC; malignant cell annotated observational concordance; not causal perturbation validation"
"GSE189903","GSE189903_HCC","3HT2","HCC tumour-region observational concordance; malignant status annotated separately","SIRT1 KO + GSDME KO + CASP3 E1",0.494224588767786,0.50310090746902,-0.172621150623815,19,0.95,TRUE,"SIRT1;DFNA5;CASP3","SIRT1;DFNA5;CASP3","DFNA5;CDKN1A;CASP9;TP53","PRKAA1;PPM1D;Mdm2;TP53;TP53INP1;CDKN1A;MYC;MALAT1;SIRT1;DFNA5;E2F1;AKT1;RB1;CDC25A;BBC3;BCL2;BAX;CASP3;CASP9",23,"Limited observational concordance","HCC; malignant cell annotated observational concordance; not causal perturbation validation"
"GSE189903","GSE189903_HCC","3HT2","HCC tumour-region observational concordance; malignant status annotated separately","BAX E1",0.559615177668132,0.539961415782923,-0.0569069652759254,19,0.95,TRUE,"BAX","BAX","CASP3","PRKAA1;PPM1D;Mdm2;TP53;TP53INP1;CDKN1A;MYC;MALAT1;SIRT1;DFNA5;E2F1;AKT1;RB1;CDC25A;BBC3;BCL2;BAX;CASP3;CASP9",23,"Limited observational concordance","HCC; malignant cell annotated observational concordance; not causal perturbation validation"
"GSE189903","GSE189903_HCC","3HT2","HCC tumour-region observational concordance; malignant status annotated separately","BAX E1 + GSDME KO",0.543825703983921,0.523331252423355,-0.08248899553758,19,0.95,TRUE,"BAX;DFNA5","BAX;DFNA5","CASP3","PRKAA1;PPM1D;Mdm2;TP53;TP53INP1;CDKN1A;MYC;MALAT1;SIRT1;DFNA5;E2F1;AKT1;RB1;CDC25A;BBC3;BCL2;BAX;CASP3;CASP9",23,"Limited observational concordance","HCC; malignant cell annotated observational concordance; not causal perturbation validation"
"GSE189903","GSE189903_HCC","3HT2","HCC tumour-region observational concordance; malignant status annotated separately","p53 E1",0.74003186001849,0.705038886970189,0.104528917639348,19,0.95,TRUE,"TP53","TP53","Mdm2","PRKAA1;PPM1D;Mdm2;TP53;TP53INP1;CDKN1A;MYC;MALAT1;SIRT1;DFNA5;E2F1;AKT1;RB1;CDC25A;BBC3;BCL2;BAX;CASP3;CASP9",23,"Limited observational concordance","HCC; malignant cell annotated observational concordance; not causal perturbation validation"
"GSE189903","GSE189903_HCC","3HT2","HCC tumour-region observational concordance; malignant status annotated separately","p53 KO",0.512942399165931,0.517443245396335,0.101189171636404,19,0.95,TRUE,"TP53","TP53","Mdm2","PRKAA1;PPM1D;Mdm2;TP53;TP53INP1;CDKN1A;MYC;MALAT1;SIRT1;DFNA5;E2F1;AKT1;RB1;CDC25A;BBC3;BCL2;BAX;CASP3;CASP9",23,"Limited observational concordance","HCC; malignant cell annotated observational concordance; not causal perturbation validation"
"GSE189903","GSE189903_HCC","3HT2","HCC tumour-region observational concordance; malignant status annotated separately","p21 E1",0.567912890486094,0.543380960190464,-0.136849274489865,19,0.95,TRUE,"CDKN1A","CDKN1A","CASP3","PRKAA1;PPM1D;Mdm2;TP53;TP53INP1;CDKN1A;MYC;MALAT1;SIRT1;DFNA5;E2F1;AKT1;RB1;CDC25A;BBC3;BCL2;BAX;CASP3;CASP9",23,"Limited observational concordance","HCC; malignant cell annotated observational concordance; not causal perturbation validation"
"GSE189903","GSE189903_HCC","3HT3","HCC tumour-region observational concordance; malignant status annotated separately","Reference: DDR ON, GSDME endogenous",0.575029741638449,0.575029741638449,0.065720839437749,19,0.95,FALSE,"","","","PRKAA1;PPM1D;Mdm2;TP53;TP53INP1;CDKN1A;MYC;MALAT1;SIRT1;DFNA5;E2F1;AKT1;RB1;CDC25A;BBC3;BCL2;BAX;CASP3;CASP9",23,"Indirect only: perturbed node not measured","HCC; malignant cell annotated observational concordance; not causal perturbation validation"
"GSE189903","GSE189903_HCC","3HT3","HCC tumour-region observational concordance; malignant status annotated separately","GSDME KO",0.576674478480555,0.566218867778661,0.00947723424403605,19,0.95,TRUE,"DFNA5","DFNA5","","PRKAA1;PPM1D;Mdm2;TP53;TP53INP1;CDKN1A;MYC;MALAT1;SIRT1;DFNA5;E2F1;AKT1;RB1;CDC25A;BBC3;BCL2;BAX;CASP3;CASP9",23,"Limited observational concordance","HCC; malignant cell annotated observational concordance; not causal perturbation validation"
"GSE189903","GSE189903_HCC","3HT3","HCC tumour-region observational concordance; malignant status annotated separately","CASP3 KO",0.579635004796344,0.565796724457713,-0.0467932376796773,19,0.95,TRUE,"CASP3","CASP3","DFNA5;CDKN1A;CASP9","PRKAA1;PPM1D;Mdm2;TP53;TP53INP1;CDKN1A;MYC;MALAT1;SIRT1;DFNA5;E2F1;AKT1;RB1;CDC25A;BBC3;BCL2;BAX;CASP3;CASP9",23,"Limited observational concordance","HCC; malignant cell annotated observational concordance; not causal perturbation validation"
"GSE189903","GSE189903_HCC","3HT3","HCC tumour-region observational concordance; malignant status annotated separately","miR-204-5p OE",0.606816292424225,0.595370467604406,-0.28929112074485,19,0.95,FALSE,"MIR204","","SIRT1;BCL2;MYC;E2F1;CDC25A;AKT1","PRKAA1;PPM1D;Mdm2;TP53;TP53INP1;CDKN1A;MYC;MALAT1;SIRT1;DFNA5;E2F1;AKT1;RB1;CDC25A;BBC3;BCL2;BAX;CASP3;CASP9",23,"Indirect only: perturbed node not measured","HCC; malignant cell annotated observational concordance; not causal perturbation validation"
"GSE189903","GSE189903_HCC","3HT3","HCC tumour-region observational concordance; malignant status annotated separately","miR-204-5p KO",0.509847867296699,0.493294293783495,0.101189171636404,19,0.95,FALSE,"MIR204","","SIRT1;BCL2;MYC;E2F1;CDC25A;AKT1","PRKAA1;PPM1D;Mdm2;TP53;TP53INP1;CDKN1A;MYC;MALAT1;SIRT1;DFNA5;E2F1;AKT1;RB1;CDC25A;BBC3;BCL2;BAX;CASP3;CASP9",23,"Indirect only: perturbed node not measured","HCC; malignant cell annotated observational concordance; not causal perturbation validation"
"GSE189903","GSE189903_HCC","3HT3","HCC tumour-region observational concordance; malignant status annotated separately","MALAT1 OE",0.509847867296699,0.570655729995336,0.101189171636404,19,0.95,TRUE,"MALAT1","MALAT1","","PRKAA1;PPM1D;Mdm2;TP53;TP53INP1;CDKN1A;MYC;MALAT1;SIRT1;DFNA5;E2F1;AKT1;RB1;CDC25A;BBC3;BCL2;BAX;CASP3;CASP9",23,"Limited observational concordance","HCC; malignant cell annotated observational concordance; not causal perturbation validation"
"GSE189903","GSE189903_HCC","3HT3","HCC tumour-region observational concordance; malignant status annotated separately","MALAT1 KO",0.546082373217397,0.477647659539565,-0.180910049363725,19,0.95,TRUE,"MALAT1","MALAT1","","PRKAA1;PPM1D;Mdm2;TP53;TP53INP1;CDKN1A;MYC;MALAT1;SIRT1;DFNA5;E2F1;AKT1;RB1;CDC25A;BBC3;BCL2;BAX;CASP3;CASP9",23,"Limited observational concordance","HCC; malignant cell annotated observational concordance; not causal perturbation validation"
"GSE189903","GSE189903_HCC","3HT3","HCC tumour-region observational concordance; malignant status annotated separately","SIRT1 OE",0.509847867296699,0.50813519472336,0.101189171636404,19,0.95,TRUE,"SIRT1","SIRT1","TP53","PRKAA1;PPM1D;Mdm2;TP53;TP53INP1;CDKN1A;MYC;MALAT1;SIRT1;DFNA5;E2F1;AKT1;RB1;CDC25A;BBC3;BCL2;BAX;CASP3;CASP9",23,"Limited observational concordance","HCC; malignant cell annotated observational concordance; not causal perturbation validation"
"GSE189903","GSE189903_HCC","3HT3","HCC tumour-region observational concordance; malignant status annotated separately","SIRT1 KO",0.497010946812368,0.497530782149347,-0.265183926677794,19,0.95,TRUE,"SIRT1","SIRT1","TP53","PRKAA1;PPM1D;Mdm2;TP53;TP53INP1;CDKN1A;MYC;MALAT1;SIRT1;DFNA5;E2F1;AKT1;RB1;CDC25A;BBC3;BCL2;BAX;CASP3;CASP9",23,"Limited observational concordance","HCC; malignant cell annotated observational concordance; not causal perturbation validation"
"GSE189903","GSE189903_HCC","3HT3","HCC tumour-region observational concordance; malignant status annotated separately","BCL2 KO",0.569766583743712,0.561872662281478,0.00208541843646945,19,0.95,TRUE,"BCL2","BCL2","BAX;CASP3","PRKAA1;PPM1D;Mdm2;TP53;TP53INP1;CDKN1A;MYC;MALAT1;SIRT1;DFNA5;E2F1;AKT1;RB1;CDC25A;BBC3;BCL2;BAX;CASP3;CASP9",23,"Limited observational concordance","HCC; malignant cell annotated observational concordance; not causal perturbation validation"
"GSE189903","GSE189903_HCC","3HT3","HCC tumour-region observational concordance; malignant status annotated separately","GSDME OE",0.559898162691081,0.551730231415025,0.113609638121652,19,0.95,TRUE,"DFNA5","DFNA5","","PRKAA1;PPM1D;Mdm2;TP53;TP53INP1;CDKN1A;MYC;MALAT1;SIRT1;DFNA5;E2F1;AKT1;RB1;CDC25A;BBC3;BCL2;BAX;CASP3;CASP9",23,"Limited observational concordance","HCC; malignant cell annotated observational concordance; not causal perturbation validation"
"GSE189903","GSE189903_HCC","3HT3","HCC tumour-region observational concordance; malignant status annotated separately","CASP3 OE",0.570095531112134,0.558296724457714,0.168582043664387,19,0.95,TRUE,"CASP3","CASP3","DFNA5;CDKN1A;CASP9","PRKAA1;PPM1D;Mdm2;TP53;TP53INP1;CDKN1A;MYC;MALAT1;SIRT1;DFNA5;E2F1;AKT1;RB1;CDC25A;BBC3;BCL2;BAX;CASP3;CASP9",23,"Limited observational concordance","HCC; malignant cell annotated observational concordance; not causal perturbation validation"
"GSE189903","GSE189903_HCC","3HT3","HCC tumour-region observational concordance; malignant status annotated separately","miR-204-5p OE + GSDME KO",0.595302734147916,0.577339431530725,-0.292202863882615,19,0.95,TRUE,"MIR204;DFNA5","DFNA5","SIRT1;BCL2;MYC;E2F1;CDC25A;AKT1","PRKAA1;PPM1D;Mdm2;TP53;TP53INP1;CDKN1A;MYC;MALAT1;SIRT1;DFNA5;E2F1;AKT1;RB1;CDC25A;BBC3;BCL2;BAX;CASP3;CASP9",23,"Limited observational concordance","HCC; malignant cell annotated observational concordance; not causal perturbation validation"
"GSE189903","GSE189903_HCC","3HT3","HCC tumour-region observational concordance; malignant status annotated separately","CASP3 OE + GSDME KO",0.560227110059502,0.546571041164549,0.0969924642687483,19,0.95,TRUE,"CASP3;DFNA5","CASP3;DFNA5","DFNA5;CDKN1A;CASP9","PRKAA1;PPM1D;Mdm2;TP53;TP53INP1;CDKN1A;MYC;MALAT1;SIRT1;DFNA5;E2F1;AKT1;RB1;CDC25A;BBC3;BCL2;BAX;CASP3;CASP9",23,"Limited observational concordance","HCC; malignant cell annotated observational concordance; not causal perturbation validation"
"GSE189903","GSE189903_HCC","3HT3","HCC tumour-region observational concordance; malignant status annotated separately","SIRT1 KO + GSDME KO",0.487800420496578,0.491084922670576,-0.264647185587924,19,0.95,TRUE,"SIRT1;DFNA5","SIRT1;DFNA5","TP53","PRKAA1;PPM1D;Mdm2;TP53;TP53INP1;CDKN1A;MYC;MALAT1;SIRT1;DFNA5;E2F1;AKT1;RB1;CDC25A;BBC3;BCL2;BAX;CASP3;CASP9",23,"Limited observational concordance","HCC; malignant cell annotated observational concordance; not causal perturbation validation"
"GSE189903","GSE189903_HCC","3HT3","HCC tumour-region observational concordance; malignant status annotated separately","MALAT1 KO + GSDME KO",0.565490267954239,0.495079940394817,-0.205033319895454,19,0.95,TRUE,"MALAT1;DFNA5","MALAT1;DFNA5","","PRKAA1;PPM1D;Mdm2;TP53;TP53INP1;CDKN1A;MYC;MALAT1;SIRT1;DFNA5;E2F1;AKT1;RB1;CDC25A;BBC3;BCL2;BAX;CASP3;CASP9",23,"Limited observational concordance","HCC; malignant cell annotated observational concordance; not causal perturbation validation"
"GSE189903","GSE189903_HCC","3HT3","HCC tumour-region observational concordance; malignant status annotated separately","miR-204-5p OE + CASP3 KO",0.53971102926633,0.549271247412834,-0.384215496681108,19,0.95,TRUE,"MIR204;CASP3","CASP3","SIRT1;BCL2;MYC;E2F1;CDC25A;AKT1;DFNA5;CDKN1A;CASP9","PRKAA1;PPM1D;Mdm2;TP53;TP53INP1;CDKN1A;MYC;MALAT1;SIRT1;DFNA5;E2F1;AKT1;RB1;CDC25A;BBC3;BCL2;BAX;CASP3;CASP9",23,"Limited observational concordance","HCC; malignant cell annotated observational concordance; not causal perturbation validation"
"GSE189903","GSE189903_HCC","3HT3","HCC tumour-region observational concordance; malignant status annotated separately","GSDME E1 + CASP3 E1",0.547398162691081,0.536385855979364,0.168582043664387,19,0.95,TRUE,"DFNA5;CASP3","DFNA5;CASP3","DFNA5;CDKN1A;CASP9","PRKAA1;PPM1D;Mdm2;TP53;TP53INP1;CDKN1A;MYC;MALAT1;SIRT1;DFNA5;E2F1;AKT1;RB1;CDC25A;BBC3;BCL2;BAX;CASP3;CASP9",23,"Limited observational concordance","HCC; malignant cell annotated observational concordance; not causal perturbation validation"
"GSE189903","GSE189903_HCC","3HT3","HCC tumour-region observational concordance; malignant status annotated separately","p53 E1 + miR-204-5p E1 + CASP3 KO + p21 E1",0.51240799730581,0.513920658248423,-0.398371115157622,19,0.95,TRUE,"TP53;MIR204;CASP3;CDKN1A","TP53;CASP3;CDKN1A","Mdm2;SIRT1;BCL2;MYC;E2F1;CDC25A;AKT1;CASP3;DFNA5;CDKN1A;CASP9","PRKAA1;PPM1D;Mdm2;TP53;TP53INP1;CDKN1A;MYC;MALAT1;SIRT1;DFNA5;E2F1;AKT1;RB1;CDC25A;BBC3;BCL2;BAX;CASP3;CASP9",23,"Limited observational concordance","HCC; malignant cell annotated observational concordance; not causal perturbation validation"
"GSE189903","GSE189903_HCC","3HT3","HCC tumour-region observational concordance; malignant status annotated separately","MALAT1 E1 + miR-204-5p KO + SIRT1 E1",0.509847867296699,0.538699158898306,0.101189171636404,19,0.95,TRUE,"MALAT1;MIR204;SIRT1","MALAT1;SIRT1","SIRT1;BCL2;MYC;E2F1;CDC25A;AKT1;TP53","PRKAA1;PPM1D;Mdm2;TP53;TP53INP1;CDKN1A;MYC;MALAT1;SIRT1;DFNA5;E2F1;AKT1;RB1;CDC25A;BBC3;BCL2;BAX;CASP3;CASP9",23,"Limited observational concordance","HCC; malignant cell annotated observational concordance; not causal perturbation validation"
"GSE189903","GSE189903_HCC","3HT3","HCC tumour-region observational concordance; malignant status annotated separately","SIRT1 KO + GSDME KO + CASP3 E1",0.486484631022894,0.496977774507977,-0.172621150623815,19,0.95,TRUE,"SIRT1;DFNA5;CASP3","SIRT1;DFNA5;CASP3","DFNA5;CDKN1A;CASP9;TP53","PRKAA1;PPM1D;Mdm2;TP53;TP53INP1;CDKN1A;MYC;MALAT1;SIRT1;DFNA5;E2F1;AKT1;RB1;CDC25A;BBC3;BCL2;BAX;CASP3;CASP9",23,"Limited observational concordance","HCC; malignant cell annotated observational concordance; not causal perturbation validation"
"GSE189903","GSE189903_HCC","3HT3","HCC tumour-region observational concordance; malignant status annotated separately","BAX E1",0.561542499151614,0.552605264043733,-0.0631719522787796,19,0.95,TRUE,"BAX","BAX","CASP3","PRKAA1;PPM1D;Mdm2;TP53;TP53INP1;CDKN1A;MYC;MALAT1;SIRT1;DFNA5;E2F1;AKT1;RB1;CDC25A;BBC3;BCL2;BAX;CASP3;CASP9",23,"Limited observational concordance","HCC; malignant cell annotated observational concordance; not causal perturbation validation"
"GSE189903","GSE189903_HCC","3HT3","HCC tumour-region observational concordance; malignant status annotated separately","BAX E1 + GSDME KO",0.54772670967793,0.535958502807918,-0.0877098180399584,19,0.95,TRUE,"BAX;DFNA5","BAX;DFNA5","CASP3","PRKAA1;PPM1D;Mdm2;TP53;TP53INP1;CDKN1A;MYC;MALAT1;SIRT1;DFNA5;E2F1;AKT1;RB1;CDC25A;BBC3;BCL2;BAX;CASP3;CASP9",23,"Limited observational concordance","HCC; malignant cell annotated observational concordance; not causal perturbation validation"
"GSE189903","GSE189903_HCC","3HT3","HCC tumour-region observational concordance; malignant status annotated separately","p53 E1",0.718879543609741,0.684949159211015,0.0971751244385903,19,0.95,TRUE,"TP53","TP53","Mdm2","PRKAA1;PPM1D;Mdm2;TP53;TP53INP1;CDKN1A;MYC;MALAT1;SIRT1;DFNA5;E2F1;AKT1;RB1;CDC25A;BBC3;BCL2;BAX;CASP3;CASP9",23,"Limited observational concordance","HCC; malignant cell annotated observational concordance; not causal perturbation validation"
"GSE189903","GSE189903_HCC","3HT3","HCC tumour-region observational concordance; malignant status annotated separately","p53 KO",0.509847867296699,0.512270817908937,0.101189171636404,19,0.95,TRUE,"TP53","TP53","Mdm2","PRKAA1;PPM1D;Mdm2;TP53;TP53INP1;CDKN1A;MYC;MALAT1;SIRT1;DFNA5;E2F1;AKT1;RB1;CDC25A;BBC3;BCL2;BAX;CASP3;CASP9",23,"Limited observational concordance","HCC; malignant cell annotated observational concordance; not causal perturbation validation"
"GSE189903","GSE189903_HCC","3HT3","HCC tumour-region observational concordance; malignant status annotated separately","p21 E1",0.56476889739505,0.546360869111698,-0.14311718019169,19,0.95,TRUE,"CDKN1A","CDKN1A","CASP3","PRKAA1;PPM1D;Mdm2;TP53;TP53INP1;CDKN1A;MYC;MALAT1;SIRT1;DFNA5;E2F1;AKT1;RB1;CDC25A;BBC3;BCL2;BAX;CASP3;CASP9",23,"Limited observational concordance","HCC; malignant cell annotated observational concordance; not causal perturbation validation"
"GSE189903","GSE189903_HCC","4HB","HCC tumour-region observational concordance; malignant status annotated separately","Reference: DDR ON, GSDME endogenous",0.584014529828158,0.584014529828158,0.133018979022004,19,0.95,FALSE,"","","","PRKAA1;PPM1D;Mdm2;TP53;TP53INP1;CDKN1A;MYC;MALAT1;SIRT1;DFNA5;E2F1;AKT1;RB1;CDC25A;BBC3;BCL2;BAX;CASP3;CASP9",12,"Indirect only: perturbed node not measured","HCC; malignant cell annotated observational concordance; not causal perturbation validation"
"GSE189903","GSE189903_HCC","4HB","HCC tumour-region observational concordance; malignant status annotated separately","GSDME KO",0.586975056143948,0.575114821215228,0.0579164314913314,19,0.95,TRUE,"DFNA5","DFNA5","","PRKAA1;PPM1D;Mdm2;TP53;TP53INP1;CDKN1A;MYC;MALAT1;SIRT1;DFNA5;E2F1;AKT1;RB1;CDC25A;BBC3;BCL2;BAX;CASP3;CASP9",12,"Limited observational concordance","HCC; malignant cell annotated observational concordance; not causal perturbation validation"
"GSE189903","GSE189903_HCC","4HB","HCC tumour-region observational concordance; malignant status annotated separately","CASP3 KO",0.591909266670263,0.579115903114903,-0.0110411010255418,19,0.95,TRUE,"CASP3","CASP3","DFNA5;CDKN1A;CASP9","PRKAA1;PPM1D;Mdm2;TP53;TP53INP1;CDKN1A;MYC;MALAT1;SIRT1;DFNA5;E2F1;AKT1;RB1;CDC25A;BBC3;BCL2;BAX;CASP3;CASP9",12,"Limited observational concordance","HCC; malignant cell annotated observational concordance; not causal perturbation validation"
"GSE189903","GSE189903_HCC","4HB","HCC tumour-region observational concordance; malignant status annotated separately","miR-204-5p OE",0.618776701369191,0.593219308637591,-0.381733772110686,19,0.95,FALSE,"MIR204","","SIRT1;BCL2;MYC;E2F1;CDC25A;AKT1","PRKAA1;PPM1D;Mdm2;TP53;TP53INP1;CDKN1A;MYC;MALAT1;SIRT1;DFNA5;E2F1;AKT1;RB1;CDC25A;BBC3;BCL2;BAX;CASP3;CASP9",12,"Indirect only: perturbed node not measured","HCC; malignant cell annotated observational concordance; not causal perturbation validation"
"GSE189903","GSE189903_HCC","4HB","HCC tumour-region observational concordance; malignant status annotated separately","miR-204-5p KO",0.512961898249211,0.506902027072395,0.168648619394006,19,0.95,FALSE,"MIR204","","SIRT1;BCL2;MYC;E2F1;CDC25A;AKT1","PRKAA1;PPM1D;Mdm2;TP53;TP53INP1;CDKN1A;MYC;MALAT1;SIRT1;DFNA5;E2F1;AKT1;RB1;CDC25A;BBC3;BCL2;BAX;CASP3;CASP9",12,"Indirect only: perturbed node not measured","HCC; malignant cell annotated observational concordance; not causal perturbation validation"
"GSE189903","GSE189903_HCC","4HB","HCC tumour-region observational concordance; malignant status annotated separately","MALAT1 OE",0.512961898249211,0.534047114684659,0.168648619394006,19,0.95,TRUE,"MALAT1","MALAT1","","PRKAA1;PPM1D;Mdm2;TP53;TP53INP1;CDKN1A;MYC;MALAT1;SIRT1;DFNA5;E2F1;AKT1;RB1;CDC25A;BBC3;BCL2;BAX;CASP3;CASP9",12,"Limited observational concordance","HCC; malignant cell annotated observational concordance; not causal perturbation validation"
"GSE189903","GSE189903_HCC","4HB","HCC tumour-region observational concordance; malignant status annotated separately","MALAT1 KO",0.579531706799123,0.545833726038901,-0.116262077833172,19,0.95,TRUE,"MALAT1","MALAT1","","PRKAA1;PPM1D;Mdm2;TP53;TP53INP1;CDKN1A;MYC;MALAT1;SIRT1;DFNA5;E2F1;AKT1;RB1;CDC25A;BBC3;BCL2;BAX;CASP3;CASP9",12,"Limited observational concordance","HCC; malignant cell annotated observational concordance; not causal perturbation validation"
"GSE189903","GSE189903_HCC","4HB","HCC tumour-region observational concordance; malignant status annotated separately","SIRT1 OE",0.512961898249211,0.510707655075435,0.168648619394006,19,0.95,TRUE,"SIRT1","SIRT1","TP53","PRKAA1;PPM1D;Mdm2;TP53;TP53INP1;CDKN1A;MYC;MALAT1;SIRT1;DFNA5;E2F1;AKT1;RB1;CDC25A;BBC3;BCL2;BAX;CASP3;CASP9",12,"Limited observational concordance","HCC; malignant cell annotated observational concordance; not causal perturbation validation"
"GSE189903","GSE189903_HCC","4HB","HCC tumour-region observational concordance; malignant status annotated separately","SIRT1 KO",0.515197386752094,0.512554362969122,-0.298396786379123,19,0.95,TRUE,"SIRT1","SIRT1","TP53","PRKAA1;PPM1D;Mdm2;TP53;TP53INP1;CDKN1A;MYC;MALAT1;SIRT1;DFNA5;E2F1;AKT1;RB1;CDC25A;BBC3;BCL2;BAX;CASP3;CASP9",12,"Limited observational concordance","HCC; malignant cell annotated observational concordance; not causal perturbation validation"
"GSE189903","GSE189903_HCC","4HB","HCC tumour-region observational concordance; malignant status annotated separately","BCL2 KO",0.578093477196579,0.570965492185606,0.0667333899670224,19,0.95,TRUE,"BCL2","BCL2","BAX;CASP3","PRKAA1;PPM1D;Mdm2;TP53;TP53INP1;CDKN1A;MYC;MALAT1;SIRT1;DFNA5;E2F1;AKT1;RB1;CDC25A;BBC3;BCL2;BAX;CASP3;CASP9",12,"Limited observational concordance","HCC; malignant cell annotated observational concordance; not causal perturbation validation"
"GSE189903","GSE189903_HCC","4HB","HCC tumour-region observational concordance; malignant status annotated separately","GSDME OE",0.566909266670263,0.557785275760682,0.173293964139479,19,0.95,TRUE,"DFNA5","DFNA5","","PRKAA1;PPM1D;Mdm2;TP53;TP53INP1;CDKN1A;MYC;MALAT1;SIRT1;DFNA5;E2F1;AKT1;RB1;CDC25A;BBC3;BCL2;BAX;CASP3;CASP9",12,"Limited observational concordance","HCC; malignant cell annotated observational concordance; not causal perturbation validation"
"GSE189903","GSE189903_HCC","4HB","HCC tumour-region observational concordance; malignant status annotated separately","CASP3 OE",0.579738214038684,0.569615903114903,0.227219276243304,19,0.95,TRUE,"CASP3","CASP3","DFNA5;CDKN1A;CASP9","PRKAA1;PPM1D;Mdm2;TP53;TP53INP1;CDKN1A;MYC;MALAT1;SIRT1;DFNA5;E2F1;AKT1;RB1;CDC25A;BBC3;BCL2;BAX;CASP3;CASP9",12,"Limited observational concordance","HCC; malignant cell annotated observational concordance; not causal perturbation validation"
"GSE189903","GSE189903_HCC","4HB","HCC tumour-region observational concordance; malignant status annotated separately","miR-204-5p OE + GSDME KO",0.602987227684981,0.572517239854992,-0.369010473817474,19,0.95,TRUE,"MIR204;DFNA5","DFNA5","SIRT1;BCL2;MYC;E2F1;CDC25A;AKT1","PRKAA1;PPM1D;Mdm2;TP53;TP53INP1;CDKN1A;MYC;MALAT1;SIRT1;DFNA5;E2F1;AKT1;RB1;CDC25A;BBC3;BCL2;BAX;CASP3;CASP9",12,"Limited observational concordance","HCC; malignant cell annotated observational concordance; not causal perturbation validation"
"GSE189903","GSE189903_HCC","4HB","HCC tumour-region observational concordance; malignant status annotated separately","CASP3 OE + GSDME KO",0.567896108775527,0.55566287325454,0.159906495145774,19,0.95,TRUE,"CASP3;DFNA5","CASP3;DFNA5","DFNA5;CDKN1A;CASP9","PRKAA1;PPM1D;Mdm2;TP53;TP53INP1;CDKN1A;MYC;MALAT1;SIRT1;DFNA5;E2F1;AKT1;RB1;CDC25A;BBC3;BCL2;BAX;CASP3;CASP9",12,"Limited observational concordance","HCC; malignant cell annotated observational concordance; not causal perturbation validation"
"GSE189903","GSE189903_HCC","4HB","HCC tumour-region observational concordance; malignant status annotated separately","SIRT1 KO + GSDME KO",0.505986860436305,0.504375013395761,-0.327763878385044,19,0.95,TRUE,"SIRT1;DFNA5","SIRT1;DFNA5","TP53","PRKAA1;PPM1D;Mdm2;TP53;TP53INP1;CDKN1A;MYC;MALAT1;SIRT1;DFNA5;E2F1;AKT1;RB1;CDC25A;BBC3;BCL2;BAX;CASP3;CASP9",12,"Limited observational concordance","HCC; malignant cell annotated observational concordance; not causal perturbation validation"
"GSE189903","GSE189903_HCC","4HB","HCC tumour-region observational concordance; malignant status annotated separately","MALAT1 KO + GSDME KO",0.598939601535965,0.555083678914233,-0.146749736574919,19,0.95,TRUE,"MALAT1;DFNA5","MALAT1;DFNA5","","PRKAA1;PPM1D;Mdm2;TP53;TP53INP1;CDKN1A;MYC;MALAT1;SIRT1;DFNA5;E2F1;AKT1;RB1;CDC25A;BBC3;BCL2;BAX;CASP3;CASP9",12,"Limited observational concordance","HCC; malignant cell annotated observational concordance; not causal perturbation validation"
"GSE189903","GSE189903_HCC","4HB","HCC tumour-region observational concordance; malignant status annotated separately","miR-204-5p OE + CASP3 KO",0.549039859263928,0.542705200154909,-0.470251482134239,19,0.95,TRUE,"MIR204;CASP3","CASP3","SIRT1;BCL2;MYC;E2F1;CDC25A;AKT1;DFNA5;CDKN1A;CASP9","PRKAA1;PPM1D;Mdm2;TP53;TP53INP1;CDKN1A;MYC;MALAT1;SIRT1;DFNA5;E2F1;AKT1;RB1;CDC25A;BBC3;BCL2;BAX;CASP3;CASP9",12,"Limited observational concordance","HCC; malignant cell annotated observational concordance; not causal perturbation validation"
"GSE189903","GSE189903_HCC","4HB","HCC tumour-region observational concordance; malignant status annotated separately","GSDME E1 + CASP3 E1",0.553093477196579,0.544088799180466,0.227219276243304,19,0.95,TRUE,"DFNA5;CASP3","DFNA5;CASP3","DFNA5;CDKN1A;CASP9","PRKAA1;PPM1D;Mdm2;TP53;TP53INP1;CDKN1A;MYC;MALAT1;SIRT1;DFNA5;E2F1;AKT1;RB1;CDC25A;BBC3;BCL2;BAX;CASP3;CASP9",12,"Limited observational concordance","HCC; malignant cell annotated observational concordance; not causal perturbation validation"
"GSE189903","GSE189903_HCC","4HB","HCC tumour-region observational concordance; malignant status annotated separately","p53 E1 + miR-204-5p E1 + CASP3 KO + p21 E1",0.520092490842875,0.501604776309513,-0.497963893947027,19,0.95,TRUE,"TP53;MIR204;CASP3;CDKN1A","TP53;CASP3;CDKN1A","Mdm2;SIRT1;BCL2;MYC;E2F1;CDC25A;AKT1;CASP3;DFNA5;CDKN1A;CASP9","PRKAA1;PPM1D;Mdm2;TP53;TP53INP1;CDKN1A;MYC;MALAT1;SIRT1;DFNA5;E2F1;AKT1;RB1;CDC25A;BBC3;BCL2;BAX;CASP3;CASP9",12,"Limited observational concordance","HCC; malignant cell annotated observational concordance; not causal perturbation validation"
"GSE189903","GSE189903_HCC","4HB","HCC tumour-region observational concordance; malignant status annotated separately","MALAT1 E1 + miR-204-5p KO + SIRT1 E1",0.512961898249211,0.521784230101205,0.168648619394006,19,0.95,TRUE,"MALAT1;MIR204;SIRT1","MALAT1;SIRT1","SIRT1;BCL2;MYC;E2F1;CDC25A;AKT1;TP53","PRKAA1;PPM1D;Mdm2;TP53;TP53INP1;CDKN1A;MYC;MALAT1;SIRT1;DFNA5;E2F1;AKT1;RB1;CDC25A;BBC3;BCL2;BAX;CASP3;CASP9",12,"Limited observational concordance","HCC; malignant cell annotated observational concordance; not causal perturbation validation"
"GSE189903","GSE189903_HCC","4HB","HCC tumour-region observational concordance; malignant status annotated separately","SIRT1 KO + GSDME KO + CASP3 E1",0.504671070962621,0.51134264062669,-0.197771252039205,19,0.95,TRUE,"SIRT1;DFNA5;CASP3","SIRT1;DFNA5;CASP3","DFNA5;CDKN1A;CASP9;TP53","PRKAA1;PPM1D;Mdm2;TP53;TP53INP1;CDKN1A;MYC;MALAT1;SIRT1;DFNA5;E2F1;AKT1;RB1;CDC25A;BBC3;BCL2;BAX;CASP3;CASP9",12,"Limited observational concordance","HCC; malignant cell annotated observational concordance; not causal perturbation validation"
"GSE189903","GSE189903_HCC","4HB","HCC tumour-region observational concordance; malignant status annotated separately","BAX E1",0.562236030278732,0.545349884266838,-0.00365457575166494,19,0.95,TRUE,"BAX","BAX","CASP3","PRKAA1;PPM1D;Mdm2;TP53;TP53INP1;CDKN1A;MYC;MALAT1;SIRT1;DFNA5;E2F1;AKT1;RB1;CDC25A;BBC3;BCL2;BAX;CASP3;CASP9",12,"Limited observational concordance","HCC; malignant cell annotated observational concordance; not causal perturbation validation"
"GSE189903","GSE189903_HCC","4HB","HCC tumour-region observational concordance; malignant status annotated separately","BAX E1 + GSDME KO",0.546446556594522,0.528097974543741,-0.034457428515698,19,0.95,TRUE,"BAX;DFNA5","BAX;DFNA5","CASP3","PRKAA1;PPM1D;Mdm2;TP53;TP53INP1;CDKN1A;MYC;MALAT1;SIRT1;DFNA5;E2F1;AKT1;RB1;CDC25A;BBC3;BCL2;BAX;CASP3;CASP9",12,"Limited observational concordance","HCC; malignant cell annotated observational concordance; not causal perturbation validation"
"GSE189903","GSE189903_HCC","4HB","HCC tumour-region observational concordance; malignant status annotated separately","p53 E1",0.771636969957018,0.727602650874274,0.157056011930478,19,0.95,TRUE,"TP53","TP53","Mdm2","PRKAA1;PPM1D;Mdm2;TP53;TP53INP1;CDKN1A;MYC;MALAT1;SIRT1;DFNA5;E2F1;AKT1;RB1;CDC25A;BBC3;BCL2;BAX;CASP3;CASP9",12,"Limited observational concordance","HCC; malignant cell annotated observational concordance; not causal perturbation validation"
"GSE189903","GSE189903_HCC","4HB","HCC tumour-region observational concordance; malignant status annotated separately","p53 KO",0.512961898249211,0.513914548159129,0.168648619394006,19,0.95,TRUE,"TP53","TP53","Mdm2","PRKAA1;PPM1D;Mdm2;TP53;TP53INP1;CDKN1A;MYC;MALAT1;SIRT1;DFNA5;E2F1;AKT1;RB1;CDC25A;BBC3;BCL2;BAX;CASP3;CASP9",12,"Limited observational concordance","HCC; malignant cell annotated observational concordance; not causal perturbation validation"
"GSE189903","GSE189903_HCC","4HB","HCC tumour-region observational concordance; malignant status annotated separately","p21 E1",0.565225423392623,0.533724717871613,-0.180724614402645,19,0.95,TRUE,"CDKN1A","CDKN1A","CASP3","PRKAA1;PPM1D;Mdm2;TP53;TP53INP1;CDKN1A;MYC;MALAT1;SIRT1;DFNA5;E2F1;AKT1;RB1;CDC25A;BBC3;BCL2;BAX;CASP3;CASP9",12,"Limited observational concordance","HCC; malignant cell annotated observational concordance; not causal perturbation validation"
"GSE189903","GSE189903_HCC","4HT1","HCC tumour-region observational concordance; malignant status annotated separately","Reference: DDR ON, GSDME endogenous",0.585652118251379,0.585652118251379,0.0488963045416852,19,0.95,FALSE,"","","","PRKAA1;PPM1D;Mdm2;TP53;TP53INP1;CDKN1A;MYC;MALAT1;SIRT1;DFNA5;E2F1;AKT1;RB1;CDC25A;BBC3;BCL2;BAX;CASP3;CASP9",66,"Indirect only: perturbed node not measured","HCC; malignant cell annotated observational concordance; not causal perturbation validation"
"GSE189903","GSE189903_HCC","4HT1","HCC tumour-region observational concordance; malignant status annotated separately","GSDME KO",0.588612644567168,0.576529102126191,-0.00737118218980582,19,0.95,TRUE,"DFNA5","DFNA5","","PRKAA1;PPM1D;Mdm2;TP53;TP53INP1;CDKN1A;MYC;MALAT1;SIRT1;DFNA5;E2F1;AKT1;RB1;CDC25A;BBC3;BCL2;BAX;CASP3;CASP9",66,"Limited observational concordance","HCC; malignant cell annotated observational concordance; not causal perturbation validation"
"GSE189903","GSE189903_HCC","4HT1","HCC tumour-region observational concordance; malignant status annotated separately","CASP3 KO",0.593546855093484,0.580360470316551,-0.0499478379726892,19,0.95,TRUE,"CASP3","CASP3","DFNA5;CDKN1A;CASP9","PRKAA1;PPM1D;Mdm2;TP53;TP53INP1;CDKN1A;MYC;MALAT1;SIRT1;DFNA5;E2F1;AKT1;RB1;CDC25A;BBC3;BCL2;BAX;CASP3;CASP9",66,"Limited observational concordance","HCC; malignant cell annotated observational concordance; not causal perturbation validation"
"GSE189903","GSE189903_HCC","4HT1","HCC tumour-region observational concordance; malignant status annotated separately","miR-204-5p OE",0.623281978754668,0.597053237659941,-0.0152258484602553,19,0.95,FALSE,"MIR204","","SIRT1;BCL2;MYC;E2F1;CDC25A;AKT1","PRKAA1;PPM1D;Mdm2;TP53;TP53INP1;CDKN1A;MYC;MALAT1;SIRT1;DFNA5;E2F1;AKT1;RB1;CDC25A;BBC3;BCL2;BAX;CASP3;CASP9",66,"Indirect only: perturbed node not measured","HCC; malignant cell annotated observational concordance; not causal perturbation validation"
"GSE189903","GSE189903_HCC","4HT1","HCC tumour-region observational concordance; malignant status annotated separately","miR-204-5p KO",0.514599486672432,0.507736676064655,-0.0787026890505362,19,0.95,FALSE,"MIR204","","SIRT1;BCL2;MYC;E2F1;CDC25A;AKT1","PRKAA1;PPM1D;Mdm2;TP53;TP53INP1;CDKN1A;MYC;MALAT1;SIRT1;DFNA5;E2F1;AKT1;RB1;CDC25A;BBC3;BCL2;BAX;CASP3;CASP9",66,"Indirect only: perturbed node not measured","HCC; malignant cell annotated observational concordance; not causal perturbation validation"
"GSE189903","GSE189903_HCC","4HT1","HCC tumour-region observational concordance; malignant status annotated separately","MALAT1 OE",0.514599486672432,0.558057748860907,-0.0787026890505362,19,0.95,TRUE,"MALAT1","MALAT1","","PRKAA1;PPM1D;Mdm2;TP53;TP53INP1;CDKN1A;MYC;MALAT1;SIRT1;DFNA5;E2F1;AKT1;RB1;CDC25A;BBC3;BCL2;BAX;CASP3;CASP9",66,"Limited observational concordance","HCC; malignant cell annotated observational concordance; not causal perturbation validation"
"GSE189903","GSE189903_HCC","4HT1","HCC tumour-region observational concordance; malignant status annotated separately","MALAT1 KO",0.563726496210546,0.509587418174392,-0.184038177018429,19,0.95,TRUE,"MALAT1","MALAT1","","PRKAA1;PPM1D;Mdm2;TP53;TP53INP1;CDKN1A;MYC;MALAT1;SIRT1;DFNA5;E2F1;AKT1;RB1;CDC25A;BBC3;BCL2;BAX;CASP3;CASP9",66,"Limited observational concordance","HCC; malignant cell annotated observational concordance; not causal perturbation validation"
"GSE189903","GSE189903_HCC","4HT1","HCC tumour-region observational concordance; malignant status annotated separately","SIRT1 OE",0.514599486672432,0.512060445512009,-0.0787026890505362,19,0.95,TRUE,"SIRT1","SIRT1","TP53","PRKAA1;PPM1D;Mdm2;TP53;TP53INP1;CDKN1A;MYC;MALAT1;SIRT1;DFNA5;E2F1;AKT1;RB1;CDC25A;BBC3;BCL2;BAX;CASP3;CASP9",66,"Limited observational concordance","HCC; malignant cell annotated observational concordance; not causal perturbation validation"
"GSE189903","GSE189903_HCC","4HT1","HCC tumour-region observational concordance; malignant status annotated separately","SIRT1 KO",0.527762366494303,0.52293412884312,0.00986006772383188,19,0.95,TRUE,"SIRT1","SIRT1","TP53","PRKAA1;PPM1D;Mdm2;TP53;TP53INP1;CDKN1A;MYC;MALAT1;SIRT1;DFNA5;E2F1;AKT1;RB1;CDC25A;BBC3;BCL2;BAX;CASP3;CASP9",66,"Limited observational concordance","HCC; malignant cell annotated observational concordance; not causal perturbation validation"
"GSE189903","GSE189903_HCC","4HT1","HCC tumour-region observational concordance; malignant status annotated separately","BCL2 KO",0.5797310656198,0.568263461432802,0.0552635885664404,19,0.95,TRUE,"BCL2","BCL2","BAX;CASP3","PRKAA1;PPM1D;Mdm2;TP53;TP53INP1;CDKN1A;MYC;MALAT1;SIRT1;DFNA5;E2F1;AKT1;RB1;CDC25A;BBC3;BCL2;BAX;CASP3;CASP9",66,"Limited observational concordance","HCC; malignant cell annotated observational concordance; not causal perturbation validation"
"GSE189903","GSE189903_HCC","4HT1","HCC tumour-region observational concordance; malignant status annotated separately","GSDME OE",0.568546855093484,0.559199556671645,0.0319363498867317,19,0.95,TRUE,"DFNA5","DFNA5","","PRKAA1;PPM1D;Mdm2;TP53;TP53INP1;CDKN1A;MYC;MALAT1;SIRT1;DFNA5;E2F1;AKT1;RB1;CDC25A;BBC3;BCL2;BAX;CASP3;CASP9",66,"Limited observational concordance","HCC; malignant cell annotated observational concordance; not causal perturbation validation"
"GSE189903","GSE189903_HCC","4HT1","HCC tumour-region observational concordance; malignant status annotated separately","CASP3 OE",0.581375802461905,0.570860470316551,0.021988962217094,19,0.95,TRUE,"CASP3","CASP3","DFNA5;CDKN1A;CASP9","PRKAA1;PPM1D;Mdm2;TP53;TP53INP1;CDKN1A;MYC;MALAT1;SIRT1;DFNA5;E2F1;AKT1;RB1;CDC25A;BBC3;BCL2;BAX;CASP3;CASP9",66,"Limited observational concordance","HCC; malignant cell annotated observational concordance; not causal perturbation validation"
"GSE189903","GSE189903_HCC","4HT1","HCC tumour-region observational concordance; malignant status annotated separately","miR-204-5p OE + GSDME KO",0.612755662965194,0.579511819339233,0.025045959761367,19,0.95,TRUE,"MIR204;DFNA5","DFNA5","SIRT1;BCL2;MYC;E2F1;CDC25A;AKT1","PRKAA1;PPM1D;Mdm2;TP53;TP53INP1;CDKN1A;MYC;MALAT1;SIRT1;DFNA5;E2F1;AKT1;RB1;CDC25A;BBC3;BCL2;BAX;CASP3;CASP9",66,"Limited observational concordance","HCC; malignant cell annotated observational concordance; not causal perturbation validation"
"GSE189903","GSE189903_HCC","4HT1","HCC tumour-region observational concordance; malignant status annotated separately","CASP3 OE + GSDME KO",0.569533697198747,0.556815250293103,0.0288355974853035,19,0.95,TRUE,"CASP3;DFNA5","CASP3;DFNA5","DFNA5;CDKN1A;CASP9","PRKAA1;PPM1D;Mdm2;TP53;TP53INP1;CDKN1A;MYC;MALAT1;SIRT1;DFNA5;E2F1;AKT1;RB1;CDC25A;BBC3;BCL2;BAX;CASP3;CASP9",66,"Limited observational concordance","HCC; malignant cell annotated observational concordance; not causal perturbation validation"
"GSE189903","GSE189903_HCC","4HT1","HCC tumour-region observational concordance; malignant status annotated separately","SIRT1 KO + GSDME KO",0.518551840178513,0.513557113976606,0.0653313135970189,19,0.95,TRUE,"SIRT1;DFNA5","SIRT1;DFNA5","TP53","PRKAA1;PPM1D;Mdm2;TP53;TP53INP1;CDKN1A;MYC;MALAT1;SIRT1;DFNA5;E2F1;AKT1;RB1;CDC25A;BBC3;BCL2;BAX;CASP3;CASP9",66,"Limited observational concordance","HCC; malignant cell annotated observational concordance; not causal perturbation validation"
"GSE189903","GSE189903_HCC","4HT1","HCC tumour-region observational concordance; malignant status annotated separately","MALAT1 KO + GSDME KO",0.583134390947388,0.523186927993465,-0.192543980612482,19,0.95,TRUE,"MALAT1;DFNA5","MALAT1;DFNA5","","PRKAA1;PPM1D;Mdm2;TP53;TP53INP1;CDKN1A;MYC;MALAT1;SIRT1;DFNA5;E2F1;AKT1;RB1;CDC25A;BBC3;BCL2;BAX;CASP3;CASP9",66,"Limited observational concordance","HCC; malignant cell annotated observational concordance; not causal perturbation validation"
"GSE189903","GSE189903_HCC","4HT1","HCC tumour-region observational concordance; malignant status annotated separately","miR-204-5p OE + CASP3 KO",0.556176715596773,0.547409981624547,-0.0165000520047101,19,0.95,TRUE,"MIR204;CASP3","CASP3","SIRT1;BCL2;MYC;E2F1;CDC25A;AKT1;DFNA5;CDKN1A;CASP9","PRKAA1;PPM1D;Mdm2;TP53;TP53INP1;CDKN1A;MYC;MALAT1;SIRT1;DFNA5;E2F1;AKT1;RB1;CDC25A;BBC3;BCL2;BAX;CASP3;CASP9",66,"Limited observational concordance","HCC; malignant cell annotated observational concordance; not causal perturbation validation"
"GSE189903","GSE189903_HCC","4HT1","HCC tumour-region observational concordance; malignant status annotated separately","GSDME E1 + CASP3 E1",0.5547310656198,0.545241176219029,0.021988962217094,19,0.95,TRUE,"DFNA5;CASP3","DFNA5;CASP3","DFNA5;CDKN1A;CASP9","PRKAA1;PPM1D;Mdm2;TP53;TP53INP1;CDKN1A;MYC;MALAT1;SIRT1;DFNA5;E2F1;AKT1;RB1;CDC25A;BBC3;BCL2;BAX;CASP3;CASP9",66,"Limited observational concordance","HCC; malignant cell annotated observational concordance; not causal perturbation validation"
"GSE189903","GSE189903_HCC","4HT1","HCC tumour-region observational concordance; malignant status annotated separately","p53 E1 + miR-204-5p E1 + CASP3 KO + p21 E1",0.532657470585084,0.511915545644957,-0.0497963893947027,19,0.95,TRUE,"TP53;MIR204;CASP3;CDKN1A","TP53;CASP3;CDKN1A","Mdm2;SIRT1;BCL2;MYC;E2F1;CDC25A;AKT1;CASP3;DFNA5;CDKN1A;CASP9","PRKAA1;PPM1D;Mdm2;TP53;TP53INP1;CDKN1A;MYC;MALAT1;SIRT1;DFNA5;E2F1;AKT1;RB1;CDC25A;BBC3;BCL2;BAX;CASP3;CASP9",66,"Limited observational concordance","HCC; malignant cell annotated observational concordance; not causal perturbation validation"
"GSE189903","GSE189903_HCC","4HT1","HCC tumour-region observational concordance; malignant status annotated separately","MALAT1 E1 + miR-204-5p KO + SIRT1 E1",0.514599486672432,0.538493455799359,-0.0787026890505362,19,0.95,TRUE,"MALAT1;MIR204;SIRT1","MALAT1;SIRT1","SIRT1;BCL2;MYC;E2F1;CDC25A;AKT1;TP53","PRKAA1;PPM1D;Mdm2;TP53;TP53INP1;CDKN1A;MYC;MALAT1;SIRT1;DFNA5;E2F1;AKT1;RB1;CDC25A;BBC3;BCL2;BAX;CASP3;CASP9",66,"Limited observational concordance","HCC; malignant cell annotated observational concordance; not causal perturbation validation"
"GSE189903","GSE189903_HCC","4HT1","HCC tumour-region observational concordance; malignant status annotated separately","SIRT1 KO + GSDME KO + CASP3 E1",0.517236050704829,0.519043757242882,0.140611930640591,19,0.95,TRUE,"SIRT1;DFNA5;CASP3","SIRT1;DFNA5;CASP3","DFNA5;CDKN1A;CASP9;TP53","PRKAA1;PPM1D;Mdm2;TP53;TP53INP1;CDKN1A;MYC;MALAT1;SIRT1;DFNA5;E2F1;AKT1;RB1;CDC25A;BBC3;BCL2;BAX;CASP3;CASP9",66,"Limited observational concordance","HCC; malignant cell annotated observational concordance; not causal perturbation validation"
"GSE189903","GSE189903_HCC","4HT1","HCC tumour-region observational concordance; malignant status annotated separately","BAX E1",0.573974978502847,0.567564178640041,0.208310817844901,19,0.95,TRUE,"BAX","BAX","CASP3","PRKAA1;PPM1D;Mdm2;TP53;TP53INP1;CDKN1A;MYC;MALAT1;SIRT1;DFNA5;E2F1;AKT1;RB1;CDC25A;BBC3;BCL2;BAX;CASP3;CASP9",66,"Limited observational concordance","HCC; malignant cell annotated observational concordance; not causal perturbation validation"
"GSE189903","GSE189903_HCC","4HT1","HCC tumour-region observational concordance; malignant status annotated separately","BAX E1 + GSDME KO",0.558185504818637,0.547749081104652,0.183772952083722,19,0.95,TRUE,"BAX;DFNA5","BAX;DFNA5","CASP3","PRKAA1;PPM1D;Mdm2;TP53;TP53INP1;CDKN1A;MYC;MALAT1;SIRT1;DFNA5;E2F1;AKT1;RB1;CDC25A;BBC3;BCL2;BAX;CASP3;CASP9",66,"Limited observational concordance","HCC; malignant cell annotated observational concordance; not causal perturbation validation"
"GSE189903","GSE189903_HCC","4HT1","HCC tumour-region observational concordance; malignant status annotated separately","p53 E1",0.75583175936844,0.720307733217396,0.0467491139191056,19,0.95,TRUE,"TP53","TP53","Mdm2","PRKAA1;PPM1D;Mdm2;TP53;TP53INP1;CDKN1A;MYC;MALAT1;SIRT1;DFNA5;E2F1;AKT1;RB1;CDC25A;BBC3;BCL2;BAX;CASP3;CASP9",66,"Limited observational concordance","HCC; malignant cell annotated observational concordance; not causal perturbation validation"
"GSE189903","GSE189903_HCC","4HT1","HCC tumour-region observational concordance; malignant status annotated separately","p53 KO",0.514599486672432,0.521028899251128,-0.0787026890505362,19,0.95,TRUE,"TP53","TP53","Mdm2","PRKAA1;PPM1D;Mdm2;TP53;TP53INP1;CDKN1A;MYC;MALAT1;SIRT1;DFNA5;E2F1;AKT1;RB1;CDC25A;BBC3;BCL2;BAX;CASP3;CASP9",66,"Limited observational concordance","HCC; malignant cell annotated observational concordance; not causal perturbation validation"
"GSE189903","GSE189903_HCC","4HT1","HCC tumour-region observational concordance; malignant status annotated separately","p21 E1",0.566863011815844,0.535077508308187,-0.197439029607514,19,0.95,TRUE,"CDKN1A","CDKN1A","CASP3","PRKAA1;PPM1D;Mdm2;TP53;TP53INP1;CDKN1A;MYC;MALAT1;SIRT1;DFNA5;E2F1;AKT1;RB1;CDC25A;BBC3;BCL2;BAX;CASP3;CASP9",66,"Limited observational concordance","HCC; malignant cell annotated observational concordance; not causal perturbation validation"
"GSE189903","GSE189903_HCC","4HT3","HCC tumour-region observational concordance; malignant status annotated separately","Reference: DDR ON, GSDME endogenous",0.593753782409566,0.593753782409566,0.0783392406097968,19,0.95,FALSE,"","","","PRKAA1;PPM1D;Mdm2;TP53;TP53INP1;CDKN1A;MYC;MALAT1;SIRT1;DFNA5;E2F1;AKT1;RB1;CDC25A;BBC3;BCL2;BAX;CASP3;CASP9",176,"Indirect only: perturbed node not measured","HCC; malignant cell annotated observational concordance; not causal perturbation validation"
"GSE189903","GSE189903_HCC","4HT3","HCC tumour-region observational concordance; malignant status annotated separately","GSDME KO",0.596714308725356,0.583525993899171,0.0136893383524965,19,0.95,TRUE,"DFNA5","DFNA5","","PRKAA1;PPM1D;Mdm2;TP53;TP53INP1;CDKN1A;MYC;MALAT1;SIRT1;DFNA5;E2F1;AKT1;RB1;CDC25A;BBC3;BCL2;BAX;CASP3;CASP9",176,"Limited observational concordance","HCC; malignant cell annotated observational concordance; not causal perturbation validation"
"GSE189903","GSE189903_HCC","4HT3","HCC tumour-region observational concordance; malignant status annotated separately","CASP3 KO",0.601648519251672,0.586935605179049,-0.0373294368006414,19,0.95,TRUE,"CASP3","CASP3","DFNA5;CDKN1A;CASP9","PRKAA1;PPM1D;Mdm2;TP53;TP53INP1;CDKN1A;MYC;MALAT1;SIRT1;DFNA5;E2F1;AKT1;RB1;CDC25A;BBC3;BCL2;BAX;CASP3;CASP9",176,"Limited observational concordance","HCC; malignant cell annotated observational concordance; not causal perturbation validation"
"GSE189903","GSE189903_HCC","4HT3","HCC tumour-region observational concordance; malignant status annotated separately","miR-204-5p OE",0.621988643039265,0.596015443643107,-0.210986757234966,19,0.95,FALSE,"MIR204","","SIRT1;BCL2;MYC;E2F1;CDC25A;AKT1","PRKAA1;PPM1D;Mdm2;TP53;TP53INP1;CDKN1A;MYC;MALAT1;SIRT1;DFNA5;E2F1;AKT1;RB1;CDC25A;BBC3;BCL2;BAX;CASP3;CASP9",176,"Indirect only: perturbed node not measured","HCC; malignant cell annotated observational concordance; not causal perturbation validation"
"GSE189903","GSE189903_HCC","4HT3","HCC tumour-region observational concordance; malignant status annotated separately","miR-204-5p KO",0.522701150830619,0.513948799698005,0.0562162064646687,19,0.95,FALSE,"MIR204","","SIRT1;BCL2;MYC;E2F1;CDC25A;AKT1","PRKAA1;PPM1D;Mdm2;TP53;TP53INP1;CDKN1A;MYC;MALAT1;SIRT1;DFNA5;E2F1;AKT1;RB1;CDC25A;BBC3;BCL2;BAX;CASP3;CASP9",176,"Indirect only: perturbed node not measured","HCC; malignant cell annotated observational concordance; not causal perturbation validation"
"GSE189903","GSE189903_HCC","4HT3","HCC tumour-region observational concordance; malignant status annotated separately","MALAT1 OE",0.522701150830619,0.559919105800868,0.0562162064646687,19,0.95,TRUE,"MALAT1","MALAT1","","PRKAA1;PPM1D;Mdm2;TP53;TP53INP1;CDKN1A;MYC;MALAT1;SIRT1;DFNA5;E2F1;AKT1;RB1;CDC25A;BBC3;BCL2;BAX;CASP3;CASP9",176,"Limited observational concordance","HCC; malignant cell annotated observational concordance; not causal perturbation validation"
"GSE189903","GSE189903_HCC","4HT3","HCC tumour-region observational concordance; malignant status annotated separately","MALAT1 KO",0.575792432871414,0.52514353466907,-0.1621412834355,19,0.95,TRUE,"MALAT1","MALAT1","","PRKAA1;PPM1D;Mdm2;TP53;TP53INP1;CDKN1A;MYC;MALAT1;SIRT1;DFNA5;E2F1;AKT1;RB1;CDC25A;BBC3;BCL2;BAX;CASP3;CASP9",176,"Limited observational concordance","HCC; malignant cell annotated observational concordance; not causal perturbation validation"
"GSE189903","GSE189903_HCC","4HT3","HCC tumour-region observational concordance; malignant status annotated separately","SIRT1 OE",0.522701150830619,0.518753124599207,0.0562162064646687,19,0.95,TRUE,"SIRT1","SIRT1","TP53","PRKAA1;PPM1D;Mdm2;TP53;TP53INP1;CDKN1A;MYC;MALAT1;SIRT1;DFNA5;E2F1;AKT1;RB1;CDC25A;BBC3;BCL2;BAX;CASP3;CASP9",176,"Limited observational concordance","HCC; malignant cell annotated observational concordance; not causal perturbation validation"
"GSE189903","GSE189903_HCC","4HT3","HCC tumour-region observational concordance; malignant status annotated separately","SIRT1 KO",0.527762945862031,0.522934607451243,-0.119877665484482,19,0.95,TRUE,"SIRT1","SIRT1","TP53","PRKAA1;PPM1D;Mdm2;TP53;TP53INP1;CDKN1A;MYC;MALAT1;SIRT1;DFNA5;E2F1;AKT1;RB1;CDC25A;BBC3;BCL2;BAX;CASP3;CASP9",176,"Limited observational concordance","HCC; malignant cell annotated observational concordance; not causal perturbation validation"
"GSE189903","GSE189903_HCC","4HT3","HCC tumour-region observational concordance; malignant status annotated separately","BCL2 KO",0.587832729777987,0.574600385527498,0.0490073332570321,19,0.95,TRUE,"BCL2","BCL2","BAX;CASP3","PRKAA1;PPM1D;Mdm2;TP53;TP53INP1;CDKN1A;MYC;MALAT1;SIRT1;DFNA5;E2F1;AKT1;RB1;CDC25A;BBC3;BCL2;BAX;CASP3;CASP9",176,"Limited observational concordance","HCC; malignant cell annotated observational concordance; not causal perturbation validation"
"GSE189903","GSE189903_HCC","4HT3","HCC tumour-region observational concordance; malignant status annotated separately","GSDME OE",0.576648519251672,0.566196448444625,0.0947619562212858,19,0.95,TRUE,"DFNA5","DFNA5","","PRKAA1;PPM1D;Mdm2;TP53;TP53INP1;CDKN1A;MYC;MALAT1;SIRT1;DFNA5;E2F1;AKT1;RB1;CDC25A;BBC3;BCL2;BAX;CASP3;CASP9",176,"Limited observational concordance","HCC; malignant cell annotated observational concordance; not causal perturbation validation"
"GSE189903","GSE189903_HCC","4HT3","HCC tumour-region observational concordance; malignant status annotated separately","CASP3 OE",0.589477466620093,0.577435605179049,0.118321558596744,19,0.95,TRUE,"CASP3","CASP3","DFNA5;CDKN1A;CASP9","PRKAA1;PPM1D;Mdm2;TP53;TP53INP1;CDKN1A;MYC;MALAT1;SIRT1;DFNA5;E2F1;AKT1;RB1;CDC25A;BBC3;BCL2;BAX;CASP3;CASP9",176,"Limited observational concordance","HCC; malignant cell annotated observational concordance; not causal perturbation validation"
"GSE189903","GSE189903_HCC","4HT3","HCC tumour-region observational concordance; malignant status annotated separately","miR-204-5p OE + GSDME KO",0.611462327249792,0.578585217538488,-0.175321718329569,19,0.95,TRUE,"MIR204;DFNA5","DFNA5","SIRT1;BCL2;MYC;E2F1;CDC25A;AKT1","PRKAA1;PPM1D;Mdm2;TP53;TP53INP1;CDKN1A;MYC;MALAT1;SIRT1;DFNA5;E2F1;AKT1;RB1;CDC25A;BBC3;BCL2;BAX;CASP3;CASP9",176,"Limited observational concordance","HCC; malignant cell annotated observational concordance; not causal perturbation validation"
"GSE189903","GSE189903_HCC","4HT3","HCC tumour-region observational concordance; malignant status annotated separately","CASP3 OE + GSDME KO",0.577635361356935,0.562903338128749,0.0886039268184782,19,0.95,TRUE,"CASP3;DFNA5","CASP3;DFNA5","DFNA5;CDKN1A;CASP9","PRKAA1;PPM1D;Mdm2;TP53;TP53INP1;CDKN1A;MYC;MALAT1;SIRT1;DFNA5;E2F1;AKT1;RB1;CDC25A;BBC3;BCL2;BAX;CASP3;CASP9",176,"Limited observational concordance","HCC; malignant cell annotated observational concordance; not causal perturbation validation"
"GSE189903","GSE189903_HCC","4HT3","HCC tumour-region observational concordance; malignant status annotated separately","SIRT1 KO + GSDME KO",0.518552419546242,0.513557537360715,-0.129555316794088,19,0.95,TRUE,"SIRT1;DFNA5","SIRT1;DFNA5","TP53","PRKAA1;PPM1D;Mdm2;TP53;TP53INP1;CDKN1A;MYC;MALAT1;SIRT1;DFNA5;E2F1;AKT1;RB1;CDC25A;BBC3;BCL2;BAX;CASP3;CASP9",176,"Limited observational concordance","HCC; malignant cell annotated observational concordance; not causal perturbation validation"
"GSE189903","GSE189903_HCC","4HT3","HCC tumour-region observational concordance; malignant status annotated separately","MALAT1 KO + GSDME KO",0.595200327608256,0.536876310508782,-0.175891528235186,19,0.95,TRUE,"MALAT1;DFNA5","MALAT1;DFNA5","","PRKAA1;PPM1D;Mdm2;TP53;TP53INP1;CDKN1A;MYC;MALAT1;SIRT1;DFNA5;E2F1;AKT1;RB1;CDC25A;BBC3;BCL2;BAX;CASP3;CASP9",176,"Limited observational concordance","HCC; malignant cell annotated observational concordance; not causal perturbation validation"
"GSE189903","GSE189903_HCC","4HT3","HCC tumour-region observational concordance; malignant status annotated separately","miR-204-5p OE + CASP3 KO",0.55488337988137,0.546236058947845,-0.242786479497878,19,0.95,TRUE,"MIR204;CASP3","CASP3","SIRT1;BCL2;MYC;E2F1;CDC25A;AKT1;DFNA5;CDKN1A;CASP9","PRKAA1;PPM1D;Mdm2;TP53;TP53INP1;CDKN1A;MYC;MALAT1;SIRT1;DFNA5;E2F1;AKT1;RB1;CDC25A;BBC3;BCL2;BAX;CASP3;CASP9",176,"Limited observational concordance","HCC; malignant cell annotated observational concordance; not causal perturbation validation"
"GSE189903","GSE189903_HCC","4HT3","HCC tumour-region observational concordance; malignant status annotated separately","GSDME E1 + CASP3 E1",0.562832729777987,0.551329264054675,0.118321558596744,19,0.95,TRUE,"DFNA5;CASP3","DFNA5;CASP3","DFNA5;CDKN1A;CASP9","PRKAA1;PPM1D;Mdm2;TP53;TP53INP1;CDKN1A;MYC;MALAT1;SIRT1;DFNA5;E2F1;AKT1;RB1;CDC25A;BBC3;BCL2;BAX;CASP3;CASP9",176,"Limited observational concordance","HCC; malignant cell annotated observational concordance; not causal perturbation validation"
"GSE189903","GSE189903_HCC","4HT3","HCC tumour-region observational concordance; malignant status annotated separately","p53 E1 + miR-204-5p E1 + CASP3 KO + p21 E1",0.531558391788929,0.510841471850751,-0.265580743438415,19,0.95,TRUE,"TP53;MIR204;CASP3;CDKN1A","TP53;CASP3;CDKN1A","Mdm2;SIRT1;BCL2;MYC;E2F1;CDC25A;AKT1;CASP3;DFNA5;CDKN1A;CASP9","PRKAA1;PPM1D;Mdm2;TP53;TP53INP1;CDKN1A;MYC;MALAT1;SIRT1;DFNA5;E2F1;AKT1;RB1;CDC25A;BBC3;BCL2;BAX;CASP3;CASP9",176,"Limited observational concordance","HCC; malignant cell annotated observational concordance; not causal perturbation validation"
"GSE189903","GSE189903_HCC","4HT3","HCC tumour-region observational concordance; malignant status annotated separately","MALAT1 E1 + miR-204-5p KO + SIRT1 E1",0.522701150830619,0.539858659815725,0.0562162064646687,19,0.95,TRUE,"MALAT1;MIR204;SIRT1","MALAT1;SIRT1","SIRT1;BCL2;MYC;E2F1;CDC25A;AKT1;TP53","PRKAA1;PPM1D;Mdm2;TP53;TP53INP1;CDKN1A;MYC;MALAT1;SIRT1;DFNA5;E2F1;AKT1;RB1;CDC25A;BBC3;BCL2;BAX;CASP3;CASP9",176,"Limited observational concordance","HCC; malignant cell annotated observational concordance; not causal perturbation validation"
"GSE189903","GSE189903_HCC","4HT3","HCC tumour-region observational concordance; malignant status annotated separately","SIRT1 KO + GSDME KO + CASP3 E1",0.517236630072557,0.519381104357196,-0.0377251521230854,19,0.95,TRUE,"SIRT1;DFNA5;CASP3","SIRT1;DFNA5;CASP3","DFNA5;CDKN1A;CASP9;TP53","PRKAA1;PPM1D;Mdm2;TP53;TP53INP1;CDKN1A;MYC;MALAT1;SIRT1;DFNA5;E2F1;AKT1;RB1;CDC25A;BBC3;BCL2;BAX;CASP3;CASP9",176,"Limited observational concordance","HCC; malignant cell annotated observational concordance; not causal perturbation validation"
"GSE189903","GSE189903_HCC","4HT3","HCC tumour-region observational concordance; malignant status annotated separately","BAX E1",0.582270899580283,0.574658040495251,0.270960687873443,19,0.95,TRUE,"BAX","BAX","CASP3","PRKAA1;PPM1D;Mdm2;TP53;TP53INP1;CDKN1A;MYC;MALAT1;SIRT1;DFNA5;E2F1;AKT1;RB1;CDC25A;BBC3;BCL2;BAX;CASP3;CASP9",176,"Limited observational concordance","HCC; malignant cell annotated observational concordance; not causal perturbation validation"
"GSE189903","GSE189903_HCC","4HT3","HCC tumour-region observational concordance; malignant status annotated separately","BAX E1 + GSDME KO",0.566481425896072,0.554024420438107,0.242246164110361,19,0.95,TRUE,"BAX;DFNA5","BAX;DFNA5","CASP3","PRKAA1;PPM1D;Mdm2;TP53;TP53INP1;CDKN1A;MYC;MALAT1;SIRT1;DFNA5;E2F1;AKT1;RB1;CDC25A;BBC3;BCL2;BAX;CASP3;CASP9",176,"Limited observational concordance","HCC; malignant cell annotated observational concordance; not causal perturbation validation"
"GSE189903","GSE189903_HCC","4HT3","HCC tumour-region observational concordance; malignant status annotated separately","p53 E1",0.767897696029309,0.730877572034643,0.0950740406669451,19,0.95,TRUE,"TP53","TP53","Mdm2","PRKAA1;PPM1D;Mdm2;TP53;TP53INP1;CDKN1A;MYC;MALAT1;SIRT1;DFNA5;E2F1;AKT1;RB1;CDC25A;BBC3;BCL2;BAX;CASP3;CASP9",176,"Limited observational concordance","HCC; malignant cell annotated observational concordance; not causal perturbation validation"
"GSE189903","GSE189903_HCC","4HT3","HCC tumour-region observational concordance; malignant status annotated separately","p53 KO",0.522701150830619,0.528323904261812,0.0562162064646687,19,0.95,TRUE,"TP53","TP53","Mdm2","PRKAA1;PPM1D;Mdm2;TP53;TP53INP1;CDKN1A;MYC;MALAT1;SIRT1;DFNA5;E2F1;AKT1;RB1;CDC25A;BBC3;BCL2;BAX;CASP3;CASP9",176,"Limited observational concordance","HCC; malignant cell annotated observational concordance; not causal perturbation validation"
"GSE189903","GSE189903_HCC","4HT3","HCC tumour-region observational concordance; malignant status annotated separately","p21 E1",0.573865017810148,0.539499154230843,-0.167144152048689,19,0.95,TRUE,"CDKN1A","CDKN1A","CASP3","PRKAA1;PPM1D;Mdm2;TP53;TP53INP1;CDKN1A;MYC;MALAT1;SIRT1;DFNA5;E2F1;AKT1;RB1;CDC25A;BBC3;BCL2;BAX;CASP3;CASP9",176,"Limited observational concordance","HCC; malignant cell annotated observational concordance; not causal perturbation validation"
"GSE189903","GSE189903_HCC","4HT2","HCC tumour-region observational concordance; malignant status annotated separately","Reference: DDR ON, GSDME endogenous",0.581750780891624,0.581750780891624,0.0772877071787928,19,0.95,FALSE,"","","","PRKAA1;PPM1D;Mdm2;TP53;TP53INP1;CDKN1A;MYC;MALAT1;SIRT1;DFNA5;E2F1;AKT1;RB1;CDC25A;BBC3;BCL2;BAX;CASP3;CASP9",153,"Indirect only: perturbed node not measured","HCC; malignant cell annotated observational concordance; not causal perturbation validation"
"GSE189903","GSE189903_HCC","4HT2","HCC tumour-region observational concordance; malignant status annotated separately","GSDME KO",0.584711307207413,0.573159765315493,0.0200074945151872,19,0.95,TRUE,"DFNA5","DFNA5","","PRKAA1;PPM1D;Mdm2;TP53;TP53INP1;CDKN1A;MYC;MALAT1;SIRT1;DFNA5;E2F1;AKT1;RB1;CDC25A;BBC3;BCL2;BAX;CASP3;CASP9",153,"Limited observational concordance","HCC; malignant cell annotated observational concordance; not causal perturbation validation"
"GSE189903","GSE189903_HCC","4HT2","HCC tumour-region observational concordance; malignant status annotated separately","CASP3 KO",0.589645517733729,0.57555338575915,-0.0236595021975896,19,0.95,TRUE,"CASP3","CASP3","DFNA5;CDKN1A;CASP9","PRKAA1;PPM1D;Mdm2;TP53;TP53INP1;CDKN1A;MYC;MALAT1;SIRT1;DFNA5;E2F1;AKT1;RB1;CDC25A;BBC3;BCL2;BAX;CASP3;CASP9",153,"Limited observational concordance","HCC; malignant cell annotated observational concordance; not causal perturbation validation"
"GSE189903","GSE189903_HCC","4HT2","HCC tumour-region observational concordance; malignant status annotated separately","miR-204-5p OE",0.631287096648548,0.603374982431995,0,19,0.95,FALSE,"MIR204","","SIRT1;BCL2;MYC;E2F1;CDC25A;AKT1","PRKAA1;PPM1D;Mdm2;TP53;TP53INP1;CDKN1A;MYC;MALAT1;SIRT1;DFNA5;E2F1;AKT1;RB1;CDC25A;BBC3;BCL2;BAX;CASP3;CASP9",153,"Indirect only: perturbed node not measured","HCC; malignant cell annotated observational concordance; not causal perturbation validation"
"GSE189903","GSE189903_HCC","4HT2","HCC tumour-region observational concordance; malignant status annotated separately","miR-204-5p KO",0.510698149312676,0.504533804498535,-0.0562162064646687,19,0.95,FALSE,"MIR204","","SIRT1;BCL2;MYC;E2F1;CDC25A;AKT1","PRKAA1;PPM1D;Mdm2;TP53;TP53INP1;CDKN1A;MYC;MALAT1;SIRT1;DFNA5;E2F1;AKT1;RB1;CDC25A;BBC3;BCL2;BAX;CASP3;CASP9",153,"Indirect only: perturbed node not measured","HCC; malignant cell annotated observational concordance; not causal perturbation validation"
"GSE189903","GSE189903_HCC","4HT2","HCC tumour-region observational concordance; malignant status annotated separately","MALAT1 OE",0.510698149312676,0.540953373790919,-0.0562162064646687,19,0.95,TRUE,"MALAT1","MALAT1","","PRKAA1;PPM1D;Mdm2;TP53;TP53INP1;CDKN1A;MYC;MALAT1;SIRT1;DFNA5;E2F1;AKT1;RB1;CDC25A;BBC3;BCL2;BAX;CASP3;CASP9",153,"Limited observational concordance","HCC; malignant cell annotated observational concordance; not causal perturbation validation"
"GSE189903","GSE189903_HCC","4HT2","HCC tumour-region observational concordance; malignant status annotated separately","MALAT1 KO",0.570427644524628,0.529109811795844,-0.156927737344326,19,0.95,TRUE,"MALAT1","MALAT1","","PRKAA1;PPM1D;Mdm2;TP53;TP53INP1;CDKN1A;MYC;MALAT1;SIRT1;DFNA5;E2F1;AKT1;RB1;CDC25A;BBC3;BCL2;BAX;CASP3;CASP9",153,"Limited observational concordance","HCC; malignant cell annotated observational concordance; not causal perturbation validation"
"GSE189903","GSE189903_HCC","4HT2","HCC tumour-region observational concordance; malignant status annotated separately","SIRT1 OE",0.510698149312676,0.508837601606124,-0.0562162064646687,19,0.95,TRUE,"SIRT1","SIRT1","TP53","PRKAA1;PPM1D;Mdm2;TP53;TP53INP1;CDKN1A;MYC;MALAT1;SIRT1;DFNA5;E2F1;AKT1;RB1;CDC25A;BBC3;BCL2;BAX;CASP3;CASP9",153,"Limited observational concordance","HCC; malignant cell annotated observational concordance; not causal perturbation validation"
"GSE189903","GSE189903_HCC","4HT2","HCC tumour-region observational concordance; malignant status annotated separately","SIRT1 KO",0.534393707379474,0.528412193052609,0.0347697124998282,19,0.95,TRUE,"SIRT1","SIRT1","TP53","PRKAA1;PPM1D;Mdm2;TP53;TP53INP1;CDKN1A;MYC;MALAT1;SIRT1;DFNA5;E2F1;AKT1;RB1;CDC25A;BBC3;BCL2;BAX;CASP3;CASP9",153,"Limited observational concordance","HCC; malignant cell annotated observational concordance; not causal perturbation validation"
"GSE189903","GSE189903_HCC","4HT2","HCC tumour-region observational concordance; malignant status annotated separately","BCL2 KO",0.575829728260045,0.563799868418123,0.0823740282405433,19,0.95,TRUE,"BCL2","BCL2","BAX;CASP3","PRKAA1;PPM1D;Mdm2;TP53;TP53INP1;CDKN1A;MYC;MALAT1;SIRT1;DFNA5;E2F1;AKT1;RB1;CDC25A;BBC3;BCL2;BAX;CASP3;CASP9",153,"Limited observational concordance","HCC; malignant cell annotated observational concordance; not causal perturbation validation"
"GSE189903","GSE189903_HCC","4HT2","HCC tumour-region observational concordance; malignant status annotated separately","GSDME OE",0.564645517733729,0.555830219860948,0.0602078727372811,19,0.95,TRUE,"DFNA5","DFNA5","","PRKAA1;PPM1D;Mdm2;TP53;TP53INP1;CDKN1A;MYC;MALAT1;SIRT1;DFNA5;E2F1;AKT1;RB1;CDC25A;BBC3;BCL2;BAX;CASP3;CASP9",153,"Limited observational concordance","HCC; malignant cell annotated observational concordance; not causal perturbation validation"
"GSE189903","GSE189903_HCC","4HT2","HCC tumour-region observational concordance; malignant status annotated separately","CASP3 OE",0.57747446510215,0.56605338575915,0.0492133916287341,19,0.95,TRUE,"CASP3","CASP3","DFNA5;CDKN1A;CASP9","PRKAA1;PPM1D;Mdm2;TP53;TP53INP1;CDKN1A;MYC;MALAT1;SIRT1;DFNA5;E2F1;AKT1;RB1;CDC25A;BBC3;BCL2;BAX;CASP3;CASP9",153,"Limited observational concordance","HCC; malignant cell annotated observational concordance; not causal perturbation validation"
"GSE189903","GSE189903_HCC","4HT2","HCC tumour-region observational concordance; malignant status annotated separately","miR-204-5p OE + GSDME KO",0.620760780859074,0.585156234314281,0.041743266268945,19,0.95,TRUE,"MIR204;DFNA5","DFNA5","SIRT1;BCL2;MYC;E2F1;CDC25A;AKT1","PRKAA1;PPM1D;Mdm2;TP53;TP53INP1;CDKN1A;MYC;MALAT1;SIRT1;DFNA5;E2F1;AKT1;RB1;CDC25A;BBC3;BCL2;BAX;CASP3;CASP9",153,"Limited observational concordance","HCC; malignant cell annotated observational concordance; not causal perturbation validation"
"GSE189903","GSE189903_HCC","4HT2","HCC tumour-region observational concordance; malignant status annotated separately","CASP3 OE + GSDME KO",0.565632359838992,0.552364246073287,0.0560983441986814,19,0.95,TRUE,"CASP3;DFNA5","CASP3;DFNA5","DFNA5;CDKN1A;CASP9","PRKAA1;PPM1D;Mdm2;TP53;TP53INP1;CDKN1A;MYC;MALAT1;SIRT1;DFNA5;E2F1;AKT1;RB1;CDC25A;BBC3;BCL2;BAX;CASP3;CASP9",153,"Limited observational concordance","HCC; malignant cell annotated observational concordance; not causal perturbation validation"
"GSE189903","GSE189903_HCC","4HT2","HCC tumour-region observational concordance; malignant status annotated separately","SIRT1 KO + GSDME KO",0.525183181063684,0.518403093854231,0.0830482799962105,19,0.95,TRUE,"SIRT1;DFNA5","SIRT1;DFNA5","TP53","PRKAA1;PPM1D;Mdm2;TP53;TP53INP1;CDKN1A;MYC;MALAT1;SIRT1;DFNA5;E2F1;AKT1;RB1;CDC25A;BBC3;BCL2;BAX;CASP3;CASP9",153,"Limited observational concordance","HCC; malignant cell annotated observational concordance; not causal perturbation validation"
"GSE189903","GSE189903_HCC","4HT2","HCC tumour-region observational concordance; malignant status annotated separately","MALAT1 KO + GSDME KO",0.58983553926147,0.540366634380343,-0.165483745499377,19,0.95,TRUE,"MALAT1;DFNA5","MALAT1;DFNA5","","PRKAA1;PPM1D;Mdm2;TP53;TP53INP1;CDKN1A;MYC;MALAT1;SIRT1;DFNA5;E2F1;AKT1;RB1;CDC25A;BBC3;BCL2;BAX;CASP3;CASP9",153,"Limited observational concordance","HCC; malignant cell annotated observational concordance; not causal perturbation validation"
"GSE189903","GSE189903_HCC","4HT2","HCC tumour-region observational concordance; malignant status annotated separately","miR-204-5p OE + CASP3 KO",0.564181833490653,0.553993701734258,0,19,0.95,TRUE,"MIR204;CASP3","CASP3","SIRT1;BCL2;MYC;E2F1;CDC25A;AKT1;DFNA5;CDKN1A;CASP9","PRKAA1;PPM1D;Mdm2;TP53;TP53INP1;CDKN1A;MYC;MALAT1;SIRT1;DFNA5;E2F1;AKT1;RB1;CDC25A;BBC3;BCL2;BAX;CASP3;CASP9",153,"Limited observational concordance","HCC; malignant cell annotated observational concordance; not causal perturbation validation"
"GSE189903","GSE189903_HCC","4HT2","HCC tumour-region observational concordance; malignant status annotated separately","GSDME E1 + CASP3 E1",0.550829728260045,0.540790171999213,0.0492133916287341,19,0.95,TRUE,"DFNA5;CASP3","DFNA5;CASP3","DFNA5;CDKN1A;CASP9","PRKAA1;PPM1D;Mdm2;TP53;TP53INP1;CDKN1A;MYC;MALAT1;SIRT1;DFNA5;E2F1;AKT1;RB1;CDC25A;BBC3;BCL2;BAX;CASP3;CASP9",153,"Limited observational concordance","HCC; malignant cell annotated observational concordance; not causal perturbation validation"
"GSE189903","GSE189903_HCC","4HT2","HCC tumour-region observational concordance; malignant status annotated separately","p53 E1 + miR-204-5p E1 + CASP3 KO + p21 E1",0.541813412438022,0.521076052360044,-0.0331975929298018,19,0.95,TRUE,"TP53;MIR204;CASP3;CDKN1A","TP53;CASP3;CDKN1A","Mdm2;SIRT1;BCL2;MYC;E2F1;CDC25A;AKT1;CASP3;DFNA5;CDKN1A;CASP9","PRKAA1;PPM1D;Mdm2;TP53;TP53INP1;CDKN1A;MYC;MALAT1;SIRT1;DFNA5;E2F1;AKT1;RB1;CDC25A;BBC3;BCL2;BAX;CASP3;CASP9",153,"Limited observational concordance","HCC; malignant cell annotated observational concordance; not causal perturbation validation"
"GSE189903","GSE189903_HCC","4HT2","HCC tumour-region observational concordance; malignant status annotated separately","MALAT1 E1 + miR-204-5p KO + SIRT1 E1",0.510698149312676,0.526163048352347,-0.0562162064646687,19,0.95,TRUE,"MALAT1;MIR204;SIRT1","MALAT1;SIRT1","SIRT1;BCL2;MYC;E2F1;CDC25A;AKT1;TP53","PRKAA1;PPM1D;Mdm2;TP53;TP53INP1;CDKN1A;MYC;MALAT1;SIRT1;DFNA5;E2F1;AKT1;RB1;CDC25A;BBC3;BCL2;BAX;CASP3;CASP9",153,"Limited observational concordance","HCC; malignant cell annotated observational concordance; not causal perturbation validation"
"GSE189903","GSE189903_HCC","4HT2","HCC tumour-region observational concordance; malignant status annotated separately","SIRT1 KO + GSDME KO + CASP3 E1",0.52386739159,0.5216225886209,0.156616540632203,19,0.95,TRUE,"SIRT1;DFNA5;CASP3","SIRT1;DFNA5;CASP3","DFNA5;CDKN1A;CASP9;TP53","PRKAA1;PPM1D;Mdm2;TP53;TP53INP1;CDKN1A;MYC;MALAT1;SIRT1;DFNA5;E2F1;AKT1;RB1;CDC25A;BBC3;BCL2;BAX;CASP3;CASP9",153,"Limited observational concordance","HCC; malignant cell annotated observational concordance; not causal perturbation validation"
"GSE189903","GSE189903_HCC","4HT2","HCC tumour-region observational concordance; malignant status annotated separately","BAX E1",0.57354741193435,0.571515426585667,0.263651536370113,19,0.95,TRUE,"BAX","BAX","CASP3","PRKAA1;PPM1D;Mdm2;TP53;TP53INP1;CDKN1A;MYC;MALAT1;SIRT1;DFNA5;E2F1;AKT1;RB1;CDC25A;BBC3;BCL2;BAX;CASP3;CASP9",153,"Limited observational concordance","HCC; malignant cell annotated observational concordance; not causal perturbation validation"
"GSE189903","GSE189903_HCC","4HT2","HCC tumour-region observational concordance; malignant status annotated separately","BAX E1 + GSDME KO",0.557757938250139,0.551244415825782,0.238069506108459,19,0.95,TRUE,"BAX;DFNA5","BAX;DFNA5","CASP3","PRKAA1;PPM1D;Mdm2;TP53;TP53INP1;CDKN1A;MYC;MALAT1;SIRT1;DFNA5;E2F1;AKT1;RB1;CDC25A;BBC3;BCL2;BAX;CASP3;CASP9",153,"Limited observational concordance","HCC; malignant cell annotated observational concordance; not causal perturbation validation"
"GSE189903","GSE189903_HCC","4HT2","HCC tumour-region observational concordance; malignant status annotated separately","p53 E1",0.762532907682523,0.726751045374059,0.0751137448363158,19,0.95,TRUE,"TP53","TP53","Mdm2","PRKAA1;PPM1D;Mdm2;TP53;TP53INP1;CDKN1A;MYC;MALAT1;SIRT1;DFNA5;E2F1;AKT1;RB1;CDC25A;BBC3;BCL2;BAX;CASP3;CASP9",153,"Limited observational concordance","HCC; malignant cell annotated observational concordance; not causal perturbation validation"
"GSE189903","GSE189903_HCC","4HT2","HCC tumour-region observational concordance; malignant status annotated separately","p53 KO",0.510698149312676,0.518713636285925,-0.0562162064646687,19,0.95,TRUE,"TP53","TP53","Mdm2","PRKAA1;PPM1D;Mdm2;TP53;TP53INP1;CDKN1A;MYC;MALAT1;SIRT1;DFNA5;E2F1;AKT1;RB1;CDC25A;BBC3;BCL2;BAX;CASP3;CASP9",153,"Limited observational concordance","HCC; malignant cell annotated observational concordance; not causal perturbation validation"
"GSE189903","GSE189903_HCC","4HT2","HCC tumour-region observational concordance; malignant status annotated separately","p21 E1",0.567809222256056,0.541865904423973,-0.167144152048689,19,0.95,TRUE,"CDKN1A","CDKN1A","CASP3","PRKAA1;PPM1D;Mdm2;TP53;TP53INP1;CDKN1A;MYC;MALAT1;SIRT1;DFNA5;E2F1;AKT1;RB1;CDC25A;BBC3;BCL2;BAX;CASP3;CASP9",153,"Limited observational concordance","HCC; malignant cell annotated observational concordance; not causal perturbation validation"
"GSE189903","GSE189903_HCC","2HT3","HCC tumour-region observational concordance; malignant status annotated separately","Reference: DDR ON, GSDME endogenous",0.540181827812199,0.540181827812199,0.291800527103605,19,0.95,FALSE,"","","","PRKAA1;PPM1D;Mdm2;TP53;TP53INP1;CDKN1A;MYC;MALAT1;SIRT1;DFNA5;E2F1;AKT1;RB1;CDC25A;BBC3;BCL2;BAX;CASP3;CASP9",21,"Indirect only: perturbed node not measured","HCC; malignant cell annotated observational concordance; not causal perturbation validation"
"GSE189903","GSE189903_HCC","2HT3","HCC tumour-region observational concordance; malignant status annotated separately","GSDME KO",0.541826564654305,0.536122942201445,0.243249012263592,19,0.95,TRUE,"DFNA5","DFNA5","","PRKAA1;PPM1D;Mdm2;TP53;TP53INP1;CDKN1A;MYC;MALAT1;SIRT1;DFNA5;E2F1;AKT1;RB1;CDC25A;BBC3;BCL2;BAX;CASP3;CASP9",21,"Limited observational concordance","HCC; malignant cell annotated observational concordance; not causal perturbation validation"
"GSE189903","GSE189903_HCC","2HT3","HCC tumour-region observational concordance; malignant status annotated separately","CASP3 KO",0.544787090970094,0.537964397430453,0.208729386054291,19,0.95,TRUE,"CASP3","CASP3","DFNA5;CDKN1A;CASP9","PRKAA1;PPM1D;Mdm2;TP53;TP53INP1;CDKN1A;MYC;MALAT1;SIRT1;DFNA5;E2F1;AKT1;RB1;CDC25A;BBC3;BCL2;BAX;CASP3;CASP9",21,"Limited observational concordance","HCC; malignant cell annotated observational concordance; not causal perturbation validation"
"GSE189903","GSE189903_HCC","2HT3","HCC tumour-region observational concordance; malignant status annotated separately","miR-204-5p OE",0.645808353563798,0.62729025450564,0.265364787450163,19,0.95,FALSE,"MIR204","","SIRT1;BCL2;MYC;E2F1;CDC25A;AKT1","PRKAA1;PPM1D;Mdm2;TP53;TP53INP1;CDKN1A;MYC;MALAT1;SIRT1;DFNA5;E2F1;AKT1;RB1;CDC25A;BBC3;BCL2;BAX;CASP3;CASP9",21,"Indirect only: perturbed node not measured","HCC; malignant cell annotated observational concordance; not causal perturbation validation"
"GSE189903","GSE189903_HCC","2HT3","HCC tumour-region observational concordance; malignant status annotated separately","miR-204-5p KO",0.479550248864831,0.467982283340118,0.0787026890505362,19,0.95,FALSE,"MIR204","","SIRT1;BCL2;MYC;E2F1;CDC25A;AKT1","PRKAA1;PPM1D;Mdm2;TP53;TP53INP1;CDKN1A;MYC;MALAT1;SIRT1;DFNA5;E2F1;AKT1;RB1;CDC25A;BBC3;BCL2;BAX;CASP3;CASP9",21,"Indirect only: perturbed node not measured","HCC; malignant cell annotated observational concordance; not causal perturbation validation"
"GSE189903","GSE189903_HCC","2HT3","HCC tumour-region observational concordance; malignant status annotated separately","MALAT1 OE",0.479550248864831,0.550384305837809,0.0787026890505362,19,0.95,TRUE,"MALAT1","MALAT1","","PRKAA1;PPM1D;Mdm2;TP53;TP53INP1;CDKN1A;MYC;MALAT1;SIRT1;DFNA5;E2F1;AKT1;RB1;CDC25A;BBC3;BCL2;BAX;CASP3;CASP9",21,"Limited observational concordance","HCC; malignant cell annotated observational concordance; not causal perturbation validation"
"GSE189903","GSE189903_HCC","2HT3","HCC tumour-region observational concordance; malignant status annotated separately","MALAT1 KO",0.511234459391147,0.441657033110536,0.0349307588108633,19,0.95,TRUE,"MALAT1","MALAT1","","PRKAA1;PPM1D;Mdm2;TP53;TP53INP1;CDKN1A;MYC;MALAT1;SIRT1;DFNA5;E2F1;AKT1;RB1;CDC25A;BBC3;BCL2;BAX;CASP3;CASP9",21,"Limited observational concordance","HCC; malignant cell annotated observational concordance; not causal perturbation validation"
"GSE189903","GSE189903_HCC","2HT3","HCC tumour-region observational concordance; malignant status annotated separately","SIRT1 OE",0.479550248864831,0.483106727323121,0.0787026890505362,19,0.95,TRUE,"SIRT1","SIRT1","TP53","PRKAA1;PPM1D;Mdm2;TP53;TP53INP1;CDKN1A;MYC;MALAT1;SIRT1;DFNA5;E2F1;AKT1;RB1;CDC25A;BBC3;BCL2;BAX;CASP3;CASP9",21,"Limited observational concordance","HCC; malignant cell annotated observational concordance; not causal perturbation validation"
"GSE189903","GSE189903_HCC","2HT3","HCC tumour-region observational concordance; malignant status annotated separately","SIRT1 KO",0.576201080080212,0.562948718327132,0.271411337871793,19,0.95,TRUE,"SIRT1","SIRT1","TP53","PRKAA1;PPM1D;Mdm2;TP53;TP53INP1;CDKN1A;MYC;MALAT1;SIRT1;DFNA5;E2F1;AKT1;RB1;CDC25A;BBC3;BCL2;BAX;CASP3;CASP9",21,"Limited observational concordance","HCC; malignant cell annotated observational concordance; not causal perturbation validation"
"GSE189903","GSE189903_HCC","2HT3","HCC tumour-region observational concordance; malignant status annotated separately","BCL2 KO",0.534918669917463,0.516968918077308,0.30238567328807,19,0.95,TRUE,"BCL2","BCL2","BAX;CASP3","PRKAA1;PPM1D;Mdm2;TP53;TP53INP1;CDKN1A;MYC;MALAT1;SIRT1;DFNA5;E2F1;AKT1;RB1;CDC25A;BBC3;BCL2;BAX;CASP3;CASP9",21,"Limited observational concordance","HCC; malignant cell annotated observational concordance; not causal perturbation validation"
"GSE189903","GSE189903_HCC","2HT3","HCC tumour-region observational concordance; malignant status annotated separately","GSDME OE",0.525050248864831,0.521634305837809,0.257061439252217,19,0.95,TRUE,"DFNA5","DFNA5","","PRKAA1;PPM1D;Mdm2;TP53;TP53INP1;CDKN1A;MYC;MALAT1;SIRT1;DFNA5;E2F1;AKT1;RB1;CDC25A;BBC3;BCL2;BAX;CASP3;CASP9",21,"Limited observational concordance","HCC; malignant cell annotated observational concordance; not causal perturbation validation"
"GSE189903","GSE189903_HCC","2HT3","HCC tumour-region observational concordance; malignant status annotated separately","CASP3 OE",0.535247617285884,0.530464397430453,0.229313463121123,19,0.95,TRUE,"CASP3","CASP3","DFNA5;CDKN1A;CASP9","PRKAA1;PPM1D;Mdm2;TP53;TP53INP1;CDKN1A;MYC;MALAT1;SIRT1;DFNA5;E2F1;AKT1;RB1;CDC25A;BBC3;BCL2;BAX;CASP3;CASP9",21,"Limited observational concordance","HCC; malignant cell annotated observational concordance; not causal perturbation validation"
"GSE189903","GSE189903_HCC","2HT3","HCC tumour-region observational concordance; malignant status annotated separately","miR-204-5p OE + GSDME KO",0.635282037774324,0.606509155808607,0.312239631691709,19,0.95,TRUE,"MIR204;DFNA5","DFNA5","SIRT1;BCL2;MYC;E2F1;CDC25A;AKT1","PRKAA1;PPM1D;Mdm2;TP53;TP53INP1;CDKN1A;MYC;MALAT1;SIRT1;DFNA5;E2F1;AKT1;RB1;CDC25A;BBC3;BCL2;BAX;CASP3;CASP9",21,"Limited observational concordance","HCC; malignant cell annotated observational concordance; not causal perturbation validation"
"GSE189903","GSE189903_HCC","2HT3","HCC tumour-region observational concordance; malignant status annotated separately","CASP3 OE + GSDME KO",0.525379196233252,0.52080036799116,0.257423243005164,19,0.95,TRUE,"CASP3;DFNA5","CASP3;DFNA5","DFNA5;CDKN1A;CASP9","PRKAA1;PPM1D;Mdm2;TP53;TP53INP1;CDKN1A;MYC;MALAT1;SIRT1;DFNA5;E2F1;AKT1;RB1;CDC25A;BBC3;BCL2;BAX;CASP3;CASP9",21,"Limited observational concordance","HCC; malignant cell annotated observational concordance; not causal perturbation validation"
"GSE189903","GSE189903_HCC","2HT3","HCC tumour-region observational concordance; malignant status annotated separately","SIRT1 KO + GSDME KO",0.566990553764423,0.548954635443232,0.348802775984084,19,0.95,TRUE,"SIRT1;DFNA5","SIRT1;DFNA5","TP53","PRKAA1;PPM1D;Mdm2;TP53;TP53INP1;CDKN1A;MYC;MALAT1;SIRT1;DFNA5;E2F1;AKT1;RB1;CDC25A;BBC3;BCL2;BAX;CASP3;CASP9",21,"Limited observational concordance","HCC; malignant cell annotated observational concordance; not causal perturbation validation"
"GSE189903","GSE189903_HCC","2HT3","HCC tumour-region observational concordance; malignant status annotated separately","MALAT1 KO + GSDME KO",0.530642354127989,0.463408189137272,0.0322641264810105,19,0.95,TRUE,"MALAT1;DFNA5","MALAT1;DFNA5","","PRKAA1;PPM1D;Mdm2;TP53;TP53INP1;CDKN1A;MYC;MALAT1;SIRT1;DFNA5;E2F1;AKT1;RB1;CDC25A;BBC3;BCL2;BAX;CASP3;CASP9",21,"Limited observational concordance","HCC; malignant cell annotated observational concordance; not causal perturbation validation"
"GSE189903","GSE189903_HCC","2HT3","HCC tumour-region observational concordance; malignant status annotated separately","miR-204-5p OE + CASP3 KO",0.578703090405903,0.576100037268112,0.294643785798396,19,0.95,TRUE,"MIR204;CASP3","CASP3","SIRT1;BCL2;MYC;E2F1;CDC25A;AKT1;DFNA5;CDKN1A;CASP9","PRKAA1;PPM1D;Mdm2;TP53;TP53INP1;CDKN1A;MYC;MALAT1;SIRT1;DFNA5;E2F1;AKT1;RB1;CDC25A;BBC3;BCL2;BAX;CASP3;CASP9",21,"Limited observational concordance","HCC; malignant cell annotated observational concordance; not causal perturbation validation"
"GSE189903","GSE189903_HCC","2HT3","HCC tumour-region observational concordance; malignant status annotated separately","GSDME E1 + CASP3 E1",0.512550248864831,0.510615182805975,0.229313463121123,19,0.95,TRUE,"DFNA5;CASP3","DFNA5;CASP3","DFNA5;CDKN1A;CASP9","PRKAA1;PPM1D;Mdm2;TP53;TP53INP1;CDKN1A;MYC;MALAT1;SIRT1;DFNA5;E2F1;AKT1;RB1;CDC25A;BBC3;BCL2;BAX;CASP3;CASP9",21,"Limited observational concordance","HCC; malignant cell annotated observational concordance; not causal perturbation validation"
"GSE189903","GSE189903_HCC","2HT3","HCC tumour-region observational concordance; malignant status annotated separately","p53 E1 + miR-204-5p E1 + CASP3 KO + p21 E1",0.556334669353271,0.542197019693912,0.248981946973514,19,0.95,TRUE,"TP53;MIR204;CASP3;CDKN1A","TP53;CASP3;CDKN1A","Mdm2;SIRT1;BCL2;MYC;E2F1;CDC25A;AKT1;CASP3;DFNA5;CDKN1A;CASP9","PRKAA1;PPM1D;Mdm2;TP53;TP53INP1;CDKN1A;MYC;MALAT1;SIRT1;DFNA5;E2F1;AKT1;RB1;CDC25A;BBC3;BCL2;BAX;CASP3;CASP9",21,"Limited observational concordance","HCC; malignant cell annotated observational concordance; not causal perturbation validation"
"GSE189903","GSE189903_HCC","2HT3","HCC tumour-region observational concordance; malignant status annotated separately","MALAT1 E1 + miR-204-5p KO + SIRT1 E1",0.479550248864831,0.522469583338805,0.0787026890505362,19,0.95,TRUE,"MALAT1;MIR204;SIRT1","MALAT1;SIRT1","SIRT1;BCL2;MYC;E2F1;CDC25A;AKT1;TP53","PRKAA1;PPM1D;Mdm2;TP53;TP53INP1;CDKN1A;MYC;MALAT1;SIRT1;DFNA5;E2F1;AKT1;RB1;CDC25A;BBC3;BCL2;BAX;CASP3;CASP9",21,"Limited observational concordance","HCC; malignant cell annotated observational concordance; not causal perturbation validation"
"GSE189903","GSE189903_HCC","2HT3","HCC tumour-region observational concordance; malignant status annotated separately","SIRT1 KO + GSDME KO + CASP3 E1",0.564364164861644,0.543623365796799,0.401258436218272,19,0.95,TRUE,"SIRT1;DFNA5;CASP3","SIRT1;DFNA5;CASP3","DFNA5;CDKN1A;CASP9;TP53","PRKAA1;PPM1D;Mdm2;TP53;TP53INP1;CDKN1A;MYC;MALAT1;SIRT1;DFNA5;E2F1;AKT1;RB1;CDC25A;BBC3;BCL2;BAX;CASP3;CASP9",21,"Limited observational concordance","HCC; malignant cell annotated observational concordance; not causal perturbation validation"
"GSE189903","GSE189903_HCC","2HT3","HCC tumour-region observational concordance; malignant status annotated separately","BAX E1",0.570439795662347,0.614161226144078,0.487102739471912,19,0.95,TRUE,"BAX","BAX","CASP3","PRKAA1;PPM1D;Mdm2;TP53;TP53INP1;CDKN1A;MYC;MALAT1;SIRT1;DFNA5;E2F1;AKT1;RB1;CDC25A;BBC3;BCL2;BAX;CASP3;CASP9",21,"Limited observational concordance","HCC; malignant cell annotated observational concordance; not causal perturbation validation"
"GSE189903","GSE189903_HCC","2HT3","HCC tumour-region observational concordance; malignant status annotated separately","BAX E1 + GSDME KO",0.556624006188663,0.590411853896684,0.46569736721216,19,0.95,TRUE,"BAX;DFNA5","BAX;DFNA5","CASP3","PRKAA1;PPM1D;Mdm2;TP53;TP53INP1;CDKN1A;MYC;MALAT1;SIRT1;DFNA5;E2F1;AKT1;RB1;CDC25A;BBC3;BCL2;BAX;CASP3;CASP9",21,"Limited observational concordance","HCC; malignant cell annotated observational concordance; not causal perturbation validation"
"GSE189903","GSE189903_HCC","2HT3","HCC tumour-region observational concordance; malignant status annotated separately","p53 E1",0.703339722549041,0.674432770280616,0.274716703142609,19,0.95,TRUE,"TP53","TP53","Mdm2","PRKAA1;PPM1D;Mdm2;TP53;TP53INP1;CDKN1A;MYC;MALAT1;SIRT1;DFNA5;E2F1;AKT1;RB1;CDC25A;BBC3;BCL2;BAX;CASP3;CASP9",21,"Limited observational concordance","HCC; malignant cell annotated observational concordance; not causal perturbation validation"
"GSE189903","GSE189903_HCC","2HT3","HCC tumour-region observational concordance; malignant status annotated separately","p53 KO",0.479550248864831,0.489563205063225,0.0787026890505362,19,0.95,TRUE,"TP53","TP53","Mdm2","PRKAA1;PPM1D;Mdm2;TP53;TP53INP1;CDKN1A;MYC;MALAT1;SIRT1;DFNA5;E2F1;AKT1;RB1;CDC25A;BBC3;BCL2;BAX;CASP3;CASP9",21,"Limited observational concordance","HCC; malignant cell annotated observational concordance; not causal perturbation validation"
"GSE189903","GSE189903_HCC","2HT3","HCC tumour-region observational concordance; malignant status annotated separately","p21 E1",0.533468121777511,0.52489907355583,0.0637237079685629,19,0.95,TRUE,"CDKN1A","CDKN1A","CASP3","PRKAA1;PPM1D;Mdm2;TP53;TP53INP1;CDKN1A;MYC;MALAT1;SIRT1;DFNA5;E2F1;AKT1;RB1;CDC25A;BBC3;BCL2;BAX;CASP3;CASP9",21,"Limited observational concordance","HCC; malignant cell annotated observational concordance; not causal perturbation validation"
