"seed","initialisation","condition","activation_frequency","node","condition_label"
101,"Global random","BAX_ON",0.05,"PYROPTOSIS","BAX E1"
204,"Global random","BAX_ON",0.082,"PYROPTOSIS","BAX E1"
307,"Global random","BAX_ON",0.072,"PYROPTOSIS","BAX E1"
509,"Global random","BAX_ON",0.08,"PYROPTOSIS","BAX E1"
811,"Global random","BAX_ON",0.084,"PYROPTOSIS","BAX E1"
101,"Resistant-local","BAX_ON",0.006,"PYROPTOSIS","BAX E1"
204,"Resistant-local","BAX_ON",0.006,"PYROPTOSIS","BAX E1"
307,"Resistant-local","BAX_ON",0.002,"PYROPTOSIS","BAX E1"
509,"Resistant-local","BAX_ON",0.01,"PYROPTOSIS","BAX E1"
811,"Resistant-local","BAX_ON",0.004,"PYROPTOSIS","BAX E1"
101,"Global random","BAX_ON__GSDME_OFF",0,"PYROPTOSIS","BAX E1 + GSDME KO"
204,"Global random","BAX_ON__GSDME_OFF",0,"PYROPTOSIS","BAX E1 + GSDME KO"
307,"Global random","BAX_ON__GSDME_OFF",0,"PYROPTOSIS","BAX E1 + GSDME KO"
509,"Global random","BAX_ON__GSDME_OFF",0,"PYROPTOSIS","BAX E1 + GSDME KO"
811,"Global random","BAX_ON__GSDME_OFF",0,"PYROPTOSIS","BAX E1 + GSDME KO"
101,"Resistant-local","BAX_ON__GSDME_OFF",0,"PYROPTOSIS","BAX E1 + GSDME KO"
204,"Resistant-local","BAX_ON__GSDME_OFF",0,"PYROPTOSIS","BAX E1 + GSDME KO"
307,"Resistant-local","BAX_ON__GSDME_OFF",0,"PYROPTOSIS","BAX E1 + GSDME KO"
509,"Resistant-local","BAX_ON__GSDME_OFF",0,"PYROPTOSIS","BAX E1 + GSDME KO"
811,"Resistant-local","BAX_ON__GSDME_OFF",0,"PYROPTOSIS","BAX E1 + GSDME KO"
101,"Global random","CASP3_OFF",0,"PYROPTOSIS","CASP3 KO"
204,"Global random","CASP3_OFF",0,"PYROPTOSIS","CASP3 KO"
307,"Global random","CASP3_OFF",0,"PYROPTOSIS","CASP3 KO"
509,"Global random","CASP3_OFF",0,"PYROPTOSIS","CASP3 KO"
811,"Global random","CASP3_OFF",0,"PYROPTOSIS","CASP3 KO"
101,"Resistant-local","CASP3_OFF",0,"PYROPTOSIS","CASP3 KO"
204,"Resistant-local","CASP3_OFF",0,"PYROPTOSIS","CASP3 KO"
307,"Resistant-local","CASP3_OFF",0,"PYROPTOSIS","CASP3 KO"
509,"Resistant-local","CASP3_OFF",0,"PYROPTOSIS","CASP3 KO"
811,"Resistant-local","CASP3_OFF",0,"PYROPTOSIS","CASP3 KO"
101,"Global random","CASP3_ON",1,"PYROPTOSIS","CASP3 E1"
204,"Global random","CASP3_ON",1,"PYROPTOSIS","CASP3 E1"
307,"Global random","CASP3_ON",1,"PYROPTOSIS","CASP3 E1"
509,"Global random","CASP3_ON",1,"PYROPTOSIS","CASP3 E1"
811,"Global random","CASP3_ON",1,"PYROPTOSIS","CASP3 E1"
101,"Resistant-local","CASP3_ON",1,"PYROPTOSIS","CASP3 E1"
204,"Resistant-local","CASP3_ON",1,"PYROPTOSIS","CASP3 E1"
307,"Resistant-local","CASP3_ON",1,"PYROPTOSIS","CASP3 E1"
509,"Resistant-local","CASP3_ON",1,"PYROPTOSIS","CASP3 E1"
811,"Resistant-local","CASP3_ON",1,"PYROPTOSIS","CASP3 E1"
101,"Global random","CASP3_ON__GSDME_OFF",0,"PYROPTOSIS","GSDME KO + CASP3 E1"
204,"Global random","CASP3_ON__GSDME_OFF",0,"PYROPTOSIS","GSDME KO + CASP3 E1"
307,"Global random","CASP3_ON__GSDME_OFF",0,"PYROPTOSIS","GSDME KO + CASP3 E1"
509,"Global random","CASP3_ON__GSDME_OFF",0,"PYROPTOSIS","GSDME KO + CASP3 E1"
811,"Global random","CASP3_ON__GSDME_OFF",0,"PYROPTOSIS","GSDME KO + CASP3 E1"
101,"Resistant-local","CASP3_ON__GSDME_OFF",0,"PYROPTOSIS","GSDME KO + CASP3 E1"
204,"Resistant-local","CASP3_ON__GSDME_OFF",0,"PYROPTOSIS","GSDME KO + CASP3 E1"
307,"Resistant-local","CASP3_ON__GSDME_OFF",0,"PYROPTOSIS","GSDME KO + CASP3 E1"
509,"Resistant-local","CASP3_ON__GSDME_OFF",0,"PYROPTOSIS","GSDME KO + CASP3 E1"
811,"Resistant-local","CASP3_ON__GSDME_OFF",0,"PYROPTOSIS","GSDME KO + CASP3 E1"
101,"Global random","GSDME_OFF",0,"PYROPTOSIS","GSDME KO"
204,"Global random","GSDME_OFF",0,"PYROPTOSIS","GSDME KO"
307,"Global random","GSDME_OFF",0,"PYROPTOSIS","GSDME KO"
509,"Global random","GSDME_OFF",0,"PYROPTOSIS","GSDME KO"
811,"Global random","GSDME_OFF",0,"PYROPTOSIS","GSDME KO"
101,"Resistant-local","GSDME_OFF",0,"PYROPTOSIS","GSDME KO"
204,"Resistant-local","GSDME_OFF",0,"PYROPTOSIS","GSDME KO"
307,"Resistant-local","GSDME_OFF",0,"PYROPTOSIS","GSDME KO"
509,"Resistant-local","GSDME_OFF",0,"PYROPTOSIS","GSDME KO"
811,"Resistant-local","GSDME_OFF",0,"PYROPTOSIS","GSDME KO"
101,"Global random","GSDME_ON",1,"PYROPTOSIS","GSDME E1 (Boolean DFNA5 ON)"
204,"Global random","GSDME_ON",1,"PYROPTOSIS","GSDME E1 (Boolean DFNA5 ON)"
307,"Global random","GSDME_ON",1,"PYROPTOSIS","GSDME E1 (Boolean DFNA5 ON)"
509,"Global random","GSDME_ON",1,"PYROPTOSIS","GSDME E1 (Boolean DFNA5 ON)"
811,"Global random","GSDME_ON",1,"PYROPTOSIS","GSDME E1 (Boolean DFNA5 ON)"
101,"Resistant-local","GSDME_ON",1,"PYROPTOSIS","GSDME E1 (Boolean DFNA5 ON)"
204,"Resistant-local","GSDME_ON",1,"PYROPTOSIS","GSDME E1 (Boolean DFNA5 ON)"
307,"Resistant-local","GSDME_ON",1,"PYROPTOSIS","GSDME E1 (Boolean DFNA5 ON)"
509,"Resistant-local","GSDME_ON",1,"PYROPTOSIS","GSDME E1 (Boolean DFNA5 ON)"
811,"Resistant-local","GSDME_ON",1,"PYROPTOSIS","GSDME E1 (Boolean DFNA5 ON)"
101,"Global random","GSDME_ON__CASP3_ON",1,"PYROPTOSIS","GSDME E1 + CASP3 E1"
204,"Global random","GSDME_ON__CASP3_ON",1,"PYROPTOSIS","GSDME E1 + CASP3 E1"
307,"Global random","GSDME_ON__CASP3_ON",1,"PYROPTOSIS","GSDME E1 + CASP3 E1"
509,"Global random","GSDME_ON__CASP3_ON",1,"PYROPTOSIS","GSDME E1 + CASP3 E1"
811,"Global random","GSDME_ON__CASP3_ON",1,"PYROPTOSIS","GSDME E1 + CASP3 E1"
101,"Resistant-local","GSDME_ON__CASP3_ON",1,"PYROPTOSIS","GSDME E1 + CASP3 E1"
204,"Resistant-local","GSDME_ON__CASP3_ON",1,"PYROPTOSIS","GSDME E1 + CASP3 E1"
307,"Resistant-local","GSDME_ON__CASP3_ON",1,"PYROPTOSIS","GSDME E1 + CASP3 E1"
509,"Resistant-local","GSDME_ON__CASP3_ON",1,"PYROPTOSIS","GSDME E1 + CASP3 E1"
811,"Resistant-local","GSDME_ON__CASP3_ON",1,"PYROPTOSIS","GSDME E1 + CASP3 E1"
101,"Global random","MALAT1_OFF",0.076,"PYROPTOSIS","MALAT1 KO"
204,"Global random","MALAT1_OFF",0.07,"PYROPTOSIS","MALAT1 KO"
307,"Global random","MALAT1_OFF",0.072,"PYROPTOSIS","MALAT1 KO"
509,"Global random","MALAT1_OFF",0.088,"PYROPTOSIS","MALAT1 KO"
811,"Global random","MALAT1_OFF",0.076,"PYROPTOSIS","MALAT1 KO"
101,"Resistant-local","MALAT1_OFF",0.008,"PYROPTOSIS","MALAT1 KO"
204,"Resistant-local","MALAT1_OFF",0.004,"PYROPTOSIS","MALAT1 KO"
307,"Resistant-local","MALAT1_OFF",0.014,"PYROPTOSIS","MALAT1 KO"
509,"Resistant-local","MALAT1_OFF",0.014,"PYROPTOSIS","MALAT1 KO"
811,"Resistant-local","MALAT1_OFF",0.012,"PYROPTOSIS","MALAT1 KO"
101,"Global random","MALAT1_OFF__GSDME_OFF",0,"PYROPTOSIS","MALAT1 KO + GSDME KO"
204,"Global random","MALAT1_OFF__GSDME_OFF",0,"PYROPTOSIS","MALAT1 KO + GSDME KO"
307,"Global random","MALAT1_OFF__GSDME_OFF",0,"PYROPTOSIS","MALAT1 KO + GSDME KO"
509,"Global random","MALAT1_OFF__GSDME_OFF",0,"PYROPTOSIS","MALAT1 KO + GSDME KO"
811,"Global random","MALAT1_OFF__GSDME_OFF",0,"PYROPTOSIS","MALAT1 KO + GSDME KO"
101,"Resistant-local","MALAT1_OFF__GSDME_OFF",0,"PYROPTOSIS","MALAT1 KO + GSDME KO"
204,"Resistant-local","MALAT1_OFF__GSDME_OFF",0,"PYROPTOSIS","MALAT1 KO + GSDME KO"
307,"Resistant-local","MALAT1_OFF__GSDME_OFF",0,"PYROPTOSIS","MALAT1 KO + GSDME KO"
509,"Resistant-local","MALAT1_OFF__GSDME_OFF",0,"PYROPTOSIS","MALAT1 KO + GSDME KO"
811,"Resistant-local","MALAT1_OFF__GSDME_OFF",0,"PYROPTOSIS","MALAT1 KO + GSDME KO"
101,"Global random","MALAT1_OFF__miR204_OFF",0,"PYROPTOSIS","MALAT1 KO + miR-204-5p KO"
204,"Global random","MALAT1_OFF__miR204_OFF",0,"PYROPTOSIS","MALAT1 KO + miR-204-5p KO"
307,"Global random","MALAT1_OFF__miR204_OFF",0,"PYROPTOSIS","MALAT1 KO + miR-204-5p KO"
509,"Global random","MALAT1_OFF__miR204_OFF",0,"PYROPTOSIS","MALAT1 KO + miR-204-5p KO"
811,"Global random","MALAT1_OFF__miR204_OFF",0,"PYROPTOSIS","MALAT1 KO + miR-204-5p KO"
101,"Resistant-local","MALAT1_OFF__miR204_OFF",0,"PYROPTOSIS","MALAT1 KO + miR-204-5p KO"
204,"Resistant-local","MALAT1_OFF__miR204_OFF",0,"PYROPTOSIS","MALAT1 KO + miR-204-5p KO"
307,"Resistant-local","MALAT1_OFF__miR204_OFF",0,"PYROPTOSIS","MALAT1 KO + miR-204-5p KO"
509,"Resistant-local","MALAT1_OFF__miR204_OFF",0,"PYROPTOSIS","MALAT1 KO + miR-204-5p KO"
811,"Resistant-local","MALAT1_OFF__miR204_OFF",0,"PYROPTOSIS","MALAT1 KO + miR-204-5p KO"
101,"Global random","MALAT1_OFF__SIRT1_ON",0,"PYROPTOSIS","MALAT1 KO + SIRT1 rescue"
204,"Global random","MALAT1_OFF__SIRT1_ON",0,"PYROPTOSIS","MALAT1 KO + SIRT1 rescue"
307,"Global random","MALAT1_OFF__SIRT1_ON",0,"PYROPTOSIS","MALAT1 KO + SIRT1 rescue"
509,"Global random","MALAT1_OFF__SIRT1_ON",0,"PYROPTOSIS","MALAT1 KO + SIRT1 rescue"
811,"Global random","MALAT1_OFF__SIRT1_ON",0,"PYROPTOSIS","MALAT1 KO + SIRT1 rescue"
101,"Resistant-local","MALAT1_OFF__SIRT1_ON",0,"PYROPTOSIS","MALAT1 KO + SIRT1 rescue"
204,"Resistant-local","MALAT1_OFF__SIRT1_ON",0,"PYROPTOSIS","MALAT1 KO + SIRT1 rescue"
307,"Resistant-local","MALAT1_OFF__SIRT1_ON",0,"PYROPTOSIS","MALAT1 KO + SIRT1 rescue"
509,"Resistant-local","MALAT1_OFF__SIRT1_ON",0,"PYROPTOSIS","MALAT1 KO + SIRT1 rescue"
811,"Resistant-local","MALAT1_OFF__SIRT1_ON",0,"PYROPTOSIS","MALAT1 KO + SIRT1 rescue"
101,"Global random","MALAT1_ON__miR204_OFF__SIRT1_ON",0,"PYROPTOSIS","MALAT1 E1 + miR-204-5p KO + SIRT1 E1"
204,"Global random","MALAT1_ON__miR204_OFF__SIRT1_ON",0,"PYROPTOSIS","MALAT1 E1 + miR-204-5p KO + SIRT1 E1"
307,"Global random","MALAT1_ON__miR204_OFF__SIRT1_ON",0,"PYROPTOSIS","MALAT1 E1 + miR-204-5p KO + SIRT1 E1"
509,"Global random","MALAT1_ON__miR204_OFF__SIRT1_ON",0,"PYROPTOSIS","MALAT1 E1 + miR-204-5p KO + SIRT1 E1"
811,"Global random","MALAT1_ON__miR204_OFF__SIRT1_ON",0,"PYROPTOSIS","MALAT1 E1 + miR-204-5p KO + SIRT1 E1"
101,"Resistant-local","MALAT1_ON__miR204_OFF__SIRT1_ON",0,"PYROPTOSIS","MALAT1 E1 + miR-204-5p KO + SIRT1 E1"
204,"Resistant-local","MALAT1_ON__miR204_OFF__SIRT1_ON",0,"PYROPTOSIS","MALAT1 E1 + miR-204-5p KO + SIRT1 E1"
307,"Resistant-local","MALAT1_ON__miR204_OFF__SIRT1_ON",0,"PYROPTOSIS","MALAT1 E1 + miR-204-5p KO + SIRT1 E1"
509,"Resistant-local","MALAT1_ON__miR204_OFF__SIRT1_ON",0,"PYROPTOSIS","MALAT1 E1 + miR-204-5p KO + SIRT1 E1"
811,"Resistant-local","MALAT1_ON__miR204_OFF__SIRT1_ON",0,"PYROPTOSIS","MALAT1 E1 + miR-204-5p KO + SIRT1 E1"
101,"Global random","miR204_OFF",0,"PYROPTOSIS","miR-204-5p KO"
204,"Global random","miR204_OFF",0,"PYROPTOSIS","miR-204-5p KO"
307,"Global random","miR204_OFF",0,"PYROPTOSIS","miR-204-5p KO"
509,"Global random","miR204_OFF",0,"PYROPTOSIS","miR-204-5p KO"
811,"Global random","miR204_OFF",0,"PYROPTOSIS","miR-204-5p KO"
101,"Resistant-local","miR204_OFF",0,"PYROPTOSIS","miR-204-5p KO"
204,"Resistant-local","miR204_OFF",0,"PYROPTOSIS","miR-204-5p KO"
307,"Resistant-local","miR204_OFF",0,"PYROPTOSIS","miR-204-5p KO"
509,"Resistant-local","miR204_OFF",0,"PYROPTOSIS","miR-204-5p KO"
811,"Resistant-local","miR204_OFF",0,"PYROPTOSIS","miR-204-5p KO"
101,"Global random","miR204_ON",0.474,"PYROPTOSIS","miR-204-5p E1"
204,"Global random","miR204_ON",0.506,"PYROPTOSIS","miR-204-5p E1"
307,"Global random","miR204_ON",0.474,"PYROPTOSIS","miR-204-5p E1"
509,"Global random","miR204_ON",0.512,"PYROPTOSIS","miR-204-5p E1"
811,"Global random","miR204_ON",0.512,"PYROPTOSIS","miR-204-5p E1"
101,"Resistant-local","miR204_ON",0.56,"PYROPTOSIS","miR-204-5p E1"
204,"Resistant-local","miR204_ON",0.558,"PYROPTOSIS","miR-204-5p E1"
307,"Resistant-local","miR204_ON",0.508,"PYROPTOSIS","miR-204-5p E1"
509,"Resistant-local","miR204_ON",0.464,"PYROPTOSIS","miR-204-5p E1"
811,"Resistant-local","miR204_ON",0.482,"PYROPTOSIS","miR-204-5p E1"
101,"Global random","miR204_ON__CASP3_OFF",0,"PYROPTOSIS","miR-204-5p E1 + CASP3 KO"
204,"Global random","miR204_ON__CASP3_OFF",0,"PYROPTOSIS","miR-204-5p E1 + CASP3 KO"
307,"Global random","miR204_ON__CASP3_OFF",0,"PYROPTOSIS","miR-204-5p E1 + CASP3 KO"
509,"Global random","miR204_ON__CASP3_OFF",0,"PYROPTOSIS","miR-204-5p E1 + CASP3 KO"
811,"Global random","miR204_ON__CASP3_OFF",0,"PYROPTOSIS","miR-204-5p E1 + CASP3 KO"
101,"Resistant-local","miR204_ON__CASP3_OFF",0,"PYROPTOSIS","miR-204-5p E1 + CASP3 KO"
204,"Resistant-local","miR204_ON__CASP3_OFF",0,"PYROPTOSIS","miR-204-5p E1 + CASP3 KO"
307,"Resistant-local","miR204_ON__CASP3_OFF",0,"PYROPTOSIS","miR-204-5p E1 + CASP3 KO"
509,"Resistant-local","miR204_ON__CASP3_OFF",0,"PYROPTOSIS","miR-204-5p E1 + CASP3 KO"
811,"Resistant-local","miR204_ON__CASP3_OFF",0,"PYROPTOSIS","miR-204-5p E1 + CASP3 KO"
101,"Global random","miR204_ON__GSDME_OFF",0,"PYROPTOSIS","miR-204-5p E1 + GSDME KO"
204,"Global random","miR204_ON__GSDME_OFF",0,"PYROPTOSIS","miR-204-5p E1 + GSDME KO"
307,"Global random","miR204_ON__GSDME_OFF",0,"PYROPTOSIS","miR-204-5p E1 + GSDME KO"
509,"Global random","miR204_ON__GSDME_OFF",0,"PYROPTOSIS","miR-204-5p E1 + GSDME KO"
811,"Global random","miR204_ON__GSDME_OFF",0,"PYROPTOSIS","miR-204-5p E1 + GSDME KO"
101,"Resistant-local","miR204_ON__GSDME_OFF",0,"PYROPTOSIS","miR-204-5p E1 + GSDME KO"
204,"Resistant-local","miR204_ON__GSDME_OFF",0,"PYROPTOSIS","miR-204-5p E1 + GSDME KO"
307,"Resistant-local","miR204_ON__GSDME_OFF",0,"PYROPTOSIS","miR-204-5p E1 + GSDME KO"
509,"Resistant-local","miR204_ON__GSDME_OFF",0,"PYROPTOSIS","miR-204-5p E1 + GSDME KO"
811,"Resistant-local","miR204_ON__GSDME_OFF",0,"PYROPTOSIS","miR-204-5p E1 + GSDME KO"
101,"Global random","miR204_ON__SIRT1_ON",0,"PYROPTOSIS","miR-204-5p E1 + SIRT1 rescue"
204,"Global random","miR204_ON__SIRT1_ON",0,"PYROPTOSIS","miR-204-5p E1 + SIRT1 rescue"
307,"Global random","miR204_ON__SIRT1_ON",0,"PYROPTOSIS","miR-204-5p E1 + SIRT1 rescue"
509,"Global random","miR204_ON__SIRT1_ON",0,"PYROPTOSIS","miR-204-5p E1 + SIRT1 rescue"
811,"Global random","miR204_ON__SIRT1_ON",0,"PYROPTOSIS","miR-204-5p E1 + SIRT1 rescue"
101,"Resistant-local","miR204_ON__SIRT1_ON",0,"PYROPTOSIS","miR-204-5p E1 + SIRT1 rescue"
204,"Resistant-local","miR204_ON__SIRT1_ON",0,"PYROPTOSIS","miR-204-5p E1 + SIRT1 rescue"
307,"Resistant-local","miR204_ON__SIRT1_ON",0,"PYROPTOSIS","miR-204-5p E1 + SIRT1 rescue"
509,"Resistant-local","miR204_ON__SIRT1_ON",0,"PYROPTOSIS","miR-204-5p E1 + SIRT1 rescue"
811,"Resistant-local","miR204_ON__SIRT1_ON",0,"PYROPTOSIS","miR-204-5p E1 + SIRT1 rescue"
101,"Global random","p53_OFF",0,"PYROPTOSIS","Active p53 KO"
204,"Global random","p53_OFF",0,"PYROPTOSIS","Active p53 KO"
307,"Global random","p53_OFF",0,"PYROPTOSIS","Active p53 KO"
509,"Global random","p53_OFF",0,"PYROPTOSIS","Active p53 KO"
811,"Global random","p53_OFF",0,"PYROPTOSIS","Active p53 KO"
101,"Resistant-local","p53_OFF",0,"PYROPTOSIS","Active p53 KO"
204,"Resistant-local","p53_OFF",0,"PYROPTOSIS","Active p53 KO"
307,"Resistant-local","p53_OFF",0,"PYROPTOSIS","Active p53 KO"
509,"Resistant-local","p53_OFF",0,"PYROPTOSIS","Active p53 KO"
811,"Resistant-local","p53_OFF",0,"PYROPTOSIS","Active p53 KO"
101,"Global random","p53_ON",0.262,"PYROPTOSIS","Active p53 E1"
204,"Global random","p53_ON",0.252,"PYROPTOSIS","Active p53 E1"
307,"Global random","p53_ON",0.232,"PYROPTOSIS","Active p53 E1"
509,"Global random","p53_ON",0.268,"PYROPTOSIS","Active p53 E1"
811,"Global random","p53_ON",0.246,"PYROPTOSIS","Active p53 E1"
101,"Resistant-local","p53_ON",0.028,"PYROPTOSIS","Active p53 E1"
204,"Resistant-local","p53_ON",0.036,"PYROPTOSIS","Active p53 E1"
307,"Resistant-local","p53_ON",0.024,"PYROPTOSIS","Active p53 E1"
509,"Resistant-local","p53_ON",0.028,"PYROPTOSIS","Active p53 E1"
811,"Resistant-local","p53_ON",0.03,"PYROPTOSIS","Active p53 E1"
101,"Global random","p53_ON__CASP3_OFF",0,"PYROPTOSIS","Active p53 E1 + CASP3 KO"
204,"Global random","p53_ON__CASP3_OFF",0,"PYROPTOSIS","Active p53 E1 + CASP3 KO"
307,"Global random","p53_ON__CASP3_OFF",0,"PYROPTOSIS","Active p53 E1 + CASP3 KO"
509,"Global random","p53_ON__CASP3_OFF",0,"PYROPTOSIS","Active p53 E1 + CASP3 KO"
811,"Global random","p53_ON__CASP3_OFF",0,"PYROPTOSIS","Active p53 E1 + CASP3 KO"
101,"Resistant-local","p53_ON__CASP3_OFF",0,"PYROPTOSIS","Active p53 E1 + CASP3 KO"
204,"Resistant-local","p53_ON__CASP3_OFF",0,"PYROPTOSIS","Active p53 E1 + CASP3 KO"
307,"Resistant-local","p53_ON__CASP3_OFF",0,"PYROPTOSIS","Active p53 E1 + CASP3 KO"
509,"Resistant-local","p53_ON__CASP3_OFF",0,"PYROPTOSIS","Active p53 E1 + CASP3 KO"
811,"Resistant-local","p53_ON__CASP3_OFF",0,"PYROPTOSIS","Active p53 E1 + CASP3 KO"
101,"Global random","p53_ON__miR204_ON__CASP3_OFF__p21_ON",0,"PYROPTOSIS","p53 E1 + miR-204-5p E1 + CASP3 KO + p21 E1"
204,"Global random","p53_ON__miR204_ON__CASP3_OFF__p21_ON",0,"PYROPTOSIS","p53 E1 + miR-204-5p E1 + CASP3 KO + p21 E1"
307,"Global random","p53_ON__miR204_ON__CASP3_OFF__p21_ON",0,"PYROPTOSIS","p53 E1 + miR-204-5p E1 + CASP3 KO + p21 E1"
509,"Global random","p53_ON__miR204_ON__CASP3_OFF__p21_ON",0,"PYROPTOSIS","p53 E1 + miR-204-5p E1 + CASP3 KO + p21 E1"
811,"Global random","p53_ON__miR204_ON__CASP3_OFF__p21_ON",0,"PYROPTOSIS","p53 E1 + miR-204-5p E1 + CASP3 KO + p21 E1"
101,"Resistant-local","p53_ON__miR204_ON__CASP3_OFF__p21_ON",0,"PYROPTOSIS","p53 E1 + miR-204-5p E1 + CASP3 KO + p21 E1"
204,"Resistant-local","p53_ON__miR204_ON__CASP3_OFF__p21_ON",0,"PYROPTOSIS","p53 E1 + miR-204-5p E1 + CASP3 KO + p21 E1"
307,"Resistant-local","p53_ON__miR204_ON__CASP3_OFF__p21_ON",0,"PYROPTOSIS","p53 E1 + miR-204-5p E1 + CASP3 KO + p21 E1"
509,"Resistant-local","p53_ON__miR204_ON__CASP3_OFF__p21_ON",0,"PYROPTOSIS","p53 E1 + miR-204-5p E1 + CASP3 KO + p21 E1"
811,"Resistant-local","p53_ON__miR204_ON__CASP3_OFF__p21_ON",0,"PYROPTOSIS","p53 E1 + miR-204-5p E1 + CASP3 KO + p21 E1"
101,"Global random","Reference",0.032,"PYROPTOSIS","Reference: DDR ON, endogenous GSDME"
204,"Global random","Reference",0.06,"PYROPTOSIS","Reference: DDR ON, endogenous GSDME"
307,"Global random","Reference",0.048,"PYROPTOSIS","Reference: DDR ON, endogenous GSDME"
509,"Global random","Reference",0.048,"PYROPTOSIS","Reference: DDR ON, endogenous GSDME"
811,"Global random","Reference",0.074,"PYROPTOSIS","Reference: DDR ON, endogenous GSDME"
101,"Resistant-local","Reference",0.002,"PYROPTOSIS","Reference: DDR ON, endogenous GSDME"
204,"Resistant-local","Reference",0.002,"PYROPTOSIS","Reference: DDR ON, endogenous GSDME"
307,"Resistant-local","Reference",0.002,"PYROPTOSIS","Reference: DDR ON, endogenous GSDME"
509,"Resistant-local","Reference",0.006,"PYROPTOSIS","Reference: DDR ON, endogenous GSDME"
811,"Resistant-local","Reference",0.002,"PYROPTOSIS","Reference: DDR ON, endogenous GSDME"
101,"Global random","SIRT1_OFF",0.928,"PYROPTOSIS","SIRT1 KO"
204,"Global random","SIRT1_OFF",0.926,"PYROPTOSIS","SIRT1 KO"
307,"Global random","SIRT1_OFF",0.926,"PYROPTOSIS","SIRT1 KO"
509,"Global random","SIRT1_OFF",0.918,"PYROPTOSIS","SIRT1 KO"
811,"Global random","SIRT1_OFF",0.912,"PYROPTOSIS","SIRT1 KO"
101,"Resistant-local","SIRT1_OFF",0.968,"PYROPTOSIS","SIRT1 KO"
204,"Resistant-local","SIRT1_OFF",0.958,"PYROPTOSIS","SIRT1 KO"
307,"Resistant-local","SIRT1_OFF",0.968,"PYROPTOSIS","SIRT1 KO"
509,"Resistant-local","SIRT1_OFF",0.986,"PYROPTOSIS","SIRT1 KO"
811,"Resistant-local","SIRT1_OFF",0.952,"PYROPTOSIS","SIRT1 KO"
101,"Global random","SIRT1_OFF__GSDME_OFF",0,"PYROPTOSIS","SIRT1 KO + GSDME KO"
204,"Global random","SIRT1_OFF__GSDME_OFF",0,"PYROPTOSIS","SIRT1 KO + GSDME KO"
307,"Global random","SIRT1_OFF__GSDME_OFF",0,"PYROPTOSIS","SIRT1 KO + GSDME KO"
509,"Global random","SIRT1_OFF__GSDME_OFF",0,"PYROPTOSIS","SIRT1 KO + GSDME KO"
811,"Global random","SIRT1_OFF__GSDME_OFF",0,"PYROPTOSIS","SIRT1 KO + GSDME KO"
101,"Resistant-local","SIRT1_OFF__GSDME_OFF",0,"PYROPTOSIS","SIRT1 KO + GSDME KO"
204,"Resistant-local","SIRT1_OFF__GSDME_OFF",0,"PYROPTOSIS","SIRT1 KO + GSDME KO"
307,"Resistant-local","SIRT1_OFF__GSDME_OFF",0,"PYROPTOSIS","SIRT1 KO + GSDME KO"
509,"Resistant-local","SIRT1_OFF__GSDME_OFF",0,"PYROPTOSIS","SIRT1 KO + GSDME KO"
811,"Resistant-local","SIRT1_OFF__GSDME_OFF",0,"PYROPTOSIS","SIRT1 KO + GSDME KO"
101,"Global random","SIRT1_OFF__GSDME_OFF__CASP3_ON",0,"PYROPTOSIS","SIRT1 KO + GSDME KO + CASP3 E1"
204,"Global random","SIRT1_OFF__GSDME_OFF__CASP3_ON",0,"PYROPTOSIS","SIRT1 KO + GSDME KO + CASP3 E1"
307,"Global random","SIRT1_OFF__GSDME_OFF__CASP3_ON",0,"PYROPTOSIS","SIRT1 KO + GSDME KO + CASP3 E1"
509,"Global random","SIRT1_OFF__GSDME_OFF__CASP3_ON",0,"PYROPTOSIS","SIRT1 KO + GSDME KO + CASP3 E1"
811,"Global random","SIRT1_OFF__GSDME_OFF__CASP3_ON",0,"PYROPTOSIS","SIRT1 KO + GSDME KO + CASP3 E1"
101,"Resistant-local","SIRT1_OFF__GSDME_OFF__CASP3_ON",0,"PYROPTOSIS","SIRT1 KO + GSDME KO + CASP3 E1"
204,"Resistant-local","SIRT1_OFF__GSDME_OFF__CASP3_ON",0,"PYROPTOSIS","SIRT1 KO + GSDME KO + CASP3 E1"
307,"Resistant-local","SIRT1_OFF__GSDME_OFF__CASP3_ON",0,"PYROPTOSIS","SIRT1 KO + GSDME KO + CASP3 E1"
509,"Resistant-local","SIRT1_OFF__GSDME_OFF__CASP3_ON",0,"PYROPTOSIS","SIRT1 KO + GSDME KO + CASP3 E1"
811,"Resistant-local","SIRT1_OFF__GSDME_OFF__CASP3_ON",0,"PYROPTOSIS","SIRT1 KO + GSDME KO + CASP3 E1"
101,"Global random","SIRT1_OFF__p53_OFF",0,"PYROPTOSIS","SIRT1 KO + active p53 KO"
204,"Global random","SIRT1_OFF__p53_OFF",0,"PYROPTOSIS","SIRT1 KO + active p53 KO"
307,"Global random","SIRT1_OFF__p53_OFF",0,"PYROPTOSIS","SIRT1 KO + active p53 KO"
509,"Global random","SIRT1_OFF__p53_OFF",0,"PYROPTOSIS","SIRT1 KO + active p53 KO"
811,"Global random","SIRT1_OFF__p53_OFF",0,"PYROPTOSIS","SIRT1 KO + active p53 KO"
101,"Resistant-local","SIRT1_OFF__p53_OFF",0,"PYROPTOSIS","SIRT1 KO + active p53 KO"
204,"Resistant-local","SIRT1_OFF__p53_OFF",0,"PYROPTOSIS","SIRT1 KO + active p53 KO"
307,"Resistant-local","SIRT1_OFF__p53_OFF",0,"PYROPTOSIS","SIRT1 KO + active p53 KO"
509,"Resistant-local","SIRT1_OFF__p53_OFF",0,"PYROPTOSIS","SIRT1 KO + active p53 KO"
811,"Resistant-local","SIRT1_OFF__p53_OFF",0,"PYROPTOSIS","SIRT1 KO + active p53 KO"
101,"Global random","SIRT1_ON",0,"PYROPTOSIS","SIRT1 E1"
204,"Global random","SIRT1_ON",0,"PYROPTOSIS","SIRT1 E1"
307,"Global random","SIRT1_ON",0,"PYROPTOSIS","SIRT1 E1"
509,"Global random","SIRT1_ON",0,"PYROPTOSIS","SIRT1 E1"
811,"Global random","SIRT1_ON",0,"PYROPTOSIS","SIRT1 E1"
101,"Resistant-local","SIRT1_ON",0,"PYROPTOSIS","SIRT1 E1"
204,"Resistant-local","SIRT1_ON",0,"PYROPTOSIS","SIRT1 E1"
307,"Resistant-local","SIRT1_ON",0,"PYROPTOSIS","SIRT1 E1"
509,"Resistant-local","SIRT1_ON",0,"PYROPTOSIS","SIRT1 E1"
811,"Resistant-local","SIRT1_ON",0,"PYROPTOSIS","SIRT1 E1"
101,"Global random","BAX_ON",0,"APOPTOSIS","BAX E1"
204,"Global random","BAX_ON",0,"APOPTOSIS","BAX E1"
307,"Global random","BAX_ON",0,"APOPTOSIS","BAX E1"
509,"Global random","BAX_ON",0,"APOPTOSIS","BAX E1"
811,"Global random","BAX_ON",0,"APOPTOSIS","BAX E1"
101,"Resistant-local","BAX_ON",0,"APOPTOSIS","BAX E1"
204,"Resistant-local","BAX_ON",0,"APOPTOSIS","BAX E1"
307,"Resistant-local","BAX_ON",0,"APOPTOSIS","BAX E1"
509,"Resistant-local","BAX_ON",0,"APOPTOSIS","BAX E1"
811,"Resistant-local","BAX_ON",0,"APOPTOSIS","BAX E1"
101,"Global random","BAX_ON__GSDME_OFF",0.074,"APOPTOSIS","BAX E1 + GSDME KO"
204,"Global random","BAX_ON__GSDME_OFF",0.098,"APOPTOSIS","BAX E1 + GSDME KO"
307,"Global random","BAX_ON__GSDME_OFF",0.066,"APOPTOSIS","BAX E1 + GSDME KO"
509,"Global random","BAX_ON__GSDME_OFF",0.08,"APOPTOSIS","BAX E1 + GSDME KO"
811,"Global random","BAX_ON__GSDME_OFF",0.09,"APOPTOSIS","BAX E1 + GSDME KO"
101,"Resistant-local","BAX_ON__GSDME_OFF",0.006,"APOPTOSIS","BAX E1 + GSDME KO"
204,"Resistant-local","BAX_ON__GSDME_OFF",0.004,"APOPTOSIS","BAX E1 + GSDME KO"
307,"Resistant-local","BAX_ON__GSDME_OFF",0.002,"APOPTOSIS","BAX E1 + GSDME KO"
509,"Resistant-local","BAX_ON__GSDME_OFF",0.014,"APOPTOSIS","BAX E1 + GSDME KO"
811,"Resistant-local","BAX_ON__GSDME_OFF",0.004,"APOPTOSIS","BAX E1 + GSDME KO"
101,"Global random","CASP3_OFF",0,"APOPTOSIS","CASP3 KO"
204,"Global random","CASP3_OFF",0,"APOPTOSIS","CASP3 KO"
307,"Global random","CASP3_OFF",0,"APOPTOSIS","CASP3 KO"
509,"Global random","CASP3_OFF",0,"APOPTOSIS","CASP3 KO"
811,"Global random","CASP3_OFF",0,"APOPTOSIS","CASP3 KO"
101,"Resistant-local","CASP3_OFF",0,"APOPTOSIS","CASP3 KO"
204,"Resistant-local","CASP3_OFF",0,"APOPTOSIS","CASP3 KO"
307,"Resistant-local","CASP3_OFF",0,"APOPTOSIS","CASP3 KO"
509,"Resistant-local","CASP3_OFF",0,"APOPTOSIS","CASP3 KO"
811,"Resistant-local","CASP3_OFF",0,"APOPTOSIS","CASP3 KO"
101,"Global random","CASP3_ON",0,"APOPTOSIS","CASP3 E1"
204,"Global random","CASP3_ON",0,"APOPTOSIS","CASP3 E1"
307,"Global random","CASP3_ON",0,"APOPTOSIS","CASP3 E1"
509,"Global random","CASP3_ON",0,"APOPTOSIS","CASP3 E1"
811,"Global random","CASP3_ON",0,"APOPTOSIS","CASP3 E1"
101,"Resistant-local","CASP3_ON",0,"APOPTOSIS","CASP3 E1"
204,"Resistant-local","CASP3_ON",0,"APOPTOSIS","CASP3 E1"
307,"Resistant-local","CASP3_ON",0,"APOPTOSIS","CASP3 E1"
509,"Resistant-local","CASP3_ON",0,"APOPTOSIS","CASP3 E1"
811,"Resistant-local","CASP3_ON",0,"APOPTOSIS","CASP3 E1"
101,"Global random","CASP3_ON__GSDME_OFF",1,"APOPTOSIS","GSDME KO + CASP3 E1"
204,"Global random","CASP3_ON__GSDME_OFF",1,"APOPTOSIS","GSDME KO + CASP3 E1"
307,"Global random","CASP3_ON__GSDME_OFF",1,"APOPTOSIS","GSDME KO + CASP3 E1"
509,"Global random","CASP3_ON__GSDME_OFF",1,"APOPTOSIS","GSDME KO + CASP3 E1"
811,"Global random","CASP3_ON__GSDME_OFF",1,"APOPTOSIS","GSDME KO + CASP3 E1"
101,"Resistant-local","CASP3_ON__GSDME_OFF",1,"APOPTOSIS","GSDME KO + CASP3 E1"
204,"Resistant-local","CASP3_ON__GSDME_OFF",1,"APOPTOSIS","GSDME KO + CASP3 E1"
307,"Resistant-local","CASP3_ON__GSDME_OFF",1,"APOPTOSIS","GSDME KO + CASP3 E1"
509,"Resistant-local","CASP3_ON__GSDME_OFF",1,"APOPTOSIS","GSDME KO + CASP3 E1"
811,"Resistant-local","CASP3_ON__GSDME_OFF",1,"APOPTOSIS","GSDME KO + CASP3 E1"
101,"Global random","GSDME_OFF",0.04,"APOPTOSIS","GSDME KO"
204,"Global random","GSDME_OFF",0.062,"APOPTOSIS","GSDME KO"
307,"Global random","GSDME_OFF",0.06,"APOPTOSIS","GSDME KO"
509,"Global random","GSDME_OFF",0.06,"APOPTOSIS","GSDME KO"
811,"Global random","GSDME_OFF",0.058,"APOPTOSIS","GSDME KO"
101,"Resistant-local","GSDME_OFF",0.002,"APOPTOSIS","GSDME KO"
204,"Resistant-local","GSDME_OFF",0.002,"APOPTOSIS","GSDME KO"
307,"Resistant-local","GSDME_OFF",0.004,"APOPTOSIS","GSDME KO"
509,"Resistant-local","GSDME_OFF",0.01,"APOPTOSIS","GSDME KO"
811,"Resistant-local","GSDME_OFF",0.004,"APOPTOSIS","GSDME KO"
101,"Global random","GSDME_ON",0,"APOPTOSIS","GSDME E1 (Boolean DFNA5 ON)"
204,"Global random","GSDME_ON",0,"APOPTOSIS","GSDME E1 (Boolean DFNA5 ON)"
307,"Global random","GSDME_ON",0,"APOPTOSIS","GSDME E1 (Boolean DFNA5 ON)"
509,"Global random","GSDME_ON",0,"APOPTOSIS","GSDME E1 (Boolean DFNA5 ON)"
811,"Global random","GSDME_ON",0,"APOPTOSIS","GSDME E1 (Boolean DFNA5 ON)"
101,"Resistant-local","GSDME_ON",0,"APOPTOSIS","GSDME E1 (Boolean DFNA5 ON)"
204,"Resistant-local","GSDME_ON",0,"APOPTOSIS","GSDME E1 (Boolean DFNA5 ON)"
307,"Resistant-local","GSDME_ON",0,"APOPTOSIS","GSDME E1 (Boolean DFNA5 ON)"
509,"Resistant-local","GSDME_ON",0,"APOPTOSIS","GSDME E1 (Boolean DFNA5 ON)"
811,"Resistant-local","GSDME_ON",0,"APOPTOSIS","GSDME E1 (Boolean DFNA5 ON)"
101,"Global random","GSDME_ON__CASP3_ON",0,"APOPTOSIS","GSDME E1 + CASP3 E1"
204,"Global random","GSDME_ON__CASP3_ON",0,"APOPTOSIS","GSDME E1 + CASP3 E1"
307,"Global random","GSDME_ON__CASP3_ON",0,"APOPTOSIS","GSDME E1 + CASP3 E1"
509,"Global random","GSDME_ON__CASP3_ON",0,"APOPTOSIS","GSDME E1 + CASP3 E1"
811,"Global random","GSDME_ON__CASP3_ON",0,"APOPTOSIS","GSDME E1 + CASP3 E1"
101,"Resistant-local","GSDME_ON__CASP3_ON",0,"APOPTOSIS","GSDME E1 + CASP3 E1"
204,"Resistant-local","GSDME_ON__CASP3_ON",0,"APOPTOSIS","GSDME E1 + CASP3 E1"
307,"Resistant-local","GSDME_ON__CASP3_ON",0,"APOPTOSIS","GSDME E1 + CASP3 E1"
509,"Resistant-local","GSDME_ON__CASP3_ON",0,"APOPTOSIS","GSDME E1 + CASP3 E1"
811,"Resistant-local","GSDME_ON__CASP3_ON",0,"APOPTOSIS","GSDME E1 + CASP3 E1"
101,"Global random","MALAT1_OFF",0,"APOPTOSIS","MALAT1 KO"
204,"Global random","MALAT1_OFF",0,"APOPTOSIS","MALAT1 KO"
307,"Global random","MALAT1_OFF",0,"APOPTOSIS","MALAT1 KO"
509,"Global random","MALAT1_OFF",0,"APOPTOSIS","MALAT1 KO"
811,"Global random","MALAT1_OFF",0,"APOPTOSIS","MALAT1 KO"
101,"Resistant-local","MALAT1_OFF",0,"APOPTOSIS","MALAT1 KO"
204,"Resistant-local","MALAT1_OFF",0,"APOPTOSIS","MALAT1 KO"
307,"Resistant-local","MALAT1_OFF",0,"APOPTOSIS","MALAT1 KO"
509,"Resistant-local","MALAT1_OFF",0,"APOPTOSIS","MALAT1 KO"
811,"Resistant-local","MALAT1_OFF",0,"APOPTOSIS","MALAT1 KO"
101,"Global random","MALAT1_OFF__GSDME_OFF",0.086,"APOPTOSIS","MALAT1 KO + GSDME KO"
204,"Global random","MALAT1_OFF__GSDME_OFF",0.084,"APOPTOSIS","MALAT1 KO + GSDME KO"
307,"Global random","MALAT1_OFF__GSDME_OFF",0.086,"APOPTOSIS","MALAT1 KO + GSDME KO"
509,"Global random","MALAT1_OFF__GSDME_OFF",0.082,"APOPTOSIS","MALAT1 KO + GSDME KO"
811,"Global random","MALAT1_OFF__GSDME_OFF",0.082,"APOPTOSIS","MALAT1 KO + GSDME KO"
101,"Resistant-local","MALAT1_OFF__GSDME_OFF",0.008,"APOPTOSIS","MALAT1 KO + GSDME KO"
204,"Resistant-local","MALAT1_OFF__GSDME_OFF",0.012,"APOPTOSIS","MALAT1 KO + GSDME KO"
307,"Resistant-local","MALAT1_OFF__GSDME_OFF",0.014,"APOPTOSIS","MALAT1 KO + GSDME KO"
509,"Resistant-local","MALAT1_OFF__GSDME_OFF",0.012,"APOPTOSIS","MALAT1 KO + GSDME KO"
811,"Resistant-local","MALAT1_OFF__GSDME_OFF",0.012,"APOPTOSIS","MALAT1 KO + GSDME KO"
101,"Global random","MALAT1_OFF__miR204_OFF",0,"APOPTOSIS","MALAT1 KO + miR-204-5p KO"
204,"Global random","MALAT1_OFF__miR204_OFF",0,"APOPTOSIS","MALAT1 KO + miR-204-5p KO"
307,"Global random","MALAT1_OFF__miR204_OFF",0,"APOPTOSIS","MALAT1 KO + miR-204-5p KO"
509,"Global random","MALAT1_OFF__miR204_OFF",0,"APOPTOSIS","MALAT1 KO + miR-204-5p KO"
811,"Global random","MALAT1_OFF__miR204_OFF",0,"APOPTOSIS","MALAT1 KO + miR-204-5p KO"
101,"Resistant-local","MALAT1_OFF__miR204_OFF",0,"APOPTOSIS","MALAT1 KO + miR-204-5p KO"
204,"Resistant-local","MALAT1_OFF__miR204_OFF",0,"APOPTOSIS","MALAT1 KO + miR-204-5p KO"
307,"Resistant-local","MALAT1_OFF__miR204_OFF",0,"APOPTOSIS","MALAT1 KO + miR-204-5p KO"
509,"Resistant-local","MALAT1_OFF__miR204_OFF",0,"APOPTOSIS","MALAT1 KO + miR-204-5p KO"
811,"Resistant-local","MALAT1_OFF__miR204_OFF",0,"APOPTOSIS","MALAT1 KO + miR-204-5p KO"
101,"Global random","MALAT1_OFF__SIRT1_ON",0,"APOPTOSIS","MALAT1 KO + SIRT1 rescue"
204,"Global random","MALAT1_OFF__SIRT1_ON",0,"APOPTOSIS","MALAT1 KO + SIRT1 rescue"
307,"Global random","MALAT1_OFF__SIRT1_ON",0,"APOPTOSIS","MALAT1 KO + SIRT1 rescue"
509,"Global random","MALAT1_OFF__SIRT1_ON",0,"APOPTOSIS","MALAT1 KO + SIRT1 rescue"
811,"Global random","MALAT1_OFF__SIRT1_ON",0,"APOPTOSIS","MALAT1 KO + SIRT1 rescue"
101,"Resistant-local","MALAT1_OFF__SIRT1_ON",0,"APOPTOSIS","MALAT1 KO + SIRT1 rescue"
204,"Resistant-local","MALAT1_OFF__SIRT1_ON",0,"APOPTOSIS","MALAT1 KO + SIRT1 rescue"
307,"Resistant-local","MALAT1_OFF__SIRT1_ON",0,"APOPTOSIS","MALAT1 KO + SIRT1 rescue"
509,"Resistant-local","MALAT1_OFF__SIRT1_ON",0,"APOPTOSIS","MALAT1 KO + SIRT1 rescue"
811,"Resistant-local","MALAT1_OFF__SIRT1_ON",0,"APOPTOSIS","MALAT1 KO + SIRT1 rescue"
101,"Global random","MALAT1_ON__miR204_OFF__SIRT1_ON",0,"APOPTOSIS","MALAT1 E1 + miR-204-5p KO + SIRT1 E1"
204,"Global random","MALAT1_ON__miR204_OFF__SIRT1_ON",0,"APOPTOSIS","MALAT1 E1 + miR-204-5p KO + SIRT1 E1"
307,"Global random","MALAT1_ON__miR204_OFF__SIRT1_ON",0,"APOPTOSIS","MALAT1 E1 + miR-204-5p KO + SIRT1 E1"
509,"Global random","MALAT1_ON__miR204_OFF__SIRT1_ON",0,"APOPTOSIS","MALAT1 E1 + miR-204-5p KO + SIRT1 E1"
811,"Global random","MALAT1_ON__miR204_OFF__SIRT1_ON",0,"APOPTOSIS","MALAT1 E1 + miR-204-5p KO + SIRT1 E1"
101,"Resistant-local","MALAT1_ON__miR204_OFF__SIRT1_ON",0,"APOPTOSIS","MALAT1 E1 + miR-204-5p KO + SIRT1 E1"
204,"Resistant-local","MALAT1_ON__miR204_OFF__SIRT1_ON",0,"APOPTOSIS","MALAT1 E1 + miR-204-5p KO + SIRT1 E1"
307,"Resistant-local","MALAT1_ON__miR204_OFF__SIRT1_ON",0,"APOPTOSIS","MALAT1 E1 + miR-204-5p KO + SIRT1 E1"
509,"Resistant-local","MALAT1_ON__miR204_OFF__SIRT1_ON",0,"APOPTOSIS","MALAT1 E1 + miR-204-5p KO + SIRT1 E1"
811,"Resistant-local","MALAT1_ON__miR204_OFF__SIRT1_ON",0,"APOPTOSIS","MALAT1 E1 + miR-204-5p KO + SIRT1 E1"
101,"Global random","miR204_OFF",0,"APOPTOSIS","miR-204-5p KO"
204,"Global random","miR204_OFF",0,"APOPTOSIS","miR-204-5p KO"
307,"Global random","miR204_OFF",0,"APOPTOSIS","miR-204-5p KO"
509,"Global random","miR204_OFF",0,"APOPTOSIS","miR-204-5p KO"
811,"Global random","miR204_OFF",0,"APOPTOSIS","miR-204-5p KO"
101,"Resistant-local","miR204_OFF",0,"APOPTOSIS","miR-204-5p KO"
204,"Resistant-local","miR204_OFF",0,"APOPTOSIS","miR-204-5p KO"
307,"Resistant-local","miR204_OFF",0,"APOPTOSIS","miR-204-5p KO"
509,"Resistant-local","miR204_OFF",0,"APOPTOSIS","miR-204-5p KO"
811,"Resistant-local","miR204_OFF",0,"APOPTOSIS","miR-204-5p KO"
101,"Global random","miR204_ON",0,"APOPTOSIS","miR-204-5p E1"
204,"Global random","miR204_ON",0,"APOPTOSIS","miR-204-5p E1"
307,"Global random","miR204_ON",0,"APOPTOSIS","miR-204-5p E1"
509,"Global random","miR204_ON",0,"APOPTOSIS","miR-204-5p E1"
811,"Global random","miR204_ON",0,"APOPTOSIS","miR-204-5p E1"
101,"Resistant-local","miR204_ON",0,"APOPTOSIS","miR-204-5p E1"
204,"Resistant-local","miR204_ON",0,"APOPTOSIS","miR-204-5p E1"
307,"Resistant-local","miR204_ON",0,"APOPTOSIS","miR-204-5p E1"
509,"Resistant-local","miR204_ON",0,"APOPTOSIS","miR-204-5p E1"
811,"Resistant-local","miR204_ON",0,"APOPTOSIS","miR-204-5p E1"
101,"Global random","miR204_ON__CASP3_OFF",0,"APOPTOSIS","miR-204-5p E1 + CASP3 KO"
204,"Global random","miR204_ON__CASP3_OFF",0,"APOPTOSIS","miR-204-5p E1 + CASP3 KO"
307,"Global random","miR204_ON__CASP3_OFF",0,"APOPTOSIS","miR-204-5p E1 + CASP3 KO"
509,"Global random","miR204_ON__CASP3_OFF",0,"APOPTOSIS","miR-204-5p E1 + CASP3 KO"
811,"Global random","miR204_ON__CASP3_OFF",0,"APOPTOSIS","miR-204-5p E1 + CASP3 KO"
101,"Resistant-local","miR204_ON__CASP3_OFF",0,"APOPTOSIS","miR-204-5p E1 + CASP3 KO"
204,"Resistant-local","miR204_ON__CASP3_OFF",0,"APOPTOSIS","miR-204-5p E1 + CASP3 KO"
307,"Resistant-local","miR204_ON__CASP3_OFF",0,"APOPTOSIS","miR-204-5p E1 + CASP3 KO"
509,"Resistant-local","miR204_ON__CASP3_OFF",0,"APOPTOSIS","miR-204-5p E1 + CASP3 KO"
811,"Resistant-local","miR204_ON__CASP3_OFF",0,"APOPTOSIS","miR-204-5p E1 + CASP3 KO"
101,"Global random","miR204_ON__GSDME_OFF",0.528,"APOPTOSIS","miR-204-5p E1 + GSDME KO"
204,"Global random","miR204_ON__GSDME_OFF",0.494,"APOPTOSIS","miR-204-5p E1 + GSDME KO"
307,"Global random","miR204_ON__GSDME_OFF",0.51,"APOPTOSIS","miR-204-5p E1 + GSDME KO"
509,"Global random","miR204_ON__GSDME_OFF",0.538,"APOPTOSIS","miR-204-5p E1 + GSDME KO"
811,"Global random","miR204_ON__GSDME_OFF",0.5,"APOPTOSIS","miR-204-5p E1 + GSDME KO"
101,"Resistant-local","miR204_ON__GSDME_OFF",0.552,"APOPTOSIS","miR-204-5p E1 + GSDME KO"
204,"Resistant-local","miR204_ON__GSDME_OFF",0.546,"APOPTOSIS","miR-204-5p E1 + GSDME KO"
307,"Resistant-local","miR204_ON__GSDME_OFF",0.522,"APOPTOSIS","miR-204-5p E1 + GSDME KO"
509,"Resistant-local","miR204_ON__GSDME_OFF",0.446,"APOPTOSIS","miR-204-5p E1 + GSDME KO"
811,"Resistant-local","miR204_ON__GSDME_OFF",0.496,"APOPTOSIS","miR-204-5p E1 + GSDME KO"
101,"Global random","miR204_ON__SIRT1_ON",0,"APOPTOSIS","miR-204-5p E1 + SIRT1 rescue"
204,"Global random","miR204_ON__SIRT1_ON",0,"APOPTOSIS","miR-204-5p E1 + SIRT1 rescue"
307,"Global random","miR204_ON__SIRT1_ON",0,"APOPTOSIS","miR-204-5p E1 + SIRT1 rescue"
509,"Global random","miR204_ON__SIRT1_ON",0,"APOPTOSIS","miR-204-5p E1 + SIRT1 rescue"
811,"Global random","miR204_ON__SIRT1_ON",0,"APOPTOSIS","miR-204-5p E1 + SIRT1 rescue"
101,"Resistant-local","miR204_ON__SIRT1_ON",0,"APOPTOSIS","miR-204-5p E1 + SIRT1 rescue"
204,"Resistant-local","miR204_ON__SIRT1_ON",0,"APOPTOSIS","miR-204-5p E1 + SIRT1 rescue"
307,"Resistant-local","miR204_ON__SIRT1_ON",0,"APOPTOSIS","miR-204-5p E1 + SIRT1 rescue"
509,"Resistant-local","miR204_ON__SIRT1_ON",0,"APOPTOSIS","miR-204-5p E1 + SIRT1 rescue"
811,"Resistant-local","miR204_ON__SIRT1_ON",0,"APOPTOSIS","miR-204-5p E1 + SIRT1 rescue"
101,"Global random","p53_OFF",0,"APOPTOSIS","Active p53 KO"
204,"Global random","p53_OFF",0,"APOPTOSIS","Active p53 KO"
307,"Global random","p53_OFF",0,"APOPTOSIS","Active p53 KO"
509,"Global random","p53_OFF",0,"APOPTOSIS","Active p53 KO"
811,"Global random","p53_OFF",0,"APOPTOSIS","Active p53 KO"
101,"Resistant-local","p53_OFF",0,"APOPTOSIS","Active p53 KO"
204,"Resistant-local","p53_OFF",0,"APOPTOSIS","Active p53 KO"
307,"Resistant-local","p53_OFF",0,"APOPTOSIS","Active p53 KO"
509,"Resistant-local","p53_OFF",0,"APOPTOSIS","Active p53 KO"
811,"Resistant-local","p53_OFF",0,"APOPTOSIS","Active p53 KO"
101,"Global random","p53_ON",0,"APOPTOSIS","Active p53 E1"
204,"Global random","p53_ON",0,"APOPTOSIS","Active p53 E1"
307,"Global random","p53_ON",0,"APOPTOSIS","Active p53 E1"
509,"Global random","p53_ON",0,"APOPTOSIS","Active p53 E1"
811,"Global random","p53_ON",0,"APOPTOSIS","Active p53 E1"
101,"Resistant-local","p53_ON",0,"APOPTOSIS","Active p53 E1"
204,"Resistant-local","p53_ON",0,"APOPTOSIS","Active p53 E1"
307,"Resistant-local","p53_ON",0,"APOPTOSIS","Active p53 E1"
509,"Resistant-local","p53_ON",0,"APOPTOSIS","Active p53 E1"
811,"Resistant-local","p53_ON",0,"APOPTOSIS","Active p53 E1"
101,"Global random","p53_ON__CASP3_OFF",0,"APOPTOSIS","Active p53 E1 + CASP3 KO"
204,"Global random","p53_ON__CASP3_OFF",0,"APOPTOSIS","Active p53 E1 + CASP3 KO"
307,"Global random","p53_ON__CASP3_OFF",0,"APOPTOSIS","Active p53 E1 + CASP3 KO"
509,"Global random","p53_ON__CASP3_OFF",0,"APOPTOSIS","Active p53 E1 + CASP3 KO"
811,"Global random","p53_ON__CASP3_OFF",0,"APOPTOSIS","Active p53 E1 + CASP3 KO"
101,"Resistant-local","p53_ON__CASP3_OFF",0,"APOPTOSIS","Active p53 E1 + CASP3 KO"
204,"Resistant-local","p53_ON__CASP3_OFF",0,"APOPTOSIS","Active p53 E1 + CASP3 KO"
307,"Resistant-local","p53_ON__CASP3_OFF",0,"APOPTOSIS","Active p53 E1 + CASP3 KO"
509,"Resistant-local","p53_ON__CASP3_OFF",0,"APOPTOSIS","Active p53 E1 + CASP3 KO"
811,"Resistant-local","p53_ON__CASP3_OFF",0,"APOPTOSIS","Active p53 E1 + CASP3 KO"
101,"Global random","p53_ON__miR204_ON__CASP3_OFF__p21_ON",0,"APOPTOSIS","p53 E1 + miR-204-5p E1 + CASP3 KO + p21 E1"
204,"Global random","p53_ON__miR204_ON__CASP3_OFF__p21_ON",0,"APOPTOSIS","p53 E1 + miR-204-5p E1 + CASP3 KO + p21 E1"
307,"Global random","p53_ON__miR204_ON__CASP3_OFF__p21_ON",0,"APOPTOSIS","p53 E1 + miR-204-5p E1 + CASP3 KO + p21 E1"
509,"Global random","p53_ON__miR204_ON__CASP3_OFF__p21_ON",0,"APOPTOSIS","p53 E1 + miR-204-5p E1 + CASP3 KO + p21 E1"
811,"Global random","p53_ON__miR204_ON__CASP3_OFF__p21_ON",0,"APOPTOSIS","p53 E1 + miR-204-5p E1 + CASP3 KO + p21 E1"
101,"Resistant-local","p53_ON__miR204_ON__CASP3_OFF__p21_ON",0,"APOPTOSIS","p53 E1 + miR-204-5p E1 + CASP3 KO + p21 E1"
204,"Resistant-local","p53_ON__miR204_ON__CASP3_OFF__p21_ON",0,"APOPTOSIS","p53 E1 + miR-204-5p E1 + CASP3 KO + p21 E1"
307,"Resistant-local","p53_ON__miR204_ON__CASP3_OFF__p21_ON",0,"APOPTOSIS","p53 E1 + miR-204-5p E1 + CASP3 KO + p21 E1"
509,"Resistant-local","p53_ON__miR204_ON__CASP3_OFF__p21_ON",0,"APOPTOSIS","p53 E1 + miR-204-5p E1 + CASP3 KO + p21 E1"
811,"Resistant-local","p53_ON__miR204_ON__CASP3_OFF__p21_ON",0,"APOPTOSIS","p53 E1 + miR-204-5p E1 + CASP3 KO + p21 E1"
101,"Global random","Reference",0,"APOPTOSIS","Reference: DDR ON, endogenous GSDME"
204,"Global random","Reference",0,"APOPTOSIS","Reference: DDR ON, endogenous GSDME"
307,"Global random","Reference",0,"APOPTOSIS","Reference: DDR ON, endogenous GSDME"
509,"Global random","Reference",0,"APOPTOSIS","Reference: DDR ON, endogenous GSDME"
811,"Global random","Reference",0,"APOPTOSIS","Reference: DDR ON, endogenous GSDME"
101,"Resistant-local","Reference",0,"APOPTOSIS","Reference: DDR ON, endogenous GSDME"
204,"Resistant-local","Reference",0,"APOPTOSIS","Reference: DDR ON, endogenous GSDME"
307,"Resistant-local","Reference",0,"APOPTOSIS","Reference: DDR ON, endogenous GSDME"
509,"Resistant-local","Reference",0,"APOPTOSIS","Reference: DDR ON, endogenous GSDME"
811,"Resistant-local","Reference",0,"APOPTOSIS","Reference: DDR ON, endogenous GSDME"
101,"Global random","SIRT1_OFF",0,"APOPTOSIS","SIRT1 KO"
204,"Global random","SIRT1_OFF",0,"APOPTOSIS","SIRT1 KO"
307,"Global random","SIRT1_OFF",0,"APOPTOSIS","SIRT1 KO"
509,"Global random","SIRT1_OFF",0,"APOPTOSIS","SIRT1 KO"
811,"Global random","SIRT1_OFF",0,"APOPTOSIS","SIRT1 KO"
101,"Resistant-local","SIRT1_OFF",0,"APOPTOSIS","SIRT1 KO"
204,"Resistant-local","SIRT1_OFF",0,"APOPTOSIS","SIRT1 KO"
307,"Resistant-local","SIRT1_OFF",0,"APOPTOSIS","SIRT1 KO"
509,"Resistant-local","SIRT1_OFF",0,"APOPTOSIS","SIRT1 KO"
811,"Resistant-local","SIRT1_OFF",0,"APOPTOSIS","SIRT1 KO"
101,"Global random","SIRT1_OFF__GSDME_OFF",0.932,"APOPTOSIS","SIRT1 KO + GSDME KO"
204,"Global random","SIRT1_OFF__GSDME_OFF",0.892,"APOPTOSIS","SIRT1 KO + GSDME KO"
307,"Global random","SIRT1_OFF__GSDME_OFF",0.926,"APOPTOSIS","SIRT1 KO + GSDME KO"
509,"Global random","SIRT1_OFF__GSDME_OFF",0.912,"APOPTOSIS","SIRT1 KO + GSDME KO"
811,"Global random","SIRT1_OFF__GSDME_OFF",0.898,"APOPTOSIS","SIRT1 KO + GSDME KO"
101,"Resistant-local","SIRT1_OFF__GSDME_OFF",0.968,"APOPTOSIS","SIRT1 KO + GSDME KO"
204,"Resistant-local","SIRT1_OFF__GSDME_OFF",0.96,"APOPTOSIS","SIRT1 KO + GSDME KO"
307,"Resistant-local","SIRT1_OFF__GSDME_OFF",0.976,"APOPTOSIS","SIRT1 KO + GSDME KO"
509,"Resistant-local","SIRT1_OFF__GSDME_OFF",0.968,"APOPTOSIS","SIRT1 KO + GSDME KO"
811,"Resistant-local","SIRT1_OFF__GSDME_OFF",0.966,"APOPTOSIS","SIRT1 KO + GSDME KO"
101,"Global random","SIRT1_OFF__GSDME_OFF__CASP3_ON",1,"APOPTOSIS","SIRT1 KO + GSDME KO + CASP3 E1"
204,"Global random","SIRT1_OFF__GSDME_OFF__CASP3_ON",1,"APOPTOSIS","SIRT1 KO + GSDME KO + CASP3 E1"
307,"Global random","SIRT1_OFF__GSDME_OFF__CASP3_ON",1,"APOPTOSIS","SIRT1 KO + GSDME KO + CASP3 E1"
509,"Global random","SIRT1_OFF__GSDME_OFF__CASP3_ON",0.998,"APOPTOSIS","SIRT1 KO + GSDME KO + CASP3 E1"
811,"Global random","SIRT1_OFF__GSDME_OFF__CASP3_ON",1,"APOPTOSIS","SIRT1 KO + GSDME KO + CASP3 E1"
101,"Resistant-local","SIRT1_OFF__GSDME_OFF__CASP3_ON",1,"APOPTOSIS","SIRT1 KO + GSDME KO + CASP3 E1"
204,"Resistant-local","SIRT1_OFF__GSDME_OFF__CASP3_ON",1,"APOPTOSIS","SIRT1 KO + GSDME KO + CASP3 E1"
307,"Resistant-local","SIRT1_OFF__GSDME_OFF__CASP3_ON",1,"APOPTOSIS","SIRT1 KO + GSDME KO + CASP3 E1"
509,"Resistant-local","SIRT1_OFF__GSDME_OFF__CASP3_ON",1,"APOPTOSIS","SIRT1 KO + GSDME KO + CASP3 E1"
811,"Resistant-local","SIRT1_OFF__GSDME_OFF__CASP3_ON",1,"APOPTOSIS","SIRT1 KO + GSDME KO + CASP3 E1"
101,"Global random","SIRT1_OFF__p53_OFF",0,"APOPTOSIS","SIRT1 KO + active p53 KO"
204,"Global random","SIRT1_OFF__p53_OFF",0,"APOPTOSIS","SIRT1 KO + active p53 KO"
307,"Global random","SIRT1_OFF__p53_OFF",0,"APOPTOSIS","SIRT1 KO + active p53 KO"
509,"Global random","SIRT1_OFF__p53_OFF",0,"APOPTOSIS","SIRT1 KO + active p53 KO"
811,"Global random","SIRT1_OFF__p53_OFF",0,"APOPTOSIS","SIRT1 KO + active p53 KO"
101,"Resistant-local","SIRT1_OFF__p53_OFF",0,"APOPTOSIS","SIRT1 KO + active p53 KO"
204,"Resistant-local","SIRT1_OFF__p53_OFF",0,"APOPTOSIS","SIRT1 KO + active p53 KO"
307,"Resistant-local","SIRT1_OFF__p53_OFF",0,"APOPTOSIS","SIRT1 KO + active p53 KO"
509,"Resistant-local","SIRT1_OFF__p53_OFF",0,"APOPTOSIS","SIRT1 KO + active p53 KO"
811,"Resistant-local","SIRT1_OFF__p53_OFF",0,"APOPTOSIS","SIRT1 KO + active p53 KO"
101,"Global random","SIRT1_ON",0,"APOPTOSIS","SIRT1 E1"
204,"Global random","SIRT1_ON",0,"APOPTOSIS","SIRT1 E1"
307,"Global random","SIRT1_ON",0,"APOPTOSIS","SIRT1 E1"
509,"Global random","SIRT1_ON",0,"APOPTOSIS","SIRT1 E1"
811,"Global random","SIRT1_ON",0,"APOPTOSIS","SIRT1 E1"
101,"Resistant-local","SIRT1_ON",0,"APOPTOSIS","SIRT1 E1"
204,"Resistant-local","SIRT1_ON",0,"APOPTOSIS","SIRT1 E1"
307,"Resistant-local","SIRT1_ON",0,"APOPTOSIS","SIRT1 E1"
509,"Resistant-local","SIRT1_ON",0,"APOPTOSIS","SIRT1 E1"
811,"Resistant-local","SIRT1_ON",0,"APOPTOSIS","SIRT1 E1"
101,"Global random","BAX_ON",0.938,"RESISTANCE","BAX E1"
204,"Global random","BAX_ON",0.906,"RESISTANCE","BAX E1"
307,"Global random","BAX_ON",0.922,"RESISTANCE","BAX E1"
509,"Global random","BAX_ON",0.914,"RESISTANCE","BAX E1"
811,"Global random","BAX_ON",0.91,"RESISTANCE","BAX E1"
101,"Resistant-local","BAX_ON",0.992,"RESISTANCE","BAX E1"
204,"Resistant-local","BAX_ON",0.994,"RESISTANCE","BAX E1"
307,"Resistant-local","BAX_ON",0.998,"RESISTANCE","BAX E1"
509,"Resistant-local","BAX_ON",0.99,"RESISTANCE","BAX E1"
811,"Resistant-local","BAX_ON",0.996,"RESISTANCE","BAX E1"
101,"Global random","BAX_ON__GSDME_OFF",0.918,"RESISTANCE","BAX E1 + GSDME KO"
204,"Global random","BAX_ON__GSDME_OFF",0.892,"RESISTANCE","BAX E1 + GSDME KO"
307,"Global random","BAX_ON__GSDME_OFF",0.926,"RESISTANCE","BAX E1 + GSDME KO"
509,"Global random","BAX_ON__GSDME_OFF",0.916,"RESISTANCE","BAX E1 + GSDME KO"
811,"Global random","BAX_ON__GSDME_OFF",0.902,"RESISTANCE","BAX E1 + GSDME KO"
101,"Resistant-local","BAX_ON__GSDME_OFF",0.994,"RESISTANCE","BAX E1 + GSDME KO"
204,"Resistant-local","BAX_ON__GSDME_OFF",0.996,"RESISTANCE","BAX E1 + GSDME KO"
307,"Resistant-local","BAX_ON__GSDME_OFF",0.998,"RESISTANCE","BAX E1 + GSDME KO"
509,"Resistant-local","BAX_ON__GSDME_OFF",0.986,"RESISTANCE","BAX E1 + GSDME KO"
811,"Resistant-local","BAX_ON__GSDME_OFF",0.996,"RESISTANCE","BAX E1 + GSDME KO"
101,"Global random","CASP3_OFF",0.92,"RESISTANCE","CASP3 KO"
204,"Global random","CASP3_OFF",0.904,"RESISTANCE","CASP3 KO"
307,"Global random","CASP3_OFF",0.92,"RESISTANCE","CASP3 KO"
509,"Global random","CASP3_OFF",0.93,"RESISTANCE","CASP3 KO"
811,"Global random","CASP3_OFF",0.906,"RESISTANCE","CASP3 KO"
101,"Resistant-local","CASP3_OFF",0.994,"RESISTANCE","CASP3 KO"
204,"Resistant-local","CASP3_OFF",0.996,"RESISTANCE","CASP3 KO"
307,"Resistant-local","CASP3_OFF",0.998,"RESISTANCE","CASP3 KO"
509,"Resistant-local","CASP3_OFF",0.996,"RESISTANCE","CASP3 KO"
811,"Resistant-local","CASP3_OFF",0.992,"RESISTANCE","CASP3 KO"
101,"Global random","CASP3_ON",0.934,"RESISTANCE","CASP3 E1"
204,"Global random","CASP3_ON",0.916,"RESISTANCE","CASP3 E1"
307,"Global random","CASP3_ON",0.928,"RESISTANCE","CASP3 E1"
509,"Global random","CASP3_ON",0.922,"RESISTANCE","CASP3 E1"
811,"Global random","CASP3_ON",0.902,"RESISTANCE","CASP3 E1"
101,"Resistant-local","CASP3_ON",0.998,"RESISTANCE","CASP3 E1"
204,"Resistant-local","CASP3_ON",1,"RESISTANCE","CASP3 E1"
307,"Resistant-local","CASP3_ON",0.992,"RESISTANCE","CASP3 E1"
509,"Resistant-local","CASP3_ON",0.994,"RESISTANCE","CASP3 E1"
811,"Resistant-local","CASP3_ON",0.996,"RESISTANCE","CASP3 E1"
101,"Global random","CASP3_ON__GSDME_OFF",0.916,"RESISTANCE","GSDME KO + CASP3 E1"
204,"Global random","CASP3_ON__GSDME_OFF",0.914,"RESISTANCE","GSDME KO + CASP3 E1"
307,"Global random","CASP3_ON__GSDME_OFF",0.918,"RESISTANCE","GSDME KO + CASP3 E1"
509,"Global random","CASP3_ON__GSDME_OFF",0.898,"RESISTANCE","GSDME KO + CASP3 E1"
811,"Global random","CASP3_ON__GSDME_OFF",0.918,"RESISTANCE","GSDME KO + CASP3 E1"
101,"Resistant-local","CASP3_ON__GSDME_OFF",0.996,"RESISTANCE","GSDME KO + CASP3 E1"
204,"Resistant-local","CASP3_ON__GSDME_OFF",0.998,"RESISTANCE","GSDME KO + CASP3 E1"
307,"Resistant-local","CASP3_ON__GSDME_OFF",0.998,"RESISTANCE","GSDME KO + CASP3 E1"
509,"Resistant-local","CASP3_ON__GSDME_OFF",0.988,"RESISTANCE","GSDME KO + CASP3 E1"
811,"Resistant-local","CASP3_ON__GSDME_OFF",1,"RESISTANCE","GSDME KO + CASP3 E1"
101,"Global random","GSDME_OFF",0.924,"RESISTANCE","GSDME KO"
204,"Global random","GSDME_OFF",0.904,"RESISTANCE","GSDME KO"
307,"Global random","GSDME_OFF",0.916,"RESISTANCE","GSDME KO"
509,"Global random","GSDME_OFF",0.906,"RESISTANCE","GSDME KO"
811,"Global random","GSDME_OFF",0.904,"RESISTANCE","GSDME KO"
101,"Resistant-local","GSDME_OFF",0.994,"RESISTANCE","GSDME KO"
204,"Resistant-local","GSDME_OFF",0.996,"RESISTANCE","GSDME KO"
307,"Resistant-local","GSDME_OFF",0.996,"RESISTANCE","GSDME KO"
509,"Resistant-local","GSDME_OFF",0.988,"RESISTANCE","GSDME KO"
811,"Resistant-local","GSDME_OFF",0.992,"RESISTANCE","GSDME KO"
101,"Global random","GSDME_ON",0.924,"RESISTANCE","GSDME E1 (Boolean DFNA5 ON)"
204,"Global random","GSDME_ON",0.894,"RESISTANCE","GSDME E1 (Boolean DFNA5 ON)"
307,"Global random","GSDME_ON",0.922,"RESISTANCE","GSDME E1 (Boolean DFNA5 ON)"
509,"Global random","GSDME_ON",0.926,"RESISTANCE","GSDME E1 (Boolean DFNA5 ON)"
811,"Global random","GSDME_ON",0.894,"RESISTANCE","GSDME E1 (Boolean DFNA5 ON)"
101,"Resistant-local","GSDME_ON",0.996,"RESISTANCE","GSDME E1 (Boolean DFNA5 ON)"
204,"Resistant-local","GSDME_ON",0.998,"RESISTANCE","GSDME E1 (Boolean DFNA5 ON)"
307,"Resistant-local","GSDME_ON",0.998,"RESISTANCE","GSDME E1 (Boolean DFNA5 ON)"
509,"Resistant-local","GSDME_ON",0.984,"RESISTANCE","GSDME E1 (Boolean DFNA5 ON)"
811,"Resistant-local","GSDME_ON",0.996,"RESISTANCE","GSDME E1 (Boolean DFNA5 ON)"
101,"Global random","GSDME_ON__CASP3_ON",0.924,"RESISTANCE","GSDME E1 + CASP3 E1"
204,"Global random","GSDME_ON__CASP3_ON",0.916,"RESISTANCE","GSDME E1 + CASP3 E1"
307,"Global random","GSDME_ON__CASP3_ON",0.934,"RESISTANCE","GSDME E1 + CASP3 E1"
509,"Global random","GSDME_ON__CASP3_ON",0.912,"RESISTANCE","GSDME E1 + CASP3 E1"
811,"Global random","GSDME_ON__CASP3_ON",0.918,"RESISTANCE","GSDME E1 + CASP3 E1"
101,"Resistant-local","GSDME_ON__CASP3_ON",0.996,"RESISTANCE","GSDME E1 + CASP3 E1"
204,"Resistant-local","GSDME_ON__CASP3_ON",0.998,"RESISTANCE","GSDME E1 + CASP3 E1"
307,"Resistant-local","GSDME_ON__CASP3_ON",0.998,"RESISTANCE","GSDME E1 + CASP3 E1"
509,"Resistant-local","GSDME_ON__CASP3_ON",0.988,"RESISTANCE","GSDME E1 + CASP3 E1"
811,"Resistant-local","GSDME_ON__CASP3_ON",0.998,"RESISTANCE","GSDME E1 + CASP3 E1"
101,"Global random","MALAT1_OFF",0.866,"RESISTANCE","MALAT1 KO"
204,"Global random","MALAT1_OFF",0.848,"RESISTANCE","MALAT1 KO"
307,"Global random","MALAT1_OFF",0.86,"RESISTANCE","MALAT1 KO"
509,"Global random","MALAT1_OFF",0.854,"RESISTANCE","MALAT1 KO"
811,"Global random","MALAT1_OFF",0.846,"RESISTANCE","MALAT1 KO"
101,"Resistant-local","MALAT1_OFF",0.984,"RESISTANCE","MALAT1 KO"
204,"Resistant-local","MALAT1_OFF",0.982,"RESISTANCE","MALAT1 KO"
307,"Resistant-local","MALAT1_OFF",0.976,"RESISTANCE","MALAT1 KO"
509,"Resistant-local","MALAT1_OFF",0.968,"RESISTANCE","MALAT1 KO"
811,"Resistant-local","MALAT1_OFF",0.984,"RESISTANCE","MALAT1 KO"
101,"Global random","MALAT1_OFF__GSDME_OFF",0.848,"RESISTANCE","MALAT1 KO + GSDME KO"
204,"Global random","MALAT1_OFF__GSDME_OFF",0.83,"RESISTANCE","MALAT1 KO + GSDME KO"
307,"Global random","MALAT1_OFF__GSDME_OFF",0.86,"RESISTANCE","MALAT1 KO + GSDME KO"
509,"Global random","MALAT1_OFF__GSDME_OFF",0.854,"RESISTANCE","MALAT1 KO + GSDME KO"
811,"Global random","MALAT1_OFF__GSDME_OFF",0.842,"RESISTANCE","MALAT1 KO + GSDME KO"
101,"Resistant-local","MALAT1_OFF__GSDME_OFF",0.984,"RESISTANCE","MALAT1 KO + GSDME KO"
204,"Resistant-local","MALAT1_OFF__GSDME_OFF",0.978,"RESISTANCE","MALAT1 KO + GSDME KO"
307,"Resistant-local","MALAT1_OFF__GSDME_OFF",0.976,"RESISTANCE","MALAT1 KO + GSDME KO"
509,"Resistant-local","MALAT1_OFF__GSDME_OFF",0.97,"RESISTANCE","MALAT1 KO + GSDME KO"
811,"Resistant-local","MALAT1_OFF__GSDME_OFF",0.982,"RESISTANCE","MALAT1 KO + GSDME KO"
101,"Global random","MALAT1_OFF__miR204_OFF",1,"RESISTANCE","MALAT1 KO + miR-204-5p KO"
204,"Global random","MALAT1_OFF__miR204_OFF",1,"RESISTANCE","MALAT1 KO + miR-204-5p KO"
307,"Global random","MALAT1_OFF__miR204_OFF",1,"RESISTANCE","MALAT1 KO + miR-204-5p KO"
509,"Global random","MALAT1_OFF__miR204_OFF",1,"RESISTANCE","MALAT1 KO + miR-204-5p KO"
811,"Global random","MALAT1_OFF__miR204_OFF",1,"RESISTANCE","MALAT1 KO + miR-204-5p KO"
101,"Resistant-local","MALAT1_OFF__miR204_OFF",1,"RESISTANCE","MALAT1 KO + miR-204-5p KO"
204,"Resistant-local","MALAT1_OFF__miR204_OFF",1,"RESISTANCE","MALAT1 KO + miR-204-5p KO"
307,"Resistant-local","MALAT1_OFF__miR204_OFF",1,"RESISTANCE","MALAT1 KO + miR-204-5p KO"
509,"Resistant-local","MALAT1_OFF__miR204_OFF",1,"RESISTANCE","MALAT1 KO + miR-204-5p KO"
811,"Resistant-local","MALAT1_OFF__miR204_OFF",1,"RESISTANCE","MALAT1 KO + miR-204-5p KO"
101,"Global random","MALAT1_OFF__SIRT1_ON",1,"RESISTANCE","MALAT1 KO + SIRT1 rescue"
204,"Global random","MALAT1_OFF__SIRT1_ON",1,"RESISTANCE","MALAT1 KO + SIRT1 rescue"
307,"Global random","MALAT1_OFF__SIRT1_ON",1,"RESISTANCE","MALAT1 KO + SIRT1 rescue"
509,"Global random","MALAT1_OFF__SIRT1_ON",1,"RESISTANCE","MALAT1 KO + SIRT1 rescue"
811,"Global random","MALAT1_OFF__SIRT1_ON",1,"RESISTANCE","MALAT1 KO + SIRT1 rescue"
101,"Resistant-local","MALAT1_OFF__SIRT1_ON",1,"RESISTANCE","MALAT1 KO + SIRT1 rescue"
204,"Resistant-local","MALAT1_OFF__SIRT1_ON",1,"RESISTANCE","MALAT1 KO + SIRT1 rescue"
307,"Resistant-local","MALAT1_OFF__SIRT1_ON",1,"RESISTANCE","MALAT1 KO + SIRT1 rescue"
509,"Resistant-local","MALAT1_OFF__SIRT1_ON",1,"RESISTANCE","MALAT1 KO + SIRT1 rescue"
811,"Resistant-local","MALAT1_OFF__SIRT1_ON",1,"RESISTANCE","MALAT1 KO + SIRT1 rescue"
101,"Global random","MALAT1_ON__miR204_OFF__SIRT1_ON",1,"RESISTANCE","MALAT1 E1 + miR-204-5p KO + SIRT1 E1"
204,"Global random","MALAT1_ON__miR204_OFF__SIRT1_ON",1,"RESISTANCE","MALAT1 E1 + miR-204-5p KO + SIRT1 E1"
307,"Global random","MALAT1_ON__miR204_OFF__SIRT1_ON",1,"RESISTANCE","MALAT1 E1 + miR-204-5p KO + SIRT1 E1"
509,"Global random","MALAT1_ON__miR204_OFF__SIRT1_ON",1,"RESISTANCE","MALAT1 E1 + miR-204-5p KO + SIRT1 E1"
811,"Global random","MALAT1_ON__miR204_OFF__SIRT1_ON",1,"RESISTANCE","MALAT1 E1 + miR-204-5p KO + SIRT1 E1"
101,"Resistant-local","MALAT1_ON__miR204_OFF__SIRT1_ON",1,"RESISTANCE","MALAT1 E1 + miR-204-5p KO + SIRT1 E1"
204,"Resistant-local","MALAT1_ON__miR204_OFF__SIRT1_ON",1,"RESISTANCE","MALAT1 E1 + miR-204-5p KO + SIRT1 E1"
307,"Resistant-local","MALAT1_ON__miR204_OFF__SIRT1_ON",1,"RESISTANCE","MALAT1 E1 + miR-204-5p KO + SIRT1 E1"
509,"Resistant-local","MALAT1_ON__miR204_OFF__SIRT1_ON",1,"RESISTANCE","MALAT1 E1 + miR-204-5p KO + SIRT1 E1"
811,"Resistant-local","MALAT1_ON__miR204_OFF__SIRT1_ON",1,"RESISTANCE","MALAT1 E1 + miR-204-5p KO + SIRT1 E1"
101,"Global random","miR204_OFF",1,"RESISTANCE","miR-204-5p KO"
204,"Global random","miR204_OFF",1,"RESISTANCE","miR-204-5p KO"
307,"Global random","miR204_OFF",1,"RESISTANCE","miR-204-5p KO"
509,"Global random","miR204_OFF",1,"RESISTANCE","miR-204-5p KO"
811,"Global random","miR204_OFF",1,"RESISTANCE","miR-204-5p KO"
101,"Resistant-local","miR204_OFF",1,"RESISTANCE","miR-204-5p KO"
204,"Resistant-local","miR204_OFF",1,"RESISTANCE","miR-204-5p KO"
307,"Resistant-local","miR204_OFF",1,"RESISTANCE","miR-204-5p KO"
509,"Resistant-local","miR204_OFF",1,"RESISTANCE","miR-204-5p KO"
811,"Resistant-local","miR204_OFF",1,"RESISTANCE","miR-204-5p KO"
101,"Global random","miR204_ON",0,"RESISTANCE","miR-204-5p E1"
204,"Global random","miR204_ON",0,"RESISTANCE","miR-204-5p E1"
307,"Global random","miR204_ON",0,"RESISTANCE","miR-204-5p E1"
509,"Global random","miR204_ON",0,"RESISTANCE","miR-204-5p E1"
811,"Global random","miR204_ON",0,"RESISTANCE","miR-204-5p E1"
101,"Resistant-local","miR204_ON",0,"RESISTANCE","miR-204-5p E1"
204,"Resistant-local","miR204_ON",0,"RESISTANCE","miR-204-5p E1"
307,"Resistant-local","miR204_ON",0,"RESISTANCE","miR-204-5p E1"
509,"Resistant-local","miR204_ON",0,"RESISTANCE","miR-204-5p E1"
811,"Resistant-local","miR204_ON",0,"RESISTANCE","miR-204-5p E1"
101,"Global random","miR204_ON__CASP3_OFF",0,"RESISTANCE","miR-204-5p E1 + CASP3 KO"
204,"Global random","miR204_ON__CASP3_OFF",0,"RESISTANCE","miR-204-5p E1 + CASP3 KO"
307,"Global random","miR204_ON__CASP3_OFF",0,"RESISTANCE","miR-204-5p E1 + CASP3 KO"
509,"Global random","miR204_ON__CASP3_OFF",0,"RESISTANCE","miR-204-5p E1 + CASP3 KO"
811,"Global random","miR204_ON__CASP3_OFF",0,"RESISTANCE","miR-204-5p E1 + CASP3 KO"
101,"Resistant-local","miR204_ON__CASP3_OFF",0,"RESISTANCE","miR-204-5p E1 + CASP3 KO"
204,"Resistant-local","miR204_ON__CASP3_OFF",0,"RESISTANCE","miR-204-5p E1 + CASP3 KO"
307,"Resistant-local","miR204_ON__CASP3_OFF",0,"RESISTANCE","miR-204-5p E1 + CASP3 KO"
509,"Resistant-local","miR204_ON__CASP3_OFF",0,"RESISTANCE","miR-204-5p E1 + CASP3 KO"
811,"Resistant-local","miR204_ON__CASP3_OFF",0,"RESISTANCE","miR-204-5p E1 + CASP3 KO"
101,"Global random","miR204_ON__GSDME_OFF",0,"RESISTANCE","miR-204-5p E1 + GSDME KO"
204,"Global random","miR204_ON__GSDME_OFF",0,"RESISTANCE","miR-204-5p E1 + GSDME KO"
307,"Global random","miR204_ON__GSDME_OFF",0,"RESISTANCE","miR-204-5p E1 + GSDME KO"
509,"Global random","miR204_ON__GSDME_OFF",0,"RESISTANCE","miR-204-5p E1 + GSDME KO"
811,"Global random","miR204_ON__GSDME_OFF",0,"RESISTANCE","miR-204-5p E1 + GSDME KO"
101,"Resistant-local","miR204_ON__GSDME_OFF",0,"RESISTANCE","miR-204-5p E1 + GSDME KO"
204,"Resistant-local","miR204_ON__GSDME_OFF",0,"RESISTANCE","miR-204-5p E1 + GSDME KO"
307,"Resistant-local","miR204_ON__GSDME_OFF",0,"RESISTANCE","miR-204-5p E1 + GSDME KO"
509,"Resistant-local","miR204_ON__GSDME_OFF",0,"RESISTANCE","miR-204-5p E1 + GSDME KO"
811,"Resistant-local","miR204_ON__GSDME_OFF",0,"RESISTANCE","miR-204-5p E1 + GSDME KO"
101,"Global random","miR204_ON__SIRT1_ON",0,"RESISTANCE","miR-204-5p E1 + SIRT1 rescue"
204,"Global random","miR204_ON__SIRT1_ON",0,"RESISTANCE","miR-204-5p E1 + SIRT1 rescue"
307,"Global random","miR204_ON__SIRT1_ON",0,"RESISTANCE","miR-204-5p E1 + SIRT1 rescue"
509,"Global random","miR204_ON__SIRT1_ON",0,"RESISTANCE","miR-204-5p E1 + SIRT1 rescue"
811,"Global random","miR204_ON__SIRT1_ON",0,"RESISTANCE","miR-204-5p E1 + SIRT1 rescue"
101,"Resistant-local","miR204_ON__SIRT1_ON",0,"RESISTANCE","miR-204-5p E1 + SIRT1 rescue"
204,"Resistant-local","miR204_ON__SIRT1_ON",0,"RESISTANCE","miR-204-5p E1 + SIRT1 rescue"
307,"Resistant-local","miR204_ON__SIRT1_ON",0,"RESISTANCE","miR-204-5p E1 + SIRT1 rescue"
509,"Resistant-local","miR204_ON__SIRT1_ON",0,"RESISTANCE","miR-204-5p E1 + SIRT1 rescue"
811,"Resistant-local","miR204_ON__SIRT1_ON",0,"RESISTANCE","miR-204-5p E1 + SIRT1 rescue"
101,"Global random","p53_OFF",1,"RESISTANCE","Active p53 KO"
204,"Global random","p53_OFF",1,"RESISTANCE","Active p53 KO"
307,"Global random","p53_OFF",1,"RESISTANCE","Active p53 KO"
509,"Global random","p53_OFF",1,"RESISTANCE","Active p53 KO"
811,"Global random","p53_OFF",1,"RESISTANCE","Active p53 KO"
101,"Resistant-local","p53_OFF",1,"RESISTANCE","Active p53 KO"
204,"Resistant-local","p53_OFF",1,"RESISTANCE","Active p53 KO"
307,"Resistant-local","p53_OFF",1,"RESISTANCE","Active p53 KO"
509,"Resistant-local","p53_OFF",1,"RESISTANCE","Active p53 KO"
811,"Resistant-local","p53_OFF",1,"RESISTANCE","Active p53 KO"
101,"Global random","p53_ON",0.572,"RESISTANCE","Active p53 E1"
204,"Global random","p53_ON",0.582,"RESISTANCE","Active p53 E1"
307,"Global random","p53_ON",0.612,"RESISTANCE","Active p53 E1"
509,"Global random","p53_ON",0.57,"RESISTANCE","Active p53 E1"
811,"Global random","p53_ON",0.604,"RESISTANCE","Active p53 E1"
101,"Resistant-local","p53_ON",0.962,"RESISTANCE","Active p53 E1"
204,"Resistant-local","p53_ON",0.952,"RESISTANCE","Active p53 E1"
307,"Resistant-local","p53_ON",0.942,"RESISTANCE","Active p53 E1"
509,"Resistant-local","p53_ON",0.958,"RESISTANCE","Active p53 E1"
811,"Resistant-local","p53_ON",0.95,"RESISTANCE","Active p53 E1"
101,"Global random","p53_ON__CASP3_OFF",0.558,"RESISTANCE","Active p53 E1 + CASP3 KO"
204,"Global random","p53_ON__CASP3_OFF",0.572,"RESISTANCE","Active p53 E1 + CASP3 KO"
307,"Global random","p53_ON__CASP3_OFF",0.624,"RESISTANCE","Active p53 E1 + CASP3 KO"
509,"Global random","p53_ON__CASP3_OFF",0.57,"RESISTANCE","Active p53 E1 + CASP3 KO"
811,"Global random","p53_ON__CASP3_OFF",0.596,"RESISTANCE","Active p53 E1 + CASP3 KO"
101,"Resistant-local","p53_ON__CASP3_OFF",0.95,"RESISTANCE","Active p53 E1 + CASP3 KO"
204,"Resistant-local","p53_ON__CASP3_OFF",0.958,"RESISTANCE","Active p53 E1 + CASP3 KO"
307,"Resistant-local","p53_ON__CASP3_OFF",0.934,"RESISTANCE","Active p53 E1 + CASP3 KO"
509,"Resistant-local","p53_ON__CASP3_OFF",0.954,"RESISTANCE","Active p53 E1 + CASP3 KO"
811,"Resistant-local","p53_ON__CASP3_OFF",0.942,"RESISTANCE","Active p53 E1 + CASP3 KO"
101,"Global random","p53_ON__miR204_ON__CASP3_OFF__p21_ON",0,"RESISTANCE","p53 E1 + miR-204-5p E1 + CASP3 KO + p21 E1"
204,"Global random","p53_ON__miR204_ON__CASP3_OFF__p21_ON",0,"RESISTANCE","p53 E1 + miR-204-5p E1 + CASP3 KO + p21 E1"
307,"Global random","p53_ON__miR204_ON__CASP3_OFF__p21_ON",0,"RESISTANCE","p53 E1 + miR-204-5p E1 + CASP3 KO + p21 E1"
509,"Global random","p53_ON__miR204_ON__CASP3_OFF__p21_ON",0,"RESISTANCE","p53 E1 + miR-204-5p E1 + CASP3 KO + p21 E1"
811,"Global random","p53_ON__miR204_ON__CASP3_OFF__p21_ON",0,"RESISTANCE","p53 E1 + miR-204-5p E1 + CASP3 KO + p21 E1"
101,"Resistant-local","p53_ON__miR204_ON__CASP3_OFF__p21_ON",0,"RESISTANCE","p53 E1 + miR-204-5p E1 + CASP3 KO + p21 E1"
204,"Resistant-local","p53_ON__miR204_ON__CASP3_OFF__p21_ON",0,"RESISTANCE","p53 E1 + miR-204-5p E1 + CASP3 KO + p21 E1"
307,"Resistant-local","p53_ON__miR204_ON__CASP3_OFF__p21_ON",0,"RESISTANCE","p53 E1 + miR-204-5p E1 + CASP3 KO + p21 E1"
509,"Resistant-local","p53_ON__miR204_ON__CASP3_OFF__p21_ON",0,"RESISTANCE","p53 E1 + miR-204-5p E1 + CASP3 KO + p21 E1"
811,"Resistant-local","p53_ON__miR204_ON__CASP3_OFF__p21_ON",0,"RESISTANCE","p53 E1 + miR-204-5p E1 + CASP3 KO + p21 E1"
101,"Global random","Reference",0.926,"RESISTANCE","Reference: DDR ON, endogenous GSDME"
204,"Global random","Reference",0.908,"RESISTANCE","Reference: DDR ON, endogenous GSDME"
307,"Global random","Reference",0.91,"RESISTANCE","Reference: DDR ON, endogenous GSDME"
509,"Global random","Reference",0.92,"RESISTANCE","Reference: DDR ON, endogenous GSDME"
811,"Global random","Reference",0.886,"RESISTANCE","Reference: DDR ON, endogenous GSDME"
101,"Resistant-local","Reference",0.994,"RESISTANCE","Reference: DDR ON, endogenous GSDME"
204,"Resistant-local","Reference",0.998,"RESISTANCE","Reference: DDR ON, endogenous GSDME"
307,"Resistant-local","Reference",0.998,"RESISTANCE","Reference: DDR ON, endogenous GSDME"
509,"Resistant-local","Reference",0.992,"RESISTANCE","Reference: DDR ON, endogenous GSDME"
811,"Resistant-local","Reference",0.994,"RESISTANCE","Reference: DDR ON, endogenous GSDME"
101,"Global random","SIRT1_OFF",0,"RESISTANCE","SIRT1 KO"
204,"Global random","SIRT1_OFF",0,"RESISTANCE","SIRT1 KO"
307,"Global random","SIRT1_OFF",0,"RESISTANCE","SIRT1 KO"
509,"Global random","SIRT1_OFF",0,"RESISTANCE","SIRT1 KO"
811,"Global random","SIRT1_OFF",0,"RESISTANCE","SIRT1 KO"
101,"Resistant-local","SIRT1_OFF",0,"RESISTANCE","SIRT1 KO"
204,"Resistant-local","SIRT1_OFF",0,"RESISTANCE","SIRT1 KO"
307,"Resistant-local","SIRT1_OFF",0,"RESISTANCE","SIRT1 KO"
509,"Resistant-local","SIRT1_OFF",0,"RESISTANCE","SIRT1 KO"
811,"Resistant-local","SIRT1_OFF",0,"RESISTANCE","SIRT1 KO"
101,"Global random","SIRT1_OFF__GSDME_OFF",0,"RESISTANCE","SIRT1 KO + GSDME KO"
204,"Global random","SIRT1_OFF__GSDME_OFF",0,"RESISTANCE","SIRT1 KO + GSDME KO"
307,"Global random","SIRT1_OFF__GSDME_OFF",0,"RESISTANCE","SIRT1 KO + GSDME KO"
509,"Global random","SIRT1_OFF__GSDME_OFF",0,"RESISTANCE","SIRT1 KO + GSDME KO"
811,"Global random","SIRT1_OFF__GSDME_OFF",0,"RESISTANCE","SIRT1 KO + GSDME KO"
101,"Resistant-local","SIRT1_OFF__GSDME_OFF",0,"RESISTANCE","SIRT1 KO + GSDME KO"
204,"Resistant-local","SIRT1_OFF__GSDME_OFF",0,"RESISTANCE","SIRT1 KO + GSDME KO"
307,"Resistant-local","SIRT1_OFF__GSDME_OFF",0,"RESISTANCE","SIRT1 KO + GSDME KO"
509,"Resistant-local","SIRT1_OFF__GSDME_OFF",0,"RESISTANCE","SIRT1 KO + GSDME KO"
811,"Resistant-local","SIRT1_OFF__GSDME_OFF",0,"RESISTANCE","SIRT1 KO + GSDME KO"
101,"Global random","SIRT1_OFF__GSDME_OFF__CASP3_ON",0,"RESISTANCE","SIRT1 KO + GSDME KO + CASP3 E1"
204,"Global random","SIRT1_OFF__GSDME_OFF__CASP3_ON",0,"RESISTANCE","SIRT1 KO + GSDME KO + CASP3 E1"
307,"Global random","SIRT1_OFF__GSDME_OFF__CASP3_ON",0,"RESISTANCE","SIRT1 KO + GSDME KO + CASP3 E1"
509,"Global random","SIRT1_OFF__GSDME_OFF__CASP3_ON",0,"RESISTANCE","SIRT1 KO + GSDME KO + CASP3 E1"
811,"Global random","SIRT1_OFF__GSDME_OFF__CASP3_ON",0,"RESISTANCE","SIRT1 KO + GSDME KO + CASP3 E1"
101,"Resistant-local","SIRT1_OFF__GSDME_OFF__CASP3_ON",0,"RESISTANCE","SIRT1 KO + GSDME KO + CASP3 E1"
204,"Resistant-local","SIRT1_OFF__GSDME_OFF__CASP3_ON",0,"RESISTANCE","SIRT1 KO + GSDME KO + CASP3 E1"
307,"Resistant-local","SIRT1_OFF__GSDME_OFF__CASP3_ON",0,"RESISTANCE","SIRT1 KO + GSDME KO + CASP3 E1"
509,"Resistant-local","SIRT1_OFF__GSDME_OFF__CASP3_ON",0,"RESISTANCE","SIRT1 KO + GSDME KO + CASP3 E1"
811,"Resistant-local","SIRT1_OFF__GSDME_OFF__CASP3_ON",0,"RESISTANCE","SIRT1 KO + GSDME KO + CASP3 E1"
101,"Global random","SIRT1_OFF__p53_OFF",1,"RESISTANCE","SIRT1 KO + active p53 KO"
204,"Global random","SIRT1_OFF__p53_OFF",1,"RESISTANCE","SIRT1 KO + active p53 KO"
307,"Global random","SIRT1_OFF__p53_OFF",1,"RESISTANCE","SIRT1 KO + active p53 KO"
509,"Global random","SIRT1_OFF__p53_OFF",1,"RESISTANCE","SIRT1 KO + active p53 KO"
811,"Global random","SIRT1_OFF__p53_OFF",1,"RESISTANCE","SIRT1 KO + active p53 KO"
101,"Resistant-local","SIRT1_OFF__p53_OFF",1,"RESISTANCE","SIRT1 KO + active p53 KO"
204,"Resistant-local","SIRT1_OFF__p53_OFF",1,"RESISTANCE","SIRT1 KO + active p53 KO"
307,"Resistant-local","SIRT1_OFF__p53_OFF",1,"RESISTANCE","SIRT1 KO + active p53 KO"
509,"Resistant-local","SIRT1_OFF__p53_OFF",1,"RESISTANCE","SIRT1 KO + active p53 KO"
811,"Resistant-local","SIRT1_OFF__p53_OFF",1,"RESISTANCE","SIRT1 KO + active p53 KO"
101,"Global random","SIRT1_ON",1,"RESISTANCE","SIRT1 E1"
204,"Global random","SIRT1_ON",1,"RESISTANCE","SIRT1 E1"
307,"Global random","SIRT1_ON",1,"RESISTANCE","SIRT1 E1"
509,"Global random","SIRT1_ON",1,"RESISTANCE","SIRT1 E1"
811,"Global random","SIRT1_ON",1,"RESISTANCE","SIRT1 E1"
101,"Resistant-local","SIRT1_ON",1,"RESISTANCE","SIRT1 E1"
204,"Resistant-local","SIRT1_ON",1,"RESISTANCE","SIRT1 E1"
307,"Resistant-local","SIRT1_ON",1,"RESISTANCE","SIRT1 E1"
509,"Resistant-local","SIRT1_ON",1,"RESISTANCE","SIRT1 E1"
811,"Resistant-local","SIRT1_ON",1,"RESISTANCE","SIRT1 E1"
101,"Global random","BAX_ON",0,"PROLIFERATION","BAX E1"
204,"Global random","BAX_ON",0,"PROLIFERATION","BAX E1"
307,"Global random","BAX_ON",0,"PROLIFERATION","BAX E1"
509,"Global random","BAX_ON",0,"PROLIFERATION","BAX E1"
811,"Global random","BAX_ON",0,"PROLIFERATION","BAX E1"
101,"Resistant-local","BAX_ON",0,"PROLIFERATION","BAX E1"
204,"Resistant-local","BAX_ON",0,"PROLIFERATION","BAX E1"
307,"Resistant-local","BAX_ON",0,"PROLIFERATION","BAX E1"
509,"Resistant-local","BAX_ON",0,"PROLIFERATION","BAX E1"
811,"Resistant-local","BAX_ON",0,"PROLIFERATION","BAX E1"
101,"Global random","BAX_ON__GSDME_OFF",0,"PROLIFERATION","BAX E1 + GSDME KO"
204,"Global random","BAX_ON__GSDME_OFF",0,"PROLIFERATION","BAX E1 + GSDME KO"
307,"Global random","BAX_ON__GSDME_OFF",0,"PROLIFERATION","BAX E1 + GSDME KO"
509,"Global random","BAX_ON__GSDME_OFF",0,"PROLIFERATION","BAX E1 + GSDME KO"
811,"Global random","BAX_ON__GSDME_OFF",0,"PROLIFERATION","BAX E1 + GSDME KO"
101,"Resistant-local","BAX_ON__GSDME_OFF",0,"PROLIFERATION","BAX E1 + GSDME KO"
204,"Resistant-local","BAX_ON__GSDME_OFF",0,"PROLIFERATION","BAX E1 + GSDME KO"
307,"Resistant-local","BAX_ON__GSDME_OFF",0,"PROLIFERATION","BAX E1 + GSDME KO"
509,"Resistant-local","BAX_ON__GSDME_OFF",0,"PROLIFERATION","BAX E1 + GSDME KO"
811,"Resistant-local","BAX_ON__GSDME_OFF",0,"PROLIFERATION","BAX E1 + GSDME KO"
101,"Global random","CASP3_OFF",0,"PROLIFERATION","CASP3 KO"
204,"Global random","CASP3_OFF",0,"PROLIFERATION","CASP3 KO"
307,"Global random","CASP3_OFF",0,"PROLIFERATION","CASP3 KO"
509,"Global random","CASP3_OFF",0,"PROLIFERATION","CASP3 KO"
811,"Global random","CASP3_OFF",0,"PROLIFERATION","CASP3 KO"
101,"Resistant-local","CASP3_OFF",0,"PROLIFERATION","CASP3 KO"
204,"Resistant-local","CASP3_OFF",0,"PROLIFERATION","CASP3 KO"
307,"Resistant-local","CASP3_OFF",0,"PROLIFERATION","CASP3 KO"
509,"Resistant-local","CASP3_OFF",0,"PROLIFERATION","CASP3 KO"
811,"Resistant-local","CASP3_OFF",0,"PROLIFERATION","CASP3 KO"
101,"Global random","CASP3_ON",0,"PROLIFERATION","CASP3 E1"
204,"Global random","CASP3_ON",0,"PROLIFERATION","CASP3 E1"
307,"Global random","CASP3_ON",0,"PROLIFERATION","CASP3 E1"
509,"Global random","CASP3_ON",0,"PROLIFERATION","CASP3 E1"
811,"Global random","CASP3_ON",0,"PROLIFERATION","CASP3 E1"
101,"Resistant-local","CASP3_ON",0,"PROLIFERATION","CASP3 E1"
204,"Resistant-local","CASP3_ON",0,"PROLIFERATION","CASP3 E1"
307,"Resistant-local","CASP3_ON",0,"PROLIFERATION","CASP3 E1"
509,"Resistant-local","CASP3_ON",0,"PROLIFERATION","CASP3 E1"
811,"Resistant-local","CASP3_ON",0,"PROLIFERATION","CASP3 E1"
101,"Global random","CASP3_ON__GSDME_OFF",0,"PROLIFERATION","GSDME KO + CASP3 E1"
204,"Global random","CASP3_ON__GSDME_OFF",0,"PROLIFERATION","GSDME KO + CASP3 E1"
307,"Global random","CASP3_ON__GSDME_OFF",0,"PROLIFERATION","GSDME KO + CASP3 E1"
509,"Global random","CASP3_ON__GSDME_OFF",0,"PROLIFERATION","GSDME KO + CASP3 E1"
811,"Global random","CASP3_ON__GSDME_OFF",0,"PROLIFERATION","GSDME KO + CASP3 E1"
101,"Resistant-local","CASP3_ON__GSDME_OFF",0,"PROLIFERATION","GSDME KO + CASP3 E1"
204,"Resistant-local","CASP3_ON__GSDME_OFF",0,"PROLIFERATION","GSDME KO + CASP3 E1"
307,"Resistant-local","CASP3_ON__GSDME_OFF",0,"PROLIFERATION","GSDME KO + CASP3 E1"
509,"Resistant-local","CASP3_ON__GSDME_OFF",0,"PROLIFERATION","GSDME KO + CASP3 E1"
811,"Resistant-local","CASP3_ON__GSDME_OFF",0,"PROLIFERATION","GSDME KO + CASP3 E1"
101,"Global random","GSDME_OFF",0,"PROLIFERATION","GSDME KO"
204,"Global random","GSDME_OFF",0,"PROLIFERATION","GSDME KO"
307,"Global random","GSDME_OFF",0,"PROLIFERATION","GSDME KO"
509,"Global random","GSDME_OFF",0,"PROLIFERATION","GSDME KO"
811,"Global random","GSDME_OFF",0,"PROLIFERATION","GSDME KO"
101,"Resistant-local","GSDME_OFF",0,"PROLIFERATION","GSDME KO"
204,"Resistant-local","GSDME_OFF",0,"PROLIFERATION","GSDME KO"
307,"Resistant-local","GSDME_OFF",0,"PROLIFERATION","GSDME KO"
509,"Resistant-local","GSDME_OFF",0,"PROLIFERATION","GSDME KO"
811,"Resistant-local","GSDME_OFF",0,"PROLIFERATION","GSDME KO"
101,"Global random","GSDME_ON",0,"PROLIFERATION","GSDME E1 (Boolean DFNA5 ON)"
204,"Global random","GSDME_ON",0,"PROLIFERATION","GSDME E1 (Boolean DFNA5 ON)"
307,"Global random","GSDME_ON",0,"PROLIFERATION","GSDME E1 (Boolean DFNA5 ON)"
509,"Global random","GSDME_ON",0,"PROLIFERATION","GSDME E1 (Boolean DFNA5 ON)"
811,"Global random","GSDME_ON",0,"PROLIFERATION","GSDME E1 (Boolean DFNA5 ON)"
101,"Resistant-local","GSDME_ON",0,"PROLIFERATION","GSDME E1 (Boolean DFNA5 ON)"
204,"Resistant-local","GSDME_ON",0,"PROLIFERATION","GSDME E1 (Boolean DFNA5 ON)"
307,"Resistant-local","GSDME_ON",0,"PROLIFERATION","GSDME E1 (Boolean DFNA5 ON)"
509,"Resistant-local","GSDME_ON",0,"PROLIFERATION","GSDME E1 (Boolean DFNA5 ON)"
811,"Resistant-local","GSDME_ON",0,"PROLIFERATION","GSDME E1 (Boolean DFNA5 ON)"
101,"Global random","GSDME_ON__CASP3_ON",0,"PROLIFERATION","GSDME E1 + CASP3 E1"
204,"Global random","GSDME_ON__CASP3_ON",0,"PROLIFERATION","GSDME E1 + CASP3 E1"
307,"Global random","GSDME_ON__CASP3_ON",0,"PROLIFERATION","GSDME E1 + CASP3 E1"
509,"Global random","GSDME_ON__CASP3_ON",0,"PROLIFERATION","GSDME E1 + CASP3 E1"
811,"Global random","GSDME_ON__CASP3_ON",0,"PROLIFERATION","GSDME E1 + CASP3 E1"
101,"Resistant-local","GSDME_ON__CASP3_ON",0,"PROLIFERATION","GSDME E1 + CASP3 E1"
204,"Resistant-local","GSDME_ON__CASP3_ON",0,"PROLIFERATION","GSDME E1 + CASP3 E1"
307,"Resistant-local","GSDME_ON__CASP3_ON",0,"PROLIFERATION","GSDME E1 + CASP3 E1"
509,"Resistant-local","GSDME_ON__CASP3_ON",0,"PROLIFERATION","GSDME E1 + CASP3 E1"
811,"Resistant-local","GSDME_ON__CASP3_ON",0,"PROLIFERATION","GSDME E1 + CASP3 E1"
101,"Global random","MALAT1_OFF",0,"PROLIFERATION","MALAT1 KO"
204,"Global random","MALAT1_OFF",0,"PROLIFERATION","MALAT1 KO"
307,"Global random","MALAT1_OFF",0,"PROLIFERATION","MALAT1 KO"
509,"Global random","MALAT1_OFF",0,"PROLIFERATION","MALAT1 KO"
811,"Global random","MALAT1_OFF",0,"PROLIFERATION","MALAT1 KO"
101,"Resistant-local","MALAT1_OFF",0,"PROLIFERATION","MALAT1 KO"
204,"Resistant-local","MALAT1_OFF",0,"PROLIFERATION","MALAT1 KO"
307,"Resistant-local","MALAT1_OFF",0,"PROLIFERATION","MALAT1 KO"
509,"Resistant-local","MALAT1_OFF",0,"PROLIFERATION","MALAT1 KO"
811,"Resistant-local","MALAT1_OFF",0,"PROLIFERATION","MALAT1 KO"
101,"Global random","MALAT1_OFF__GSDME_OFF",0,"PROLIFERATION","MALAT1 KO + GSDME KO"
204,"Global random","MALAT1_OFF__GSDME_OFF",0,"PROLIFERATION","MALAT1 KO + GSDME KO"
307,"Global random","MALAT1_OFF__GSDME_OFF",0,"PROLIFERATION","MALAT1 KO + GSDME KO"
509,"Global random","MALAT1_OFF__GSDME_OFF",0,"PROLIFERATION","MALAT1 KO + GSDME KO"
811,"Global random","MALAT1_OFF__GSDME_OFF",0,"PROLIFERATION","MALAT1 KO + GSDME KO"
101,"Resistant-local","MALAT1_OFF__GSDME_OFF",0,"PROLIFERATION","MALAT1 KO + GSDME KO"
204,"Resistant-local","MALAT1_OFF__GSDME_OFF",0,"PROLIFERATION","MALAT1 KO + GSDME KO"
307,"Resistant-local","MALAT1_OFF__GSDME_OFF",0,"PROLIFERATION","MALAT1 KO + GSDME KO"
509,"Resistant-local","MALAT1_OFF__GSDME_OFF",0,"PROLIFERATION","MALAT1 KO + GSDME KO"
811,"Resistant-local","MALAT1_OFF__GSDME_OFF",0,"PROLIFERATION","MALAT1 KO + GSDME KO"
101,"Global random","MALAT1_OFF__miR204_OFF",0,"PROLIFERATION","MALAT1 KO + miR-204-5p KO"
204,"Global random","MALAT1_OFF__miR204_OFF",0,"PROLIFERATION","MALAT1 KO + miR-204-5p KO"
307,"Global random","MALAT1_OFF__miR204_OFF",0,"PROLIFERATION","MALAT1 KO + miR-204-5p KO"
509,"Global random","MALAT1_OFF__miR204_OFF",0,"PROLIFERATION","MALAT1 KO + miR-204-5p KO"
811,"Global random","MALAT1_OFF__miR204_OFF",0,"PROLIFERATION","MALAT1 KO + miR-204-5p KO"
101,"Resistant-local","MALAT1_OFF__miR204_OFF",0,"PROLIFERATION","MALAT1 KO + miR-204-5p KO"
204,"Resistant-local","MALAT1_OFF__miR204_OFF",0,"PROLIFERATION","MALAT1 KO + miR-204-5p KO"
307,"Resistant-local","MALAT1_OFF__miR204_OFF",0,"PROLIFERATION","MALAT1 KO + miR-204-5p KO"
509,"Resistant-local","MALAT1_OFF__miR204_OFF",0,"PROLIFERATION","MALAT1 KO + miR-204-5p KO"
811,"Resistant-local","MALAT1_OFF__miR204_OFF",0,"PROLIFERATION","MALAT1 KO + miR-204-5p KO"
101,"Global random","MALAT1_OFF__SIRT1_ON",0,"PROLIFERATION","MALAT1 KO + SIRT1 rescue"
204,"Global random","MALAT1_OFF__SIRT1_ON",0,"PROLIFERATION","MALAT1 KO + SIRT1 rescue"
307,"Global random","MALAT1_OFF__SIRT1_ON",0,"PROLIFERATION","MALAT1 KO + SIRT1 rescue"
509,"Global random","MALAT1_OFF__SIRT1_ON",0,"PROLIFERATION","MALAT1 KO + SIRT1 rescue"
811,"Global random","MALAT1_OFF__SIRT1_ON",0,"PROLIFERATION","MALAT1 KO + SIRT1 rescue"
101,"Resistant-local","MALAT1_OFF__SIRT1_ON",0,"PROLIFERATION","MALAT1 KO + SIRT1 rescue"
204,"Resistant-local","MALAT1_OFF__SIRT1_ON",0,"PROLIFERATION","MALAT1 KO + SIRT1 rescue"
307,"Resistant-local","MALAT1_OFF__SIRT1_ON",0,"PROLIFERATION","MALAT1 KO + SIRT1 rescue"
509,"Resistant-local","MALAT1_OFF__SIRT1_ON",0,"PROLIFERATION","MALAT1 KO + SIRT1 rescue"
811,"Resistant-local","MALAT1_OFF__SIRT1_ON",0,"PROLIFERATION","MALAT1 KO + SIRT1 rescue"
101,"Global random","MALAT1_ON__miR204_OFF__SIRT1_ON",0,"PROLIFERATION","MALAT1 E1 + miR-204-5p KO + SIRT1 E1"
204,"Global random","MALAT1_ON__miR204_OFF__SIRT1_ON",0,"PROLIFERATION","MALAT1 E1 + miR-204-5p KO + SIRT1 E1"
307,"Global random","MALAT1_ON__miR204_OFF__SIRT1_ON",0,"PROLIFERATION","MALAT1 E1 + miR-204-5p KO + SIRT1 E1"
509,"Global random","MALAT1_ON__miR204_OFF__SIRT1_ON",0,"PROLIFERATION","MALAT1 E1 + miR-204-5p KO + SIRT1 E1"
811,"Global random","MALAT1_ON__miR204_OFF__SIRT1_ON",0,"PROLIFERATION","MALAT1 E1 + miR-204-5p KO + SIRT1 E1"
101,"Resistant-local","MALAT1_ON__miR204_OFF__SIRT1_ON",0,"PROLIFERATION","MALAT1 E1 + miR-204-5p KO + SIRT1 E1"
204,"Resistant-local","MALAT1_ON__miR204_OFF__SIRT1_ON",0,"PROLIFERATION","MALAT1 E1 + miR-204-5p KO + SIRT1 E1"
307,"Resistant-local","MALAT1_ON__miR204_OFF__SIRT1_ON",0,"PROLIFERATION","MALAT1 E1 + miR-204-5p KO + SIRT1 E1"
509,"Resistant-local","MALAT1_ON__miR204_OFF__SIRT1_ON",0,"PROLIFERATION","MALAT1 E1 + miR-204-5p KO + SIRT1 E1"
811,"Resistant-local","MALAT1_ON__miR204_OFF__SIRT1_ON",0,"PROLIFERATION","MALAT1 E1 + miR-204-5p KO + SIRT1 E1"
101,"Global random","miR204_OFF",0,"PROLIFERATION","miR-204-5p KO"
204,"Global random","miR204_OFF",0,"PROLIFERATION","miR-204-5p KO"
307,"Global random","miR204_OFF",0,"PROLIFERATION","miR-204-5p KO"
509,"Global random","miR204_OFF",0,"PROLIFERATION","miR-204-5p KO"
811,"Global random","miR204_OFF",0,"PROLIFERATION","miR-204-5p KO"
101,"Resistant-local","miR204_OFF",0,"PROLIFERATION","miR-204-5p KO"
204,"Resistant-local","miR204_OFF",0,"PROLIFERATION","miR-204-5p KO"
307,"Resistant-local","miR204_OFF",0,"PROLIFERATION","miR-204-5p KO"
509,"Resistant-local","miR204_OFF",0,"PROLIFERATION","miR-204-5p KO"
811,"Resistant-local","miR204_OFF",0,"PROLIFERATION","miR-204-5p KO"
101,"Global random","miR204_ON",0,"PROLIFERATION","miR-204-5p E1"
204,"Global random","miR204_ON",0,"PROLIFERATION","miR-204-5p E1"
307,"Global random","miR204_ON",0,"PROLIFERATION","miR-204-5p E1"
509,"Global random","miR204_ON",0,"PROLIFERATION","miR-204-5p E1"
811,"Global random","miR204_ON",0,"PROLIFERATION","miR-204-5p E1"
101,"Resistant-local","miR204_ON",0,"PROLIFERATION","miR-204-5p E1"
204,"Resistant-local","miR204_ON",0,"PROLIFERATION","miR-204-5p E1"
307,"Resistant-local","miR204_ON",0,"PROLIFERATION","miR-204-5p E1"
509,"Resistant-local","miR204_ON",0,"PROLIFERATION","miR-204-5p E1"
811,"Resistant-local","miR204_ON",0,"PROLIFERATION","miR-204-5p E1"
101,"Global random","miR204_ON__CASP3_OFF",0,"PROLIFERATION","miR-204-5p E1 + CASP3 KO"
204,"Global random","miR204_ON__CASP3_OFF",0,"PROLIFERATION","miR-204-5p E1 + CASP3 KO"
307,"Global random","miR204_ON__CASP3_OFF",0,"PROLIFERATION","miR-204-5p E1 + CASP3 KO"
509,"Global random","miR204_ON__CASP3_OFF",0,"PROLIFERATION","miR-204-5p E1 + CASP3 KO"
811,"Global random","miR204_ON__CASP3_OFF",0,"PROLIFERATION","miR-204-5p E1 + CASP3 KO"
101,"Resistant-local","miR204_ON__CASP3_OFF",0,"PROLIFERATION","miR-204-5p E1 + CASP3 KO"
204,"Resistant-local","miR204_ON__CASP3_OFF",0,"PROLIFERATION","miR-204-5p E1 + CASP3 KO"
307,"Resistant-local","miR204_ON__CASP3_OFF",0,"PROLIFERATION","miR-204-5p E1 + CASP3 KO"
509,"Resistant-local","miR204_ON__CASP3_OFF",0,"PROLIFERATION","miR-204-5p E1 + CASP3 KO"
811,"Resistant-local","miR204_ON__CASP3_OFF",0,"PROLIFERATION","miR-204-5p E1 + CASP3 KO"
101,"Global random","miR204_ON__GSDME_OFF",0,"PROLIFERATION","miR-204-5p E1 + GSDME KO"
204,"Global random","miR204_ON__GSDME_OFF",0,"PROLIFERATION","miR-204-5p E1 + GSDME KO"
307,"Global random","miR204_ON__GSDME_OFF",0,"PROLIFERATION","miR-204-5p E1 + GSDME KO"
509,"Global random","miR204_ON__GSDME_OFF",0,"PROLIFERATION","miR-204-5p E1 + GSDME KO"
811,"Global random","miR204_ON__GSDME_OFF",0,"PROLIFERATION","miR-204-5p E1 + GSDME KO"
101,"Resistant-local","miR204_ON__GSDME_OFF",0,"PROLIFERATION","miR-204-5p E1 + GSDME KO"
204,"Resistant-local","miR204_ON__GSDME_OFF",0,"PROLIFERATION","miR-204-5p E1 + GSDME KO"
307,"Resistant-local","miR204_ON__GSDME_OFF",0,"PROLIFERATION","miR-204-5p E1 + GSDME KO"
509,"Resistant-local","miR204_ON__GSDME_OFF",0,"PROLIFERATION","miR-204-5p E1 + GSDME KO"
811,"Resistant-local","miR204_ON__GSDME_OFF",0,"PROLIFERATION","miR-204-5p E1 + GSDME KO"
101,"Global random","miR204_ON__SIRT1_ON",0,"PROLIFERATION","miR-204-5p E1 + SIRT1 rescue"
204,"Global random","miR204_ON__SIRT1_ON",0,"PROLIFERATION","miR-204-5p E1 + SIRT1 rescue"
307,"Global random","miR204_ON__SIRT1_ON",0,"PROLIFERATION","miR-204-5p E1 + SIRT1 rescue"
509,"Global random","miR204_ON__SIRT1_ON",0,"PROLIFERATION","miR-204-5p E1 + SIRT1 rescue"
811,"Global random","miR204_ON__SIRT1_ON",0,"PROLIFERATION","miR-204-5p E1 + SIRT1 rescue"
101,"Resistant-local","miR204_ON__SIRT1_ON",0,"PROLIFERATION","miR-204-5p E1 + SIRT1 rescue"
204,"Resistant-local","miR204_ON__SIRT1_ON",0,"PROLIFERATION","miR-204-5p E1 + SIRT1 rescue"
307,"Resistant-local","miR204_ON__SIRT1_ON",0,"PROLIFERATION","miR-204-5p E1 + SIRT1 rescue"
509,"Resistant-local","miR204_ON__SIRT1_ON",0,"PROLIFERATION","miR-204-5p E1 + SIRT1 rescue"
811,"Resistant-local","miR204_ON__SIRT1_ON",0,"PROLIFERATION","miR-204-5p E1 + SIRT1 rescue"
101,"Global random","p53_OFF",0,"PROLIFERATION","Active p53 KO"
204,"Global random","p53_OFF",0,"PROLIFERATION","Active p53 KO"
307,"Global random","p53_OFF",0,"PROLIFERATION","Active p53 KO"
509,"Global random","p53_OFF",0,"PROLIFERATION","Active p53 KO"
811,"Global random","p53_OFF",0,"PROLIFERATION","Active p53 KO"
101,"Resistant-local","p53_OFF",0,"PROLIFERATION","Active p53 KO"
204,"Resistant-local","p53_OFF",0,"PROLIFERATION","Active p53 KO"
307,"Resistant-local","p53_OFF",0,"PROLIFERATION","Active p53 KO"
509,"Resistant-local","p53_OFF",0,"PROLIFERATION","Active p53 KO"
811,"Resistant-local","p53_OFF",0,"PROLIFERATION","Active p53 KO"
101,"Global random","p53_ON",0,"PROLIFERATION","Active p53 E1"
204,"Global random","p53_ON",0,"PROLIFERATION","Active p53 E1"
307,"Global random","p53_ON",0,"PROLIFERATION","Active p53 E1"
509,"Global random","p53_ON",0,"PROLIFERATION","Active p53 E1"
811,"Global random","p53_ON",0,"PROLIFERATION","Active p53 E1"
101,"Resistant-local","p53_ON",0,"PROLIFERATION","Active p53 E1"
204,"Resistant-local","p53_ON",0,"PROLIFERATION","Active p53 E1"
307,"Resistant-local","p53_ON",0,"PROLIFERATION","Active p53 E1"
509,"Resistant-local","p53_ON",0,"PROLIFERATION","Active p53 E1"
811,"Resistant-local","p53_ON",0,"PROLIFERATION","Active p53 E1"
101,"Global random","p53_ON__CASP3_OFF",0,"PROLIFERATION","Active p53 E1 + CASP3 KO"
204,"Global random","p53_ON__CASP3_OFF",0,"PROLIFERATION","Active p53 E1 + CASP3 KO"
307,"Global random","p53_ON__CASP3_OFF",0,"PROLIFERATION","Active p53 E1 + CASP3 KO"
509,"Global random","p53_ON__CASP3_OFF",0,"PROLIFERATION","Active p53 E1 + CASP3 KO"
811,"Global random","p53_ON__CASP3_OFF",0,"PROLIFERATION","Active p53 E1 + CASP3 KO"
101,"Resistant-local","p53_ON__CASP3_OFF",0,"PROLIFERATION","Active p53 E1 + CASP3 KO"
204,"Resistant-local","p53_ON__CASP3_OFF",0,"PROLIFERATION","Active p53 E1 + CASP3 KO"
307,"Resistant-local","p53_ON__CASP3_OFF",0,"PROLIFERATION","Active p53 E1 + CASP3 KO"
509,"Resistant-local","p53_ON__CASP3_OFF",0,"PROLIFERATION","Active p53 E1 + CASP3 KO"
811,"Resistant-local","p53_ON__CASP3_OFF",0,"PROLIFERATION","Active p53 E1 + CASP3 KO"
101,"Global random","p53_ON__miR204_ON__CASP3_OFF__p21_ON",0,"PROLIFERATION","p53 E1 + miR-204-5p E1 + CASP3 KO + p21 E1"
204,"Global random","p53_ON__miR204_ON__CASP3_OFF__p21_ON",0,"PROLIFERATION","p53 E1 + miR-204-5p E1 + CASP3 KO + p21 E1"
307,"Global random","p53_ON__miR204_ON__CASP3_OFF__p21_ON",0,"PROLIFERATION","p53 E1 + miR-204-5p E1 + CASP3 KO + p21 E1"
509,"Global random","p53_ON__miR204_ON__CASP3_OFF__p21_ON",0,"PROLIFERATION","p53 E1 + miR-204-5p E1 + CASP3 KO + p21 E1"
811,"Global random","p53_ON__miR204_ON__CASP3_OFF__p21_ON",0,"PROLIFERATION","p53 E1 + miR-204-5p E1 + CASP3 KO + p21 E1"
101,"Resistant-local","p53_ON__miR204_ON__CASP3_OFF__p21_ON",0,"PROLIFERATION","p53 E1 + miR-204-5p E1 + CASP3 KO + p21 E1"
204,"Resistant-local","p53_ON__miR204_ON__CASP3_OFF__p21_ON",0,"PROLIFERATION","p53 E1 + miR-204-5p E1 + CASP3 KO + p21 E1"
307,"Resistant-local","p53_ON__miR204_ON__CASP3_OFF__p21_ON",0,"PROLIFERATION","p53 E1 + miR-204-5p E1 + CASP3 KO + p21 E1"
509,"Resistant-local","p53_ON__miR204_ON__CASP3_OFF__p21_ON",0,"PROLIFERATION","p53 E1 + miR-204-5p E1 + CASP3 KO + p21 E1"
811,"Resistant-local","p53_ON__miR204_ON__CASP3_OFF__p21_ON",0,"PROLIFERATION","p53 E1 + miR-204-5p E1 + CASP3 KO + p21 E1"
101,"Global random","Reference",0,"PROLIFERATION","Reference: DDR ON, endogenous GSDME"
204,"Global random","Reference",0,"PROLIFERATION","Reference: DDR ON, endogenous GSDME"
307,"Global random","Reference",0,"PROLIFERATION","Reference: DDR ON, endogenous GSDME"
509,"Global random","Reference",0,"PROLIFERATION","Reference: DDR ON, endogenous GSDME"
811,"Global random","Reference",0,"PROLIFERATION","Reference: DDR ON, endogenous GSDME"
101,"Resistant-local","Reference",0,"PROLIFERATION","Reference: DDR ON, endogenous GSDME"
204,"Resistant-local","Reference",0,"PROLIFERATION","Reference: DDR ON, endogenous GSDME"
307,"Resistant-local","Reference",0,"PROLIFERATION","Reference: DDR ON, endogenous GSDME"
509,"Resistant-local","Reference",0,"PROLIFERATION","Reference: DDR ON, endogenous GSDME"
811,"Resistant-local","Reference",0,"PROLIFERATION","Reference: DDR ON, endogenous GSDME"
101,"Global random","SIRT1_OFF",0,"PROLIFERATION","SIRT1 KO"
204,"Global random","SIRT1_OFF",0,"PROLIFERATION","SIRT1 KO"
307,"Global random","SIRT1_OFF",0,"PROLIFERATION","SIRT1 KO"
509,"Global random","SIRT1_OFF",0,"PROLIFERATION","SIRT1 KO"
811,"Global random","SIRT1_OFF",0,"PROLIFERATION","SIRT1 KO"
101,"Resistant-local","SIRT1_OFF",0,"PROLIFERATION","SIRT1 KO"
204,"Resistant-local","SIRT1_OFF",0,"PROLIFERATION","SIRT1 KO"
307,"Resistant-local","SIRT1_OFF",0,"PROLIFERATION","SIRT1 KO"
509,"Resistant-local","SIRT1_OFF",0,"PROLIFERATION","SIRT1 KO"
811,"Resistant-local","SIRT1_OFF",0,"PROLIFERATION","SIRT1 KO"
101,"Global random","SIRT1_OFF__GSDME_OFF",0,"PROLIFERATION","SIRT1 KO + GSDME KO"
204,"Global random","SIRT1_OFF__GSDME_OFF",0,"PROLIFERATION","SIRT1 KO + GSDME KO"
307,"Global random","SIRT1_OFF__GSDME_OFF",0,"PROLIFERATION","SIRT1 KO + GSDME KO"
509,"Global random","SIRT1_OFF__GSDME_OFF",0,"PROLIFERATION","SIRT1 KO + GSDME KO"
811,"Global random","SIRT1_OFF__GSDME_OFF",0,"PROLIFERATION","SIRT1 KO + GSDME KO"
101,"Resistant-local","SIRT1_OFF__GSDME_OFF",0,"PROLIFERATION","SIRT1 KO + GSDME KO"
204,"Resistant-local","SIRT1_OFF__GSDME_OFF",0,"PROLIFERATION","SIRT1 KO + GSDME KO"
307,"Resistant-local","SIRT1_OFF__GSDME_OFF",0,"PROLIFERATION","SIRT1 KO + GSDME KO"
509,"Resistant-local","SIRT1_OFF__GSDME_OFF",0,"PROLIFERATION","SIRT1 KO + GSDME KO"
811,"Resistant-local","SIRT1_OFF__GSDME_OFF",0,"PROLIFERATION","SIRT1 KO + GSDME KO"
101,"Global random","SIRT1_OFF__GSDME_OFF__CASP3_ON",0,"PROLIFERATION","SIRT1 KO + GSDME KO + CASP3 E1"
204,"Global random","SIRT1_OFF__GSDME_OFF__CASP3_ON",0,"PROLIFERATION","SIRT1 KO + GSDME KO + CASP3 E1"
307,"Global random","SIRT1_OFF__GSDME_OFF__CASP3_ON",0,"PROLIFERATION","SIRT1 KO + GSDME KO + CASP3 E1"
509,"Global random","SIRT1_OFF__GSDME_OFF__CASP3_ON",0,"PROLIFERATION","SIRT1 KO + GSDME KO + CASP3 E1"
811,"Global random","SIRT1_OFF__GSDME_OFF__CASP3_ON",0,"PROLIFERATION","SIRT1 KO + GSDME KO + CASP3 E1"
101,"Resistant-local","SIRT1_OFF__GSDME_OFF__CASP3_ON",0,"PROLIFERATION","SIRT1 KO + GSDME KO + CASP3 E1"
204,"Resistant-local","SIRT1_OFF__GSDME_OFF__CASP3_ON",0,"PROLIFERATION","SIRT1 KO + GSDME KO + CASP3 E1"
307,"Resistant-local","SIRT1_OFF__GSDME_OFF__CASP3_ON",0,"PROLIFERATION","SIRT1 KO + GSDME KO + CASP3 E1"
509,"Resistant-local","SIRT1_OFF__GSDME_OFF__CASP3_ON",0,"PROLIFERATION","SIRT1 KO + GSDME KO + CASP3 E1"
811,"Resistant-local","SIRT1_OFF__GSDME_OFF__CASP3_ON",0,"PROLIFERATION","SIRT1 KO + GSDME KO + CASP3 E1"
101,"Global random","SIRT1_OFF__p53_OFF",0,"PROLIFERATION","SIRT1 KO + active p53 KO"
204,"Global random","SIRT1_OFF__p53_OFF",0,"PROLIFERATION","SIRT1 KO + active p53 KO"
307,"Global random","SIRT1_OFF__p53_OFF",0,"PROLIFERATION","SIRT1 KO + active p53 KO"
509,"Global random","SIRT1_OFF__p53_OFF",0,"PROLIFERATION","SIRT1 KO + active p53 KO"
811,"Global random","SIRT1_OFF__p53_OFF",0,"PROLIFERATION","SIRT1 KO + active p53 KO"
101,"Resistant-local","SIRT1_OFF__p53_OFF",0,"PROLIFERATION","SIRT1 KO + active p53 KO"
204,"Resistant-local","SIRT1_OFF__p53_OFF",0,"PROLIFERATION","SIRT1 KO + active p53 KO"
307,"Resistant-local","SIRT1_OFF__p53_OFF",0,"PROLIFERATION","SIRT1 KO + active p53 KO"
509,"Resistant-local","SIRT1_OFF__p53_OFF",0,"PROLIFERATION","SIRT1 KO + active p53 KO"
811,"Resistant-local","SIRT1_OFF__p53_OFF",0,"PROLIFERATION","SIRT1 KO + active p53 KO"
101,"Global random","SIRT1_ON",0,"PROLIFERATION","SIRT1 E1"
204,"Global random","SIRT1_ON",0,"PROLIFERATION","SIRT1 E1"
307,"Global random","SIRT1_ON",0,"PROLIFERATION","SIRT1 E1"
509,"Global random","SIRT1_ON",0,"PROLIFERATION","SIRT1 E1"
811,"Global random","SIRT1_ON",0,"PROLIFERATION","SIRT1 E1"
101,"Resistant-local","SIRT1_ON",0,"PROLIFERATION","SIRT1 E1"
204,"Resistant-local","SIRT1_ON",0,"PROLIFERATION","SIRT1 E1"
307,"Resistant-local","SIRT1_ON",0,"PROLIFERATION","SIRT1 E1"
509,"Resistant-local","SIRT1_ON",0,"PROLIFERATION","SIRT1 E1"
811,"Resistant-local","SIRT1_ON",0,"PROLIFERATION","SIRT1 E1"
101,"Global random","BAX_ON",0.012,"CELL_CYCLE_ARREST","BAX E1"
204,"Global random","BAX_ON",0.012,"CELL_CYCLE_ARREST","BAX E1"
307,"Global random","BAX_ON",0.006,"CELL_CYCLE_ARREST","BAX E1"
509,"Global random","BAX_ON",0.006,"CELL_CYCLE_ARREST","BAX E1"
811,"Global random","BAX_ON",0.006,"CELL_CYCLE_ARREST","BAX E1"
101,"Resistant-local","BAX_ON",0.002,"CELL_CYCLE_ARREST","BAX E1"
204,"Resistant-local","BAX_ON",0,"CELL_CYCLE_ARREST","BAX E1"
307,"Resistant-local","BAX_ON",0,"CELL_CYCLE_ARREST","BAX E1"
509,"Resistant-local","BAX_ON",0,"CELL_CYCLE_ARREST","BAX E1"
811,"Resistant-local","BAX_ON",0,"CELL_CYCLE_ARREST","BAX E1"
101,"Global random","BAX_ON__GSDME_OFF",0.008,"CELL_CYCLE_ARREST","BAX E1 + GSDME KO"
204,"Global random","BAX_ON__GSDME_OFF",0.01,"CELL_CYCLE_ARREST","BAX E1 + GSDME KO"
307,"Global random","BAX_ON__GSDME_OFF",0.008,"CELL_CYCLE_ARREST","BAX E1 + GSDME KO"
509,"Global random","BAX_ON__GSDME_OFF",0.004,"CELL_CYCLE_ARREST","BAX E1 + GSDME KO"
811,"Global random","BAX_ON__GSDME_OFF",0.008,"CELL_CYCLE_ARREST","BAX E1 + GSDME KO"
101,"Resistant-local","BAX_ON__GSDME_OFF",0,"CELL_CYCLE_ARREST","BAX E1 + GSDME KO"
204,"Resistant-local","BAX_ON__GSDME_OFF",0,"CELL_CYCLE_ARREST","BAX E1 + GSDME KO"
307,"Resistant-local","BAX_ON__GSDME_OFF",0,"CELL_CYCLE_ARREST","BAX E1 + GSDME KO"
509,"Resistant-local","BAX_ON__GSDME_OFF",0,"CELL_CYCLE_ARREST","BAX E1 + GSDME KO"
811,"Resistant-local","BAX_ON__GSDME_OFF",0,"CELL_CYCLE_ARREST","BAX E1 + GSDME KO"
101,"Global random","CASP3_OFF",0.046,"CELL_CYCLE_ARREST","CASP3 KO"
204,"Global random","CASP3_OFF",0.042,"CELL_CYCLE_ARREST","CASP3 KO"
307,"Global random","CASP3_OFF",0.022,"CELL_CYCLE_ARREST","CASP3 KO"
509,"Global random","CASP3_OFF",0.026,"CELL_CYCLE_ARREST","CASP3 KO"
811,"Global random","CASP3_OFF",0.028,"CELL_CYCLE_ARREST","CASP3 KO"
101,"Resistant-local","CASP3_OFF",0.004,"CELL_CYCLE_ARREST","CASP3 KO"
204,"Resistant-local","CASP3_OFF",0.002,"CELL_CYCLE_ARREST","CASP3 KO"
307,"Resistant-local","CASP3_OFF",0,"CELL_CYCLE_ARREST","CASP3 KO"
509,"Resistant-local","CASP3_OFF",0,"CELL_CYCLE_ARREST","CASP3 KO"
811,"Resistant-local","CASP3_OFF",0.004,"CELL_CYCLE_ARREST","CASP3 KO"
101,"Global random","CASP3_ON",0,"CELL_CYCLE_ARREST","CASP3 E1"
204,"Global random","CASP3_ON",0,"CELL_CYCLE_ARREST","CASP3 E1"
307,"Global random","CASP3_ON",0,"CELL_CYCLE_ARREST","CASP3 E1"
509,"Global random","CASP3_ON",0,"CELL_CYCLE_ARREST","CASP3 E1"
811,"Global random","CASP3_ON",0,"CELL_CYCLE_ARREST","CASP3 E1"
101,"Resistant-local","CASP3_ON",0,"CELL_CYCLE_ARREST","CASP3 E1"
204,"Resistant-local","CASP3_ON",0,"CELL_CYCLE_ARREST","CASP3 E1"
307,"Resistant-local","CASP3_ON",0,"CELL_CYCLE_ARREST","CASP3 E1"
509,"Resistant-local","CASP3_ON",0,"CELL_CYCLE_ARREST","CASP3 E1"
811,"Resistant-local","CASP3_ON",0,"CELL_CYCLE_ARREST","CASP3 E1"
101,"Global random","CASP3_ON__GSDME_OFF",0,"CELL_CYCLE_ARREST","GSDME KO + CASP3 E1"
204,"Global random","CASP3_ON__GSDME_OFF",0,"CELL_CYCLE_ARREST","GSDME KO + CASP3 E1"
307,"Global random","CASP3_ON__GSDME_OFF",0,"CELL_CYCLE_ARREST","GSDME KO + CASP3 E1"
509,"Global random","CASP3_ON__GSDME_OFF",0,"CELL_CYCLE_ARREST","GSDME KO + CASP3 E1"
811,"Global random","CASP3_ON__GSDME_OFF",0,"CELL_CYCLE_ARREST","GSDME KO + CASP3 E1"
101,"Resistant-local","CASP3_ON__GSDME_OFF",0,"CELL_CYCLE_ARREST","GSDME KO + CASP3 E1"
204,"Resistant-local","CASP3_ON__GSDME_OFF",0,"CELL_CYCLE_ARREST","GSDME KO + CASP3 E1"
307,"Resistant-local","CASP3_ON__GSDME_OFF",0,"CELL_CYCLE_ARREST","GSDME KO + CASP3 E1"
509,"Resistant-local","CASP3_ON__GSDME_OFF",0,"CELL_CYCLE_ARREST","GSDME KO + CASP3 E1"
811,"Resistant-local","CASP3_ON__GSDME_OFF",0,"CELL_CYCLE_ARREST","GSDME KO + CASP3 E1"
101,"Global random","GSDME_OFF",0.036,"CELL_CYCLE_ARREST","GSDME KO"
204,"Global random","GSDME_OFF",0.034,"CELL_CYCLE_ARREST","GSDME KO"
307,"Global random","GSDME_OFF",0.024,"CELL_CYCLE_ARREST","GSDME KO"
509,"Global random","GSDME_OFF",0.034,"CELL_CYCLE_ARREST","GSDME KO"
811,"Global random","GSDME_OFF",0.038,"CELL_CYCLE_ARREST","GSDME KO"
101,"Resistant-local","GSDME_OFF",0.004,"CELL_CYCLE_ARREST","GSDME KO"
204,"Resistant-local","GSDME_OFF",0.002,"CELL_CYCLE_ARREST","GSDME KO"
307,"Resistant-local","GSDME_OFF",0,"CELL_CYCLE_ARREST","GSDME KO"
509,"Resistant-local","GSDME_OFF",0.002,"CELL_CYCLE_ARREST","GSDME KO"
811,"Resistant-local","GSDME_OFF",0.004,"CELL_CYCLE_ARREST","GSDME KO"
101,"Global random","GSDME_ON",0.03,"CELL_CYCLE_ARREST","GSDME E1 (Boolean DFNA5 ON)"
204,"Global random","GSDME_ON",0.034,"CELL_CYCLE_ARREST","GSDME E1 (Boolean DFNA5 ON)"
307,"Global random","GSDME_ON",0.026,"CELL_CYCLE_ARREST","GSDME E1 (Boolean DFNA5 ON)"
509,"Global random","GSDME_ON",0.032,"CELL_CYCLE_ARREST","GSDME E1 (Boolean DFNA5 ON)"
811,"Global random","GSDME_ON",0.048,"CELL_CYCLE_ARREST","GSDME E1 (Boolean DFNA5 ON)"
101,"Resistant-local","GSDME_ON",0.002,"CELL_CYCLE_ARREST","GSDME E1 (Boolean DFNA5 ON)"
204,"Resistant-local","GSDME_ON",0.002,"CELL_CYCLE_ARREST","GSDME E1 (Boolean DFNA5 ON)"
307,"Resistant-local","GSDME_ON",0,"CELL_CYCLE_ARREST","GSDME E1 (Boolean DFNA5 ON)"
509,"Resistant-local","GSDME_ON",0.004,"CELL_CYCLE_ARREST","GSDME E1 (Boolean DFNA5 ON)"
811,"Resistant-local","GSDME_ON",0.004,"CELL_CYCLE_ARREST","GSDME E1 (Boolean DFNA5 ON)"
101,"Global random","GSDME_ON__CASP3_ON",0,"CELL_CYCLE_ARREST","GSDME E1 + CASP3 E1"
204,"Global random","GSDME_ON__CASP3_ON",0,"CELL_CYCLE_ARREST","GSDME E1 + CASP3 E1"
307,"Global random","GSDME_ON__CASP3_ON",0,"CELL_CYCLE_ARREST","GSDME E1 + CASP3 E1"
509,"Global random","GSDME_ON__CASP3_ON",0,"CELL_CYCLE_ARREST","GSDME E1 + CASP3 E1"
811,"Global random","GSDME_ON__CASP3_ON",0,"CELL_CYCLE_ARREST","GSDME E1 + CASP3 E1"
101,"Resistant-local","GSDME_ON__CASP3_ON",0,"CELL_CYCLE_ARREST","GSDME E1 + CASP3 E1"
204,"Resistant-local","GSDME_ON__CASP3_ON",0,"CELL_CYCLE_ARREST","GSDME E1 + CASP3 E1"
307,"Resistant-local","GSDME_ON__CASP3_ON",0,"CELL_CYCLE_ARREST","GSDME E1 + CASP3 E1"
509,"Resistant-local","GSDME_ON__CASP3_ON",0,"CELL_CYCLE_ARREST","GSDME E1 + CASP3 E1"
811,"Resistant-local","GSDME_ON__CASP3_ON",0,"CELL_CYCLE_ARREST","GSDME E1 + CASP3 E1"
101,"Global random","MALAT1_OFF",0.058,"CELL_CYCLE_ARREST","MALAT1 KO"
204,"Global random","MALAT1_OFF",0.082,"CELL_CYCLE_ARREST","MALAT1 KO"
307,"Global random","MALAT1_OFF",0.068,"CELL_CYCLE_ARREST","MALAT1 KO"
509,"Global random","MALAT1_OFF",0.058,"CELL_CYCLE_ARREST","MALAT1 KO"
811,"Global random","MALAT1_OFF",0.078,"CELL_CYCLE_ARREST","MALAT1 KO"
101,"Resistant-local","MALAT1_OFF",0.008,"CELL_CYCLE_ARREST","MALAT1 KO"
204,"Resistant-local","MALAT1_OFF",0.014,"CELL_CYCLE_ARREST","MALAT1 KO"
307,"Resistant-local","MALAT1_OFF",0.01,"CELL_CYCLE_ARREST","MALAT1 KO"
509,"Resistant-local","MALAT1_OFF",0.018,"CELL_CYCLE_ARREST","MALAT1 KO"
811,"Resistant-local","MALAT1_OFF",0.004,"CELL_CYCLE_ARREST","MALAT1 KO"
101,"Global random","MALAT1_OFF__GSDME_OFF",0.066,"CELL_CYCLE_ARREST","MALAT1 KO + GSDME KO"
204,"Global random","MALAT1_OFF__GSDME_OFF",0.086,"CELL_CYCLE_ARREST","MALAT1 KO + GSDME KO"
307,"Global random","MALAT1_OFF__GSDME_OFF",0.054,"CELL_CYCLE_ARREST","MALAT1 KO + GSDME KO"
509,"Global random","MALAT1_OFF__GSDME_OFF",0.064,"CELL_CYCLE_ARREST","MALAT1 KO + GSDME KO"
811,"Global random","MALAT1_OFF__GSDME_OFF",0.076,"CELL_CYCLE_ARREST","MALAT1 KO + GSDME KO"
101,"Resistant-local","MALAT1_OFF__GSDME_OFF",0.008,"CELL_CYCLE_ARREST","MALAT1 KO + GSDME KO"
204,"Resistant-local","MALAT1_OFF__GSDME_OFF",0.01,"CELL_CYCLE_ARREST","MALAT1 KO + GSDME KO"
307,"Resistant-local","MALAT1_OFF__GSDME_OFF",0.01,"CELL_CYCLE_ARREST","MALAT1 KO + GSDME KO"
509,"Resistant-local","MALAT1_OFF__GSDME_OFF",0.018,"CELL_CYCLE_ARREST","MALAT1 KO + GSDME KO"
811,"Resistant-local","MALAT1_OFF__GSDME_OFF",0.006,"CELL_CYCLE_ARREST","MALAT1 KO + GSDME KO"
101,"Global random","MALAT1_OFF__miR204_OFF",0,"CELL_CYCLE_ARREST","MALAT1 KO + miR-204-5p KO"
204,"Global random","MALAT1_OFF__miR204_OFF",0,"CELL_CYCLE_ARREST","MALAT1 KO + miR-204-5p KO"
307,"Global random","MALAT1_OFF__miR204_OFF",0,"CELL_CYCLE_ARREST","MALAT1 KO + miR-204-5p KO"
509,"Global random","MALAT1_OFF__miR204_OFF",0,"CELL_CYCLE_ARREST","MALAT1 KO + miR-204-5p KO"
811,"Global random","MALAT1_OFF__miR204_OFF",0,"CELL_CYCLE_ARREST","MALAT1 KO + miR-204-5p KO"
101,"Resistant-local","MALAT1_OFF__miR204_OFF",0,"CELL_CYCLE_ARREST","MALAT1 KO + miR-204-5p KO"
204,"Resistant-local","MALAT1_OFF__miR204_OFF",0,"CELL_CYCLE_ARREST","MALAT1 KO + miR-204-5p KO"
307,"Resistant-local","MALAT1_OFF__miR204_OFF",0,"CELL_CYCLE_ARREST","MALAT1 KO + miR-204-5p KO"
509,"Resistant-local","MALAT1_OFF__miR204_OFF",0,"CELL_CYCLE_ARREST","MALAT1 KO + miR-204-5p KO"
811,"Resistant-local","MALAT1_OFF__miR204_OFF",0,"CELL_CYCLE_ARREST","MALAT1 KO + miR-204-5p KO"
101,"Global random","MALAT1_OFF__SIRT1_ON",0,"CELL_CYCLE_ARREST","MALAT1 KO + SIRT1 rescue"
204,"Global random","MALAT1_OFF__SIRT1_ON",0,"CELL_CYCLE_ARREST","MALAT1 KO + SIRT1 rescue"
307,"Global random","MALAT1_OFF__SIRT1_ON",0,"CELL_CYCLE_ARREST","MALAT1 KO + SIRT1 rescue"
509,"Global random","MALAT1_OFF__SIRT1_ON",0,"CELL_CYCLE_ARREST","MALAT1 KO + SIRT1 rescue"
811,"Global random","MALAT1_OFF__SIRT1_ON",0,"CELL_CYCLE_ARREST","MALAT1 KO + SIRT1 rescue"
101,"Resistant-local","MALAT1_OFF__SIRT1_ON",0,"CELL_CYCLE_ARREST","MALAT1 KO + SIRT1 rescue"
204,"Resistant-local","MALAT1_OFF__SIRT1_ON",0,"CELL_CYCLE_ARREST","MALAT1 KO + SIRT1 rescue"
307,"Resistant-local","MALAT1_OFF__SIRT1_ON",0,"CELL_CYCLE_ARREST","MALAT1 KO + SIRT1 rescue"
509,"Resistant-local","MALAT1_OFF__SIRT1_ON",0,"CELL_CYCLE_ARREST","MALAT1 KO + SIRT1 rescue"
811,"Resistant-local","MALAT1_OFF__SIRT1_ON",0,"CELL_CYCLE_ARREST","MALAT1 KO + SIRT1 rescue"
101,"Global random","MALAT1_ON__miR204_OFF__SIRT1_ON",0,"CELL_CYCLE_ARREST","MALAT1 E1 + miR-204-5p KO + SIRT1 E1"
204,"Global random","MALAT1_ON__miR204_OFF__SIRT1_ON",0,"CELL_CYCLE_ARREST","MALAT1 E1 + miR-204-5p KO + SIRT1 E1"
307,"Global random","MALAT1_ON__miR204_OFF__SIRT1_ON",0,"CELL_CYCLE_ARREST","MALAT1 E1 + miR-204-5p KO + SIRT1 E1"
509,"Global random","MALAT1_ON__miR204_OFF__SIRT1_ON",0,"CELL_CYCLE_ARREST","MALAT1 E1 + miR-204-5p KO + SIRT1 E1"
811,"Global random","MALAT1_ON__miR204_OFF__SIRT1_ON",0,"CELL_CYCLE_ARREST","MALAT1 E1 + miR-204-5p KO + SIRT1 E1"
101,"Resistant-local","MALAT1_ON__miR204_OFF__SIRT1_ON",0,"CELL_CYCLE_ARREST","MALAT1 E1 + miR-204-5p KO + SIRT1 E1"
204,"Resistant-local","MALAT1_ON__miR204_OFF__SIRT1_ON",0,"CELL_CYCLE_ARREST","MALAT1 E1 + miR-204-5p KO + SIRT1 E1"
307,"Resistant-local","MALAT1_ON__miR204_OFF__SIRT1_ON",0,"CELL_CYCLE_ARREST","MALAT1 E1 + miR-204-5p KO + SIRT1 E1"
509,"Resistant-local","MALAT1_ON__miR204_OFF__SIRT1_ON",0,"CELL_CYCLE_ARREST","MALAT1 E1 + miR-204-5p KO + SIRT1 E1"
811,"Resistant-local","MALAT1_ON__miR204_OFF__SIRT1_ON",0,"CELL_CYCLE_ARREST","MALAT1 E1 + miR-204-5p KO + SIRT1 E1"
101,"Global random","miR204_OFF",0,"CELL_CYCLE_ARREST","miR-204-5p KO"
204,"Global random","miR204_OFF",0,"CELL_CYCLE_ARREST","miR-204-5p KO"
307,"Global random","miR204_OFF",0,"CELL_CYCLE_ARREST","miR-204-5p KO"
509,"Global random","miR204_OFF",0,"CELL_CYCLE_ARREST","miR-204-5p KO"
811,"Global random","miR204_OFF",0,"CELL_CYCLE_ARREST","miR-204-5p KO"
101,"Resistant-local","miR204_OFF",0,"CELL_CYCLE_ARREST","miR-204-5p KO"
204,"Resistant-local","miR204_OFF",0,"CELL_CYCLE_ARREST","miR-204-5p KO"
307,"Resistant-local","miR204_OFF",0,"CELL_CYCLE_ARREST","miR-204-5p KO"
509,"Resistant-local","miR204_OFF",0,"CELL_CYCLE_ARREST","miR-204-5p KO"
811,"Resistant-local","miR204_OFF",0,"CELL_CYCLE_ARREST","miR-204-5p KO"
101,"Global random","miR204_ON",0.526,"CELL_CYCLE_ARREST","miR-204-5p E1"
204,"Global random","miR204_ON",0.494,"CELL_CYCLE_ARREST","miR-204-5p E1"
307,"Global random","miR204_ON",0.526,"CELL_CYCLE_ARREST","miR-204-5p E1"
509,"Global random","miR204_ON",0.488,"CELL_CYCLE_ARREST","miR-204-5p E1"
811,"Global random","miR204_ON",0.488,"CELL_CYCLE_ARREST","miR-204-5p E1"
101,"Resistant-local","miR204_ON",0.44,"CELL_CYCLE_ARREST","miR-204-5p E1"
204,"Resistant-local","miR204_ON",0.442,"CELL_CYCLE_ARREST","miR-204-5p E1"
307,"Resistant-local","miR204_ON",0.492,"CELL_CYCLE_ARREST","miR-204-5p E1"
509,"Resistant-local","miR204_ON",0.536,"CELL_CYCLE_ARREST","miR-204-5p E1"
811,"Resistant-local","miR204_ON",0.518,"CELL_CYCLE_ARREST","miR-204-5p E1"
101,"Global random","miR204_ON__CASP3_OFF",0.504,"CELL_CYCLE_ARREST","miR-204-5p E1 + CASP3 KO"
204,"Global random","miR204_ON__CASP3_OFF",0.528,"CELL_CYCLE_ARREST","miR-204-5p E1 + CASP3 KO"
307,"Global random","miR204_ON__CASP3_OFF",0.52,"CELL_CYCLE_ARREST","miR-204-5p E1 + CASP3 KO"
509,"Global random","miR204_ON__CASP3_OFF",0.466,"CELL_CYCLE_ARREST","miR-204-5p E1 + CASP3 KO"
811,"Global random","miR204_ON__CASP3_OFF",0.452,"CELL_CYCLE_ARREST","miR-204-5p E1 + CASP3 KO"
101,"Resistant-local","miR204_ON__CASP3_OFF",0.468,"CELL_CYCLE_ARREST","miR-204-5p E1 + CASP3 KO"
204,"Resistant-local","miR204_ON__CASP3_OFF",0.462,"CELL_CYCLE_ARREST","miR-204-5p E1 + CASP3 KO"
307,"Resistant-local","miR204_ON__CASP3_OFF",0.474,"CELL_CYCLE_ARREST","miR-204-5p E1 + CASP3 KO"
509,"Resistant-local","miR204_ON__CASP3_OFF",0.522,"CELL_CYCLE_ARREST","miR-204-5p E1 + CASP3 KO"
811,"Resistant-local","miR204_ON__CASP3_OFF",0.49,"CELL_CYCLE_ARREST","miR-204-5p E1 + CASP3 KO"
101,"Global random","miR204_ON__GSDME_OFF",0.472,"CELL_CYCLE_ARREST","miR-204-5p E1 + GSDME KO"
204,"Global random","miR204_ON__GSDME_OFF",0.506,"CELL_CYCLE_ARREST","miR-204-5p E1 + GSDME KO"
307,"Global random","miR204_ON__GSDME_OFF",0.49,"CELL_CYCLE_ARREST","miR-204-5p E1 + GSDME KO"
509,"Global random","miR204_ON__GSDME_OFF",0.462,"CELL_CYCLE_ARREST","miR-204-5p E1 + GSDME KO"
811,"Global random","miR204_ON__GSDME_OFF",0.5,"CELL_CYCLE_ARREST","miR-204-5p E1 + GSDME KO"
101,"Resistant-local","miR204_ON__GSDME_OFF",0.448,"CELL_CYCLE_ARREST","miR-204-5p E1 + GSDME KO"
204,"Resistant-local","miR204_ON__GSDME_OFF",0.454,"CELL_CYCLE_ARREST","miR-204-5p E1 + GSDME KO"
307,"Resistant-local","miR204_ON__GSDME_OFF",0.478,"CELL_CYCLE_ARREST","miR-204-5p E1 + GSDME KO"
509,"Resistant-local","miR204_ON__GSDME_OFF",0.554,"CELL_CYCLE_ARREST","miR-204-5p E1 + GSDME KO"
811,"Resistant-local","miR204_ON__GSDME_OFF",0.504,"CELL_CYCLE_ARREST","miR-204-5p E1 + GSDME KO"
101,"Global random","miR204_ON__SIRT1_ON",0,"CELL_CYCLE_ARREST","miR-204-5p E1 + SIRT1 rescue"
204,"Global random","miR204_ON__SIRT1_ON",0,"CELL_CYCLE_ARREST","miR-204-5p E1 + SIRT1 rescue"
307,"Global random","miR204_ON__SIRT1_ON",0,"CELL_CYCLE_ARREST","miR-204-5p E1 + SIRT1 rescue"
509,"Global random","miR204_ON__SIRT1_ON",0,"CELL_CYCLE_ARREST","miR-204-5p E1 + SIRT1 rescue"
811,"Global random","miR204_ON__SIRT1_ON",0,"CELL_CYCLE_ARREST","miR-204-5p E1 + SIRT1 rescue"
101,"Resistant-local","miR204_ON__SIRT1_ON",0,"CELL_CYCLE_ARREST","miR-204-5p E1 + SIRT1 rescue"
204,"Resistant-local","miR204_ON__SIRT1_ON",0,"CELL_CYCLE_ARREST","miR-204-5p E1 + SIRT1 rescue"
307,"Resistant-local","miR204_ON__SIRT1_ON",0,"CELL_CYCLE_ARREST","miR-204-5p E1 + SIRT1 rescue"
509,"Resistant-local","miR204_ON__SIRT1_ON",0,"CELL_CYCLE_ARREST","miR-204-5p E1 + SIRT1 rescue"
811,"Resistant-local","miR204_ON__SIRT1_ON",0,"CELL_CYCLE_ARREST","miR-204-5p E1 + SIRT1 rescue"
101,"Global random","p53_OFF",0,"CELL_CYCLE_ARREST","Active p53 KO"
204,"Global random","p53_OFF",0,"CELL_CYCLE_ARREST","Active p53 KO"
307,"Global random","p53_OFF",0,"CELL_CYCLE_ARREST","Active p53 KO"
509,"Global random","p53_OFF",0,"CELL_CYCLE_ARREST","Active p53 KO"
811,"Global random","p53_OFF",0,"CELL_CYCLE_ARREST","Active p53 KO"
101,"Resistant-local","p53_OFF",0,"CELL_CYCLE_ARREST","Active p53 KO"
204,"Resistant-local","p53_OFF",0,"CELL_CYCLE_ARREST","Active p53 KO"
307,"Resistant-local","p53_OFF",0,"CELL_CYCLE_ARREST","Active p53 KO"
509,"Resistant-local","p53_OFF",0,"CELL_CYCLE_ARREST","Active p53 KO"
811,"Resistant-local","p53_OFF",0,"CELL_CYCLE_ARREST","Active p53 KO"
101,"Global random","p53_ON",0.166,"CELL_CYCLE_ARREST","Active p53 E1"
204,"Global random","p53_ON",0.166,"CELL_CYCLE_ARREST","Active p53 E1"
307,"Global random","p53_ON",0.156,"CELL_CYCLE_ARREST","Active p53 E1"
509,"Global random","p53_ON",0.162,"CELL_CYCLE_ARREST","Active p53 E1"
811,"Global random","p53_ON",0.15,"CELL_CYCLE_ARREST","Active p53 E1"
101,"Resistant-local","p53_ON",0.01,"CELL_CYCLE_ARREST","Active p53 E1"
204,"Resistant-local","p53_ON",0.012,"CELL_CYCLE_ARREST","Active p53 E1"
307,"Resistant-local","p53_ON",0.034,"CELL_CYCLE_ARREST","Active p53 E1"
509,"Resistant-local","p53_ON",0.014,"CELL_CYCLE_ARREST","Active p53 E1"
811,"Resistant-local","p53_ON",0.02,"CELL_CYCLE_ARREST","Active p53 E1"
101,"Global random","p53_ON__CASP3_OFF",0.182,"CELL_CYCLE_ARREST","Active p53 E1 + CASP3 KO"
204,"Global random","p53_ON__CASP3_OFF",0.162,"CELL_CYCLE_ARREST","Active p53 E1 + CASP3 KO"
307,"Global random","p53_ON__CASP3_OFF",0.144,"CELL_CYCLE_ARREST","Active p53 E1 + CASP3 KO"
509,"Global random","p53_ON__CASP3_OFF",0.18,"CELL_CYCLE_ARREST","Active p53 E1 + CASP3 KO"
811,"Global random","p53_ON__CASP3_OFF",0.154,"CELL_CYCLE_ARREST","Active p53 E1 + CASP3 KO"
101,"Resistant-local","p53_ON__CASP3_OFF",0.01,"CELL_CYCLE_ARREST","Active p53 E1 + CASP3 KO"
204,"Resistant-local","p53_ON__CASP3_OFF",0.014,"CELL_CYCLE_ARREST","Active p53 E1 + CASP3 KO"
307,"Resistant-local","p53_ON__CASP3_OFF",0.038,"CELL_CYCLE_ARREST","Active p53 E1 + CASP3 KO"
509,"Resistant-local","p53_ON__CASP3_OFF",0.012,"CELL_CYCLE_ARREST","Active p53 E1 + CASP3 KO"
811,"Resistant-local","p53_ON__CASP3_OFF",0.024,"CELL_CYCLE_ARREST","Active p53 E1 + CASP3 KO"
101,"Global random","p53_ON__miR204_ON__CASP3_OFF__p21_ON",1,"CELL_CYCLE_ARREST","p53 E1 + miR-204-5p E1 + CASP3 KO + p21 E1"
204,"Global random","p53_ON__miR204_ON__CASP3_OFF__p21_ON",1,"CELL_CYCLE_ARREST","p53 E1 + miR-204-5p E1 + CASP3 KO + p21 E1"
307,"Global random","p53_ON__miR204_ON__CASP3_OFF__p21_ON",1,"CELL_CYCLE_ARREST","p53 E1 + miR-204-5p E1 + CASP3 KO + p21 E1"
509,"Global random","p53_ON__miR204_ON__CASP3_OFF__p21_ON",1,"CELL_CYCLE_ARREST","p53 E1 + miR-204-5p E1 + CASP3 KO + p21 E1"
811,"Global random","p53_ON__miR204_ON__CASP3_OFF__p21_ON",1,"CELL_CYCLE_ARREST","p53 E1 + miR-204-5p E1 + CASP3 KO + p21 E1"
101,"Resistant-local","p53_ON__miR204_ON__CASP3_OFF__p21_ON",1,"CELL_CYCLE_ARREST","p53 E1 + miR-204-5p E1 + CASP3 KO + p21 E1"
204,"Resistant-local","p53_ON__miR204_ON__CASP3_OFF__p21_ON",1,"CELL_CYCLE_ARREST","p53 E1 + miR-204-5p E1 + CASP3 KO + p21 E1"
307,"Resistant-local","p53_ON__miR204_ON__CASP3_OFF__p21_ON",1,"CELL_CYCLE_ARREST","p53 E1 + miR-204-5p E1 + CASP3 KO + p21 E1"
509,"Resistant-local","p53_ON__miR204_ON__CASP3_OFF__p21_ON",1,"CELL_CYCLE_ARREST","p53 E1 + miR-204-5p E1 + CASP3 KO + p21 E1"
811,"Resistant-local","p53_ON__miR204_ON__CASP3_OFF__p21_ON",1,"CELL_CYCLE_ARREST","p53 E1 + miR-204-5p E1 + CASP3 KO + p21 E1"
101,"Global random","Reference",0.042,"CELL_CYCLE_ARREST","Reference: DDR ON, endogenous GSDME"
204,"Global random","Reference",0.032,"CELL_CYCLE_ARREST","Reference: DDR ON, endogenous GSDME"
307,"Global random","Reference",0.042,"CELL_CYCLE_ARREST","Reference: DDR ON, endogenous GSDME"
509,"Global random","Reference",0.032,"CELL_CYCLE_ARREST","Reference: DDR ON, endogenous GSDME"
811,"Global random","Reference",0.04,"CELL_CYCLE_ARREST","Reference: DDR ON, endogenous GSDME"
101,"Resistant-local","Reference",0.004,"CELL_CYCLE_ARREST","Reference: DDR ON, endogenous GSDME"
204,"Resistant-local","Reference",0,"CELL_CYCLE_ARREST","Reference: DDR ON, endogenous GSDME"
307,"Resistant-local","Reference",0,"CELL_CYCLE_ARREST","Reference: DDR ON, endogenous GSDME"
509,"Resistant-local","Reference",0.002,"CELL_CYCLE_ARREST","Reference: DDR ON, endogenous GSDME"
811,"Resistant-local","Reference",0.004,"CELL_CYCLE_ARREST","Reference: DDR ON, endogenous GSDME"
101,"Global random","SIRT1_OFF",0.072,"CELL_CYCLE_ARREST","SIRT1 KO"
204,"Global random","SIRT1_OFF",0.072,"CELL_CYCLE_ARREST","SIRT1 KO"
307,"Global random","SIRT1_OFF",0.074,"CELL_CYCLE_ARREST","SIRT1 KO"
509,"Global random","SIRT1_OFF",0.082,"CELL_CYCLE_ARREST","SIRT1 KO"
811,"Global random","SIRT1_OFF",0.084,"CELL_CYCLE_ARREST","SIRT1 KO"
101,"Resistant-local","SIRT1_OFF",0.03,"CELL_CYCLE_ARREST","SIRT1 KO"
204,"Resistant-local","SIRT1_OFF",0.042,"CELL_CYCLE_ARREST","SIRT1 KO"
307,"Resistant-local","SIRT1_OFF",0.032,"CELL_CYCLE_ARREST","SIRT1 KO"
509,"Resistant-local","SIRT1_OFF",0.014,"CELL_CYCLE_ARREST","SIRT1 KO"
811,"Resistant-local","SIRT1_OFF",0.048,"CELL_CYCLE_ARREST","SIRT1 KO"
101,"Global random","SIRT1_OFF__GSDME_OFF",0.066,"CELL_CYCLE_ARREST","SIRT1 KO + GSDME KO"
204,"Global random","SIRT1_OFF__GSDME_OFF",0.108,"CELL_CYCLE_ARREST","SIRT1 KO + GSDME KO"
307,"Global random","SIRT1_OFF__GSDME_OFF",0.074,"CELL_CYCLE_ARREST","SIRT1 KO + GSDME KO"
509,"Global random","SIRT1_OFF__GSDME_OFF",0.086,"CELL_CYCLE_ARREST","SIRT1 KO + GSDME KO"
811,"Global random","SIRT1_OFF__GSDME_OFF",0.102,"CELL_CYCLE_ARREST","SIRT1 KO + GSDME KO"
101,"Resistant-local","SIRT1_OFF__GSDME_OFF",0.032,"CELL_CYCLE_ARREST","SIRT1 KO + GSDME KO"
204,"Resistant-local","SIRT1_OFF__GSDME_OFF",0.04,"CELL_CYCLE_ARREST","SIRT1 KO + GSDME KO"
307,"Resistant-local","SIRT1_OFF__GSDME_OFF",0.024,"CELL_CYCLE_ARREST","SIRT1 KO + GSDME KO"
509,"Resistant-local","SIRT1_OFF__GSDME_OFF",0.032,"CELL_CYCLE_ARREST","SIRT1 KO + GSDME KO"
811,"Resistant-local","SIRT1_OFF__GSDME_OFF",0.034,"CELL_CYCLE_ARREST","SIRT1 KO + GSDME KO"
101,"Global random","SIRT1_OFF__GSDME_OFF__CASP3_ON",0,"CELL_CYCLE_ARREST","SIRT1 KO + GSDME KO + CASP3 E1"
204,"Global random","SIRT1_OFF__GSDME_OFF__CASP3_ON",0,"CELL_CYCLE_ARREST","SIRT1 KO + GSDME KO + CASP3 E1"
307,"Global random","SIRT1_OFF__GSDME_OFF__CASP3_ON",0,"CELL_CYCLE_ARREST","SIRT1 KO + GSDME KO + CASP3 E1"
509,"Global random","SIRT1_OFF__GSDME_OFF__CASP3_ON",0,"CELL_CYCLE_ARREST","SIRT1 KO + GSDME KO + CASP3 E1"
811,"Global random","SIRT1_OFF__GSDME_OFF__CASP3_ON",0,"CELL_CYCLE_ARREST","SIRT1 KO + GSDME KO + CASP3 E1"
101,"Resistant-local","SIRT1_OFF__GSDME_OFF__CASP3_ON",0,"CELL_CYCLE_ARREST","SIRT1 KO + GSDME KO + CASP3 E1"
204,"Resistant-local","SIRT1_OFF__GSDME_OFF__CASP3_ON",0,"CELL_CYCLE_ARREST","SIRT1 KO + GSDME KO + CASP3 E1"
307,"Resistant-local","SIRT1_OFF__GSDME_OFF__CASP3_ON",0,"CELL_CYCLE_ARREST","SIRT1 KO + GSDME KO + CASP3 E1"
509,"Resistant-local","SIRT1_OFF__GSDME_OFF__CASP3_ON",0,"CELL_CYCLE_ARREST","SIRT1 KO + GSDME KO + CASP3 E1"
811,"Resistant-local","SIRT1_OFF__GSDME_OFF__CASP3_ON",0,"CELL_CYCLE_ARREST","SIRT1 KO + GSDME KO + CASP3 E1"
101,"Global random","SIRT1_OFF__p53_OFF",0,"CELL_CYCLE_ARREST","SIRT1 KO + active p53 KO"
204,"Global random","SIRT1_OFF__p53_OFF",0,"CELL_CYCLE_ARREST","SIRT1 KO + active p53 KO"
307,"Global random","SIRT1_OFF__p53_OFF",0,"CELL_CYCLE_ARREST","SIRT1 KO + active p53 KO"
509,"Global random","SIRT1_OFF__p53_OFF",0,"CELL_CYCLE_ARREST","SIRT1 KO + active p53 KO"
811,"Global random","SIRT1_OFF__p53_OFF",0,"CELL_CYCLE_ARREST","SIRT1 KO + active p53 KO"
101,"Resistant-local","SIRT1_OFF__p53_OFF",0,"CELL_CYCLE_ARREST","SIRT1 KO + active p53 KO"
204,"Resistant-local","SIRT1_OFF__p53_OFF",0,"CELL_CYCLE_ARREST","SIRT1 KO + active p53 KO"
307,"Resistant-local","SIRT1_OFF__p53_OFF",0,"CELL_CYCLE_ARREST","SIRT1 KO + active p53 KO"
509,"Resistant-local","SIRT1_OFF__p53_OFF",0,"CELL_CYCLE_ARREST","SIRT1 KO + active p53 KO"
811,"Resistant-local","SIRT1_OFF__p53_OFF",0,"CELL_CYCLE_ARREST","SIRT1 KO + active p53 KO"
101,"Global random","SIRT1_ON",0,"CELL_CYCLE_ARREST","SIRT1 E1"
204,"Global random","SIRT1_ON",0,"CELL_CYCLE_ARREST","SIRT1 E1"
307,"Global random","SIRT1_ON",0,"CELL_CYCLE_ARREST","SIRT1 E1"
509,"Global random","SIRT1_ON",0,"CELL_CYCLE_ARREST","SIRT1 E1"
811,"Global random","SIRT1_ON",0,"CELL_CYCLE_ARREST","SIRT1 E1"
101,"Resistant-local","SIRT1_ON",0,"CELL_CYCLE_ARREST","SIRT1 E1"
204,"Resistant-local","SIRT1_ON",0,"CELL_CYCLE_ARREST","SIRT1 E1"
307,"Resistant-local","SIRT1_ON",0,"CELL_CYCLE_ARREST","SIRT1 E1"
509,"Resistant-local","SIRT1_ON",0,"CELL_CYCLE_ARREST","SIRT1 E1"
811,"Resistant-local","SIRT1_ON",0,"CELL_CYCLE_ARREST","SIRT1 E1"
