"seed","initialisation","condition","fate","count","frequency","condition_label"
101,"Global random","BAX_ON","Apoptosis",0,0,"BAX E1"
101,"Global random","BAX_ON","Cell-cycle arrest",6,0.012,"BAX E1"
101,"Global random","BAX_ON","Other",0,0,"BAX E1"
101,"Global random","BAX_ON","Proliferation",0,0,"BAX E1"
101,"Global random","BAX_ON","Pyroptosis",25,0.05,"BAX E1"
101,"Global random","BAX_ON","Resistance",469,0.938,"BAX E1"
101,"Global random","BAX_ON__GSDME_OFF","Apoptosis",37,0.074,"BAX E1 + GSDME KO"
101,"Global random","BAX_ON__GSDME_OFF","Cell-cycle arrest",4,0.008,"BAX E1 + GSDME KO"
101,"Global random","BAX_ON__GSDME_OFF","Other",0,0,"BAX E1 + GSDME KO"
101,"Global random","BAX_ON__GSDME_OFF","Proliferation",0,0,"BAX E1 + GSDME KO"
101,"Global random","BAX_ON__GSDME_OFF","Pyroptosis",0,0,"BAX E1 + GSDME KO"
101,"Global random","BAX_ON__GSDME_OFF","Resistance",459,0.918,"BAX E1 + GSDME KO"
101,"Global random","CASP3_OFF","Apoptosis",0,0,"CASP3 KO"
101,"Global random","CASP3_OFF","Cell-cycle arrest",23,0.046,"CASP3 KO"
101,"Global random","CASP3_OFF","Other",17,0.034,"CASP3 KO"
101,"Global random","CASP3_OFF","Proliferation",0,0,"CASP3 KO"
101,"Global random","CASP3_OFF","Pyroptosis",0,0,"CASP3 KO"
101,"Global random","CASP3_OFF","Resistance",460,0.92,"CASP3 KO"
101,"Global random","CASP3_ON","Apoptosis",0,0,"CASP3 E1"
101,"Global random","CASP3_ON","Cell-cycle arrest",0,0,"CASP3 E1"
101,"Global random","CASP3_ON","Other",0,0,"CASP3 E1"
101,"Global random","CASP3_ON","Proliferation",0,0,"CASP3 E1"
101,"Global random","CASP3_ON","Pyroptosis",500,1,"CASP3 E1"
101,"Global random","CASP3_ON","Resistance",0,0,"CASP3 E1"
101,"Global random","CASP3_ON__GSDME_OFF","Apoptosis",500,1,"GSDME KO + CASP3 E1"
101,"Global random","CASP3_ON__GSDME_OFF","Cell-cycle arrest",0,0,"GSDME KO + CASP3 E1"
101,"Global random","CASP3_ON__GSDME_OFF","Other",0,0,"GSDME KO + CASP3 E1"
101,"Global random","CASP3_ON__GSDME_OFF","Proliferation",0,0,"GSDME KO + CASP3 E1"
101,"Global random","CASP3_ON__GSDME_OFF","Pyroptosis",0,0,"GSDME KO + CASP3 E1"
101,"Global random","CASP3_ON__GSDME_OFF","Resistance",0,0,"GSDME KO + CASP3 E1"
101,"Global random","GSDME_OFF","Apoptosis",20,0.04,"GSDME KO"
101,"Global random","GSDME_OFF","Cell-cycle arrest",18,0.036,"GSDME KO"
101,"Global random","GSDME_OFF","Other",0,0,"GSDME KO"
101,"Global random","GSDME_OFF","Proliferation",0,0,"GSDME KO"
101,"Global random","GSDME_OFF","Pyroptosis",0,0,"GSDME KO"
101,"Global random","GSDME_OFF","Resistance",462,0.924,"GSDME KO"
101,"Global random","GSDME_ON","Apoptosis",0,0,"GSDME E1 (Boolean DFNA5 ON)"
101,"Global random","GSDME_ON","Cell-cycle arrest",0,0,"GSDME E1 (Boolean DFNA5 ON)"
101,"Global random","GSDME_ON","Other",0,0,"GSDME E1 (Boolean DFNA5 ON)"
101,"Global random","GSDME_ON","Proliferation",0,0,"GSDME E1 (Boolean DFNA5 ON)"
101,"Global random","GSDME_ON","Pyroptosis",500,1,"GSDME E1 (Boolean DFNA5 ON)"
101,"Global random","GSDME_ON","Resistance",0,0,"GSDME E1 (Boolean DFNA5 ON)"
101,"Global random","GSDME_ON__CASP3_ON","Apoptosis",0,0,"GSDME E1 + CASP3 E1"
101,"Global random","GSDME_ON__CASP3_ON","Cell-cycle arrest",0,0,"GSDME E1 + CASP3 E1"
101,"Global random","GSDME_ON__CASP3_ON","Other",0,0,"GSDME E1 + CASP3 E1"
101,"Global random","GSDME_ON__CASP3_ON","Proliferation",0,0,"GSDME E1 + CASP3 E1"
101,"Global random","GSDME_ON__CASP3_ON","Pyroptosis",500,1,"GSDME E1 + CASP3 E1"
101,"Global random","GSDME_ON__CASP3_ON","Resistance",0,0,"GSDME E1 + CASP3 E1"
101,"Global random","MALAT1_OFF","Apoptosis",0,0,"MALAT1 KO"
101,"Global random","MALAT1_OFF","Cell-cycle arrest",29,0.058,"MALAT1 KO"
101,"Global random","MALAT1_OFF","Other",0,0,"MALAT1 KO"
101,"Global random","MALAT1_OFF","Proliferation",0,0,"MALAT1 KO"
101,"Global random","MALAT1_OFF","Pyroptosis",38,0.076,"MALAT1 KO"
101,"Global random","MALAT1_OFF","Resistance",433,0.866,"MALAT1 KO"
101,"Global random","MALAT1_OFF__GSDME_OFF","Apoptosis",43,0.086,"MALAT1 KO + GSDME KO"
101,"Global random","MALAT1_OFF__GSDME_OFF","Cell-cycle arrest",33,0.066,"MALAT1 KO + GSDME KO"
101,"Global random","MALAT1_OFF__GSDME_OFF","Other",0,0,"MALAT1 KO + GSDME KO"
101,"Global random","MALAT1_OFF__GSDME_OFF","Proliferation",0,0,"MALAT1 KO + GSDME KO"
101,"Global random","MALAT1_OFF__GSDME_OFF","Pyroptosis",0,0,"MALAT1 KO + GSDME KO"
101,"Global random","MALAT1_OFF__GSDME_OFF","Resistance",424,0.848,"MALAT1 KO + GSDME KO"
101,"Global random","MALAT1_OFF__miR204_OFF","Apoptosis",0,0,"MALAT1 KO + miR-204-5p KO"
101,"Global random","MALAT1_OFF__miR204_OFF","Cell-cycle arrest",0,0,"MALAT1 KO + miR-204-5p KO"
101,"Global random","MALAT1_OFF__miR204_OFF","Other",0,0,"MALAT1 KO + miR-204-5p KO"
101,"Global random","MALAT1_OFF__miR204_OFF","Proliferation",0,0,"MALAT1 KO + miR-204-5p KO"
101,"Global random","MALAT1_OFF__miR204_OFF","Pyroptosis",0,0,"MALAT1 KO + miR-204-5p KO"
101,"Global random","MALAT1_OFF__miR204_OFF","Resistance",500,1,"MALAT1 KO + miR-204-5p KO"
101,"Global random","MALAT1_OFF__SIRT1_ON","Apoptosis",0,0,"MALAT1 KO + SIRT1 rescue"
101,"Global random","MALAT1_OFF__SIRT1_ON","Cell-cycle arrest",0,0,"MALAT1 KO + SIRT1 rescue"
101,"Global random","MALAT1_OFF__SIRT1_ON","Other",0,0,"MALAT1 KO + SIRT1 rescue"
101,"Global random","MALAT1_OFF__SIRT1_ON","Proliferation",0,0,"MALAT1 KO + SIRT1 rescue"
101,"Global random","MALAT1_OFF__SIRT1_ON","Pyroptosis",0,0,"MALAT1 KO + SIRT1 rescue"
101,"Global random","MALAT1_OFF__SIRT1_ON","Resistance",500,1,"MALAT1 KO + SIRT1 rescue"
101,"Global random","MALAT1_ON__miR204_OFF__SIRT1_ON","Apoptosis",0,0,"MALAT1 E1 + miR-204-5p KO + SIRT1 E1"
101,"Global random","MALAT1_ON__miR204_OFF__SIRT1_ON","Cell-cycle arrest",0,0,"MALAT1 E1 + miR-204-5p KO + SIRT1 E1"
101,"Global random","MALAT1_ON__miR204_OFF__SIRT1_ON","Other",0,0,"MALAT1 E1 + miR-204-5p KO + SIRT1 E1"
101,"Global random","MALAT1_ON__miR204_OFF__SIRT1_ON","Proliferation",0,0,"MALAT1 E1 + miR-204-5p KO + SIRT1 E1"
101,"Global random","MALAT1_ON__miR204_OFF__SIRT1_ON","Pyroptosis",0,0,"MALAT1 E1 + miR-204-5p KO + SIRT1 E1"
101,"Global random","MALAT1_ON__miR204_OFF__SIRT1_ON","Resistance",500,1,"MALAT1 E1 + miR-204-5p KO + SIRT1 E1"
101,"Global random","miR204_OFF","Apoptosis",0,0,"miR-204-5p KO"
101,"Global random","miR204_OFF","Cell-cycle arrest",0,0,"miR-204-5p KO"
101,"Global random","miR204_OFF","Other",0,0,"miR-204-5p KO"
101,"Global random","miR204_OFF","Proliferation",0,0,"miR-204-5p KO"
101,"Global random","miR204_OFF","Pyroptosis",0,0,"miR-204-5p KO"
101,"Global random","miR204_OFF","Resistance",500,1,"miR-204-5p KO"
101,"Global random","miR204_ON","Apoptosis",0,0,"miR-204-5p E1"
101,"Global random","miR204_ON","Cell-cycle arrest",263,0.526,"miR-204-5p E1"
101,"Global random","miR204_ON","Other",0,0,"miR-204-5p E1"
101,"Global random","miR204_ON","Proliferation",0,0,"miR-204-5p E1"
101,"Global random","miR204_ON","Pyroptosis",237,0.474,"miR-204-5p E1"
101,"Global random","miR204_ON","Resistance",0,0,"miR-204-5p E1"
101,"Global random","miR204_ON__CASP3_OFF","Apoptosis",0,0,"miR-204-5p E1 + CASP3 KO"
101,"Global random","miR204_ON__CASP3_OFF","Cell-cycle arrest",252,0.504,"miR-204-5p E1 + CASP3 KO"
101,"Global random","miR204_ON__CASP3_OFF","Other",248,0.496,"miR-204-5p E1 + CASP3 KO"
101,"Global random","miR204_ON__CASP3_OFF","Proliferation",0,0,"miR-204-5p E1 + CASP3 KO"
101,"Global random","miR204_ON__CASP3_OFF","Pyroptosis",0,0,"miR-204-5p E1 + CASP3 KO"
101,"Global random","miR204_ON__CASP3_OFF","Resistance",0,0,"miR-204-5p E1 + CASP3 KO"
101,"Global random","miR204_ON__GSDME_OFF","Apoptosis",264,0.528,"miR-204-5p E1 + GSDME KO"
101,"Global random","miR204_ON__GSDME_OFF","Cell-cycle arrest",236,0.472,"miR-204-5p E1 + GSDME KO"
101,"Global random","miR204_ON__GSDME_OFF","Other",0,0,"miR-204-5p E1 + GSDME KO"
101,"Global random","miR204_ON__GSDME_OFF","Proliferation",0,0,"miR-204-5p E1 + GSDME KO"
101,"Global random","miR204_ON__GSDME_OFF","Pyroptosis",0,0,"miR-204-5p E1 + GSDME KO"
101,"Global random","miR204_ON__GSDME_OFF","Resistance",0,0,"miR-204-5p E1 + GSDME KO"
101,"Global random","miR204_ON__SIRT1_ON","Apoptosis",0,0,"miR-204-5p E1 + SIRT1 rescue"
101,"Global random","miR204_ON__SIRT1_ON","Cell-cycle arrest",0,0,"miR-204-5p E1 + SIRT1 rescue"
101,"Global random","miR204_ON__SIRT1_ON","Other",500,1,"miR-204-5p E1 + SIRT1 rescue"
101,"Global random","miR204_ON__SIRT1_ON","Proliferation",0,0,"miR-204-5p E1 + SIRT1 rescue"
101,"Global random","miR204_ON__SIRT1_ON","Pyroptosis",0,0,"miR-204-5p E1 + SIRT1 rescue"
101,"Global random","miR204_ON__SIRT1_ON","Resistance",0,0,"miR-204-5p E1 + SIRT1 rescue"
101,"Global random","p53_OFF","Apoptosis",0,0,"Active p53 KO"
101,"Global random","p53_OFF","Cell-cycle arrest",0,0,"Active p53 KO"
101,"Global random","p53_OFF","Other",0,0,"Active p53 KO"
101,"Global random","p53_OFF","Proliferation",0,0,"Active p53 KO"
101,"Global random","p53_OFF","Pyroptosis",0,0,"Active p53 KO"
101,"Global random","p53_OFF","Resistance",500,1,"Active p53 KO"
101,"Global random","p53_ON","Apoptosis",0,0,"Active p53 E1"
101,"Global random","p53_ON","Cell-cycle arrest",83,0.166,"Active p53 E1"
101,"Global random","p53_ON","Other",0,0,"Active p53 E1"
101,"Global random","p53_ON","Proliferation",0,0,"Active p53 E1"
101,"Global random","p53_ON","Pyroptosis",131,0.262,"Active p53 E1"
101,"Global random","p53_ON","Resistance",286,0.572,"Active p53 E1"
101,"Global random","p53_ON__CASP3_OFF","Apoptosis",0,0,"Active p53 E1 + CASP3 KO"
101,"Global random","p53_ON__CASP3_OFF","Cell-cycle arrest",91,0.182,"Active p53 E1 + CASP3 KO"
101,"Global random","p53_ON__CASP3_OFF","Other",130,0.26,"Active p53 E1 + CASP3 KO"
101,"Global random","p53_ON__CASP3_OFF","Proliferation",0,0,"Active p53 E1 + CASP3 KO"
101,"Global random","p53_ON__CASP3_OFF","Pyroptosis",0,0,"Active p53 E1 + CASP3 KO"
101,"Global random","p53_ON__CASP3_OFF","Resistance",279,0.558,"Active p53 E1 + CASP3 KO"
101,"Global random","p53_ON__miR204_ON__CASP3_OFF__p21_ON","Apoptosis",0,0,"p53 E1 + miR-204-5p E1 + CASP3 KO + p21 E1"
101,"Global random","p53_ON__miR204_ON__CASP3_OFF__p21_ON","Cell-cycle arrest",500,1,"p53 E1 + miR-204-5p E1 + CASP3 KO + p21 E1"
101,"Global random","p53_ON__miR204_ON__CASP3_OFF__p21_ON","Other",0,0,"p53 E1 + miR-204-5p E1 + CASP3 KO + p21 E1"
101,"Global random","p53_ON__miR204_ON__CASP3_OFF__p21_ON","Proliferation",0,0,"p53 E1 + miR-204-5p E1 + CASP3 KO + p21 E1"
101,"Global random","p53_ON__miR204_ON__CASP3_OFF__p21_ON","Pyroptosis",0,0,"p53 E1 + miR-204-5p E1 + CASP3 KO + p21 E1"
101,"Global random","p53_ON__miR204_ON__CASP3_OFF__p21_ON","Resistance",0,0,"p53 E1 + miR-204-5p E1 + CASP3 KO + p21 E1"
101,"Global random","Reference","Apoptosis",0,0,"Reference: DDR ON, endogenous GSDME"
101,"Global random","Reference","Cell-cycle arrest",21,0.042,"Reference: DDR ON, endogenous GSDME"
101,"Global random","Reference","Other",0,0,"Reference: DDR ON, endogenous GSDME"
101,"Global random","Reference","Proliferation",0,0,"Reference: DDR ON, endogenous GSDME"
101,"Global random","Reference","Pyroptosis",16,0.032,"Reference: DDR ON, endogenous GSDME"
101,"Global random","Reference","Resistance",463,0.926,"Reference: DDR ON, endogenous GSDME"
101,"Global random","SIRT1_OFF","Apoptosis",0,0,"SIRT1 KO"
101,"Global random","SIRT1_OFF","Cell-cycle arrest",36,0.072,"SIRT1 KO"
101,"Global random","SIRT1_OFF","Other",0,0,"SIRT1 KO"
101,"Global random","SIRT1_OFF","Proliferation",0,0,"SIRT1 KO"
101,"Global random","SIRT1_OFF","Pyroptosis",464,0.928,"SIRT1 KO"
101,"Global random","SIRT1_OFF","Resistance",0,0,"SIRT1 KO"
101,"Global random","SIRT1_OFF__GSDME_OFF","Apoptosis",466,0.932,"SIRT1 KO + GSDME KO"
101,"Global random","SIRT1_OFF__GSDME_OFF","Cell-cycle arrest",33,0.066,"SIRT1 KO + GSDME KO"
101,"Global random","SIRT1_OFF__GSDME_OFF","Other",1,0.002,"SIRT1 KO + GSDME KO"
101,"Global random","SIRT1_OFF__GSDME_OFF","Proliferation",0,0,"SIRT1 KO + GSDME KO"
101,"Global random","SIRT1_OFF__GSDME_OFF","Pyroptosis",0,0,"SIRT1 KO + GSDME KO"
101,"Global random","SIRT1_OFF__GSDME_OFF","Resistance",0,0,"SIRT1 KO + GSDME KO"
101,"Global random","SIRT1_OFF__GSDME_OFF__CASP3_ON","Apoptosis",500,1,"SIRT1 KO + GSDME KO + CASP3 E1"
101,"Global random","SIRT1_OFF__GSDME_OFF__CASP3_ON","Cell-cycle arrest",0,0,"SIRT1 KO + GSDME KO + CASP3 E1"
101,"Global random","SIRT1_OFF__GSDME_OFF__CASP3_ON","Other",0,0,"SIRT1 KO + GSDME KO + CASP3 E1"
101,"Global random","SIRT1_OFF__GSDME_OFF__CASP3_ON","Proliferation",0,0,"SIRT1 KO + GSDME KO + CASP3 E1"
101,"Global random","SIRT1_OFF__GSDME_OFF__CASP3_ON","Pyroptosis",0,0,"SIRT1 KO + GSDME KO + CASP3 E1"
101,"Global random","SIRT1_OFF__GSDME_OFF__CASP3_ON","Resistance",0,0,"SIRT1 KO + GSDME KO + CASP3 E1"
101,"Global random","SIRT1_OFF__p53_OFF","Apoptosis",0,0,"SIRT1 KO + active p53 KO"
101,"Global random","SIRT1_OFF__p53_OFF","Cell-cycle arrest",0,0,"SIRT1 KO + active p53 KO"
101,"Global random","SIRT1_OFF__p53_OFF","Other",0,0,"SIRT1 KO + active p53 KO"
101,"Global random","SIRT1_OFF__p53_OFF","Proliferation",0,0,"SIRT1 KO + active p53 KO"
101,"Global random","SIRT1_OFF__p53_OFF","Pyroptosis",0,0,"SIRT1 KO + active p53 KO"
101,"Global random","SIRT1_OFF__p53_OFF","Resistance",500,1,"SIRT1 KO + active p53 KO"
101,"Global random","SIRT1_ON","Apoptosis",0,0,"SIRT1 E1"
101,"Global random","SIRT1_ON","Cell-cycle arrest",0,0,"SIRT1 E1"
101,"Global random","SIRT1_ON","Other",0,0,"SIRT1 E1"
101,"Global random","SIRT1_ON","Proliferation",0,0,"SIRT1 E1"
101,"Global random","SIRT1_ON","Pyroptosis",0,0,"SIRT1 E1"
101,"Global random","SIRT1_ON","Resistance",500,1,"SIRT1 E1"
101,"Resistant-local","BAX_ON","Apoptosis",0,0,"BAX E1"
101,"Resistant-local","BAX_ON","Cell-cycle arrest",1,0.002,"BAX E1"
101,"Resistant-local","BAX_ON","Other",0,0,"BAX E1"
101,"Resistant-local","BAX_ON","Proliferation",0,0,"BAX E1"
101,"Resistant-local","BAX_ON","Pyroptosis",3,0.006,"BAX E1"
101,"Resistant-local","BAX_ON","Resistance",496,0.992,"BAX E1"
101,"Resistant-local","BAX_ON__GSDME_OFF","Apoptosis",3,0.006,"BAX E1 + GSDME KO"
101,"Resistant-local","BAX_ON__GSDME_OFF","Cell-cycle arrest",0,0,"BAX E1 + GSDME KO"
101,"Resistant-local","BAX_ON__GSDME_OFF","Other",0,0,"BAX E1 + GSDME KO"
101,"Resistant-local","BAX_ON__GSDME_OFF","Proliferation",0,0,"BAX E1 + GSDME KO"
101,"Resistant-local","BAX_ON__GSDME_OFF","Pyroptosis",0,0,"BAX E1 + GSDME KO"
101,"Resistant-local","BAX_ON__GSDME_OFF","Resistance",497,0.994,"BAX E1 + GSDME KO"
101,"Resistant-local","CASP3_OFF","Apoptosis",0,0,"CASP3 KO"
101,"Resistant-local","CASP3_OFF","Cell-cycle arrest",2,0.004,"CASP3 KO"
101,"Resistant-local","CASP3_OFF","Other",1,0.002,"CASP3 KO"
101,"Resistant-local","CASP3_OFF","Proliferation",0,0,"CASP3 KO"
101,"Resistant-local","CASP3_OFF","Pyroptosis",0,0,"CASP3 KO"
101,"Resistant-local","CASP3_OFF","Resistance",497,0.994,"CASP3 KO"
101,"Resistant-local","CASP3_ON","Apoptosis",0,0,"CASP3 E1"
101,"Resistant-local","CASP3_ON","Cell-cycle arrest",0,0,"CASP3 E1"
101,"Resistant-local","CASP3_ON","Other",0,0,"CASP3 E1"
101,"Resistant-local","CASP3_ON","Proliferation",0,0,"CASP3 E1"
101,"Resistant-local","CASP3_ON","Pyroptosis",500,1,"CASP3 E1"
101,"Resistant-local","CASP3_ON","Resistance",0,0,"CASP3 E1"
101,"Resistant-local","CASP3_ON__GSDME_OFF","Apoptosis",500,1,"GSDME KO + CASP3 E1"
101,"Resistant-local","CASP3_ON__GSDME_OFF","Cell-cycle arrest",0,0,"GSDME KO + CASP3 E1"
101,"Resistant-local","CASP3_ON__GSDME_OFF","Other",0,0,"GSDME KO + CASP3 E1"
101,"Resistant-local","CASP3_ON__GSDME_OFF","Proliferation",0,0,"GSDME KO + CASP3 E1"
101,"Resistant-local","CASP3_ON__GSDME_OFF","Pyroptosis",0,0,"GSDME KO + CASP3 E1"
101,"Resistant-local","CASP3_ON__GSDME_OFF","Resistance",0,0,"GSDME KO + CASP3 E1"
101,"Resistant-local","GSDME_OFF","Apoptosis",1,0.002,"GSDME KO"
101,"Resistant-local","GSDME_OFF","Cell-cycle arrest",2,0.004,"GSDME KO"
101,"Resistant-local","GSDME_OFF","Other",0,0,"GSDME KO"
101,"Resistant-local","GSDME_OFF","Proliferation",0,0,"GSDME KO"
101,"Resistant-local","GSDME_OFF","Pyroptosis",0,0,"GSDME KO"
101,"Resistant-local","GSDME_OFF","Resistance",497,0.994,"GSDME KO"
101,"Resistant-local","GSDME_ON","Apoptosis",0,0,"GSDME E1 (Boolean DFNA5 ON)"
101,"Resistant-local","GSDME_ON","Cell-cycle arrest",0,0,"GSDME E1 (Boolean DFNA5 ON)"
101,"Resistant-local","GSDME_ON","Other",0,0,"GSDME E1 (Boolean DFNA5 ON)"
101,"Resistant-local","GSDME_ON","Proliferation",0,0,"GSDME E1 (Boolean DFNA5 ON)"
101,"Resistant-local","GSDME_ON","Pyroptosis",500,1,"GSDME E1 (Boolean DFNA5 ON)"
101,"Resistant-local","GSDME_ON","Resistance",0,0,"GSDME E1 (Boolean DFNA5 ON)"
101,"Resistant-local","GSDME_ON__CASP3_ON","Apoptosis",0,0,"GSDME E1 + CASP3 E1"
101,"Resistant-local","GSDME_ON__CASP3_ON","Cell-cycle arrest",0,0,"GSDME E1 + CASP3 E1"
101,"Resistant-local","GSDME_ON__CASP3_ON","Other",0,0,"GSDME E1 + CASP3 E1"
101,"Resistant-local","GSDME_ON__CASP3_ON","Proliferation",0,0,"GSDME E1 + CASP3 E1"
101,"Resistant-local","GSDME_ON__CASP3_ON","Pyroptosis",500,1,"GSDME E1 + CASP3 E1"
101,"Resistant-local","GSDME_ON__CASP3_ON","Resistance",0,0,"GSDME E1 + CASP3 E1"
101,"Resistant-local","MALAT1_OFF","Apoptosis",0,0,"MALAT1 KO"
101,"Resistant-local","MALAT1_OFF","Cell-cycle arrest",4,0.008,"MALAT1 KO"
101,"Resistant-local","MALAT1_OFF","Other",0,0,"MALAT1 KO"
101,"Resistant-local","MALAT1_OFF","Proliferation",0,0,"MALAT1 KO"
101,"Resistant-local","MALAT1_OFF","Pyroptosis",4,0.008,"MALAT1 KO"
101,"Resistant-local","MALAT1_OFF","Resistance",492,0.984,"MALAT1 KO"
101,"Resistant-local","MALAT1_OFF__GSDME_OFF","Apoptosis",4,0.008,"MALAT1 KO + GSDME KO"
101,"Resistant-local","MALAT1_OFF__GSDME_OFF","Cell-cycle arrest",4,0.008,"MALAT1 KO + GSDME KO"
101,"Resistant-local","MALAT1_OFF__GSDME_OFF","Other",0,0,"MALAT1 KO + GSDME KO"
101,"Resistant-local","MALAT1_OFF__GSDME_OFF","Proliferation",0,0,"MALAT1 KO + GSDME KO"
101,"Resistant-local","MALAT1_OFF__GSDME_OFF","Pyroptosis",0,0,"MALAT1 KO + GSDME KO"
101,"Resistant-local","MALAT1_OFF__GSDME_OFF","Resistance",492,0.984,"MALAT1 KO + GSDME KO"
101,"Resistant-local","MALAT1_OFF__miR204_OFF","Apoptosis",0,0,"MALAT1 KO + miR-204-5p KO"
101,"Resistant-local","MALAT1_OFF__miR204_OFF","Cell-cycle arrest",0,0,"MALAT1 KO + miR-204-5p KO"
101,"Resistant-local","MALAT1_OFF__miR204_OFF","Other",0,0,"MALAT1 KO + miR-204-5p KO"
101,"Resistant-local","MALAT1_OFF__miR204_OFF","Proliferation",0,0,"MALAT1 KO + miR-204-5p KO"
101,"Resistant-local","MALAT1_OFF__miR204_OFF","Pyroptosis",0,0,"MALAT1 KO + miR-204-5p KO"
101,"Resistant-local","MALAT1_OFF__miR204_OFF","Resistance",500,1,"MALAT1 KO + miR-204-5p KO"
101,"Resistant-local","MALAT1_OFF__SIRT1_ON","Apoptosis",0,0,"MALAT1 KO + SIRT1 rescue"
101,"Resistant-local","MALAT1_OFF__SIRT1_ON","Cell-cycle arrest",0,0,"MALAT1 KO + SIRT1 rescue"
101,"Resistant-local","MALAT1_OFF__SIRT1_ON","Other",0,0,"MALAT1 KO + SIRT1 rescue"
101,"Resistant-local","MALAT1_OFF__SIRT1_ON","Proliferation",0,0,"MALAT1 KO + SIRT1 rescue"
101,"Resistant-local","MALAT1_OFF__SIRT1_ON","Pyroptosis",0,0,"MALAT1 KO + SIRT1 rescue"
101,"Resistant-local","MALAT1_OFF__SIRT1_ON","Resistance",500,1,"MALAT1 KO + SIRT1 rescue"
101,"Resistant-local","MALAT1_ON__miR204_OFF__SIRT1_ON","Apoptosis",0,0,"MALAT1 E1 + miR-204-5p KO + SIRT1 E1"
101,"Resistant-local","MALAT1_ON__miR204_OFF__SIRT1_ON","Cell-cycle arrest",0,0,"MALAT1 E1 + miR-204-5p KO + SIRT1 E1"
101,"Resistant-local","MALAT1_ON__miR204_OFF__SIRT1_ON","Other",0,0,"MALAT1 E1 + miR-204-5p KO + SIRT1 E1"
101,"Resistant-local","MALAT1_ON__miR204_OFF__SIRT1_ON","Proliferation",0,0,"MALAT1 E1 + miR-204-5p KO + SIRT1 E1"
101,"Resistant-local","MALAT1_ON__miR204_OFF__SIRT1_ON","Pyroptosis",0,0,"MALAT1 E1 + miR-204-5p KO + SIRT1 E1"
101,"Resistant-local","MALAT1_ON__miR204_OFF__SIRT1_ON","Resistance",500,1,"MALAT1 E1 + miR-204-5p KO + SIRT1 E1"
101,"Resistant-local","miR204_OFF","Apoptosis",0,0,"miR-204-5p KO"
101,"Resistant-local","miR204_OFF","Cell-cycle arrest",0,0,"miR-204-5p KO"
101,"Resistant-local","miR204_OFF","Other",0,0,"miR-204-5p KO"
101,"Resistant-local","miR204_OFF","Proliferation",0,0,"miR-204-5p KO"
101,"Resistant-local","miR204_OFF","Pyroptosis",0,0,"miR-204-5p KO"
101,"Resistant-local","miR204_OFF","Resistance",500,1,"miR-204-5p KO"
101,"Resistant-local","miR204_ON","Apoptosis",0,0,"miR-204-5p E1"
101,"Resistant-local","miR204_ON","Cell-cycle arrest",220,0.44,"miR-204-5p E1"
101,"Resistant-local","miR204_ON","Other",0,0,"miR-204-5p E1"
101,"Resistant-local","miR204_ON","Proliferation",0,0,"miR-204-5p E1"
101,"Resistant-local","miR204_ON","Pyroptosis",280,0.56,"miR-204-5p E1"
101,"Resistant-local","miR204_ON","Resistance",0,0,"miR-204-5p E1"
101,"Resistant-local","miR204_ON__CASP3_OFF","Apoptosis",0,0,"miR-204-5p E1 + CASP3 KO"
101,"Resistant-local","miR204_ON__CASP3_OFF","Cell-cycle arrest",234,0.468,"miR-204-5p E1 + CASP3 KO"
101,"Resistant-local","miR204_ON__CASP3_OFF","Other",266,0.532,"miR-204-5p E1 + CASP3 KO"
101,"Resistant-local","miR204_ON__CASP3_OFF","Proliferation",0,0,"miR-204-5p E1 + CASP3 KO"
101,"Resistant-local","miR204_ON__CASP3_OFF","Pyroptosis",0,0,"miR-204-5p E1 + CASP3 KO"
101,"Resistant-local","miR204_ON__CASP3_OFF","Resistance",0,0,"miR-204-5p E1 + CASP3 KO"
101,"Resistant-local","miR204_ON__GSDME_OFF","Apoptosis",276,0.552,"miR-204-5p E1 + GSDME KO"
101,"Resistant-local","miR204_ON__GSDME_OFF","Cell-cycle arrest",224,0.448,"miR-204-5p E1 + GSDME KO"
101,"Resistant-local","miR204_ON__GSDME_OFF","Other",0,0,"miR-204-5p E1 + GSDME KO"
101,"Resistant-local","miR204_ON__GSDME_OFF","Proliferation",0,0,"miR-204-5p E1 + GSDME KO"
101,"Resistant-local","miR204_ON__GSDME_OFF","Pyroptosis",0,0,"miR-204-5p E1 + GSDME KO"
101,"Resistant-local","miR204_ON__GSDME_OFF","Resistance",0,0,"miR-204-5p E1 + GSDME KO"
101,"Resistant-local","miR204_ON__SIRT1_ON","Apoptosis",0,0,"miR-204-5p E1 + SIRT1 rescue"
101,"Resistant-local","miR204_ON__SIRT1_ON","Cell-cycle arrest",0,0,"miR-204-5p E1 + SIRT1 rescue"
101,"Resistant-local","miR204_ON__SIRT1_ON","Other",500,1,"miR-204-5p E1 + SIRT1 rescue"
101,"Resistant-local","miR204_ON__SIRT1_ON","Proliferation",0,0,"miR-204-5p E1 + SIRT1 rescue"
101,"Resistant-local","miR204_ON__SIRT1_ON","Pyroptosis",0,0,"miR-204-5p E1 + SIRT1 rescue"
101,"Resistant-local","miR204_ON__SIRT1_ON","Resistance",0,0,"miR-204-5p E1 + SIRT1 rescue"
101,"Resistant-local","p53_OFF","Apoptosis",0,0,"Active p53 KO"
101,"Resistant-local","p53_OFF","Cell-cycle arrest",0,0,"Active p53 KO"
101,"Resistant-local","p53_OFF","Other",0,0,"Active p53 KO"
101,"Resistant-local","p53_OFF","Proliferation",0,0,"Active p53 KO"
101,"Resistant-local","p53_OFF","Pyroptosis",0,0,"Active p53 KO"
101,"Resistant-local","p53_OFF","Resistance",500,1,"Active p53 KO"
101,"Resistant-local","p53_ON","Apoptosis",0,0,"Active p53 E1"
101,"Resistant-local","p53_ON","Cell-cycle arrest",5,0.01,"Active p53 E1"
101,"Resistant-local","p53_ON","Other",0,0,"Active p53 E1"
101,"Resistant-local","p53_ON","Proliferation",0,0,"Active p53 E1"
101,"Resistant-local","p53_ON","Pyroptosis",14,0.028,"Active p53 E1"
101,"Resistant-local","p53_ON","Resistance",481,0.962,"Active p53 E1"
101,"Resistant-local","p53_ON__CASP3_OFF","Apoptosis",0,0,"Active p53 E1 + CASP3 KO"
101,"Resistant-local","p53_ON__CASP3_OFF","Cell-cycle arrest",5,0.01,"Active p53 E1 + CASP3 KO"
101,"Resistant-local","p53_ON__CASP3_OFF","Other",20,0.04,"Active p53 E1 + CASP3 KO"
101,"Resistant-local","p53_ON__CASP3_OFF","Proliferation",0,0,"Active p53 E1 + CASP3 KO"
101,"Resistant-local","p53_ON__CASP3_OFF","Pyroptosis",0,0,"Active p53 E1 + CASP3 KO"
101,"Resistant-local","p53_ON__CASP3_OFF","Resistance",475,0.95,"Active p53 E1 + CASP3 KO"
101,"Resistant-local","p53_ON__miR204_ON__CASP3_OFF__p21_ON","Apoptosis",0,0,"p53 E1 + miR-204-5p E1 + CASP3 KO + p21 E1"
101,"Resistant-local","p53_ON__miR204_ON__CASP3_OFF__p21_ON","Cell-cycle arrest",500,1,"p53 E1 + miR-204-5p E1 + CASP3 KO + p21 E1"
101,"Resistant-local","p53_ON__miR204_ON__CASP3_OFF__p21_ON","Other",0,0,"p53 E1 + miR-204-5p E1 + CASP3 KO + p21 E1"
101,"Resistant-local","p53_ON__miR204_ON__CASP3_OFF__p21_ON","Proliferation",0,0,"p53 E1 + miR-204-5p E1 + CASP3 KO + p21 E1"
101,"Resistant-local","p53_ON__miR204_ON__CASP3_OFF__p21_ON","Pyroptosis",0,0,"p53 E1 + miR-204-5p E1 + CASP3 KO + p21 E1"
101,"Resistant-local","p53_ON__miR204_ON__CASP3_OFF__p21_ON","Resistance",0,0,"p53 E1 + miR-204-5p E1 + CASP3 KO + p21 E1"
101,"Resistant-local","Reference","Apoptosis",0,0,"Reference: DDR ON, endogenous GSDME"
101,"Resistant-local","Reference","Cell-cycle arrest",2,0.004,"Reference: DDR ON, endogenous GSDME"
101,"Resistant-local","Reference","Other",0,0,"Reference: DDR ON, endogenous GSDME"
101,"Resistant-local","Reference","Proliferation",0,0,"Reference: DDR ON, endogenous GSDME"
101,"Resistant-local","Reference","Pyroptosis",1,0.002,"Reference: DDR ON, endogenous GSDME"
101,"Resistant-local","Reference","Resistance",497,0.994,"Reference: DDR ON, endogenous GSDME"
101,"Resistant-local","SIRT1_OFF","Apoptosis",0,0,"SIRT1 KO"
101,"Resistant-local","SIRT1_OFF","Cell-cycle arrest",15,0.03,"SIRT1 KO"
101,"Resistant-local","SIRT1_OFF","Other",1,0.002,"SIRT1 KO"
101,"Resistant-local","SIRT1_OFF","Proliferation",0,0,"SIRT1 KO"
101,"Resistant-local","SIRT1_OFF","Pyroptosis",484,0.968,"SIRT1 KO"
101,"Resistant-local","SIRT1_OFF","Resistance",0,0,"SIRT1 KO"
101,"Resistant-local","SIRT1_OFF__GSDME_OFF","Apoptosis",484,0.968,"SIRT1 KO + GSDME KO"
101,"Resistant-local","SIRT1_OFF__GSDME_OFF","Cell-cycle arrest",16,0.032,"SIRT1 KO + GSDME KO"
101,"Resistant-local","SIRT1_OFF__GSDME_OFF","Other",0,0,"SIRT1 KO + GSDME KO"
101,"Resistant-local","SIRT1_OFF__GSDME_OFF","Proliferation",0,0,"SIRT1 KO + GSDME KO"
101,"Resistant-local","SIRT1_OFF__GSDME_OFF","Pyroptosis",0,0,"SIRT1 KO + GSDME KO"
101,"Resistant-local","SIRT1_OFF__GSDME_OFF","Resistance",0,0,"SIRT1 KO + GSDME KO"
101,"Resistant-local","SIRT1_OFF__GSDME_OFF__CASP3_ON","Apoptosis",500,1,"SIRT1 KO + GSDME KO + CASP3 E1"
101,"Resistant-local","SIRT1_OFF__GSDME_OFF__CASP3_ON","Cell-cycle arrest",0,0,"SIRT1 KO + GSDME KO + CASP3 E1"
101,"Resistant-local","SIRT1_OFF__GSDME_OFF__CASP3_ON","Other",0,0,"SIRT1 KO + GSDME KO + CASP3 E1"
101,"Resistant-local","SIRT1_OFF__GSDME_OFF__CASP3_ON","Proliferation",0,0,"SIRT1 KO + GSDME KO + CASP3 E1"
101,"Resistant-local","SIRT1_OFF__GSDME_OFF__CASP3_ON","Pyroptosis",0,0,"SIRT1 KO + GSDME KO + CASP3 E1"
101,"Resistant-local","SIRT1_OFF__GSDME_OFF__CASP3_ON","Resistance",0,0,"SIRT1 KO + GSDME KO + CASP3 E1"
101,"Resistant-local","SIRT1_OFF__p53_OFF","Apoptosis",0,0,"SIRT1 KO + active p53 KO"
101,"Resistant-local","SIRT1_OFF__p53_OFF","Cell-cycle arrest",0,0,"SIRT1 KO + active p53 KO"
101,"Resistant-local","SIRT1_OFF__p53_OFF","Other",0,0,"SIRT1 KO + active p53 KO"
101,"Resistant-local","SIRT1_OFF__p53_OFF","Proliferation",0,0,"SIRT1 KO + active p53 KO"
101,"Resistant-local","SIRT1_OFF__p53_OFF","Pyroptosis",0,0,"SIRT1 KO + active p53 KO"
101,"Resistant-local","SIRT1_OFF__p53_OFF","Resistance",500,1,"SIRT1 KO + active p53 KO"
101,"Resistant-local","SIRT1_ON","Apoptosis",0,0,"SIRT1 E1"
101,"Resistant-local","SIRT1_ON","Cell-cycle arrest",0,0,"SIRT1 E1"
101,"Resistant-local","SIRT1_ON","Other",0,0,"SIRT1 E1"
101,"Resistant-local","SIRT1_ON","Proliferation",0,0,"SIRT1 E1"
101,"Resistant-local","SIRT1_ON","Pyroptosis",0,0,"SIRT1 E1"
101,"Resistant-local","SIRT1_ON","Resistance",500,1,"SIRT1 E1"
204,"Global random","BAX_ON","Apoptosis",0,0,"BAX E1"
204,"Global random","BAX_ON","Cell-cycle arrest",6,0.012,"BAX E1"
204,"Global random","BAX_ON","Other",0,0,"BAX E1"
204,"Global random","BAX_ON","Proliferation",0,0,"BAX E1"
204,"Global random","BAX_ON","Pyroptosis",41,0.082,"BAX E1"
204,"Global random","BAX_ON","Resistance",453,0.906,"BAX E1"
204,"Global random","BAX_ON__GSDME_OFF","Apoptosis",49,0.098,"BAX E1 + GSDME KO"
204,"Global random","BAX_ON__GSDME_OFF","Cell-cycle arrest",5,0.01,"BAX E1 + GSDME KO"
204,"Global random","BAX_ON__GSDME_OFF","Other",0,0,"BAX E1 + GSDME KO"
204,"Global random","BAX_ON__GSDME_OFF","Proliferation",0,0,"BAX E1 + GSDME KO"
204,"Global random","BAX_ON__GSDME_OFF","Pyroptosis",0,0,"BAX E1 + GSDME KO"
204,"Global random","BAX_ON__GSDME_OFF","Resistance",446,0.892,"BAX E1 + GSDME KO"
204,"Global random","CASP3_OFF","Apoptosis",0,0,"CASP3 KO"
204,"Global random","CASP3_OFF","Cell-cycle arrest",21,0.042,"CASP3 KO"
204,"Global random","CASP3_OFF","Other",27,0.054,"CASP3 KO"
204,"Global random","CASP3_OFF","Proliferation",0,0,"CASP3 KO"
204,"Global random","CASP3_OFF","Pyroptosis",0,0,"CASP3 KO"
204,"Global random","CASP3_OFF","Resistance",452,0.904,"CASP3 KO"
204,"Global random","CASP3_ON","Apoptosis",0,0,"CASP3 E1"
204,"Global random","CASP3_ON","Cell-cycle arrest",0,0,"CASP3 E1"
204,"Global random","CASP3_ON","Other",0,0,"CASP3 E1"
204,"Global random","CASP3_ON","Proliferation",0,0,"CASP3 E1"
204,"Global random","CASP3_ON","Pyroptosis",500,1,"CASP3 E1"
204,"Global random","CASP3_ON","Resistance",0,0,"CASP3 E1"
204,"Global random","CASP3_ON__GSDME_OFF","Apoptosis",500,1,"GSDME KO + CASP3 E1"
204,"Global random","CASP3_ON__GSDME_OFF","Cell-cycle arrest",0,0,"GSDME KO + CASP3 E1"
204,"Global random","CASP3_ON__GSDME_OFF","Other",0,0,"GSDME KO + CASP3 E1"
204,"Global random","CASP3_ON__GSDME_OFF","Proliferation",0,0,"GSDME KO + CASP3 E1"
204,"Global random","CASP3_ON__GSDME_OFF","Pyroptosis",0,0,"GSDME KO + CASP3 E1"
204,"Global random","CASP3_ON__GSDME_OFF","Resistance",0,0,"GSDME KO + CASP3 E1"
204,"Global random","GSDME_OFF","Apoptosis",31,0.062,"GSDME KO"
204,"Global random","GSDME_OFF","Cell-cycle arrest",17,0.034,"GSDME KO"
204,"Global random","GSDME_OFF","Other",0,0,"GSDME KO"
204,"Global random","GSDME_OFF","Proliferation",0,0,"GSDME KO"
204,"Global random","GSDME_OFF","Pyroptosis",0,0,"GSDME KO"
204,"Global random","GSDME_OFF","Resistance",452,0.904,"GSDME KO"
204,"Global random","GSDME_ON","Apoptosis",0,0,"GSDME E1 (Boolean DFNA5 ON)"
204,"Global random","GSDME_ON","Cell-cycle arrest",0,0,"GSDME E1 (Boolean DFNA5 ON)"
204,"Global random","GSDME_ON","Other",0,0,"GSDME E1 (Boolean DFNA5 ON)"
204,"Global random","GSDME_ON","Proliferation",0,0,"GSDME E1 (Boolean DFNA5 ON)"
204,"Global random","GSDME_ON","Pyroptosis",500,1,"GSDME E1 (Boolean DFNA5 ON)"
204,"Global random","GSDME_ON","Resistance",0,0,"GSDME E1 (Boolean DFNA5 ON)"
204,"Global random","GSDME_ON__CASP3_ON","Apoptosis",0,0,"GSDME E1 + CASP3 E1"
204,"Global random","GSDME_ON__CASP3_ON","Cell-cycle arrest",0,0,"GSDME E1 + CASP3 E1"
204,"Global random","GSDME_ON__CASP3_ON","Other",0,0,"GSDME E1 + CASP3 E1"
204,"Global random","GSDME_ON__CASP3_ON","Proliferation",0,0,"GSDME E1 + CASP3 E1"
204,"Global random","GSDME_ON__CASP3_ON","Pyroptosis",500,1,"GSDME E1 + CASP3 E1"
204,"Global random","GSDME_ON__CASP3_ON","Resistance",0,0,"GSDME E1 + CASP3 E1"
204,"Global random","MALAT1_OFF","Apoptosis",0,0,"MALAT1 KO"
204,"Global random","MALAT1_OFF","Cell-cycle arrest",41,0.082,"MALAT1 KO"
204,"Global random","MALAT1_OFF","Other",0,0,"MALAT1 KO"
204,"Global random","MALAT1_OFF","Proliferation",0,0,"MALAT1 KO"
204,"Global random","MALAT1_OFF","Pyroptosis",35,0.07,"MALAT1 KO"
204,"Global random","MALAT1_OFF","Resistance",424,0.848,"MALAT1 KO"
204,"Global random","MALAT1_OFF__GSDME_OFF","Apoptosis",42,0.084,"MALAT1 KO + GSDME KO"
204,"Global random","MALAT1_OFF__GSDME_OFF","Cell-cycle arrest",43,0.086,"MALAT1 KO + GSDME KO"
204,"Global random","MALAT1_OFF__GSDME_OFF","Other",0,0,"MALAT1 KO + GSDME KO"
204,"Global random","MALAT1_OFF__GSDME_OFF","Proliferation",0,0,"MALAT1 KO + GSDME KO"
204,"Global random","MALAT1_OFF__GSDME_OFF","Pyroptosis",0,0,"MALAT1 KO + GSDME KO"
204,"Global random","MALAT1_OFF__GSDME_OFF","Resistance",415,0.83,"MALAT1 KO + GSDME KO"
204,"Global random","MALAT1_OFF__miR204_OFF","Apoptosis",0,0,"MALAT1 KO + miR-204-5p KO"
204,"Global random","MALAT1_OFF__miR204_OFF","Cell-cycle arrest",0,0,"MALAT1 KO + miR-204-5p KO"
204,"Global random","MALAT1_OFF__miR204_OFF","Other",0,0,"MALAT1 KO + miR-204-5p KO"
204,"Global random","MALAT1_OFF__miR204_OFF","Proliferation",0,0,"MALAT1 KO + miR-204-5p KO"
204,"Global random","MALAT1_OFF__miR204_OFF","Pyroptosis",0,0,"MALAT1 KO + miR-204-5p KO"
204,"Global random","MALAT1_OFF__miR204_OFF","Resistance",500,1,"MALAT1 KO + miR-204-5p KO"
204,"Global random","MALAT1_OFF__SIRT1_ON","Apoptosis",0,0,"MALAT1 KO + SIRT1 rescue"
204,"Global random","MALAT1_OFF__SIRT1_ON","Cell-cycle arrest",0,0,"MALAT1 KO + SIRT1 rescue"
204,"Global random","MALAT1_OFF__SIRT1_ON","Other",0,0,"MALAT1 KO + SIRT1 rescue"
204,"Global random","MALAT1_OFF__SIRT1_ON","Proliferation",0,0,"MALAT1 KO + SIRT1 rescue"
204,"Global random","MALAT1_OFF__SIRT1_ON","Pyroptosis",0,0,"MALAT1 KO + SIRT1 rescue"
204,"Global random","MALAT1_OFF__SIRT1_ON","Resistance",500,1,"MALAT1 KO + SIRT1 rescue"
204,"Global random","MALAT1_ON__miR204_OFF__SIRT1_ON","Apoptosis",0,0,"MALAT1 E1 + miR-204-5p KO + SIRT1 E1"
204,"Global random","MALAT1_ON__miR204_OFF__SIRT1_ON","Cell-cycle arrest",0,0,"MALAT1 E1 + miR-204-5p KO + SIRT1 E1"
204,"Global random","MALAT1_ON__miR204_OFF__SIRT1_ON","Other",0,0,"MALAT1 E1 + miR-204-5p KO + SIRT1 E1"
204,"Global random","MALAT1_ON__miR204_OFF__SIRT1_ON","Proliferation",0,0,"MALAT1 E1 + miR-204-5p KO + SIRT1 E1"
204,"Global random","MALAT1_ON__miR204_OFF__SIRT1_ON","Pyroptosis",0,0,"MALAT1 E1 + miR-204-5p KO + SIRT1 E1"
204,"Global random","MALAT1_ON__miR204_OFF__SIRT1_ON","Resistance",500,1,"MALAT1 E1 + miR-204-5p KO + SIRT1 E1"
204,"Global random","miR204_OFF","Apoptosis",0,0,"miR-204-5p KO"
204,"Global random","miR204_OFF","Cell-cycle arrest",0,0,"miR-204-5p KO"
204,"Global random","miR204_OFF","Other",0,0,"miR-204-5p KO"
204,"Global random","miR204_OFF","Proliferation",0,0,"miR-204-5p KO"
204,"Global random","miR204_OFF","Pyroptosis",0,0,"miR-204-5p KO"
204,"Global random","miR204_OFF","Resistance",500,1,"miR-204-5p KO"
204,"Global random","miR204_ON","Apoptosis",0,0,"miR-204-5p E1"
204,"Global random","miR204_ON","Cell-cycle arrest",247,0.494,"miR-204-5p E1"
204,"Global random","miR204_ON","Other",0,0,"miR-204-5p E1"
204,"Global random","miR204_ON","Proliferation",0,0,"miR-204-5p E1"
204,"Global random","miR204_ON","Pyroptosis",253,0.506,"miR-204-5p E1"
204,"Global random","miR204_ON","Resistance",0,0,"miR-204-5p E1"
204,"Global random","miR204_ON__CASP3_OFF","Apoptosis",0,0,"miR-204-5p E1 + CASP3 KO"
204,"Global random","miR204_ON__CASP3_OFF","Cell-cycle arrest",264,0.528,"miR-204-5p E1 + CASP3 KO"
204,"Global random","miR204_ON__CASP3_OFF","Other",236,0.472,"miR-204-5p E1 + CASP3 KO"
204,"Global random","miR204_ON__CASP3_OFF","Proliferation",0,0,"miR-204-5p E1 + CASP3 KO"
204,"Global random","miR204_ON__CASP3_OFF","Pyroptosis",0,0,"miR-204-5p E1 + CASP3 KO"
204,"Global random","miR204_ON__CASP3_OFF","Resistance",0,0,"miR-204-5p E1 + CASP3 KO"
204,"Global random","miR204_ON__GSDME_OFF","Apoptosis",247,0.494,"miR-204-5p E1 + GSDME KO"
204,"Global random","miR204_ON__GSDME_OFF","Cell-cycle arrest",253,0.506,"miR-204-5p E1 + GSDME KO"
204,"Global random","miR204_ON__GSDME_OFF","Other",0,0,"miR-204-5p E1 + GSDME KO"
204,"Global random","miR204_ON__GSDME_OFF","Proliferation",0,0,"miR-204-5p E1 + GSDME KO"
204,"Global random","miR204_ON__GSDME_OFF","Pyroptosis",0,0,"miR-204-5p E1 + GSDME KO"
204,"Global random","miR204_ON__GSDME_OFF","Resistance",0,0,"miR-204-5p E1 + GSDME KO"
204,"Global random","miR204_ON__SIRT1_ON","Apoptosis",0,0,"miR-204-5p E1 + SIRT1 rescue"
204,"Global random","miR204_ON__SIRT1_ON","Cell-cycle arrest",0,0,"miR-204-5p E1 + SIRT1 rescue"
204,"Global random","miR204_ON__SIRT1_ON","Other",500,1,"miR-204-5p E1 + SIRT1 rescue"
204,"Global random","miR204_ON__SIRT1_ON","Proliferation",0,0,"miR-204-5p E1 + SIRT1 rescue"
204,"Global random","miR204_ON__SIRT1_ON","Pyroptosis",0,0,"miR-204-5p E1 + SIRT1 rescue"
204,"Global random","miR204_ON__SIRT1_ON","Resistance",0,0,"miR-204-5p E1 + SIRT1 rescue"
204,"Global random","p53_OFF","Apoptosis",0,0,"Active p53 KO"
204,"Global random","p53_OFF","Cell-cycle arrest",0,0,"Active p53 KO"
204,"Global random","p53_OFF","Other",0,0,"Active p53 KO"
204,"Global random","p53_OFF","Proliferation",0,0,"Active p53 KO"
204,"Global random","p53_OFF","Pyroptosis",0,0,"Active p53 KO"
204,"Global random","p53_OFF","Resistance",500,1,"Active p53 KO"
204,"Global random","p53_ON","Apoptosis",0,0,"Active p53 E1"
204,"Global random","p53_ON","Cell-cycle arrest",83,0.166,"Active p53 E1"
204,"Global random","p53_ON","Other",0,0,"Active p53 E1"
204,"Global random","p53_ON","Proliferation",0,0,"Active p53 E1"
204,"Global random","p53_ON","Pyroptosis",126,0.252,"Active p53 E1"
204,"Global random","p53_ON","Resistance",291,0.582,"Active p53 E1"
204,"Global random","p53_ON__CASP3_OFF","Apoptosis",0,0,"Active p53 E1 + CASP3 KO"
204,"Global random","p53_ON__CASP3_OFF","Cell-cycle arrest",81,0.162,"Active p53 E1 + CASP3 KO"
204,"Global random","p53_ON__CASP3_OFF","Other",133,0.266,"Active p53 E1 + CASP3 KO"
204,"Global random","p53_ON__CASP3_OFF","Proliferation",0,0,"Active p53 E1 + CASP3 KO"
204,"Global random","p53_ON__CASP3_OFF","Pyroptosis",0,0,"Active p53 E1 + CASP3 KO"
204,"Global random","p53_ON__CASP3_OFF","Resistance",286,0.572,"Active p53 E1 + CASP3 KO"
204,"Global random","p53_ON__miR204_ON__CASP3_OFF__p21_ON","Apoptosis",0,0,"p53 E1 + miR-204-5p E1 + CASP3 KO + p21 E1"
204,"Global random","p53_ON__miR204_ON__CASP3_OFF__p21_ON","Cell-cycle arrest",500,1,"p53 E1 + miR-204-5p E1 + CASP3 KO + p21 E1"
204,"Global random","p53_ON__miR204_ON__CASP3_OFF__p21_ON","Other",0,0,"p53 E1 + miR-204-5p E1 + CASP3 KO + p21 E1"
204,"Global random","p53_ON__miR204_ON__CASP3_OFF__p21_ON","Proliferation",0,0,"p53 E1 + miR-204-5p E1 + CASP3 KO + p21 E1"
204,"Global random","p53_ON__miR204_ON__CASP3_OFF__p21_ON","Pyroptosis",0,0,"p53 E1 + miR-204-5p E1 + CASP3 KO + p21 E1"
204,"Global random","p53_ON__miR204_ON__CASP3_OFF__p21_ON","Resistance",0,0,"p53 E1 + miR-204-5p E1 + CASP3 KO + p21 E1"
204,"Global random","Reference","Apoptosis",0,0,"Reference: DDR ON, endogenous GSDME"
204,"Global random","Reference","Cell-cycle arrest",16,0.032,"Reference: DDR ON, endogenous GSDME"
204,"Global random","Reference","Other",0,0,"Reference: DDR ON, endogenous GSDME"
204,"Global random","Reference","Proliferation",0,0,"Reference: DDR ON, endogenous GSDME"
204,"Global random","Reference","Pyroptosis",30,0.06,"Reference: DDR ON, endogenous GSDME"
204,"Global random","Reference","Resistance",454,0.908,"Reference: DDR ON, endogenous GSDME"
204,"Global random","SIRT1_OFF","Apoptosis",0,0,"SIRT1 KO"
204,"Global random","SIRT1_OFF","Cell-cycle arrest",36,0.072,"SIRT1 KO"
204,"Global random","SIRT1_OFF","Other",1,0.002,"SIRT1 KO"
204,"Global random","SIRT1_OFF","Proliferation",0,0,"SIRT1 KO"
204,"Global random","SIRT1_OFF","Pyroptosis",463,0.926,"SIRT1 KO"
204,"Global random","SIRT1_OFF","Resistance",0,0,"SIRT1 KO"
204,"Global random","SIRT1_OFF__GSDME_OFF","Apoptosis",446,0.892,"SIRT1 KO + GSDME KO"
204,"Global random","SIRT1_OFF__GSDME_OFF","Cell-cycle arrest",54,0.108,"SIRT1 KO + GSDME KO"
204,"Global random","SIRT1_OFF__GSDME_OFF","Other",0,0,"SIRT1 KO + GSDME KO"
204,"Global random","SIRT1_OFF__GSDME_OFF","Proliferation",0,0,"SIRT1 KO + GSDME KO"
204,"Global random","SIRT1_OFF__GSDME_OFF","Pyroptosis",0,0,"SIRT1 KO + GSDME KO"
204,"Global random","SIRT1_OFF__GSDME_OFF","Resistance",0,0,"SIRT1 KO + GSDME KO"
204,"Global random","SIRT1_OFF__GSDME_OFF__CASP3_ON","Apoptosis",500,1,"SIRT1 KO + GSDME KO + CASP3 E1"
204,"Global random","SIRT1_OFF__GSDME_OFF__CASP3_ON","Cell-cycle arrest",0,0,"SIRT1 KO + GSDME KO + CASP3 E1"
204,"Global random","SIRT1_OFF__GSDME_OFF__CASP3_ON","Other",0,0,"SIRT1 KO + GSDME KO + CASP3 E1"
204,"Global random","SIRT1_OFF__GSDME_OFF__CASP3_ON","Proliferation",0,0,"SIRT1 KO + GSDME KO + CASP3 E1"
204,"Global random","SIRT1_OFF__GSDME_OFF__CASP3_ON","Pyroptosis",0,0,"SIRT1 KO + GSDME KO + CASP3 E1"
204,"Global random","SIRT1_OFF__GSDME_OFF__CASP3_ON","Resistance",0,0,"SIRT1 KO + GSDME KO + CASP3 E1"
204,"Global random","SIRT1_OFF__p53_OFF","Apoptosis",0,0,"SIRT1 KO + active p53 KO"
204,"Global random","SIRT1_OFF__p53_OFF","Cell-cycle arrest",0,0,"SIRT1 KO + active p53 KO"
204,"Global random","SIRT1_OFF__p53_OFF","Other",0,0,"SIRT1 KO + active p53 KO"
204,"Global random","SIRT1_OFF__p53_OFF","Proliferation",0,0,"SIRT1 KO + active p53 KO"
204,"Global random","SIRT1_OFF__p53_OFF","Pyroptosis",0,0,"SIRT1 KO + active p53 KO"
204,"Global random","SIRT1_OFF__p53_OFF","Resistance",500,1,"SIRT1 KO + active p53 KO"
204,"Global random","SIRT1_ON","Apoptosis",0,0,"SIRT1 E1"
204,"Global random","SIRT1_ON","Cell-cycle arrest",0,0,"SIRT1 E1"
204,"Global random","SIRT1_ON","Other",0,0,"SIRT1 E1"
204,"Global random","SIRT1_ON","Proliferation",0,0,"SIRT1 E1"
204,"Global random","SIRT1_ON","Pyroptosis",0,0,"SIRT1 E1"
204,"Global random","SIRT1_ON","Resistance",500,1,"SIRT1 E1"
204,"Resistant-local","BAX_ON","Apoptosis",0,0,"BAX E1"
204,"Resistant-local","BAX_ON","Cell-cycle arrest",0,0,"BAX E1"
204,"Resistant-local","BAX_ON","Other",0,0,"BAX E1"
204,"Resistant-local","BAX_ON","Proliferation",0,0,"BAX E1"
204,"Resistant-local","BAX_ON","Pyroptosis",3,0.006,"BAX E1"
204,"Resistant-local","BAX_ON","Resistance",497,0.994,"BAX E1"
204,"Resistant-local","BAX_ON__GSDME_OFF","Apoptosis",2,0.004,"BAX E1 + GSDME KO"
204,"Resistant-local","BAX_ON__GSDME_OFF","Cell-cycle arrest",0,0,"BAX E1 + GSDME KO"
204,"Resistant-local","BAX_ON__GSDME_OFF","Other",0,0,"BAX E1 + GSDME KO"
204,"Resistant-local","BAX_ON__GSDME_OFF","Proliferation",0,0,"BAX E1 + GSDME KO"
204,"Resistant-local","BAX_ON__GSDME_OFF","Pyroptosis",0,0,"BAX E1 + GSDME KO"
204,"Resistant-local","BAX_ON__GSDME_OFF","Resistance",498,0.996,"BAX E1 + GSDME KO"
204,"Resistant-local","CASP3_OFF","Apoptosis",0,0,"CASP3 KO"
204,"Resistant-local","CASP3_OFF","Cell-cycle arrest",1,0.002,"CASP3 KO"
204,"Resistant-local","CASP3_OFF","Other",1,0.002,"CASP3 KO"
204,"Resistant-local","CASP3_OFF","Proliferation",0,0,"CASP3 KO"
204,"Resistant-local","CASP3_OFF","Pyroptosis",0,0,"CASP3 KO"
204,"Resistant-local","CASP3_OFF","Resistance",498,0.996,"CASP3 KO"
204,"Resistant-local","CASP3_ON","Apoptosis",0,0,"CASP3 E1"
204,"Resistant-local","CASP3_ON","Cell-cycle arrest",0,0,"CASP3 E1"
204,"Resistant-local","CASP3_ON","Other",0,0,"CASP3 E1"
204,"Resistant-local","CASP3_ON","Proliferation",0,0,"CASP3 E1"
204,"Resistant-local","CASP3_ON","Pyroptosis",500,1,"CASP3 E1"
204,"Resistant-local","CASP3_ON","Resistance",0,0,"CASP3 E1"
204,"Resistant-local","CASP3_ON__GSDME_OFF","Apoptosis",500,1,"GSDME KO + CASP3 E1"
204,"Resistant-local","CASP3_ON__GSDME_OFF","Cell-cycle arrest",0,0,"GSDME KO + CASP3 E1"
204,"Resistant-local","CASP3_ON__GSDME_OFF","Other",0,0,"GSDME KO + CASP3 E1"
204,"Resistant-local","CASP3_ON__GSDME_OFF","Proliferation",0,0,"GSDME KO + CASP3 E1"
204,"Resistant-local","CASP3_ON__GSDME_OFF","Pyroptosis",0,0,"GSDME KO + CASP3 E1"
204,"Resistant-local","CASP3_ON__GSDME_OFF","Resistance",0,0,"GSDME KO + CASP3 E1"
204,"Resistant-local","GSDME_OFF","Apoptosis",1,0.002,"GSDME KO"
204,"Resistant-local","GSDME_OFF","Cell-cycle arrest",1,0.002,"GSDME KO"
204,"Resistant-local","GSDME_OFF","Other",0,0,"GSDME KO"
204,"Resistant-local","GSDME_OFF","Proliferation",0,0,"GSDME KO"
204,"Resistant-local","GSDME_OFF","Pyroptosis",0,0,"GSDME KO"
204,"Resistant-local","GSDME_OFF","Resistance",498,0.996,"GSDME KO"
204,"Resistant-local","GSDME_ON","Apoptosis",0,0,"GSDME E1 (Boolean DFNA5 ON)"
204,"Resistant-local","GSDME_ON","Cell-cycle arrest",0,0,"GSDME E1 (Boolean DFNA5 ON)"
204,"Resistant-local","GSDME_ON","Other",0,0,"GSDME E1 (Boolean DFNA5 ON)"
204,"Resistant-local","GSDME_ON","Proliferation",0,0,"GSDME E1 (Boolean DFNA5 ON)"
204,"Resistant-local","GSDME_ON","Pyroptosis",500,1,"GSDME E1 (Boolean DFNA5 ON)"
204,"Resistant-local","GSDME_ON","Resistance",0,0,"GSDME E1 (Boolean DFNA5 ON)"
204,"Resistant-local","GSDME_ON__CASP3_ON","Apoptosis",0,0,"GSDME E1 + CASP3 E1"
204,"Resistant-local","GSDME_ON__CASP3_ON","Cell-cycle arrest",0,0,"GSDME E1 + CASP3 E1"
204,"Resistant-local","GSDME_ON__CASP3_ON","Other",0,0,"GSDME E1 + CASP3 E1"
204,"Resistant-local","GSDME_ON__CASP3_ON","Proliferation",0,0,"GSDME E1 + CASP3 E1"
204,"Resistant-local","GSDME_ON__CASP3_ON","Pyroptosis",500,1,"GSDME E1 + CASP3 E1"
204,"Resistant-local","GSDME_ON__CASP3_ON","Resistance",0,0,"GSDME E1 + CASP3 E1"
204,"Resistant-local","MALAT1_OFF","Apoptosis",0,0,"MALAT1 KO"
204,"Resistant-local","MALAT1_OFF","Cell-cycle arrest",7,0.014,"MALAT1 KO"
204,"Resistant-local","MALAT1_OFF","Other",0,0,"MALAT1 KO"
204,"Resistant-local","MALAT1_OFF","Proliferation",0,0,"MALAT1 KO"
204,"Resistant-local","MALAT1_OFF","Pyroptosis",2,0.004,"MALAT1 KO"
204,"Resistant-local","MALAT1_OFF","Resistance",491,0.982,"MALAT1 KO"
204,"Resistant-local","MALAT1_OFF__GSDME_OFF","Apoptosis",6,0.012,"MALAT1 KO + GSDME KO"
204,"Resistant-local","MALAT1_OFF__GSDME_OFF","Cell-cycle arrest",5,0.01,"MALAT1 KO + GSDME KO"
204,"Resistant-local","MALAT1_OFF__GSDME_OFF","Other",0,0,"MALAT1 KO + GSDME KO"
204,"Resistant-local","MALAT1_OFF__GSDME_OFF","Proliferation",0,0,"MALAT1 KO + GSDME KO"
204,"Resistant-local","MALAT1_OFF__GSDME_OFF","Pyroptosis",0,0,"MALAT1 KO + GSDME KO"
204,"Resistant-local","MALAT1_OFF__GSDME_OFF","Resistance",489,0.978,"MALAT1 KO + GSDME KO"
204,"Resistant-local","MALAT1_OFF__miR204_OFF","Apoptosis",0,0,"MALAT1 KO + miR-204-5p KO"
204,"Resistant-local","MALAT1_OFF__miR204_OFF","Cell-cycle arrest",0,0,"MALAT1 KO + miR-204-5p KO"
204,"Resistant-local","MALAT1_OFF__miR204_OFF","Other",0,0,"MALAT1 KO + miR-204-5p KO"
204,"Resistant-local","MALAT1_OFF__miR204_OFF","Proliferation",0,0,"MALAT1 KO + miR-204-5p KO"
204,"Resistant-local","MALAT1_OFF__miR204_OFF","Pyroptosis",0,0,"MALAT1 KO + miR-204-5p KO"
204,"Resistant-local","MALAT1_OFF__miR204_OFF","Resistance",500,1,"MALAT1 KO + miR-204-5p KO"
204,"Resistant-local","MALAT1_OFF__SIRT1_ON","Apoptosis",0,0,"MALAT1 KO + SIRT1 rescue"
204,"Resistant-local","MALAT1_OFF__SIRT1_ON","Cell-cycle arrest",0,0,"MALAT1 KO + SIRT1 rescue"
204,"Resistant-local","MALAT1_OFF__SIRT1_ON","Other",0,0,"MALAT1 KO + SIRT1 rescue"
204,"Resistant-local","MALAT1_OFF__SIRT1_ON","Proliferation",0,0,"MALAT1 KO + SIRT1 rescue"
204,"Resistant-local","MALAT1_OFF__SIRT1_ON","Pyroptosis",0,0,"MALAT1 KO + SIRT1 rescue"
204,"Resistant-local","MALAT1_OFF__SIRT1_ON","Resistance",500,1,"MALAT1 KO + SIRT1 rescue"
204,"Resistant-local","MALAT1_ON__miR204_OFF__SIRT1_ON","Apoptosis",0,0,"MALAT1 E1 + miR-204-5p KO + SIRT1 E1"
204,"Resistant-local","MALAT1_ON__miR204_OFF__SIRT1_ON","Cell-cycle arrest",0,0,"MALAT1 E1 + miR-204-5p KO + SIRT1 E1"
204,"Resistant-local","MALAT1_ON__miR204_OFF__SIRT1_ON","Other",0,0,"MALAT1 E1 + miR-204-5p KO + SIRT1 E1"
204,"Resistant-local","MALAT1_ON__miR204_OFF__SIRT1_ON","Proliferation",0,0,"MALAT1 E1 + miR-204-5p KO + SIRT1 E1"
204,"Resistant-local","MALAT1_ON__miR204_OFF__SIRT1_ON","Pyroptosis",0,0,"MALAT1 E1 + miR-204-5p KO + SIRT1 E1"
204,"Resistant-local","MALAT1_ON__miR204_OFF__SIRT1_ON","Resistance",500,1,"MALAT1 E1 + miR-204-5p KO + SIRT1 E1"
204,"Resistant-local","miR204_OFF","Apoptosis",0,0,"miR-204-5p KO"
204,"Resistant-local","miR204_OFF","Cell-cycle arrest",0,0,"miR-204-5p KO"
204,"Resistant-local","miR204_OFF","Other",0,0,"miR-204-5p KO"
204,"Resistant-local","miR204_OFF","Proliferation",0,0,"miR-204-5p KO"
204,"Resistant-local","miR204_OFF","Pyroptosis",0,0,"miR-204-5p KO"
204,"Resistant-local","miR204_OFF","Resistance",500,1,"miR-204-5p KO"
204,"Resistant-local","miR204_ON","Apoptosis",0,0,"miR-204-5p E1"
204,"Resistant-local","miR204_ON","Cell-cycle arrest",221,0.442,"miR-204-5p E1"
204,"Resistant-local","miR204_ON","Other",0,0,"miR-204-5p E1"
204,"Resistant-local","miR204_ON","Proliferation",0,0,"miR-204-5p E1"
204,"Resistant-local","miR204_ON","Pyroptosis",279,0.558,"miR-204-5p E1"
204,"Resistant-local","miR204_ON","Resistance",0,0,"miR-204-5p E1"
204,"Resistant-local","miR204_ON__CASP3_OFF","Apoptosis",0,0,"miR-204-5p E1 + CASP3 KO"
204,"Resistant-local","miR204_ON__CASP3_OFF","Cell-cycle arrest",231,0.462,"miR-204-5p E1 + CASP3 KO"
204,"Resistant-local","miR204_ON__CASP3_OFF","Other",269,0.538,"miR-204-5p E1 + CASP3 KO"
204,"Resistant-local","miR204_ON__CASP3_OFF","Proliferation",0,0,"miR-204-5p E1 + CASP3 KO"
204,"Resistant-local","miR204_ON__CASP3_OFF","Pyroptosis",0,0,"miR-204-5p E1 + CASP3 KO"
204,"Resistant-local","miR204_ON__CASP3_OFF","Resistance",0,0,"miR-204-5p E1 + CASP3 KO"
204,"Resistant-local","miR204_ON__GSDME_OFF","Apoptosis",273,0.546,"miR-204-5p E1 + GSDME KO"
204,"Resistant-local","miR204_ON__GSDME_OFF","Cell-cycle arrest",227,0.454,"miR-204-5p E1 + GSDME KO"
204,"Resistant-local","miR204_ON__GSDME_OFF","Other",0,0,"miR-204-5p E1 + GSDME KO"
204,"Resistant-local","miR204_ON__GSDME_OFF","Proliferation",0,0,"miR-204-5p E1 + GSDME KO"
204,"Resistant-local","miR204_ON__GSDME_OFF","Pyroptosis",0,0,"miR-204-5p E1 + GSDME KO"
204,"Resistant-local","miR204_ON__GSDME_OFF","Resistance",0,0,"miR-204-5p E1 + GSDME KO"
204,"Resistant-local","miR204_ON__SIRT1_ON","Apoptosis",0,0,"miR-204-5p E1 + SIRT1 rescue"
204,"Resistant-local","miR204_ON__SIRT1_ON","Cell-cycle arrest",0,0,"miR-204-5p E1 + SIRT1 rescue"
204,"Resistant-local","miR204_ON__SIRT1_ON","Other",500,1,"miR-204-5p E1 + SIRT1 rescue"
204,"Resistant-local","miR204_ON__SIRT1_ON","Proliferation",0,0,"miR-204-5p E1 + SIRT1 rescue"
204,"Resistant-local","miR204_ON__SIRT1_ON","Pyroptosis",0,0,"miR-204-5p E1 + SIRT1 rescue"
204,"Resistant-local","miR204_ON__SIRT1_ON","Resistance",0,0,"miR-204-5p E1 + SIRT1 rescue"
204,"Resistant-local","p53_OFF","Apoptosis",0,0,"Active p53 KO"
204,"Resistant-local","p53_OFF","Cell-cycle arrest",0,0,"Active p53 KO"
204,"Resistant-local","p53_OFF","Other",0,0,"Active p53 KO"
204,"Resistant-local","p53_OFF","Proliferation",0,0,"Active p53 KO"
204,"Resistant-local","p53_OFF","Pyroptosis",0,0,"Active p53 KO"
204,"Resistant-local","p53_OFF","Resistance",500,1,"Active p53 KO"
204,"Resistant-local","p53_ON","Apoptosis",0,0,"Active p53 E1"
204,"Resistant-local","p53_ON","Cell-cycle arrest",6,0.012,"Active p53 E1"
204,"Resistant-local","p53_ON","Other",0,0,"Active p53 E1"
204,"Resistant-local","p53_ON","Proliferation",0,0,"Active p53 E1"
204,"Resistant-local","p53_ON","Pyroptosis",18,0.036,"Active p53 E1"
204,"Resistant-local","p53_ON","Resistance",476,0.952,"Active p53 E1"
204,"Resistant-local","p53_ON__CASP3_OFF","Apoptosis",0,0,"Active p53 E1 + CASP3 KO"
204,"Resistant-local","p53_ON__CASP3_OFF","Cell-cycle arrest",7,0.014,"Active p53 E1 + CASP3 KO"
204,"Resistant-local","p53_ON__CASP3_OFF","Other",14,0.028,"Active p53 E1 + CASP3 KO"
204,"Resistant-local","p53_ON__CASP3_OFF","Proliferation",0,0,"Active p53 E1 + CASP3 KO"
204,"Resistant-local","p53_ON__CASP3_OFF","Pyroptosis",0,0,"Active p53 E1 + CASP3 KO"
204,"Resistant-local","p53_ON__CASP3_OFF","Resistance",479,0.958,"Active p53 E1 + CASP3 KO"
204,"Resistant-local","p53_ON__miR204_ON__CASP3_OFF__p21_ON","Apoptosis",0,0,"p53 E1 + miR-204-5p E1 + CASP3 KO + p21 E1"
204,"Resistant-local","p53_ON__miR204_ON__CASP3_OFF__p21_ON","Cell-cycle arrest",500,1,"p53 E1 + miR-204-5p E1 + CASP3 KO + p21 E1"
204,"Resistant-local","p53_ON__miR204_ON__CASP3_OFF__p21_ON","Other",0,0,"p53 E1 + miR-204-5p E1 + CASP3 KO + p21 E1"
204,"Resistant-local","p53_ON__miR204_ON__CASP3_OFF__p21_ON","Proliferation",0,0,"p53 E1 + miR-204-5p E1 + CASP3 KO + p21 E1"
204,"Resistant-local","p53_ON__miR204_ON__CASP3_OFF__p21_ON","Pyroptosis",0,0,"p53 E1 + miR-204-5p E1 + CASP3 KO + p21 E1"
204,"Resistant-local","p53_ON__miR204_ON__CASP3_OFF__p21_ON","Resistance",0,0,"p53 E1 + miR-204-5p E1 + CASP3 KO + p21 E1"
204,"Resistant-local","Reference","Apoptosis",0,0,"Reference: DDR ON, endogenous GSDME"
204,"Resistant-local","Reference","Cell-cycle arrest",0,0,"Reference: DDR ON, endogenous GSDME"
204,"Resistant-local","Reference","Other",0,0,"Reference: DDR ON, endogenous GSDME"
204,"Resistant-local","Reference","Proliferation",0,0,"Reference: DDR ON, endogenous GSDME"
204,"Resistant-local","Reference","Pyroptosis",1,0.002,"Reference: DDR ON, endogenous GSDME"
204,"Resistant-local","Reference","Resistance",499,0.998,"Reference: DDR ON, endogenous GSDME"
204,"Resistant-local","SIRT1_OFF","Apoptosis",0,0,"SIRT1 KO"
204,"Resistant-local","SIRT1_OFF","Cell-cycle arrest",21,0.042,"SIRT1 KO"
204,"Resistant-local","SIRT1_OFF","Other",0,0,"SIRT1 KO"
204,"Resistant-local","SIRT1_OFF","Proliferation",0,0,"SIRT1 KO"
204,"Resistant-local","SIRT1_OFF","Pyroptosis",479,0.958,"SIRT1 KO"
204,"Resistant-local","SIRT1_OFF","Resistance",0,0,"SIRT1 KO"
204,"Resistant-local","SIRT1_OFF__GSDME_OFF","Apoptosis",480,0.96,"SIRT1 KO + GSDME KO"
204,"Resistant-local","SIRT1_OFF__GSDME_OFF","Cell-cycle arrest",20,0.04,"SIRT1 KO + GSDME KO"
204,"Resistant-local","SIRT1_OFF__GSDME_OFF","Other",0,0,"SIRT1 KO + GSDME KO"
204,"Resistant-local","SIRT1_OFF__GSDME_OFF","Proliferation",0,0,"SIRT1 KO + GSDME KO"
204,"Resistant-local","SIRT1_OFF__GSDME_OFF","Pyroptosis",0,0,"SIRT1 KO + GSDME KO"
204,"Resistant-local","SIRT1_OFF__GSDME_OFF","Resistance",0,0,"SIRT1 KO + GSDME KO"
204,"Resistant-local","SIRT1_OFF__GSDME_OFF__CASP3_ON","Apoptosis",500,1,"SIRT1 KO + GSDME KO + CASP3 E1"
204,"Resistant-local","SIRT1_OFF__GSDME_OFF__CASP3_ON","Cell-cycle arrest",0,0,"SIRT1 KO + GSDME KO + CASP3 E1"
204,"Resistant-local","SIRT1_OFF__GSDME_OFF__CASP3_ON","Other",0,0,"SIRT1 KO + GSDME KO + CASP3 E1"
204,"Resistant-local","SIRT1_OFF__GSDME_OFF__CASP3_ON","Proliferation",0,0,"SIRT1 KO + GSDME KO + CASP3 E1"
204,"Resistant-local","SIRT1_OFF__GSDME_OFF__CASP3_ON","Pyroptosis",0,0,"SIRT1 KO + GSDME KO + CASP3 E1"
204,"Resistant-local","SIRT1_OFF__GSDME_OFF__CASP3_ON","Resistance",0,0,"SIRT1 KO + GSDME KO + CASP3 E1"
204,"Resistant-local","SIRT1_OFF__p53_OFF","Apoptosis",0,0,"SIRT1 KO + active p53 KO"
204,"Resistant-local","SIRT1_OFF__p53_OFF","Cell-cycle arrest",0,0,"SIRT1 KO + active p53 KO"
204,"Resistant-local","SIRT1_OFF__p53_OFF","Other",0,0,"SIRT1 KO + active p53 KO"
204,"Resistant-local","SIRT1_OFF__p53_OFF","Proliferation",0,0,"SIRT1 KO + active p53 KO"
204,"Resistant-local","SIRT1_OFF__p53_OFF","Pyroptosis",0,0,"SIRT1 KO + active p53 KO"
204,"Resistant-local","SIRT1_OFF__p53_OFF","Resistance",500,1,"SIRT1 KO + active p53 KO"
204,"Resistant-local","SIRT1_ON","Apoptosis",0,0,"SIRT1 E1"
204,"Resistant-local","SIRT1_ON","Cell-cycle arrest",0,0,"SIRT1 E1"
204,"Resistant-local","SIRT1_ON","Other",0,0,"SIRT1 E1"
204,"Resistant-local","SIRT1_ON","Proliferation",0,0,"SIRT1 E1"
204,"Resistant-local","SIRT1_ON","Pyroptosis",0,0,"SIRT1 E1"
204,"Resistant-local","SIRT1_ON","Resistance",500,1,"SIRT1 E1"
307,"Global random","BAX_ON","Apoptosis",0,0,"BAX E1"
307,"Global random","BAX_ON","Cell-cycle arrest",3,0.006,"BAX E1"
307,"Global random","BAX_ON","Other",0,0,"BAX E1"
307,"Global random","BAX_ON","Proliferation",0,0,"BAX E1"
307,"Global random","BAX_ON","Pyroptosis",36,0.072,"BAX E1"
307,"Global random","BAX_ON","Resistance",461,0.922,"BAX E1"
307,"Global random","BAX_ON__GSDME_OFF","Apoptosis",33,0.066,"BAX E1 + GSDME KO"
307,"Global random","BAX_ON__GSDME_OFF","Cell-cycle arrest",4,0.008,"BAX E1 + GSDME KO"
307,"Global random","BAX_ON__GSDME_OFF","Other",0,0,"BAX E1 + GSDME KO"
307,"Global random","BAX_ON__GSDME_OFF","Proliferation",0,0,"BAX E1 + GSDME KO"
307,"Global random","BAX_ON__GSDME_OFF","Pyroptosis",0,0,"BAX E1 + GSDME KO"
307,"Global random","BAX_ON__GSDME_OFF","Resistance",463,0.926,"BAX E1 + GSDME KO"
307,"Global random","CASP3_OFF","Apoptosis",0,0,"CASP3 KO"
307,"Global random","CASP3_OFF","Cell-cycle arrest",11,0.022,"CASP3 KO"
307,"Global random","CASP3_OFF","Other",29,0.058,"CASP3 KO"
307,"Global random","CASP3_OFF","Proliferation",0,0,"CASP3 KO"
307,"Global random","CASP3_OFF","Pyroptosis",0,0,"CASP3 KO"
307,"Global random","CASP3_OFF","Resistance",460,0.92,"CASP3 KO"
307,"Global random","CASP3_ON","Apoptosis",0,0,"CASP3 E1"
307,"Global random","CASP3_ON","Cell-cycle arrest",0,0,"CASP3 E1"
307,"Global random","CASP3_ON","Other",0,0,"CASP3 E1"
307,"Global random","CASP3_ON","Proliferation",0,0,"CASP3 E1"
307,"Global random","CASP3_ON","Pyroptosis",500,1,"CASP3 E1"
307,"Global random","CASP3_ON","Resistance",0,0,"CASP3 E1"
307,"Global random","CASP3_ON__GSDME_OFF","Apoptosis",500,1,"GSDME KO + CASP3 E1"
307,"Global random","CASP3_ON__GSDME_OFF","Cell-cycle arrest",0,0,"GSDME KO + CASP3 E1"
307,"Global random","CASP3_ON__GSDME_OFF","Other",0,0,"GSDME KO + CASP3 E1"
307,"Global random","CASP3_ON__GSDME_OFF","Proliferation",0,0,"GSDME KO + CASP3 E1"
307,"Global random","CASP3_ON__GSDME_OFF","Pyroptosis",0,0,"GSDME KO + CASP3 E1"
307,"Global random","CASP3_ON__GSDME_OFF","Resistance",0,0,"GSDME KO + CASP3 E1"
307,"Global random","GSDME_OFF","Apoptosis",30,0.06,"GSDME KO"
307,"Global random","GSDME_OFF","Cell-cycle arrest",12,0.024,"GSDME KO"
307,"Global random","GSDME_OFF","Other",0,0,"GSDME KO"
307,"Global random","GSDME_OFF","Proliferation",0,0,"GSDME KO"
307,"Global random","GSDME_OFF","Pyroptosis",0,0,"GSDME KO"
307,"Global random","GSDME_OFF","Resistance",458,0.916,"GSDME KO"
307,"Global random","GSDME_ON","Apoptosis",0,0,"GSDME E1 (Boolean DFNA5 ON)"
307,"Global random","GSDME_ON","Cell-cycle arrest",0,0,"GSDME E1 (Boolean DFNA5 ON)"
307,"Global random","GSDME_ON","Other",0,0,"GSDME E1 (Boolean DFNA5 ON)"
307,"Global random","GSDME_ON","Proliferation",0,0,"GSDME E1 (Boolean DFNA5 ON)"
307,"Global random","GSDME_ON","Pyroptosis",500,1,"GSDME E1 (Boolean DFNA5 ON)"
307,"Global random","GSDME_ON","Resistance",0,0,"GSDME E1 (Boolean DFNA5 ON)"
307,"Global random","GSDME_ON__CASP3_ON","Apoptosis",0,0,"GSDME E1 + CASP3 E1"
307,"Global random","GSDME_ON__CASP3_ON","Cell-cycle arrest",0,0,"GSDME E1 + CASP3 E1"
307,"Global random","GSDME_ON__CASP3_ON","Other",0,0,"GSDME E1 + CASP3 E1"
307,"Global random","GSDME_ON__CASP3_ON","Proliferation",0,0,"GSDME E1 + CASP3 E1"
307,"Global random","GSDME_ON__CASP3_ON","Pyroptosis",500,1,"GSDME E1 + CASP3 E1"
307,"Global random","GSDME_ON__CASP3_ON","Resistance",0,0,"GSDME E1 + CASP3 E1"
307,"Global random","MALAT1_OFF","Apoptosis",0,0,"MALAT1 KO"
307,"Global random","MALAT1_OFF","Cell-cycle arrest",34,0.068,"MALAT1 KO"
307,"Global random","MALAT1_OFF","Other",0,0,"MALAT1 KO"
307,"Global random","MALAT1_OFF","Proliferation",0,0,"MALAT1 KO"
307,"Global random","MALAT1_OFF","Pyroptosis",36,0.072,"MALAT1 KO"
307,"Global random","MALAT1_OFF","Resistance",430,0.86,"MALAT1 KO"
307,"Global random","MALAT1_OFF__GSDME_OFF","Apoptosis",43,0.086,"MALAT1 KO + GSDME KO"
307,"Global random","MALAT1_OFF__GSDME_OFF","Cell-cycle arrest",27,0.054,"MALAT1 KO + GSDME KO"
307,"Global random","MALAT1_OFF__GSDME_OFF","Other",0,0,"MALAT1 KO + GSDME KO"
307,"Global random","MALAT1_OFF__GSDME_OFF","Proliferation",0,0,"MALAT1 KO + GSDME KO"
307,"Global random","MALAT1_OFF__GSDME_OFF","Pyroptosis",0,0,"MALAT1 KO + GSDME KO"
307,"Global random","MALAT1_OFF__GSDME_OFF","Resistance",430,0.86,"MALAT1 KO + GSDME KO"
307,"Global random","MALAT1_OFF__miR204_OFF","Apoptosis",0,0,"MALAT1 KO + miR-204-5p KO"
307,"Global random","MALAT1_OFF__miR204_OFF","Cell-cycle arrest",0,0,"MALAT1 KO + miR-204-5p KO"
307,"Global random","MALAT1_OFF__miR204_OFF","Other",0,0,"MALAT1 KO + miR-204-5p KO"
307,"Global random","MALAT1_OFF__miR204_OFF","Proliferation",0,0,"MALAT1 KO + miR-204-5p KO"
307,"Global random","MALAT1_OFF__miR204_OFF","Pyroptosis",0,0,"MALAT1 KO + miR-204-5p KO"
307,"Global random","MALAT1_OFF__miR204_OFF","Resistance",500,1,"MALAT1 KO + miR-204-5p KO"
307,"Global random","MALAT1_OFF__SIRT1_ON","Apoptosis",0,0,"MALAT1 KO + SIRT1 rescue"
307,"Global random","MALAT1_OFF__SIRT1_ON","Cell-cycle arrest",0,0,"MALAT1 KO + SIRT1 rescue"
307,"Global random","MALAT1_OFF__SIRT1_ON","Other",0,0,"MALAT1 KO + SIRT1 rescue"
307,"Global random","MALAT1_OFF__SIRT1_ON","Proliferation",0,0,"MALAT1 KO + SIRT1 rescue"
307,"Global random","MALAT1_OFF__SIRT1_ON","Pyroptosis",0,0,"MALAT1 KO + SIRT1 rescue"
307,"Global random","MALAT1_OFF__SIRT1_ON","Resistance",500,1,"MALAT1 KO + SIRT1 rescue"
307,"Global random","MALAT1_ON__miR204_OFF__SIRT1_ON","Apoptosis",0,0,"MALAT1 E1 + miR-204-5p KO + SIRT1 E1"
307,"Global random","MALAT1_ON__miR204_OFF__SIRT1_ON","Cell-cycle arrest",0,0,"MALAT1 E1 + miR-204-5p KO + SIRT1 E1"
307,"Global random","MALAT1_ON__miR204_OFF__SIRT1_ON","Other",0,0,"MALAT1 E1 + miR-204-5p KO + SIRT1 E1"
307,"Global random","MALAT1_ON__miR204_OFF__SIRT1_ON","Proliferation",0,0,"MALAT1 E1 + miR-204-5p KO + SIRT1 E1"
307,"Global random","MALAT1_ON__miR204_OFF__SIRT1_ON","Pyroptosis",0,0,"MALAT1 E1 + miR-204-5p KO + SIRT1 E1"
307,"Global random","MALAT1_ON__miR204_OFF__SIRT1_ON","Resistance",500,1,"MALAT1 E1 + miR-204-5p KO + SIRT1 E1"
307,"Global random","miR204_OFF","Apoptosis",0,0,"miR-204-5p KO"
307,"Global random","miR204_OFF","Cell-cycle arrest",0,0,"miR-204-5p KO"
307,"Global random","miR204_OFF","Other",0,0,"miR-204-5p KO"
307,"Global random","miR204_OFF","Proliferation",0,0,"miR-204-5p KO"
307,"Global random","miR204_OFF","Pyroptosis",0,0,"miR-204-5p KO"
307,"Global random","miR204_OFF","Resistance",500,1,"miR-204-5p KO"
307,"Global random","miR204_ON","Apoptosis",0,0,"miR-204-5p E1"
307,"Global random","miR204_ON","Cell-cycle arrest",263,0.526,"miR-204-5p E1"
307,"Global random","miR204_ON","Other",0,0,"miR-204-5p E1"
307,"Global random","miR204_ON","Proliferation",0,0,"miR-204-5p E1"
307,"Global random","miR204_ON","Pyroptosis",237,0.474,"miR-204-5p E1"
307,"Global random","miR204_ON","Resistance",0,0,"miR-204-5p E1"
307,"Global random","miR204_ON__CASP3_OFF","Apoptosis",0,0,"miR-204-5p E1 + CASP3 KO"
307,"Global random","miR204_ON__CASP3_OFF","Cell-cycle arrest",260,0.52,"miR-204-5p E1 + CASP3 KO"
307,"Global random","miR204_ON__CASP3_OFF","Other",240,0.48,"miR-204-5p E1 + CASP3 KO"
307,"Global random","miR204_ON__CASP3_OFF","Proliferation",0,0,"miR-204-5p E1 + CASP3 KO"
307,"Global random","miR204_ON__CASP3_OFF","Pyroptosis",0,0,"miR-204-5p E1 + CASP3 KO"
307,"Global random","miR204_ON__CASP3_OFF","Resistance",0,0,"miR-204-5p E1 + CASP3 KO"
307,"Global random","miR204_ON__GSDME_OFF","Apoptosis",255,0.51,"miR-204-5p E1 + GSDME KO"
307,"Global random","miR204_ON__GSDME_OFF","Cell-cycle arrest",245,0.49,"miR-204-5p E1 + GSDME KO"
307,"Global random","miR204_ON__GSDME_OFF","Other",0,0,"miR-204-5p E1 + GSDME KO"
307,"Global random","miR204_ON__GSDME_OFF","Proliferation",0,0,"miR-204-5p E1 + GSDME KO"
307,"Global random","miR204_ON__GSDME_OFF","Pyroptosis",0,0,"miR-204-5p E1 + GSDME KO"
307,"Global random","miR204_ON__GSDME_OFF","Resistance",0,0,"miR-204-5p E1 + GSDME KO"
307,"Global random","miR204_ON__SIRT1_ON","Apoptosis",0,0,"miR-204-5p E1 + SIRT1 rescue"
307,"Global random","miR204_ON__SIRT1_ON","Cell-cycle arrest",0,0,"miR-204-5p E1 + SIRT1 rescue"
307,"Global random","miR204_ON__SIRT1_ON","Other",500,1,"miR-204-5p E1 + SIRT1 rescue"
307,"Global random","miR204_ON__SIRT1_ON","Proliferation",0,0,"miR-204-5p E1 + SIRT1 rescue"
307,"Global random","miR204_ON__SIRT1_ON","Pyroptosis",0,0,"miR-204-5p E1 + SIRT1 rescue"
307,"Global random","miR204_ON__SIRT1_ON","Resistance",0,0,"miR-204-5p E1 + SIRT1 rescue"
307,"Global random","p53_OFF","Apoptosis",0,0,"Active p53 KO"
307,"Global random","p53_OFF","Cell-cycle arrest",0,0,"Active p53 KO"
307,"Global random","p53_OFF","Other",0,0,"Active p53 KO"
307,"Global random","p53_OFF","Proliferation",0,0,"Active p53 KO"
307,"Global random","p53_OFF","Pyroptosis",0,0,"Active p53 KO"
307,"Global random","p53_OFF","Resistance",500,1,"Active p53 KO"
307,"Global random","p53_ON","Apoptosis",0,0,"Active p53 E1"
307,"Global random","p53_ON","Cell-cycle arrest",78,0.156,"Active p53 E1"
307,"Global random","p53_ON","Other",0,0,"Active p53 E1"
307,"Global random","p53_ON","Proliferation",0,0,"Active p53 E1"
307,"Global random","p53_ON","Pyroptosis",116,0.232,"Active p53 E1"
307,"Global random","p53_ON","Resistance",306,0.612,"Active p53 E1"
307,"Global random","p53_ON__CASP3_OFF","Apoptosis",0,0,"Active p53 E1 + CASP3 KO"
307,"Global random","p53_ON__CASP3_OFF","Cell-cycle arrest",72,0.144,"Active p53 E1 + CASP3 KO"
307,"Global random","p53_ON__CASP3_OFF","Other",116,0.232,"Active p53 E1 + CASP3 KO"
307,"Global random","p53_ON__CASP3_OFF","Proliferation",0,0,"Active p53 E1 + CASP3 KO"
307,"Global random","p53_ON__CASP3_OFF","Pyroptosis",0,0,"Active p53 E1 + CASP3 KO"
307,"Global random","p53_ON__CASP3_OFF","Resistance",312,0.624,"Active p53 E1 + CASP3 KO"
307,"Global random","p53_ON__miR204_ON__CASP3_OFF__p21_ON","Apoptosis",0,0,"p53 E1 + miR-204-5p E1 + CASP3 KO + p21 E1"
307,"Global random","p53_ON__miR204_ON__CASP3_OFF__p21_ON","Cell-cycle arrest",500,1,"p53 E1 + miR-204-5p E1 + CASP3 KO + p21 E1"
307,"Global random","p53_ON__miR204_ON__CASP3_OFF__p21_ON","Other",0,0,"p53 E1 + miR-204-5p E1 + CASP3 KO + p21 E1"
307,"Global random","p53_ON__miR204_ON__CASP3_OFF__p21_ON","Proliferation",0,0,"p53 E1 + miR-204-5p E1 + CASP3 KO + p21 E1"
307,"Global random","p53_ON__miR204_ON__CASP3_OFF__p21_ON","Pyroptosis",0,0,"p53 E1 + miR-204-5p E1 + CASP3 KO + p21 E1"
307,"Global random","p53_ON__miR204_ON__CASP3_OFF__p21_ON","Resistance",0,0,"p53 E1 + miR-204-5p E1 + CASP3 KO + p21 E1"
307,"Global random","Reference","Apoptosis",0,0,"Reference: DDR ON, endogenous GSDME"
307,"Global random","Reference","Cell-cycle arrest",21,0.042,"Reference: DDR ON, endogenous GSDME"
307,"Global random","Reference","Other",0,0,"Reference: DDR ON, endogenous GSDME"
307,"Global random","Reference","Proliferation",0,0,"Reference: DDR ON, endogenous GSDME"
307,"Global random","Reference","Pyroptosis",24,0.048,"Reference: DDR ON, endogenous GSDME"
307,"Global random","Reference","Resistance",455,0.91,"Reference: DDR ON, endogenous GSDME"
307,"Global random","SIRT1_OFF","Apoptosis",0,0,"SIRT1 KO"
307,"Global random","SIRT1_OFF","Cell-cycle arrest",37,0.074,"SIRT1 KO"
307,"Global random","SIRT1_OFF","Other",0,0,"SIRT1 KO"
307,"Global random","SIRT1_OFF","Proliferation",0,0,"SIRT1 KO"
307,"Global random","SIRT1_OFF","Pyroptosis",463,0.926,"SIRT1 KO"
307,"Global random","SIRT1_OFF","Resistance",0,0,"SIRT1 KO"
307,"Global random","SIRT1_OFF__GSDME_OFF","Apoptosis",463,0.926,"SIRT1 KO + GSDME KO"
307,"Global random","SIRT1_OFF__GSDME_OFF","Cell-cycle arrest",37,0.074,"SIRT1 KO + GSDME KO"
307,"Global random","SIRT1_OFF__GSDME_OFF","Other",0,0,"SIRT1 KO + GSDME KO"
307,"Global random","SIRT1_OFF__GSDME_OFF","Proliferation",0,0,"SIRT1 KO + GSDME KO"
307,"Global random","SIRT1_OFF__GSDME_OFF","Pyroptosis",0,0,"SIRT1 KO + GSDME KO"
307,"Global random","SIRT1_OFF__GSDME_OFF","Resistance",0,0,"SIRT1 KO + GSDME KO"
307,"Global random","SIRT1_OFF__GSDME_OFF__CASP3_ON","Apoptosis",500,1,"SIRT1 KO + GSDME KO + CASP3 E1"
307,"Global random","SIRT1_OFF__GSDME_OFF__CASP3_ON","Cell-cycle arrest",0,0,"SIRT1 KO + GSDME KO + CASP3 E1"
307,"Global random","SIRT1_OFF__GSDME_OFF__CASP3_ON","Other",0,0,"SIRT1 KO + GSDME KO + CASP3 E1"
307,"Global random","SIRT1_OFF__GSDME_OFF__CASP3_ON","Proliferation",0,0,"SIRT1 KO + GSDME KO + CASP3 E1"
307,"Global random","SIRT1_OFF__GSDME_OFF__CASP3_ON","Pyroptosis",0,0,"SIRT1 KO + GSDME KO + CASP3 E1"
307,"Global random","SIRT1_OFF__GSDME_OFF__CASP3_ON","Resistance",0,0,"SIRT1 KO + GSDME KO + CASP3 E1"
307,"Global random","SIRT1_OFF__p53_OFF","Apoptosis",0,0,"SIRT1 KO + active p53 KO"
307,"Global random","SIRT1_OFF__p53_OFF","Cell-cycle arrest",0,0,"SIRT1 KO + active p53 KO"
307,"Global random","SIRT1_OFF__p53_OFF","Other",0,0,"SIRT1 KO + active p53 KO"
307,"Global random","SIRT1_OFF__p53_OFF","Proliferation",0,0,"SIRT1 KO + active p53 KO"
307,"Global random","SIRT1_OFF__p53_OFF","Pyroptosis",0,0,"SIRT1 KO + active p53 KO"
307,"Global random","SIRT1_OFF__p53_OFF","Resistance",500,1,"SIRT1 KO + active p53 KO"
307,"Global random","SIRT1_ON","Apoptosis",0,0,"SIRT1 E1"
307,"Global random","SIRT1_ON","Cell-cycle arrest",0,0,"SIRT1 E1"
307,"Global random","SIRT1_ON","Other",0,0,"SIRT1 E1"
307,"Global random","SIRT1_ON","Proliferation",0,0,"SIRT1 E1"
307,"Global random","SIRT1_ON","Pyroptosis",0,0,"SIRT1 E1"
307,"Global random","SIRT1_ON","Resistance",500,1,"SIRT1 E1"
307,"Resistant-local","BAX_ON","Apoptosis",0,0,"BAX E1"
307,"Resistant-local","BAX_ON","Cell-cycle arrest",0,0,"BAX E1"
307,"Resistant-local","BAX_ON","Other",0,0,"BAX E1"
307,"Resistant-local","BAX_ON","Proliferation",0,0,"BAX E1"
307,"Resistant-local","BAX_ON","Pyroptosis",1,0.002,"BAX E1"
307,"Resistant-local","BAX_ON","Resistance",499,0.998,"BAX E1"
307,"Resistant-local","BAX_ON__GSDME_OFF","Apoptosis",1,0.002,"BAX E1 + GSDME KO"
307,"Resistant-local","BAX_ON__GSDME_OFF","Cell-cycle arrest",0,0,"BAX E1 + GSDME KO"
307,"Resistant-local","BAX_ON__GSDME_OFF","Other",0,0,"BAX E1 + GSDME KO"
307,"Resistant-local","BAX_ON__GSDME_OFF","Proliferation",0,0,"BAX E1 + GSDME KO"
307,"Resistant-local","BAX_ON__GSDME_OFF","Pyroptosis",0,0,"BAX E1 + GSDME KO"
307,"Resistant-local","BAX_ON__GSDME_OFF","Resistance",499,0.998,"BAX E1 + GSDME KO"
307,"Resistant-local","CASP3_OFF","Apoptosis",0,0,"CASP3 KO"
307,"Resistant-local","CASP3_OFF","Cell-cycle arrest",0,0,"CASP3 KO"
307,"Resistant-local","CASP3_OFF","Other",1,0.002,"CASP3 KO"
307,"Resistant-local","CASP3_OFF","Proliferation",0,0,"CASP3 KO"
307,"Resistant-local","CASP3_OFF","Pyroptosis",0,0,"CASP3 KO"
307,"Resistant-local","CASP3_OFF","Resistance",499,0.998,"CASP3 KO"
307,"Resistant-local","CASP3_ON","Apoptosis",0,0,"CASP3 E1"
307,"Resistant-local","CASP3_ON","Cell-cycle arrest",0,0,"CASP3 E1"
307,"Resistant-local","CASP3_ON","Other",0,0,"CASP3 E1"
307,"Resistant-local","CASP3_ON","Proliferation",0,0,"CASP3 E1"
307,"Resistant-local","CASP3_ON","Pyroptosis",500,1,"CASP3 E1"
307,"Resistant-local","CASP3_ON","Resistance",0,0,"CASP3 E1"
307,"Resistant-local","CASP3_ON__GSDME_OFF","Apoptosis",500,1,"GSDME KO + CASP3 E1"
307,"Resistant-local","CASP3_ON__GSDME_OFF","Cell-cycle arrest",0,0,"GSDME KO + CASP3 E1"
307,"Resistant-local","CASP3_ON__GSDME_OFF","Other",0,0,"GSDME KO + CASP3 E1"
307,"Resistant-local","CASP3_ON__GSDME_OFF","Proliferation",0,0,"GSDME KO + CASP3 E1"
307,"Resistant-local","CASP3_ON__GSDME_OFF","Pyroptosis",0,0,"GSDME KO + CASP3 E1"
307,"Resistant-local","CASP3_ON__GSDME_OFF","Resistance",0,0,"GSDME KO + CASP3 E1"
307,"Resistant-local","GSDME_OFF","Apoptosis",2,0.004,"GSDME KO"
307,"Resistant-local","GSDME_OFF","Cell-cycle arrest",0,0,"GSDME KO"
307,"Resistant-local","GSDME_OFF","Other",0,0,"GSDME KO"
307,"Resistant-local","GSDME_OFF","Proliferation",0,0,"GSDME KO"
307,"Resistant-local","GSDME_OFF","Pyroptosis",0,0,"GSDME KO"
307,"Resistant-local","GSDME_OFF","Resistance",498,0.996,"GSDME KO"
307,"Resistant-local","GSDME_ON","Apoptosis",0,0,"GSDME E1 (Boolean DFNA5 ON)"
307,"Resistant-local","GSDME_ON","Cell-cycle arrest",0,0,"GSDME E1 (Boolean DFNA5 ON)"
307,"Resistant-local","GSDME_ON","Other",0,0,"GSDME E1 (Boolean DFNA5 ON)"
307,"Resistant-local","GSDME_ON","Proliferation",0,0,"GSDME E1 (Boolean DFNA5 ON)"
307,"Resistant-local","GSDME_ON","Pyroptosis",500,1,"GSDME E1 (Boolean DFNA5 ON)"
307,"Resistant-local","GSDME_ON","Resistance",0,0,"GSDME E1 (Boolean DFNA5 ON)"
307,"Resistant-local","GSDME_ON__CASP3_ON","Apoptosis",0,0,"GSDME E1 + CASP3 E1"
307,"Resistant-local","GSDME_ON__CASP3_ON","Cell-cycle arrest",0,0,"GSDME E1 + CASP3 E1"
307,"Resistant-local","GSDME_ON__CASP3_ON","Other",0,0,"GSDME E1 + CASP3 E1"
307,"Resistant-local","GSDME_ON__CASP3_ON","Proliferation",0,0,"GSDME E1 + CASP3 E1"
307,"Resistant-local","GSDME_ON__CASP3_ON","Pyroptosis",500,1,"GSDME E1 + CASP3 E1"
307,"Resistant-local","GSDME_ON__CASP3_ON","Resistance",0,0,"GSDME E1 + CASP3 E1"
307,"Resistant-local","MALAT1_OFF","Apoptosis",0,0,"MALAT1 KO"
307,"Resistant-local","MALAT1_OFF","Cell-cycle arrest",5,0.01,"MALAT1 KO"
307,"Resistant-local","MALAT1_OFF","Other",0,0,"MALAT1 KO"
307,"Resistant-local","MALAT1_OFF","Proliferation",0,0,"MALAT1 KO"
307,"Resistant-local","MALAT1_OFF","Pyroptosis",7,0.014,"MALAT1 KO"
307,"Resistant-local","MALAT1_OFF","Resistance",488,0.976,"MALAT1 KO"
307,"Resistant-local","MALAT1_OFF__GSDME_OFF","Apoptosis",7,0.014,"MALAT1 KO + GSDME KO"
307,"Resistant-local","MALAT1_OFF__GSDME_OFF","Cell-cycle arrest",5,0.01,"MALAT1 KO + GSDME KO"
307,"Resistant-local","MALAT1_OFF__GSDME_OFF","Other",0,0,"MALAT1 KO + GSDME KO"
307,"Resistant-local","MALAT1_OFF__GSDME_OFF","Proliferation",0,0,"MALAT1 KO + GSDME KO"
307,"Resistant-local","MALAT1_OFF__GSDME_OFF","Pyroptosis",0,0,"MALAT1 KO + GSDME KO"
307,"Resistant-local","MALAT1_OFF__GSDME_OFF","Resistance",488,0.976,"MALAT1 KO + GSDME KO"
307,"Resistant-local","MALAT1_OFF__miR204_OFF","Apoptosis",0,0,"MALAT1 KO + miR-204-5p KO"
307,"Resistant-local","MALAT1_OFF__miR204_OFF","Cell-cycle arrest",0,0,"MALAT1 KO + miR-204-5p KO"
307,"Resistant-local","MALAT1_OFF__miR204_OFF","Other",0,0,"MALAT1 KO + miR-204-5p KO"
307,"Resistant-local","MALAT1_OFF__miR204_OFF","Proliferation",0,0,"MALAT1 KO + miR-204-5p KO"
307,"Resistant-local","MALAT1_OFF__miR204_OFF","Pyroptosis",0,0,"MALAT1 KO + miR-204-5p KO"
307,"Resistant-local","MALAT1_OFF__miR204_OFF","Resistance",500,1,"MALAT1 KO + miR-204-5p KO"
307,"Resistant-local","MALAT1_OFF__SIRT1_ON","Apoptosis",0,0,"MALAT1 KO + SIRT1 rescue"
307,"Resistant-local","MALAT1_OFF__SIRT1_ON","Cell-cycle arrest",0,0,"MALAT1 KO + SIRT1 rescue"
307,"Resistant-local","MALAT1_OFF__SIRT1_ON","Other",0,0,"MALAT1 KO + SIRT1 rescue"
307,"Resistant-local","MALAT1_OFF__SIRT1_ON","Proliferation",0,0,"MALAT1 KO + SIRT1 rescue"
307,"Resistant-local","MALAT1_OFF__SIRT1_ON","Pyroptosis",0,0,"MALAT1 KO + SIRT1 rescue"
307,"Resistant-local","MALAT1_OFF__SIRT1_ON","Resistance",500,1,"MALAT1 KO + SIRT1 rescue"
307,"Resistant-local","MALAT1_ON__miR204_OFF__SIRT1_ON","Apoptosis",0,0,"MALAT1 E1 + miR-204-5p KO + SIRT1 E1"
307,"Resistant-local","MALAT1_ON__miR204_OFF__SIRT1_ON","Cell-cycle arrest",0,0,"MALAT1 E1 + miR-204-5p KO + SIRT1 E1"
307,"Resistant-local","MALAT1_ON__miR204_OFF__SIRT1_ON","Other",0,0,"MALAT1 E1 + miR-204-5p KO + SIRT1 E1"
307,"Resistant-local","MALAT1_ON__miR204_OFF__SIRT1_ON","Proliferation",0,0,"MALAT1 E1 + miR-204-5p KO + SIRT1 E1"
307,"Resistant-local","MALAT1_ON__miR204_OFF__SIRT1_ON","Pyroptosis",0,0,"MALAT1 E1 + miR-204-5p KO + SIRT1 E1"
307,"Resistant-local","MALAT1_ON__miR204_OFF__SIRT1_ON","Resistance",500,1,"MALAT1 E1 + miR-204-5p KO + SIRT1 E1"
307,"Resistant-local","miR204_OFF","Apoptosis",0,0,"miR-204-5p KO"
307,"Resistant-local","miR204_OFF","Cell-cycle arrest",0,0,"miR-204-5p KO"
307,"Resistant-local","miR204_OFF","Other",0,0,"miR-204-5p KO"
307,"Resistant-local","miR204_OFF","Proliferation",0,0,"miR-204-5p KO"
307,"Resistant-local","miR204_OFF","Pyroptosis",0,0,"miR-204-5p KO"
307,"Resistant-local","miR204_OFF","Resistance",500,1,"miR-204-5p KO"
307,"Resistant-local","miR204_ON","Apoptosis",0,0,"miR-204-5p E1"
307,"Resistant-local","miR204_ON","Cell-cycle arrest",246,0.492,"miR-204-5p E1"
307,"Resistant-local","miR204_ON","Other",0,0,"miR-204-5p E1"
307,"Resistant-local","miR204_ON","Proliferation",0,0,"miR-204-5p E1"
307,"Resistant-local","miR204_ON","Pyroptosis",254,0.508,"miR-204-5p E1"
307,"Resistant-local","miR204_ON","Resistance",0,0,"miR-204-5p E1"
307,"Resistant-local","miR204_ON__CASP3_OFF","Apoptosis",0,0,"miR-204-5p E1 + CASP3 KO"
307,"Resistant-local","miR204_ON__CASP3_OFF","Cell-cycle arrest",237,0.474,"miR-204-5p E1 + CASP3 KO"
307,"Resistant-local","miR204_ON__CASP3_OFF","Other",263,0.526,"miR-204-5p E1 + CASP3 KO"
307,"Resistant-local","miR204_ON__CASP3_OFF","Proliferation",0,0,"miR-204-5p E1 + CASP3 KO"
307,"Resistant-local","miR204_ON__CASP3_OFF","Pyroptosis",0,0,"miR-204-5p E1 + CASP3 KO"
307,"Resistant-local","miR204_ON__CASP3_OFF","Resistance",0,0,"miR-204-5p E1 + CASP3 KO"
307,"Resistant-local","miR204_ON__GSDME_OFF","Apoptosis",261,0.522,"miR-204-5p E1 + GSDME KO"
307,"Resistant-local","miR204_ON__GSDME_OFF","Cell-cycle arrest",239,0.478,"miR-204-5p E1 + GSDME KO"
307,"Resistant-local","miR204_ON__GSDME_OFF","Other",0,0,"miR-204-5p E1 + GSDME KO"
307,"Resistant-local","miR204_ON__GSDME_OFF","Proliferation",0,0,"miR-204-5p E1 + GSDME KO"
307,"Resistant-local","miR204_ON__GSDME_OFF","Pyroptosis",0,0,"miR-204-5p E1 + GSDME KO"
307,"Resistant-local","miR204_ON__GSDME_OFF","Resistance",0,0,"miR-204-5p E1 + GSDME KO"
307,"Resistant-local","miR204_ON__SIRT1_ON","Apoptosis",0,0,"miR-204-5p E1 + SIRT1 rescue"
307,"Resistant-local","miR204_ON__SIRT1_ON","Cell-cycle arrest",0,0,"miR-204-5p E1 + SIRT1 rescue"
307,"Resistant-local","miR204_ON__SIRT1_ON","Other",500,1,"miR-204-5p E1 + SIRT1 rescue"
307,"Resistant-local","miR204_ON__SIRT1_ON","Proliferation",0,0,"miR-204-5p E1 + SIRT1 rescue"
307,"Resistant-local","miR204_ON__SIRT1_ON","Pyroptosis",0,0,"miR-204-5p E1 + SIRT1 rescue"
307,"Resistant-local","miR204_ON__SIRT1_ON","Resistance",0,0,"miR-204-5p E1 + SIRT1 rescue"
307,"Resistant-local","p53_OFF","Apoptosis",0,0,"Active p53 KO"
307,"Resistant-local","p53_OFF","Cell-cycle arrest",0,0,"Active p53 KO"
307,"Resistant-local","p53_OFF","Other",0,0,"Active p53 KO"
307,"Resistant-local","p53_OFF","Proliferation",0,0,"Active p53 KO"
307,"Resistant-local","p53_OFF","Pyroptosis",0,0,"Active p53 KO"
307,"Resistant-local","p53_OFF","Resistance",500,1,"Active p53 KO"
307,"Resistant-local","p53_ON","Apoptosis",0,0,"Active p53 E1"
307,"Resistant-local","p53_ON","Cell-cycle arrest",17,0.034,"Active p53 E1"
307,"Resistant-local","p53_ON","Other",0,0,"Active p53 E1"
307,"Resistant-local","p53_ON","Proliferation",0,0,"Active p53 E1"
307,"Resistant-local","p53_ON","Pyroptosis",12,0.024,"Active p53 E1"
307,"Resistant-local","p53_ON","Resistance",471,0.942,"Active p53 E1"
307,"Resistant-local","p53_ON__CASP3_OFF","Apoptosis",0,0,"Active p53 E1 + CASP3 KO"
307,"Resistant-local","p53_ON__CASP3_OFF","Cell-cycle arrest",19,0.038,"Active p53 E1 + CASP3 KO"
307,"Resistant-local","p53_ON__CASP3_OFF","Other",14,0.028,"Active p53 E1 + CASP3 KO"
307,"Resistant-local","p53_ON__CASP3_OFF","Proliferation",0,0,"Active p53 E1 + CASP3 KO"
307,"Resistant-local","p53_ON__CASP3_OFF","Pyroptosis",0,0,"Active p53 E1 + CASP3 KO"
307,"Resistant-local","p53_ON__CASP3_OFF","Resistance",467,0.934,"Active p53 E1 + CASP3 KO"
307,"Resistant-local","p53_ON__miR204_ON__CASP3_OFF__p21_ON","Apoptosis",0,0,"p53 E1 + miR-204-5p E1 + CASP3 KO + p21 E1"
307,"Resistant-local","p53_ON__miR204_ON__CASP3_OFF__p21_ON","Cell-cycle arrest",500,1,"p53 E1 + miR-204-5p E1 + CASP3 KO + p21 E1"
307,"Resistant-local","p53_ON__miR204_ON__CASP3_OFF__p21_ON","Other",0,0,"p53 E1 + miR-204-5p E1 + CASP3 KO + p21 E1"
307,"Resistant-local","p53_ON__miR204_ON__CASP3_OFF__p21_ON","Proliferation",0,0,"p53 E1 + miR-204-5p E1 + CASP3 KO + p21 E1"
307,"Resistant-local","p53_ON__miR204_ON__CASP3_OFF__p21_ON","Pyroptosis",0,0,"p53 E1 + miR-204-5p E1 + CASP3 KO + p21 E1"
307,"Resistant-local","p53_ON__miR204_ON__CASP3_OFF__p21_ON","Resistance",0,0,"p53 E1 + miR-204-5p E1 + CASP3 KO + p21 E1"
307,"Resistant-local","Reference","Apoptosis",0,0,"Reference: DDR ON, endogenous GSDME"
307,"Resistant-local","Reference","Cell-cycle arrest",0,0,"Reference: DDR ON, endogenous GSDME"
307,"Resistant-local","Reference","Other",0,0,"Reference: DDR ON, endogenous GSDME"
307,"Resistant-local","Reference","Proliferation",0,0,"Reference: DDR ON, endogenous GSDME"
307,"Resistant-local","Reference","Pyroptosis",1,0.002,"Reference: DDR ON, endogenous GSDME"
307,"Resistant-local","Reference","Resistance",499,0.998,"Reference: DDR ON, endogenous GSDME"
307,"Resistant-local","SIRT1_OFF","Apoptosis",0,0,"SIRT1 KO"
307,"Resistant-local","SIRT1_OFF","Cell-cycle arrest",16,0.032,"SIRT1 KO"
307,"Resistant-local","SIRT1_OFF","Other",0,0,"SIRT1 KO"
307,"Resistant-local","SIRT1_OFF","Proliferation",0,0,"SIRT1 KO"
307,"Resistant-local","SIRT1_OFF","Pyroptosis",484,0.968,"SIRT1 KO"
307,"Resistant-local","SIRT1_OFF","Resistance",0,0,"SIRT1 KO"
307,"Resistant-local","SIRT1_OFF__GSDME_OFF","Apoptosis",488,0.976,"SIRT1 KO + GSDME KO"
307,"Resistant-local","SIRT1_OFF__GSDME_OFF","Cell-cycle arrest",12,0.024,"SIRT1 KO + GSDME KO"
307,"Resistant-local","SIRT1_OFF__GSDME_OFF","Other",0,0,"SIRT1 KO + GSDME KO"
307,"Resistant-local","SIRT1_OFF__GSDME_OFF","Proliferation",0,0,"SIRT1 KO + GSDME KO"
307,"Resistant-local","SIRT1_OFF__GSDME_OFF","Pyroptosis",0,0,"SIRT1 KO + GSDME KO"
307,"Resistant-local","SIRT1_OFF__GSDME_OFF","Resistance",0,0,"SIRT1 KO + GSDME KO"
307,"Resistant-local","SIRT1_OFF__GSDME_OFF__CASP3_ON","Apoptosis",500,1,"SIRT1 KO + GSDME KO + CASP3 E1"
307,"Resistant-local","SIRT1_OFF__GSDME_OFF__CASP3_ON","Cell-cycle arrest",0,0,"SIRT1 KO + GSDME KO + CASP3 E1"
307,"Resistant-local","SIRT1_OFF__GSDME_OFF__CASP3_ON","Other",0,0,"SIRT1 KO + GSDME KO + CASP3 E1"
307,"Resistant-local","SIRT1_OFF__GSDME_OFF__CASP3_ON","Proliferation",0,0,"SIRT1 KO + GSDME KO + CASP3 E1"
307,"Resistant-local","SIRT1_OFF__GSDME_OFF__CASP3_ON","Pyroptosis",0,0,"SIRT1 KO + GSDME KO + CASP3 E1"
307,"Resistant-local","SIRT1_OFF__GSDME_OFF__CASP3_ON","Resistance",0,0,"SIRT1 KO + GSDME KO + CASP3 E1"
307,"Resistant-local","SIRT1_OFF__p53_OFF","Apoptosis",0,0,"SIRT1 KO + active p53 KO"
307,"Resistant-local","SIRT1_OFF__p53_OFF","Cell-cycle arrest",0,0,"SIRT1 KO + active p53 KO"
307,"Resistant-local","SIRT1_OFF__p53_OFF","Other",0,0,"SIRT1 KO + active p53 KO"
307,"Resistant-local","SIRT1_OFF__p53_OFF","Proliferation",0,0,"SIRT1 KO + active p53 KO"
307,"Resistant-local","SIRT1_OFF__p53_OFF","Pyroptosis",0,0,"SIRT1 KO + active p53 KO"
307,"Resistant-local","SIRT1_OFF__p53_OFF","Resistance",500,1,"SIRT1 KO + active p53 KO"
307,"Resistant-local","SIRT1_ON","Apoptosis",0,0,"SIRT1 E1"
307,"Resistant-local","SIRT1_ON","Cell-cycle arrest",0,0,"SIRT1 E1"
307,"Resistant-local","SIRT1_ON","Other",0,0,"SIRT1 E1"
307,"Resistant-local","SIRT1_ON","Proliferation",0,0,"SIRT1 E1"
307,"Resistant-local","SIRT1_ON","Pyroptosis",0,0,"SIRT1 E1"
307,"Resistant-local","SIRT1_ON","Resistance",500,1,"SIRT1 E1"
509,"Global random","BAX_ON","Apoptosis",0,0,"BAX E1"
509,"Global random","BAX_ON","Cell-cycle arrest",3,0.006,"BAX E1"
509,"Global random","BAX_ON","Other",0,0,"BAX E1"
509,"Global random","BAX_ON","Proliferation",0,0,"BAX E1"
509,"Global random","BAX_ON","Pyroptosis",40,0.08,"BAX E1"
509,"Global random","BAX_ON","Resistance",457,0.914,"BAX E1"
509,"Global random","BAX_ON__GSDME_OFF","Apoptosis",40,0.08,"BAX E1 + GSDME KO"
509,"Global random","BAX_ON__GSDME_OFF","Cell-cycle arrest",2,0.004,"BAX E1 + GSDME KO"
509,"Global random","BAX_ON__GSDME_OFF","Other",0,0,"BAX E1 + GSDME KO"
509,"Global random","BAX_ON__GSDME_OFF","Proliferation",0,0,"BAX E1 + GSDME KO"
509,"Global random","BAX_ON__GSDME_OFF","Pyroptosis",0,0,"BAX E1 + GSDME KO"
509,"Global random","BAX_ON__GSDME_OFF","Resistance",458,0.916,"BAX E1 + GSDME KO"
509,"Global random","CASP3_OFF","Apoptosis",0,0,"CASP3 KO"
509,"Global random","CASP3_OFF","Cell-cycle arrest",13,0.026,"CASP3 KO"
509,"Global random","CASP3_OFF","Other",22,0.044,"CASP3 KO"
509,"Global random","CASP3_OFF","Proliferation",0,0,"CASP3 KO"
509,"Global random","CASP3_OFF","Pyroptosis",0,0,"CASP3 KO"
509,"Global random","CASP3_OFF","Resistance",465,0.93,"CASP3 KO"
509,"Global random","CASP3_ON","Apoptosis",0,0,"CASP3 E1"
509,"Global random","CASP3_ON","Cell-cycle arrest",0,0,"CASP3 E1"
509,"Global random","CASP3_ON","Other",0,0,"CASP3 E1"
509,"Global random","CASP3_ON","Proliferation",0,0,"CASP3 E1"
509,"Global random","CASP3_ON","Pyroptosis",500,1,"CASP3 E1"
509,"Global random","CASP3_ON","Resistance",0,0,"CASP3 E1"
509,"Global random","CASP3_ON__GSDME_OFF","Apoptosis",500,1,"GSDME KO + CASP3 E1"
509,"Global random","CASP3_ON__GSDME_OFF","Cell-cycle arrest",0,0,"GSDME KO + CASP3 E1"
509,"Global random","CASP3_ON__GSDME_OFF","Other",0,0,"GSDME KO + CASP3 E1"
509,"Global random","CASP3_ON__GSDME_OFF","Proliferation",0,0,"GSDME KO + CASP3 E1"
509,"Global random","CASP3_ON__GSDME_OFF","Pyroptosis",0,0,"GSDME KO + CASP3 E1"
509,"Global random","CASP3_ON__GSDME_OFF","Resistance",0,0,"GSDME KO + CASP3 E1"
509,"Global random","GSDME_OFF","Apoptosis",30,0.06,"GSDME KO"
509,"Global random","GSDME_OFF","Cell-cycle arrest",17,0.034,"GSDME KO"
509,"Global random","GSDME_OFF","Other",0,0,"GSDME KO"
509,"Global random","GSDME_OFF","Proliferation",0,0,"GSDME KO"
509,"Global random","GSDME_OFF","Pyroptosis",0,0,"GSDME KO"
509,"Global random","GSDME_OFF","Resistance",453,0.906,"GSDME KO"
509,"Global random","GSDME_ON","Apoptosis",0,0,"GSDME E1 (Boolean DFNA5 ON)"
509,"Global random","GSDME_ON","Cell-cycle arrest",0,0,"GSDME E1 (Boolean DFNA5 ON)"
509,"Global random","GSDME_ON","Other",0,0,"GSDME E1 (Boolean DFNA5 ON)"
509,"Global random","GSDME_ON","Proliferation",0,0,"GSDME E1 (Boolean DFNA5 ON)"
509,"Global random","GSDME_ON","Pyroptosis",500,1,"GSDME E1 (Boolean DFNA5 ON)"
509,"Global random","GSDME_ON","Resistance",0,0,"GSDME E1 (Boolean DFNA5 ON)"
509,"Global random","GSDME_ON__CASP3_ON","Apoptosis",0,0,"GSDME E1 + CASP3 E1"
509,"Global random","GSDME_ON__CASP3_ON","Cell-cycle arrest",0,0,"GSDME E1 + CASP3 E1"
509,"Global random","GSDME_ON__CASP3_ON","Other",0,0,"GSDME E1 + CASP3 E1"
509,"Global random","GSDME_ON__CASP3_ON","Proliferation",0,0,"GSDME E1 + CASP3 E1"
509,"Global random","GSDME_ON__CASP3_ON","Pyroptosis",500,1,"GSDME E1 + CASP3 E1"
509,"Global random","GSDME_ON__CASP3_ON","Resistance",0,0,"GSDME E1 + CASP3 E1"
509,"Global random","MALAT1_OFF","Apoptosis",0,0,"MALAT1 KO"
509,"Global random","MALAT1_OFF","Cell-cycle arrest",29,0.058,"MALAT1 KO"
509,"Global random","MALAT1_OFF","Other",0,0,"MALAT1 KO"
509,"Global random","MALAT1_OFF","Proliferation",0,0,"MALAT1 KO"
509,"Global random","MALAT1_OFF","Pyroptosis",44,0.088,"MALAT1 KO"
509,"Global random","MALAT1_OFF","Resistance",427,0.854,"MALAT1 KO"
509,"Global random","MALAT1_OFF__GSDME_OFF","Apoptosis",41,0.082,"MALAT1 KO + GSDME KO"
509,"Global random","MALAT1_OFF__GSDME_OFF","Cell-cycle arrest",32,0.064,"MALAT1 KO + GSDME KO"
509,"Global random","MALAT1_OFF__GSDME_OFF","Other",0,0,"MALAT1 KO + GSDME KO"
509,"Global random","MALAT1_OFF__GSDME_OFF","Proliferation",0,0,"MALAT1 KO + GSDME KO"
509,"Global random","MALAT1_OFF__GSDME_OFF","Pyroptosis",0,0,"MALAT1 KO + GSDME KO"
509,"Global random","MALAT1_OFF__GSDME_OFF","Resistance",427,0.854,"MALAT1 KO + GSDME KO"
509,"Global random","MALAT1_OFF__miR204_OFF","Apoptosis",0,0,"MALAT1 KO + miR-204-5p KO"
509,"Global random","MALAT1_OFF__miR204_OFF","Cell-cycle arrest",0,0,"MALAT1 KO + miR-204-5p KO"
509,"Global random","MALAT1_OFF__miR204_OFF","Other",0,0,"MALAT1 KO + miR-204-5p KO"
509,"Global random","MALAT1_OFF__miR204_OFF","Proliferation",0,0,"MALAT1 KO + miR-204-5p KO"
509,"Global random","MALAT1_OFF__miR204_OFF","Pyroptosis",0,0,"MALAT1 KO + miR-204-5p KO"
509,"Global random","MALAT1_OFF__miR204_OFF","Resistance",500,1,"MALAT1 KO + miR-204-5p KO"
509,"Global random","MALAT1_OFF__SIRT1_ON","Apoptosis",0,0,"MALAT1 KO + SIRT1 rescue"
509,"Global random","MALAT1_OFF__SIRT1_ON","Cell-cycle arrest",0,0,"MALAT1 KO + SIRT1 rescue"
509,"Global random","MALAT1_OFF__SIRT1_ON","Other",0,0,"MALAT1 KO + SIRT1 rescue"
509,"Global random","MALAT1_OFF__SIRT1_ON","Proliferation",0,0,"MALAT1 KO + SIRT1 rescue"
509,"Global random","MALAT1_OFF__SIRT1_ON","Pyroptosis",0,0,"MALAT1 KO + SIRT1 rescue"
509,"Global random","MALAT1_OFF__SIRT1_ON","Resistance",500,1,"MALAT1 KO + SIRT1 rescue"
509,"Global random","MALAT1_ON__miR204_OFF__SIRT1_ON","Apoptosis",0,0,"MALAT1 E1 + miR-204-5p KO + SIRT1 E1"
509,"Global random","MALAT1_ON__miR204_OFF__SIRT1_ON","Cell-cycle arrest",0,0,"MALAT1 E1 + miR-204-5p KO + SIRT1 E1"
509,"Global random","MALAT1_ON__miR204_OFF__SIRT1_ON","Other",0,0,"MALAT1 E1 + miR-204-5p KO + SIRT1 E1"
509,"Global random","MALAT1_ON__miR204_OFF__SIRT1_ON","Proliferation",0,0,"MALAT1 E1 + miR-204-5p KO + SIRT1 E1"
509,"Global random","MALAT1_ON__miR204_OFF__SIRT1_ON","Pyroptosis",0,0,"MALAT1 E1 + miR-204-5p KO + SIRT1 E1"
509,"Global random","MALAT1_ON__miR204_OFF__SIRT1_ON","Resistance",500,1,"MALAT1 E1 + miR-204-5p KO + SIRT1 E1"
509,"Global random","miR204_OFF","Apoptosis",0,0,"miR-204-5p KO"
509,"Global random","miR204_OFF","Cell-cycle arrest",0,0,"miR-204-5p KO"
509,"Global random","miR204_OFF","Other",0,0,"miR-204-5p KO"
509,"Global random","miR204_OFF","Proliferation",0,0,"miR-204-5p KO"
509,"Global random","miR204_OFF","Pyroptosis",0,0,"miR-204-5p KO"
509,"Global random","miR204_OFF","Resistance",500,1,"miR-204-5p KO"
509,"Global random","miR204_ON","Apoptosis",0,0,"miR-204-5p E1"
509,"Global random","miR204_ON","Cell-cycle arrest",244,0.488,"miR-204-5p E1"
509,"Global random","miR204_ON","Other",0,0,"miR-204-5p E1"
509,"Global random","miR204_ON","Proliferation",0,0,"miR-204-5p E1"
509,"Global random","miR204_ON","Pyroptosis",256,0.512,"miR-204-5p E1"
509,"Global random","miR204_ON","Resistance",0,0,"miR-204-5p E1"
509,"Global random","miR204_ON__CASP3_OFF","Apoptosis",0,0,"miR-204-5p E1 + CASP3 KO"
509,"Global random","miR204_ON__CASP3_OFF","Cell-cycle arrest",233,0.466,"miR-204-5p E1 + CASP3 KO"
509,"Global random","miR204_ON__CASP3_OFF","Other",267,0.534,"miR-204-5p E1 + CASP3 KO"
509,"Global random","miR204_ON__CASP3_OFF","Proliferation",0,0,"miR-204-5p E1 + CASP3 KO"
509,"Global random","miR204_ON__CASP3_OFF","Pyroptosis",0,0,"miR-204-5p E1 + CASP3 KO"
509,"Global random","miR204_ON__CASP3_OFF","Resistance",0,0,"miR-204-5p E1 + CASP3 KO"
509,"Global random","miR204_ON__GSDME_OFF","Apoptosis",269,0.538,"miR-204-5p E1 + GSDME KO"
509,"Global random","miR204_ON__GSDME_OFF","Cell-cycle arrest",231,0.462,"miR-204-5p E1 + GSDME KO"
509,"Global random","miR204_ON__GSDME_OFF","Other",0,0,"miR-204-5p E1 + GSDME KO"
509,"Global random","miR204_ON__GSDME_OFF","Proliferation",0,0,"miR-204-5p E1 + GSDME KO"
509,"Global random","miR204_ON__GSDME_OFF","Pyroptosis",0,0,"miR-204-5p E1 + GSDME KO"
509,"Global random","miR204_ON__GSDME_OFF","Resistance",0,0,"miR-204-5p E1 + GSDME KO"
509,"Global random","miR204_ON__SIRT1_ON","Apoptosis",0,0,"miR-204-5p E1 + SIRT1 rescue"
509,"Global random","miR204_ON__SIRT1_ON","Cell-cycle arrest",0,0,"miR-204-5p E1 + SIRT1 rescue"
509,"Global random","miR204_ON__SIRT1_ON","Other",500,1,"miR-204-5p E1 + SIRT1 rescue"
509,"Global random","miR204_ON__SIRT1_ON","Proliferation",0,0,"miR-204-5p E1 + SIRT1 rescue"
509,"Global random","miR204_ON__SIRT1_ON","Pyroptosis",0,0,"miR-204-5p E1 + SIRT1 rescue"
509,"Global random","miR204_ON__SIRT1_ON","Resistance",0,0,"miR-204-5p E1 + SIRT1 rescue"
509,"Global random","p53_OFF","Apoptosis",0,0,"Active p53 KO"
509,"Global random","p53_OFF","Cell-cycle arrest",0,0,"Active p53 KO"
509,"Global random","p53_OFF","Other",0,0,"Active p53 KO"
509,"Global random","p53_OFF","Proliferation",0,0,"Active p53 KO"
509,"Global random","p53_OFF","Pyroptosis",0,0,"Active p53 KO"
509,"Global random","p53_OFF","Resistance",500,1,"Active p53 KO"
509,"Global random","p53_ON","Apoptosis",0,0,"Active p53 E1"
509,"Global random","p53_ON","Cell-cycle arrest",81,0.162,"Active p53 E1"
509,"Global random","p53_ON","Other",0,0,"Active p53 E1"
509,"Global random","p53_ON","Proliferation",0,0,"Active p53 E1"
509,"Global random","p53_ON","Pyroptosis",134,0.268,"Active p53 E1"
509,"Global random","p53_ON","Resistance",285,0.57,"Active p53 E1"
509,"Global random","p53_ON__CASP3_OFF","Apoptosis",0,0,"Active p53 E1 + CASP3 KO"
509,"Global random","p53_ON__CASP3_OFF","Cell-cycle arrest",90,0.18,"Active p53 E1 + CASP3 KO"
509,"Global random","p53_ON__CASP3_OFF","Other",125,0.25,"Active p53 E1 + CASP3 KO"
509,"Global random","p53_ON__CASP3_OFF","Proliferation",0,0,"Active p53 E1 + CASP3 KO"
509,"Global random","p53_ON__CASP3_OFF","Pyroptosis",0,0,"Active p53 E1 + CASP3 KO"
509,"Global random","p53_ON__CASP3_OFF","Resistance",285,0.57,"Active p53 E1 + CASP3 KO"
509,"Global random","p53_ON__miR204_ON__CASP3_OFF__p21_ON","Apoptosis",0,0,"p53 E1 + miR-204-5p E1 + CASP3 KO + p21 E1"
509,"Global random","p53_ON__miR204_ON__CASP3_OFF__p21_ON","Cell-cycle arrest",500,1,"p53 E1 + miR-204-5p E1 + CASP3 KO + p21 E1"
509,"Global random","p53_ON__miR204_ON__CASP3_OFF__p21_ON","Other",0,0,"p53 E1 + miR-204-5p E1 + CASP3 KO + p21 E1"
509,"Global random","p53_ON__miR204_ON__CASP3_OFF__p21_ON","Proliferation",0,0,"p53 E1 + miR-204-5p E1 + CASP3 KO + p21 E1"
509,"Global random","p53_ON__miR204_ON__CASP3_OFF__p21_ON","Pyroptosis",0,0,"p53 E1 + miR-204-5p E1 + CASP3 KO + p21 E1"
509,"Global random","p53_ON__miR204_ON__CASP3_OFF__p21_ON","Resistance",0,0,"p53 E1 + miR-204-5p E1 + CASP3 KO + p21 E1"
509,"Global random","Reference","Apoptosis",0,0,"Reference: DDR ON, endogenous GSDME"
509,"Global random","Reference","Cell-cycle arrest",16,0.032,"Reference: DDR ON, endogenous GSDME"
509,"Global random","Reference","Other",0,0,"Reference: DDR ON, endogenous GSDME"
509,"Global random","Reference","Proliferation",0,0,"Reference: DDR ON, endogenous GSDME"
509,"Global random","Reference","Pyroptosis",24,0.048,"Reference: DDR ON, endogenous GSDME"
509,"Global random","Reference","Resistance",460,0.92,"Reference: DDR ON, endogenous GSDME"
509,"Global random","SIRT1_OFF","Apoptosis",0,0,"SIRT1 KO"
509,"Global random","SIRT1_OFF","Cell-cycle arrest",41,0.082,"SIRT1 KO"
509,"Global random","SIRT1_OFF","Other",0,0,"SIRT1 KO"
509,"Global random","SIRT1_OFF","Proliferation",0,0,"SIRT1 KO"
509,"Global random","SIRT1_OFF","Pyroptosis",459,0.918,"SIRT1 KO"
509,"Global random","SIRT1_OFF","Resistance",0,0,"SIRT1 KO"
509,"Global random","SIRT1_OFF__GSDME_OFF","Apoptosis",456,0.912,"SIRT1 KO + GSDME KO"
509,"Global random","SIRT1_OFF__GSDME_OFF","Cell-cycle arrest",43,0.086,"SIRT1 KO + GSDME KO"
509,"Global random","SIRT1_OFF__GSDME_OFF","Other",1,0.002,"SIRT1 KO + GSDME KO"
509,"Global random","SIRT1_OFF__GSDME_OFF","Proliferation",0,0,"SIRT1 KO + GSDME KO"
509,"Global random","SIRT1_OFF__GSDME_OFF","Pyroptosis",0,0,"SIRT1 KO + GSDME KO"
509,"Global random","SIRT1_OFF__GSDME_OFF","Resistance",0,0,"SIRT1 KO + GSDME KO"
509,"Global random","SIRT1_OFF__GSDME_OFF__CASP3_ON","Apoptosis",499,0.998,"SIRT1 KO + GSDME KO + CASP3 E1"
509,"Global random","SIRT1_OFF__GSDME_OFF__CASP3_ON","Cell-cycle arrest",0,0,"SIRT1 KO + GSDME KO + CASP3 E1"
509,"Global random","SIRT1_OFF__GSDME_OFF__CASP3_ON","Other",1,0.002,"SIRT1 KO + GSDME KO + CASP3 E1"
509,"Global random","SIRT1_OFF__GSDME_OFF__CASP3_ON","Proliferation",0,0,"SIRT1 KO + GSDME KO + CASP3 E1"
509,"Global random","SIRT1_OFF__GSDME_OFF__CASP3_ON","Pyroptosis",0,0,"SIRT1 KO + GSDME KO + CASP3 E1"
509,"Global random","SIRT1_OFF__GSDME_OFF__CASP3_ON","Resistance",0,0,"SIRT1 KO + GSDME KO + CASP3 E1"
509,"Global random","SIRT1_OFF__p53_OFF","Apoptosis",0,0,"SIRT1 KO + active p53 KO"
509,"Global random","SIRT1_OFF__p53_OFF","Cell-cycle arrest",0,0,"SIRT1 KO + active p53 KO"
509,"Global random","SIRT1_OFF__p53_OFF","Other",0,0,"SIRT1 KO + active p53 KO"
509,"Global random","SIRT1_OFF__p53_OFF","Proliferation",0,0,"SIRT1 KO + active p53 KO"
509,"Global random","SIRT1_OFF__p53_OFF","Pyroptosis",0,0,"SIRT1 KO + active p53 KO"
509,"Global random","SIRT1_OFF__p53_OFF","Resistance",500,1,"SIRT1 KO + active p53 KO"
509,"Global random","SIRT1_ON","Apoptosis",0,0,"SIRT1 E1"
509,"Global random","SIRT1_ON","Cell-cycle arrest",0,0,"SIRT1 E1"
509,"Global random","SIRT1_ON","Other",0,0,"SIRT1 E1"
509,"Global random","SIRT1_ON","Proliferation",0,0,"SIRT1 E1"
509,"Global random","SIRT1_ON","Pyroptosis",0,0,"SIRT1 E1"
509,"Global random","SIRT1_ON","Resistance",500,1,"SIRT1 E1"
509,"Resistant-local","BAX_ON","Apoptosis",0,0,"BAX E1"
509,"Resistant-local","BAX_ON","Cell-cycle arrest",0,0,"BAX E1"
509,"Resistant-local","BAX_ON","Other",0,0,"BAX E1"
509,"Resistant-local","BAX_ON","Proliferation",0,0,"BAX E1"
509,"Resistant-local","BAX_ON","Pyroptosis",5,0.01,"BAX E1"
509,"Resistant-local","BAX_ON","Resistance",495,0.99,"BAX E1"
509,"Resistant-local","BAX_ON__GSDME_OFF","Apoptosis",7,0.014,"BAX E1 + GSDME KO"
509,"Resistant-local","BAX_ON__GSDME_OFF","Cell-cycle arrest",0,0,"BAX E1 + GSDME KO"
509,"Resistant-local","BAX_ON__GSDME_OFF","Other",0,0,"BAX E1 + GSDME KO"
509,"Resistant-local","BAX_ON__GSDME_OFF","Proliferation",0,0,"BAX E1 + GSDME KO"
509,"Resistant-local","BAX_ON__GSDME_OFF","Pyroptosis",0,0,"BAX E1 + GSDME KO"
509,"Resistant-local","BAX_ON__GSDME_OFF","Resistance",493,0.986,"BAX E1 + GSDME KO"
509,"Resistant-local","CASP3_OFF","Apoptosis",0,0,"CASP3 KO"
509,"Resistant-local","CASP3_OFF","Cell-cycle arrest",0,0,"CASP3 KO"
509,"Resistant-local","CASP3_OFF","Other",2,0.004,"CASP3 KO"
509,"Resistant-local","CASP3_OFF","Proliferation",0,0,"CASP3 KO"
509,"Resistant-local","CASP3_OFF","Pyroptosis",0,0,"CASP3 KO"
509,"Resistant-local","CASP3_OFF","Resistance",498,0.996,"CASP3 KO"
509,"Resistant-local","CASP3_ON","Apoptosis",0,0,"CASP3 E1"
509,"Resistant-local","CASP3_ON","Cell-cycle arrest",0,0,"CASP3 E1"
509,"Resistant-local","CASP3_ON","Other",0,0,"CASP3 E1"
509,"Resistant-local","CASP3_ON","Proliferation",0,0,"CASP3 E1"
509,"Resistant-local","CASP3_ON","Pyroptosis",500,1,"CASP3 E1"
509,"Resistant-local","CASP3_ON","Resistance",0,0,"CASP3 E1"
509,"Resistant-local","CASP3_ON__GSDME_OFF","Apoptosis",500,1,"GSDME KO + CASP3 E1"
509,"Resistant-local","CASP3_ON__GSDME_OFF","Cell-cycle arrest",0,0,"GSDME KO + CASP3 E1"
509,"Resistant-local","CASP3_ON__GSDME_OFF","Other",0,0,"GSDME KO + CASP3 E1"
509,"Resistant-local","CASP3_ON__GSDME_OFF","Proliferation",0,0,"GSDME KO + CASP3 E1"
509,"Resistant-local","CASP3_ON__GSDME_OFF","Pyroptosis",0,0,"GSDME KO + CASP3 E1"
509,"Resistant-local","CASP3_ON__GSDME_OFF","Resistance",0,0,"GSDME KO + CASP3 E1"
509,"Resistant-local","GSDME_OFF","Apoptosis",5,0.01,"GSDME KO"
509,"Resistant-local","GSDME_OFF","Cell-cycle arrest",1,0.002,"GSDME KO"
509,"Resistant-local","GSDME_OFF","Other",0,0,"GSDME KO"
509,"Resistant-local","GSDME_OFF","Proliferation",0,0,"GSDME KO"
509,"Resistant-local","GSDME_OFF","Pyroptosis",0,0,"GSDME KO"
509,"Resistant-local","GSDME_OFF","Resistance",494,0.988,"GSDME KO"
509,"Resistant-local","GSDME_ON","Apoptosis",0,0,"GSDME E1 (Boolean DFNA5 ON)"
509,"Resistant-local","GSDME_ON","Cell-cycle arrest",0,0,"GSDME E1 (Boolean DFNA5 ON)"
509,"Resistant-local","GSDME_ON","Other",0,0,"GSDME E1 (Boolean DFNA5 ON)"
509,"Resistant-local","GSDME_ON","Proliferation",0,0,"GSDME E1 (Boolean DFNA5 ON)"
509,"Resistant-local","GSDME_ON","Pyroptosis",500,1,"GSDME E1 (Boolean DFNA5 ON)"
509,"Resistant-local","GSDME_ON","Resistance",0,0,"GSDME E1 (Boolean DFNA5 ON)"
509,"Resistant-local","GSDME_ON__CASP3_ON","Apoptosis",0,0,"GSDME E1 + CASP3 E1"
509,"Resistant-local","GSDME_ON__CASP3_ON","Cell-cycle arrest",0,0,"GSDME E1 + CASP3 E1"
509,"Resistant-local","GSDME_ON__CASP3_ON","Other",0,0,"GSDME E1 + CASP3 E1"
509,"Resistant-local","GSDME_ON__CASP3_ON","Proliferation",0,0,"GSDME E1 + CASP3 E1"
509,"Resistant-local","GSDME_ON__CASP3_ON","Pyroptosis",500,1,"GSDME E1 + CASP3 E1"
509,"Resistant-local","GSDME_ON__CASP3_ON","Resistance",0,0,"GSDME E1 + CASP3 E1"
509,"Resistant-local","MALAT1_OFF","Apoptosis",0,0,"MALAT1 KO"
509,"Resistant-local","MALAT1_OFF","Cell-cycle arrest",9,0.018,"MALAT1 KO"
509,"Resistant-local","MALAT1_OFF","Other",0,0,"MALAT1 KO"
509,"Resistant-local","MALAT1_OFF","Proliferation",0,0,"MALAT1 KO"
509,"Resistant-local","MALAT1_OFF","Pyroptosis",7,0.014,"MALAT1 KO"
509,"Resistant-local","MALAT1_OFF","Resistance",484,0.968,"MALAT1 KO"
509,"Resistant-local","MALAT1_OFF__GSDME_OFF","Apoptosis",6,0.012,"MALAT1 KO + GSDME KO"
509,"Resistant-local","MALAT1_OFF__GSDME_OFF","Cell-cycle arrest",9,0.018,"MALAT1 KO + GSDME KO"
509,"Resistant-local","MALAT1_OFF__GSDME_OFF","Other",0,0,"MALAT1 KO + GSDME KO"
509,"Resistant-local","MALAT1_OFF__GSDME_OFF","Proliferation",0,0,"MALAT1 KO + GSDME KO"
509,"Resistant-local","MALAT1_OFF__GSDME_OFF","Pyroptosis",0,0,"MALAT1 KO + GSDME KO"
509,"Resistant-local","MALAT1_OFF__GSDME_OFF","Resistance",485,0.97,"MALAT1 KO + GSDME KO"
509,"Resistant-local","MALAT1_OFF__miR204_OFF","Apoptosis",0,0,"MALAT1 KO + miR-204-5p KO"
509,"Resistant-local","MALAT1_OFF__miR204_OFF","Cell-cycle arrest",0,0,"MALAT1 KO + miR-204-5p KO"
509,"Resistant-local","MALAT1_OFF__miR204_OFF","Other",0,0,"MALAT1 KO + miR-204-5p KO"
509,"Resistant-local","MALAT1_OFF__miR204_OFF","Proliferation",0,0,"MALAT1 KO + miR-204-5p KO"
509,"Resistant-local","MALAT1_OFF__miR204_OFF","Pyroptosis",0,0,"MALAT1 KO + miR-204-5p KO"
509,"Resistant-local","MALAT1_OFF__miR204_OFF","Resistance",500,1,"MALAT1 KO + miR-204-5p KO"
509,"Resistant-local","MALAT1_OFF__SIRT1_ON","Apoptosis",0,0,"MALAT1 KO + SIRT1 rescue"
509,"Resistant-local","MALAT1_OFF__SIRT1_ON","Cell-cycle arrest",0,0,"MALAT1 KO + SIRT1 rescue"
509,"Resistant-local","MALAT1_OFF__SIRT1_ON","Other",0,0,"MALAT1 KO + SIRT1 rescue"
509,"Resistant-local","MALAT1_OFF__SIRT1_ON","Proliferation",0,0,"MALAT1 KO + SIRT1 rescue"
509,"Resistant-local","MALAT1_OFF__SIRT1_ON","Pyroptosis",0,0,"MALAT1 KO + SIRT1 rescue"
509,"Resistant-local","MALAT1_OFF__SIRT1_ON","Resistance",500,1,"MALAT1 KO + SIRT1 rescue"
509,"Resistant-local","MALAT1_ON__miR204_OFF__SIRT1_ON","Apoptosis",0,0,"MALAT1 E1 + miR-204-5p KO + SIRT1 E1"
509,"Resistant-local","MALAT1_ON__miR204_OFF__SIRT1_ON","Cell-cycle arrest",0,0,"MALAT1 E1 + miR-204-5p KO + SIRT1 E1"
509,"Resistant-local","MALAT1_ON__miR204_OFF__SIRT1_ON","Other",0,0,"MALAT1 E1 + miR-204-5p KO + SIRT1 E1"
509,"Resistant-local","MALAT1_ON__miR204_OFF__SIRT1_ON","Proliferation",0,0,"MALAT1 E1 + miR-204-5p KO + SIRT1 E1"
509,"Resistant-local","MALAT1_ON__miR204_OFF__SIRT1_ON","Pyroptosis",0,0,"MALAT1 E1 + miR-204-5p KO + SIRT1 E1"
509,"Resistant-local","MALAT1_ON__miR204_OFF__SIRT1_ON","Resistance",500,1,"MALAT1 E1 + miR-204-5p KO + SIRT1 E1"
509,"Resistant-local","miR204_OFF","Apoptosis",0,0,"miR-204-5p KO"
509,"Resistant-local","miR204_OFF","Cell-cycle arrest",0,0,"miR-204-5p KO"
509,"Resistant-local","miR204_OFF","Other",0,0,"miR-204-5p KO"
509,"Resistant-local","miR204_OFF","Proliferation",0,0,"miR-204-5p KO"
509,"Resistant-local","miR204_OFF","Pyroptosis",0,0,"miR-204-5p KO"
509,"Resistant-local","miR204_OFF","Resistance",500,1,"miR-204-5p KO"
509,"Resistant-local","miR204_ON","Apoptosis",0,0,"miR-204-5p E1"
509,"Resistant-local","miR204_ON","Cell-cycle arrest",268,0.536,"miR-204-5p E1"
509,"Resistant-local","miR204_ON","Other",0,0,"miR-204-5p E1"
509,"Resistant-local","miR204_ON","Proliferation",0,0,"miR-204-5p E1"
509,"Resistant-local","miR204_ON","Pyroptosis",232,0.464,"miR-204-5p E1"
509,"Resistant-local","miR204_ON","Resistance",0,0,"miR-204-5p E1"
509,"Resistant-local","miR204_ON__CASP3_OFF","Apoptosis",0,0,"miR-204-5p E1 + CASP3 KO"
509,"Resistant-local","miR204_ON__CASP3_OFF","Cell-cycle arrest",261,0.522,"miR-204-5p E1 + CASP3 KO"
509,"Resistant-local","miR204_ON__CASP3_OFF","Other",239,0.478,"miR-204-5p E1 + CASP3 KO"
509,"Resistant-local","miR204_ON__CASP3_OFF","Proliferation",0,0,"miR-204-5p E1 + CASP3 KO"
509,"Resistant-local","miR204_ON__CASP3_OFF","Pyroptosis",0,0,"miR-204-5p E1 + CASP3 KO"
509,"Resistant-local","miR204_ON__CASP3_OFF","Resistance",0,0,"miR-204-5p E1 + CASP3 KO"
509,"Resistant-local","miR204_ON__GSDME_OFF","Apoptosis",223,0.446,"miR-204-5p E1 + GSDME KO"
509,"Resistant-local","miR204_ON__GSDME_OFF","Cell-cycle arrest",277,0.554,"miR-204-5p E1 + GSDME KO"
509,"Resistant-local","miR204_ON__GSDME_OFF","Other",0,0,"miR-204-5p E1 + GSDME KO"
509,"Resistant-local","miR204_ON__GSDME_OFF","Proliferation",0,0,"miR-204-5p E1 + GSDME KO"
509,"Resistant-local","miR204_ON__GSDME_OFF","Pyroptosis",0,0,"miR-204-5p E1 + GSDME KO"
509,"Resistant-local","miR204_ON__GSDME_OFF","Resistance",0,0,"miR-204-5p E1 + GSDME KO"
509,"Resistant-local","miR204_ON__SIRT1_ON","Apoptosis",0,0,"miR-204-5p E1 + SIRT1 rescue"
509,"Resistant-local","miR204_ON__SIRT1_ON","Cell-cycle arrest",0,0,"miR-204-5p E1 + SIRT1 rescue"
509,"Resistant-local","miR204_ON__SIRT1_ON","Other",500,1,"miR-204-5p E1 + SIRT1 rescue"
509,"Resistant-local","miR204_ON__SIRT1_ON","Proliferation",0,0,"miR-204-5p E1 + SIRT1 rescue"
509,"Resistant-local","miR204_ON__SIRT1_ON","Pyroptosis",0,0,"miR-204-5p E1 + SIRT1 rescue"
509,"Resistant-local","miR204_ON__SIRT1_ON","Resistance",0,0,"miR-204-5p E1 + SIRT1 rescue"
509,"Resistant-local","p53_OFF","Apoptosis",0,0,"Active p53 KO"
509,"Resistant-local","p53_OFF","Cell-cycle arrest",0,0,"Active p53 KO"
509,"Resistant-local","p53_OFF","Other",0,0,"Active p53 KO"
509,"Resistant-local","p53_OFF","Proliferation",0,0,"Active p53 KO"
509,"Resistant-local","p53_OFF","Pyroptosis",0,0,"Active p53 KO"
509,"Resistant-local","p53_OFF","Resistance",500,1,"Active p53 KO"
509,"Resistant-local","p53_ON","Apoptosis",0,0,"Active p53 E1"
509,"Resistant-local","p53_ON","Cell-cycle arrest",7,0.014,"Active p53 E1"
509,"Resistant-local","p53_ON","Other",0,0,"Active p53 E1"
509,"Resistant-local","p53_ON","Proliferation",0,0,"Active p53 E1"
509,"Resistant-local","p53_ON","Pyroptosis",14,0.028,"Active p53 E1"
509,"Resistant-local","p53_ON","Resistance",479,0.958,"Active p53 E1"
509,"Resistant-local","p53_ON__CASP3_OFF","Apoptosis",0,0,"Active p53 E1 + CASP3 KO"
509,"Resistant-local","p53_ON__CASP3_OFF","Cell-cycle arrest",6,0.012,"Active p53 E1 + CASP3 KO"
509,"Resistant-local","p53_ON__CASP3_OFF","Other",17,0.034,"Active p53 E1 + CASP3 KO"
509,"Resistant-local","p53_ON__CASP3_OFF","Proliferation",0,0,"Active p53 E1 + CASP3 KO"
509,"Resistant-local","p53_ON__CASP3_OFF","Pyroptosis",0,0,"Active p53 E1 + CASP3 KO"
509,"Resistant-local","p53_ON__CASP3_OFF","Resistance",477,0.954,"Active p53 E1 + CASP3 KO"
509,"Resistant-local","p53_ON__miR204_ON__CASP3_OFF__p21_ON","Apoptosis",0,0,"p53 E1 + miR-204-5p E1 + CASP3 KO + p21 E1"
509,"Resistant-local","p53_ON__miR204_ON__CASP3_OFF__p21_ON","Cell-cycle arrest",500,1,"p53 E1 + miR-204-5p E1 + CASP3 KO + p21 E1"
509,"Resistant-local","p53_ON__miR204_ON__CASP3_OFF__p21_ON","Other",0,0,"p53 E1 + miR-204-5p E1 + CASP3 KO + p21 E1"
509,"Resistant-local","p53_ON__miR204_ON__CASP3_OFF__p21_ON","Proliferation",0,0,"p53 E1 + miR-204-5p E1 + CASP3 KO + p21 E1"
509,"Resistant-local","p53_ON__miR204_ON__CASP3_OFF__p21_ON","Pyroptosis",0,0,"p53 E1 + miR-204-5p E1 + CASP3 KO + p21 E1"
509,"Resistant-local","p53_ON__miR204_ON__CASP3_OFF__p21_ON","Resistance",0,0,"p53 E1 + miR-204-5p E1 + CASP3 KO + p21 E1"
509,"Resistant-local","Reference","Apoptosis",0,0,"Reference: DDR ON, endogenous GSDME"
509,"Resistant-local","Reference","Cell-cycle arrest",1,0.002,"Reference: DDR ON, endogenous GSDME"
509,"Resistant-local","Reference","Other",0,0,"Reference: DDR ON, endogenous GSDME"
509,"Resistant-local","Reference","Proliferation",0,0,"Reference: DDR ON, endogenous GSDME"
509,"Resistant-local","Reference","Pyroptosis",3,0.006,"Reference: DDR ON, endogenous GSDME"
509,"Resistant-local","Reference","Resistance",496,0.992,"Reference: DDR ON, endogenous GSDME"
509,"Resistant-local","SIRT1_OFF","Apoptosis",0,0,"SIRT1 KO"
509,"Resistant-local","SIRT1_OFF","Cell-cycle arrest",7,0.014,"SIRT1 KO"
509,"Resistant-local","SIRT1_OFF","Other",0,0,"SIRT1 KO"
509,"Resistant-local","SIRT1_OFF","Proliferation",0,0,"SIRT1 KO"
509,"Resistant-local","SIRT1_OFF","Pyroptosis",493,0.986,"SIRT1 KO"
509,"Resistant-local","SIRT1_OFF","Resistance",0,0,"SIRT1 KO"
509,"Resistant-local","SIRT1_OFF__GSDME_OFF","Apoptosis",484,0.968,"SIRT1 KO + GSDME KO"
509,"Resistant-local","SIRT1_OFF__GSDME_OFF","Cell-cycle arrest",16,0.032,"SIRT1 KO + GSDME KO"
509,"Resistant-local","SIRT1_OFF__GSDME_OFF","Other",0,0,"SIRT1 KO + GSDME KO"
509,"Resistant-local","SIRT1_OFF__GSDME_OFF","Proliferation",0,0,"SIRT1 KO + GSDME KO"
509,"Resistant-local","SIRT1_OFF__GSDME_OFF","Pyroptosis",0,0,"SIRT1 KO + GSDME KO"
509,"Resistant-local","SIRT1_OFF__GSDME_OFF","Resistance",0,0,"SIRT1 KO + GSDME KO"
509,"Resistant-local","SIRT1_OFF__GSDME_OFF__CASP3_ON","Apoptosis",500,1,"SIRT1 KO + GSDME KO + CASP3 E1"
509,"Resistant-local","SIRT1_OFF__GSDME_OFF__CASP3_ON","Cell-cycle arrest",0,0,"SIRT1 KO + GSDME KO + CASP3 E1"
509,"Resistant-local","SIRT1_OFF__GSDME_OFF__CASP3_ON","Other",0,0,"SIRT1 KO + GSDME KO + CASP3 E1"
509,"Resistant-local","SIRT1_OFF__GSDME_OFF__CASP3_ON","Proliferation",0,0,"SIRT1 KO + GSDME KO + CASP3 E1"
509,"Resistant-local","SIRT1_OFF__GSDME_OFF__CASP3_ON","Pyroptosis",0,0,"SIRT1 KO + GSDME KO + CASP3 E1"
509,"Resistant-local","SIRT1_OFF__GSDME_OFF__CASP3_ON","Resistance",0,0,"SIRT1 KO + GSDME KO + CASP3 E1"
509,"Resistant-local","SIRT1_OFF__p53_OFF","Apoptosis",0,0,"SIRT1 KO + active p53 KO"
509,"Resistant-local","SIRT1_OFF__p53_OFF","Cell-cycle arrest",0,0,"SIRT1 KO + active p53 KO"
509,"Resistant-local","SIRT1_OFF__p53_OFF","Other",0,0,"SIRT1 KO + active p53 KO"
509,"Resistant-local","SIRT1_OFF__p53_OFF","Proliferation",0,0,"SIRT1 KO + active p53 KO"
509,"Resistant-local","SIRT1_OFF__p53_OFF","Pyroptosis",0,0,"SIRT1 KO + active p53 KO"
509,"Resistant-local","SIRT1_OFF__p53_OFF","Resistance",500,1,"SIRT1 KO + active p53 KO"
509,"Resistant-local","SIRT1_ON","Apoptosis",0,0,"SIRT1 E1"
509,"Resistant-local","SIRT1_ON","Cell-cycle arrest",0,0,"SIRT1 E1"
509,"Resistant-local","SIRT1_ON","Other",0,0,"SIRT1 E1"
509,"Resistant-local","SIRT1_ON","Proliferation",0,0,"SIRT1 E1"
509,"Resistant-local","SIRT1_ON","Pyroptosis",0,0,"SIRT1 E1"
509,"Resistant-local","SIRT1_ON","Resistance",500,1,"SIRT1 E1"
811,"Global random","BAX_ON","Apoptosis",0,0,"BAX E1"
811,"Global random","BAX_ON","Cell-cycle arrest",3,0.006,"BAX E1"
811,"Global random","BAX_ON","Other",0,0,"BAX E1"
811,"Global random","BAX_ON","Proliferation",0,0,"BAX E1"
811,"Global random","BAX_ON","Pyroptosis",42,0.084,"BAX E1"
811,"Global random","BAX_ON","Resistance",455,0.91,"BAX E1"
811,"Global random","BAX_ON__GSDME_OFF","Apoptosis",45,0.09,"BAX E1 + GSDME KO"
811,"Global random","BAX_ON__GSDME_OFF","Cell-cycle arrest",4,0.008,"BAX E1 + GSDME KO"
811,"Global random","BAX_ON__GSDME_OFF","Other",0,0,"BAX E1 + GSDME KO"
811,"Global random","BAX_ON__GSDME_OFF","Proliferation",0,0,"BAX E1 + GSDME KO"
811,"Global random","BAX_ON__GSDME_OFF","Pyroptosis",0,0,"BAX E1 + GSDME KO"
811,"Global random","BAX_ON__GSDME_OFF","Resistance",451,0.902,"BAX E1 + GSDME KO"
811,"Global random","CASP3_OFF","Apoptosis",0,0,"CASP3 KO"
811,"Global random","CASP3_OFF","Cell-cycle arrest",14,0.028,"CASP3 KO"
811,"Global random","CASP3_OFF","Other",33,0.066,"CASP3 KO"
811,"Global random","CASP3_OFF","Proliferation",0,0,"CASP3 KO"
811,"Global random","CASP3_OFF","Pyroptosis",0,0,"CASP3 KO"
811,"Global random","CASP3_OFF","Resistance",453,0.906,"CASP3 KO"
811,"Global random","CASP3_ON","Apoptosis",0,0,"CASP3 E1"
811,"Global random","CASP3_ON","Cell-cycle arrest",0,0,"CASP3 E1"
811,"Global random","CASP3_ON","Other",0,0,"CASP3 E1"
811,"Global random","CASP3_ON","Proliferation",0,0,"CASP3 E1"
811,"Global random","CASP3_ON","Pyroptosis",500,1,"CASP3 E1"
811,"Global random","CASP3_ON","Resistance",0,0,"CASP3 E1"
811,"Global random","CASP3_ON__GSDME_OFF","Apoptosis",500,1,"GSDME KO + CASP3 E1"
811,"Global random","CASP3_ON__GSDME_OFF","Cell-cycle arrest",0,0,"GSDME KO + CASP3 E1"
811,"Global random","CASP3_ON__GSDME_OFF","Other",0,0,"GSDME KO + CASP3 E1"
811,"Global random","CASP3_ON__GSDME_OFF","Proliferation",0,0,"GSDME KO + CASP3 E1"
811,"Global random","CASP3_ON__GSDME_OFF","Pyroptosis",0,0,"GSDME KO + CASP3 E1"
811,"Global random","CASP3_ON__GSDME_OFF","Resistance",0,0,"GSDME KO + CASP3 E1"
811,"Global random","GSDME_OFF","Apoptosis",29,0.058,"GSDME KO"
811,"Global random","GSDME_OFF","Cell-cycle arrest",19,0.038,"GSDME KO"
811,"Global random","GSDME_OFF","Other",0,0,"GSDME KO"
811,"Global random","GSDME_OFF","Proliferation",0,0,"GSDME KO"
811,"Global random","GSDME_OFF","Pyroptosis",0,0,"GSDME KO"
811,"Global random","GSDME_OFF","Resistance",452,0.904,"GSDME KO"
811,"Global random","GSDME_ON","Apoptosis",0,0,"GSDME E1 (Boolean DFNA5 ON)"
811,"Global random","GSDME_ON","Cell-cycle arrest",0,0,"GSDME E1 (Boolean DFNA5 ON)"
811,"Global random","GSDME_ON","Other",0,0,"GSDME E1 (Boolean DFNA5 ON)"
811,"Global random","GSDME_ON","Proliferation",0,0,"GSDME E1 (Boolean DFNA5 ON)"
811,"Global random","GSDME_ON","Pyroptosis",500,1,"GSDME E1 (Boolean DFNA5 ON)"
811,"Global random","GSDME_ON","Resistance",0,0,"GSDME E1 (Boolean DFNA5 ON)"
811,"Global random","GSDME_ON__CASP3_ON","Apoptosis",0,0,"GSDME E1 + CASP3 E1"
811,"Global random","GSDME_ON__CASP3_ON","Cell-cycle arrest",0,0,"GSDME E1 + CASP3 E1"
811,"Global random","GSDME_ON__CASP3_ON","Other",0,0,"GSDME E1 + CASP3 E1"
811,"Global random","GSDME_ON__CASP3_ON","Proliferation",0,0,"GSDME E1 + CASP3 E1"
811,"Global random","GSDME_ON__CASP3_ON","Pyroptosis",500,1,"GSDME E1 + CASP3 E1"
811,"Global random","GSDME_ON__CASP3_ON","Resistance",0,0,"GSDME E1 + CASP3 E1"
811,"Global random","MALAT1_OFF","Apoptosis",0,0,"MALAT1 KO"
811,"Global random","MALAT1_OFF","Cell-cycle arrest",39,0.078,"MALAT1 KO"
811,"Global random","MALAT1_OFF","Other",0,0,"MALAT1 KO"
811,"Global random","MALAT1_OFF","Proliferation",0,0,"MALAT1 KO"
811,"Global random","MALAT1_OFF","Pyroptosis",38,0.076,"MALAT1 KO"
811,"Global random","MALAT1_OFF","Resistance",423,0.846,"MALAT1 KO"
811,"Global random","MALAT1_OFF__GSDME_OFF","Apoptosis",41,0.082,"MALAT1 KO + GSDME KO"
811,"Global random","MALAT1_OFF__GSDME_OFF","Cell-cycle arrest",38,0.076,"MALAT1 KO + GSDME KO"
811,"Global random","MALAT1_OFF__GSDME_OFF","Other",0,0,"MALAT1 KO + GSDME KO"
811,"Global random","MALAT1_OFF__GSDME_OFF","Proliferation",0,0,"MALAT1 KO + GSDME KO"
811,"Global random","MALAT1_OFF__GSDME_OFF","Pyroptosis",0,0,"MALAT1 KO + GSDME KO"
811,"Global random","MALAT1_OFF__GSDME_OFF","Resistance",421,0.842,"MALAT1 KO + GSDME KO"
811,"Global random","MALAT1_OFF__miR204_OFF","Apoptosis",0,0,"MALAT1 KO + miR-204-5p KO"
811,"Global random","MALAT1_OFF__miR204_OFF","Cell-cycle arrest",0,0,"MALAT1 KO + miR-204-5p KO"
811,"Global random","MALAT1_OFF__miR204_OFF","Other",0,0,"MALAT1 KO + miR-204-5p KO"
811,"Global random","MALAT1_OFF__miR204_OFF","Proliferation",0,0,"MALAT1 KO + miR-204-5p KO"
811,"Global random","MALAT1_OFF__miR204_OFF","Pyroptosis",0,0,"MALAT1 KO + miR-204-5p KO"
811,"Global random","MALAT1_OFF__miR204_OFF","Resistance",500,1,"MALAT1 KO + miR-204-5p KO"
811,"Global random","MALAT1_OFF__SIRT1_ON","Apoptosis",0,0,"MALAT1 KO + SIRT1 rescue"
811,"Global random","MALAT1_OFF__SIRT1_ON","Cell-cycle arrest",0,0,"MALAT1 KO + SIRT1 rescue"
811,"Global random","MALAT1_OFF__SIRT1_ON","Other",0,0,"MALAT1 KO + SIRT1 rescue"
811,"Global random","MALAT1_OFF__SIRT1_ON","Proliferation",0,0,"MALAT1 KO + SIRT1 rescue"
811,"Global random","MALAT1_OFF__SIRT1_ON","Pyroptosis",0,0,"MALAT1 KO + SIRT1 rescue"
811,"Global random","MALAT1_OFF__SIRT1_ON","Resistance",500,1,"MALAT1 KO + SIRT1 rescue"
811,"Global random","MALAT1_ON__miR204_OFF__SIRT1_ON","Apoptosis",0,0,"MALAT1 E1 + miR-204-5p KO + SIRT1 E1"
811,"Global random","MALAT1_ON__miR204_OFF__SIRT1_ON","Cell-cycle arrest",0,0,"MALAT1 E1 + miR-204-5p KO + SIRT1 E1"
811,"Global random","MALAT1_ON__miR204_OFF__SIRT1_ON","Other",0,0,"MALAT1 E1 + miR-204-5p KO + SIRT1 E1"
811,"Global random","MALAT1_ON__miR204_OFF__SIRT1_ON","Proliferation",0,0,"MALAT1 E1 + miR-204-5p KO + SIRT1 E1"
811,"Global random","MALAT1_ON__miR204_OFF__SIRT1_ON","Pyroptosis",0,0,"MALAT1 E1 + miR-204-5p KO + SIRT1 E1"
811,"Global random","MALAT1_ON__miR204_OFF__SIRT1_ON","Resistance",500,1,"MALAT1 E1 + miR-204-5p KO + SIRT1 E1"
811,"Global random","miR204_OFF","Apoptosis",0,0,"miR-204-5p KO"
811,"Global random","miR204_OFF","Cell-cycle arrest",0,0,"miR-204-5p KO"
811,"Global random","miR204_OFF","Other",0,0,"miR-204-5p KO"
811,"Global random","miR204_OFF","Proliferation",0,0,"miR-204-5p KO"
811,"Global random","miR204_OFF","Pyroptosis",0,0,"miR-204-5p KO"
811,"Global random","miR204_OFF","Resistance",500,1,"miR-204-5p KO"
811,"Global random","miR204_ON","Apoptosis",0,0,"miR-204-5p E1"
811,"Global random","miR204_ON","Cell-cycle arrest",244,0.488,"miR-204-5p E1"
811,"Global random","miR204_ON","Other",0,0,"miR-204-5p E1"
811,"Global random","miR204_ON","Proliferation",0,0,"miR-204-5p E1"
811,"Global random","miR204_ON","Pyroptosis",256,0.512,"miR-204-5p E1"
811,"Global random","miR204_ON","Resistance",0,0,"miR-204-5p E1"
811,"Global random","miR204_ON__CASP3_OFF","Apoptosis",0,0,"miR-204-5p E1 + CASP3 KO"
811,"Global random","miR204_ON__CASP3_OFF","Cell-cycle arrest",226,0.452,"miR-204-5p E1 + CASP3 KO"
811,"Global random","miR204_ON__CASP3_OFF","Other",274,0.548,"miR-204-5p E1 + CASP3 KO"
811,"Global random","miR204_ON__CASP3_OFF","Proliferation",0,0,"miR-204-5p E1 + CASP3 KO"
811,"Global random","miR204_ON__CASP3_OFF","Pyroptosis",0,0,"miR-204-5p E1 + CASP3 KO"
811,"Global random","miR204_ON__CASP3_OFF","Resistance",0,0,"miR-204-5p E1 + CASP3 KO"
811,"Global random","miR204_ON__GSDME_OFF","Apoptosis",250,0.5,"miR-204-5p E1 + GSDME KO"
811,"Global random","miR204_ON__GSDME_OFF","Cell-cycle arrest",250,0.5,"miR-204-5p E1 + GSDME KO"
811,"Global random","miR204_ON__GSDME_OFF","Other",0,0,"miR-204-5p E1 + GSDME KO"
811,"Global random","miR204_ON__GSDME_OFF","Proliferation",0,0,"miR-204-5p E1 + GSDME KO"
811,"Global random","miR204_ON__GSDME_OFF","Pyroptosis",0,0,"miR-204-5p E1 + GSDME KO"
811,"Global random","miR204_ON__GSDME_OFF","Resistance",0,0,"miR-204-5p E1 + GSDME KO"
811,"Global random","miR204_ON__SIRT1_ON","Apoptosis",0,0,"miR-204-5p E1 + SIRT1 rescue"
811,"Global random","miR204_ON__SIRT1_ON","Cell-cycle arrest",0,0,"miR-204-5p E1 + SIRT1 rescue"
811,"Global random","miR204_ON__SIRT1_ON","Other",500,1,"miR-204-5p E1 + SIRT1 rescue"
811,"Global random","miR204_ON__SIRT1_ON","Proliferation",0,0,"miR-204-5p E1 + SIRT1 rescue"
811,"Global random","miR204_ON__SIRT1_ON","Pyroptosis",0,0,"miR-204-5p E1 + SIRT1 rescue"
811,"Global random","miR204_ON__SIRT1_ON","Resistance",0,0,"miR-204-5p E1 + SIRT1 rescue"
811,"Global random","p53_OFF","Apoptosis",0,0,"Active p53 KO"
811,"Global random","p53_OFF","Cell-cycle arrest",0,0,"Active p53 KO"
811,"Global random","p53_OFF","Other",0,0,"Active p53 KO"
811,"Global random","p53_OFF","Proliferation",0,0,"Active p53 KO"
811,"Global random","p53_OFF","Pyroptosis",0,0,"Active p53 KO"
811,"Global random","p53_OFF","Resistance",500,1,"Active p53 KO"
811,"Global random","p53_ON","Apoptosis",0,0,"Active p53 E1"
811,"Global random","p53_ON","Cell-cycle arrest",75,0.15,"Active p53 E1"
811,"Global random","p53_ON","Other",0,0,"Active p53 E1"
811,"Global random","p53_ON","Proliferation",0,0,"Active p53 E1"
811,"Global random","p53_ON","Pyroptosis",123,0.246,"Active p53 E1"
811,"Global random","p53_ON","Resistance",302,0.604,"Active p53 E1"
811,"Global random","p53_ON__CASP3_OFF","Apoptosis",0,0,"Active p53 E1 + CASP3 KO"
811,"Global random","p53_ON__CASP3_OFF","Cell-cycle arrest",77,0.154,"Active p53 E1 + CASP3 KO"
811,"Global random","p53_ON__CASP3_OFF","Other",125,0.25,"Active p53 E1 + CASP3 KO"
811,"Global random","p53_ON__CASP3_OFF","Proliferation",0,0,"Active p53 E1 + CASP3 KO"
811,"Global random","p53_ON__CASP3_OFF","Pyroptosis",0,0,"Active p53 E1 + CASP3 KO"
811,"Global random","p53_ON__CASP3_OFF","Resistance",298,0.596,"Active p53 E1 + CASP3 KO"
811,"Global random","p53_ON__miR204_ON__CASP3_OFF__p21_ON","Apoptosis",0,0,"p53 E1 + miR-204-5p E1 + CASP3 KO + p21 E1"
811,"Global random","p53_ON__miR204_ON__CASP3_OFF__p21_ON","Cell-cycle arrest",500,1,"p53 E1 + miR-204-5p E1 + CASP3 KO + p21 E1"
811,"Global random","p53_ON__miR204_ON__CASP3_OFF__p21_ON","Other",0,0,"p53 E1 + miR-204-5p E1 + CASP3 KO + p21 E1"
811,"Global random","p53_ON__miR204_ON__CASP3_OFF__p21_ON","Proliferation",0,0,"p53 E1 + miR-204-5p E1 + CASP3 KO + p21 E1"
811,"Global random","p53_ON__miR204_ON__CASP3_OFF__p21_ON","Pyroptosis",0,0,"p53 E1 + miR-204-5p E1 + CASP3 KO + p21 E1"
811,"Global random","p53_ON__miR204_ON__CASP3_OFF__p21_ON","Resistance",0,0,"p53 E1 + miR-204-5p E1 + CASP3 KO + p21 E1"
811,"Global random","Reference","Apoptosis",0,0,"Reference: DDR ON, endogenous GSDME"
811,"Global random","Reference","Cell-cycle arrest",20,0.04,"Reference: DDR ON, endogenous GSDME"
811,"Global random","Reference","Other",0,0,"Reference: DDR ON, endogenous GSDME"
811,"Global random","Reference","Proliferation",0,0,"Reference: DDR ON, endogenous GSDME"
811,"Global random","Reference","Pyroptosis",37,0.074,"Reference: DDR ON, endogenous GSDME"
811,"Global random","Reference","Resistance",443,0.886,"Reference: DDR ON, endogenous GSDME"
811,"Global random","SIRT1_OFF","Apoptosis",0,0,"SIRT1 KO"
811,"Global random","SIRT1_OFF","Cell-cycle arrest",42,0.084,"SIRT1 KO"
811,"Global random","SIRT1_OFF","Other",2,0.004,"SIRT1 KO"
811,"Global random","SIRT1_OFF","Proliferation",0,0,"SIRT1 KO"
811,"Global random","SIRT1_OFF","Pyroptosis",456,0.912,"SIRT1 KO"
811,"Global random","SIRT1_OFF","Resistance",0,0,"SIRT1 KO"
811,"Global random","SIRT1_OFF__GSDME_OFF","Apoptosis",449,0.898,"SIRT1 KO + GSDME KO"
811,"Global random","SIRT1_OFF__GSDME_OFF","Cell-cycle arrest",51,0.102,"SIRT1 KO + GSDME KO"
811,"Global random","SIRT1_OFF__GSDME_OFF","Other",0,0,"SIRT1 KO + GSDME KO"
811,"Global random","SIRT1_OFF__GSDME_OFF","Proliferation",0,0,"SIRT1 KO + GSDME KO"
811,"Global random","SIRT1_OFF__GSDME_OFF","Pyroptosis",0,0,"SIRT1 KO + GSDME KO"
811,"Global random","SIRT1_OFF__GSDME_OFF","Resistance",0,0,"SIRT1 KO + GSDME KO"
811,"Global random","SIRT1_OFF__GSDME_OFF__CASP3_ON","Apoptosis",500,1,"SIRT1 KO + GSDME KO + CASP3 E1"
811,"Global random","SIRT1_OFF__GSDME_OFF__CASP3_ON","Cell-cycle arrest",0,0,"SIRT1 KO + GSDME KO + CASP3 E1"
811,"Global random","SIRT1_OFF__GSDME_OFF__CASP3_ON","Other",0,0,"SIRT1 KO + GSDME KO + CASP3 E1"
811,"Global random","SIRT1_OFF__GSDME_OFF__CASP3_ON","Proliferation",0,0,"SIRT1 KO + GSDME KO + CASP3 E1"
811,"Global random","SIRT1_OFF__GSDME_OFF__CASP3_ON","Pyroptosis",0,0,"SIRT1 KO + GSDME KO + CASP3 E1"
811,"Global random","SIRT1_OFF__GSDME_OFF__CASP3_ON","Resistance",0,0,"SIRT1 KO + GSDME KO + CASP3 E1"
811,"Global random","SIRT1_OFF__p53_OFF","Apoptosis",0,0,"SIRT1 KO + active p53 KO"
811,"Global random","SIRT1_OFF__p53_OFF","Cell-cycle arrest",0,0,"SIRT1 KO + active p53 KO"
811,"Global random","SIRT1_OFF__p53_OFF","Other",0,0,"SIRT1 KO + active p53 KO"
811,"Global random","SIRT1_OFF__p53_OFF","Proliferation",0,0,"SIRT1 KO + active p53 KO"
811,"Global random","SIRT1_OFF__p53_OFF","Pyroptosis",0,0,"SIRT1 KO + active p53 KO"
811,"Global random","SIRT1_OFF__p53_OFF","Resistance",500,1,"SIRT1 KO + active p53 KO"
811,"Global random","SIRT1_ON","Apoptosis",0,0,"SIRT1 E1"
811,"Global random","SIRT1_ON","Cell-cycle arrest",0,0,"SIRT1 E1"
811,"Global random","SIRT1_ON","Other",0,0,"SIRT1 E1"
811,"Global random","SIRT1_ON","Proliferation",0,0,"SIRT1 E1"
811,"Global random","SIRT1_ON","Pyroptosis",0,0,"SIRT1 E1"
811,"Global random","SIRT1_ON","Resistance",500,1,"SIRT1 E1"
811,"Resistant-local","BAX_ON","Apoptosis",0,0,"BAX E1"
811,"Resistant-local","BAX_ON","Cell-cycle arrest",0,0,"BAX E1"
811,"Resistant-local","BAX_ON","Other",0,0,"BAX E1"
811,"Resistant-local","BAX_ON","Proliferation",0,0,"BAX E1"
811,"Resistant-local","BAX_ON","Pyroptosis",2,0.004,"BAX E1"
811,"Resistant-local","BAX_ON","Resistance",498,0.996,"BAX E1"
811,"Resistant-local","BAX_ON__GSDME_OFF","Apoptosis",2,0.004,"BAX E1 + GSDME KO"
811,"Resistant-local","BAX_ON__GSDME_OFF","Cell-cycle arrest",0,0,"BAX E1 + GSDME KO"
811,"Resistant-local","BAX_ON__GSDME_OFF","Other",0,0,"BAX E1 + GSDME KO"
811,"Resistant-local","BAX_ON__GSDME_OFF","Proliferation",0,0,"BAX E1 + GSDME KO"
811,"Resistant-local","BAX_ON__GSDME_OFF","Pyroptosis",0,0,"BAX E1 + GSDME KO"
811,"Resistant-local","BAX_ON__GSDME_OFF","Resistance",498,0.996,"BAX E1 + GSDME KO"
811,"Resistant-local","CASP3_OFF","Apoptosis",0,0,"CASP3 KO"
811,"Resistant-local","CASP3_OFF","Cell-cycle arrest",2,0.004,"CASP3 KO"
811,"Resistant-local","CASP3_OFF","Other",2,0.004,"CASP3 KO"
811,"Resistant-local","CASP3_OFF","Proliferation",0,0,"CASP3 KO"
811,"Resistant-local","CASP3_OFF","Pyroptosis",0,0,"CASP3 KO"
811,"Resistant-local","CASP3_OFF","Resistance",496,0.992,"CASP3 KO"
811,"Resistant-local","CASP3_ON","Apoptosis",0,0,"CASP3 E1"
811,"Resistant-local","CASP3_ON","Cell-cycle arrest",0,0,"CASP3 E1"
811,"Resistant-local","CASP3_ON","Other",0,0,"CASP3 E1"
811,"Resistant-local","CASP3_ON","Proliferation",0,0,"CASP3 E1"
811,"Resistant-local","CASP3_ON","Pyroptosis",500,1,"CASP3 E1"
811,"Resistant-local","CASP3_ON","Resistance",0,0,"CASP3 E1"
811,"Resistant-local","CASP3_ON__GSDME_OFF","Apoptosis",500,1,"GSDME KO + CASP3 E1"
811,"Resistant-local","CASP3_ON__GSDME_OFF","Cell-cycle arrest",0,0,"GSDME KO + CASP3 E1"
811,"Resistant-local","CASP3_ON__GSDME_OFF","Other",0,0,"GSDME KO + CASP3 E1"
811,"Resistant-local","CASP3_ON__GSDME_OFF","Proliferation",0,0,"GSDME KO + CASP3 E1"
811,"Resistant-local","CASP3_ON__GSDME_OFF","Pyroptosis",0,0,"GSDME KO + CASP3 E1"
811,"Resistant-local","CASP3_ON__GSDME_OFF","Resistance",0,0,"GSDME KO + CASP3 E1"
811,"Resistant-local","GSDME_OFF","Apoptosis",2,0.004,"GSDME KO"
811,"Resistant-local","GSDME_OFF","Cell-cycle arrest",2,0.004,"GSDME KO"
811,"Resistant-local","GSDME_OFF","Other",0,0,"GSDME KO"
811,"Resistant-local","GSDME_OFF","Proliferation",0,0,"GSDME KO"
811,"Resistant-local","GSDME_OFF","Pyroptosis",0,0,"GSDME KO"
811,"Resistant-local","GSDME_OFF","Resistance",496,0.992,"GSDME KO"
811,"Resistant-local","GSDME_ON","Apoptosis",0,0,"GSDME E1 (Boolean DFNA5 ON)"
811,"Resistant-local","GSDME_ON","Cell-cycle arrest",0,0,"GSDME E1 (Boolean DFNA5 ON)"
811,"Resistant-local","GSDME_ON","Other",0,0,"GSDME E1 (Boolean DFNA5 ON)"
811,"Resistant-local","GSDME_ON","Proliferation",0,0,"GSDME E1 (Boolean DFNA5 ON)"
811,"Resistant-local","GSDME_ON","Pyroptosis",500,1,"GSDME E1 (Boolean DFNA5 ON)"
811,"Resistant-local","GSDME_ON","Resistance",0,0,"GSDME E1 (Boolean DFNA5 ON)"
811,"Resistant-local","GSDME_ON__CASP3_ON","Apoptosis",0,0,"GSDME E1 + CASP3 E1"
811,"Resistant-local","GSDME_ON__CASP3_ON","Cell-cycle arrest",0,0,"GSDME E1 + CASP3 E1"
811,"Resistant-local","GSDME_ON__CASP3_ON","Other",0,0,"GSDME E1 + CASP3 E1"
811,"Resistant-local","GSDME_ON__CASP3_ON","Proliferation",0,0,"GSDME E1 + CASP3 E1"
811,"Resistant-local","GSDME_ON__CASP3_ON","Pyroptosis",500,1,"GSDME E1 + CASP3 E1"
811,"Resistant-local","GSDME_ON__CASP3_ON","Resistance",0,0,"GSDME E1 + CASP3 E1"
811,"Resistant-local","MALAT1_OFF","Apoptosis",0,0,"MALAT1 KO"
811,"Resistant-local","MALAT1_OFF","Cell-cycle arrest",2,0.004,"MALAT1 KO"
811,"Resistant-local","MALAT1_OFF","Other",0,0,"MALAT1 KO"
811,"Resistant-local","MALAT1_OFF","Proliferation",0,0,"MALAT1 KO"
811,"Resistant-local","MALAT1_OFF","Pyroptosis",6,0.012,"MALAT1 KO"
811,"Resistant-local","MALAT1_OFF","Resistance",492,0.984,"MALAT1 KO"
811,"Resistant-local","MALAT1_OFF__GSDME_OFF","Apoptosis",6,0.012,"MALAT1 KO + GSDME KO"
811,"Resistant-local","MALAT1_OFF__GSDME_OFF","Cell-cycle arrest",3,0.006,"MALAT1 KO + GSDME KO"
811,"Resistant-local","MALAT1_OFF__GSDME_OFF","Other",0,0,"MALAT1 KO + GSDME KO"
811,"Resistant-local","MALAT1_OFF__GSDME_OFF","Proliferation",0,0,"MALAT1 KO + GSDME KO"
811,"Resistant-local","MALAT1_OFF__GSDME_OFF","Pyroptosis",0,0,"MALAT1 KO + GSDME KO"
811,"Resistant-local","MALAT1_OFF__GSDME_OFF","Resistance",491,0.982,"MALAT1 KO + GSDME KO"
811,"Resistant-local","MALAT1_OFF__miR204_OFF","Apoptosis",0,0,"MALAT1 KO + miR-204-5p KO"
811,"Resistant-local","MALAT1_OFF__miR204_OFF","Cell-cycle arrest",0,0,"MALAT1 KO + miR-204-5p KO"
811,"Resistant-local","MALAT1_OFF__miR204_OFF","Other",0,0,"MALAT1 KO + miR-204-5p KO"
811,"Resistant-local","MALAT1_OFF__miR204_OFF","Proliferation",0,0,"MALAT1 KO + miR-204-5p KO"
811,"Resistant-local","MALAT1_OFF__miR204_OFF","Pyroptosis",0,0,"MALAT1 KO + miR-204-5p KO"
811,"Resistant-local","MALAT1_OFF__miR204_OFF","Resistance",500,1,"MALAT1 KO + miR-204-5p KO"
811,"Resistant-local","MALAT1_OFF__SIRT1_ON","Apoptosis",0,0,"MALAT1 KO + SIRT1 rescue"
811,"Resistant-local","MALAT1_OFF__SIRT1_ON","Cell-cycle arrest",0,0,"MALAT1 KO + SIRT1 rescue"
811,"Resistant-local","MALAT1_OFF__SIRT1_ON","Other",0,0,"MALAT1 KO + SIRT1 rescue"
811,"Resistant-local","MALAT1_OFF__SIRT1_ON","Proliferation",0,0,"MALAT1 KO + SIRT1 rescue"
811,"Resistant-local","MALAT1_OFF__SIRT1_ON","Pyroptosis",0,0,"MALAT1 KO + SIRT1 rescue"
811,"Resistant-local","MALAT1_OFF__SIRT1_ON","Resistance",500,1,"MALAT1 KO + SIRT1 rescue"
811,"Resistant-local","MALAT1_ON__miR204_OFF__SIRT1_ON","Apoptosis",0,0,"MALAT1 E1 + miR-204-5p KO + SIRT1 E1"
811,"Resistant-local","MALAT1_ON__miR204_OFF__SIRT1_ON","Cell-cycle arrest",0,0,"MALAT1 E1 + miR-204-5p KO + SIRT1 E1"
811,"Resistant-local","MALAT1_ON__miR204_OFF__SIRT1_ON","Other",0,0,"MALAT1 E1 + miR-204-5p KO + SIRT1 E1"
811,"Resistant-local","MALAT1_ON__miR204_OFF__SIRT1_ON","Proliferation",0,0,"MALAT1 E1 + miR-204-5p KO + SIRT1 E1"
811,"Resistant-local","MALAT1_ON__miR204_OFF__SIRT1_ON","Pyroptosis",0,0,"MALAT1 E1 + miR-204-5p KO + SIRT1 E1"
811,"Resistant-local","MALAT1_ON__miR204_OFF__SIRT1_ON","Resistance",500,1,"MALAT1 E1 + miR-204-5p KO + SIRT1 E1"
811,"Resistant-local","miR204_OFF","Apoptosis",0,0,"miR-204-5p KO"
811,"Resistant-local","miR204_OFF","Cell-cycle arrest",0,0,"miR-204-5p KO"
811,"Resistant-local","miR204_OFF","Other",0,0,"miR-204-5p KO"
811,"Resistant-local","miR204_OFF","Proliferation",0,0,"miR-204-5p KO"
811,"Resistant-local","miR204_OFF","Pyroptosis",0,0,"miR-204-5p KO"
811,"Resistant-local","miR204_OFF","Resistance",500,1,"miR-204-5p KO"
811,"Resistant-local","miR204_ON","Apoptosis",0,0,"miR-204-5p E1"
811,"Resistant-local","miR204_ON","Cell-cycle arrest",259,0.518,"miR-204-5p E1"
811,"Resistant-local","miR204_ON","Other",0,0,"miR-204-5p E1"
811,"Resistant-local","miR204_ON","Proliferation",0,0,"miR-204-5p E1"
811,"Resistant-local","miR204_ON","Pyroptosis",241,0.482,"miR-204-5p E1"
811,"Resistant-local","miR204_ON","Resistance",0,0,"miR-204-5p E1"
811,"Resistant-local","miR204_ON__CASP3_OFF","Apoptosis",0,0,"miR-204-5p E1 + CASP3 KO"
811,"Resistant-local","miR204_ON__CASP3_OFF","Cell-cycle arrest",245,0.49,"miR-204-5p E1 + CASP3 KO"
811,"Resistant-local","miR204_ON__CASP3_OFF","Other",255,0.51,"miR-204-5p E1 + CASP3 KO"
811,"Resistant-local","miR204_ON__CASP3_OFF","Proliferation",0,0,"miR-204-5p E1 + CASP3 KO"
811,"Resistant-local","miR204_ON__CASP3_OFF","Pyroptosis",0,0,"miR-204-5p E1 + CASP3 KO"
811,"Resistant-local","miR204_ON__CASP3_OFF","Resistance",0,0,"miR-204-5p E1 + CASP3 KO"
811,"Resistant-local","miR204_ON__GSDME_OFF","Apoptosis",248,0.496,"miR-204-5p E1 + GSDME KO"
811,"Resistant-local","miR204_ON__GSDME_OFF","Cell-cycle arrest",252,0.504,"miR-204-5p E1 + GSDME KO"
811,"Resistant-local","miR204_ON__GSDME_OFF","Other",0,0,"miR-204-5p E1 + GSDME KO"
811,"Resistant-local","miR204_ON__GSDME_OFF","Proliferation",0,0,"miR-204-5p E1 + GSDME KO"
811,"Resistant-local","miR204_ON__GSDME_OFF","Pyroptosis",0,0,"miR-204-5p E1 + GSDME KO"
811,"Resistant-local","miR204_ON__GSDME_OFF","Resistance",0,0,"miR-204-5p E1 + GSDME KO"
811,"Resistant-local","miR204_ON__SIRT1_ON","Apoptosis",0,0,"miR-204-5p E1 + SIRT1 rescue"
811,"Resistant-local","miR204_ON__SIRT1_ON","Cell-cycle arrest",0,0,"miR-204-5p E1 + SIRT1 rescue"
811,"Resistant-local","miR204_ON__SIRT1_ON","Other",500,1,"miR-204-5p E1 + SIRT1 rescue"
811,"Resistant-local","miR204_ON__SIRT1_ON","Proliferation",0,0,"miR-204-5p E1 + SIRT1 rescue"
811,"Resistant-local","miR204_ON__SIRT1_ON","Pyroptosis",0,0,"miR-204-5p E1 + SIRT1 rescue"
811,"Resistant-local","miR204_ON__SIRT1_ON","Resistance",0,0,"miR-204-5p E1 + SIRT1 rescue"
811,"Resistant-local","p53_OFF","Apoptosis",0,0,"Active p53 KO"
811,"Resistant-local","p53_OFF","Cell-cycle arrest",0,0,"Active p53 KO"
811,"Resistant-local","p53_OFF","Other",0,0,"Active p53 KO"
811,"Resistant-local","p53_OFF","Proliferation",0,0,"Active p53 KO"
811,"Resistant-local","p53_OFF","Pyroptosis",0,0,"Active p53 KO"
811,"Resistant-local","p53_OFF","Resistance",500,1,"Active p53 KO"
811,"Resistant-local","p53_ON","Apoptosis",0,0,"Active p53 E1"
811,"Resistant-local","p53_ON","Cell-cycle arrest",10,0.02,"Active p53 E1"
811,"Resistant-local","p53_ON","Other",0,0,"Active p53 E1"
811,"Resistant-local","p53_ON","Proliferation",0,0,"Active p53 E1"
811,"Resistant-local","p53_ON","Pyroptosis",15,0.03,"Active p53 E1"
811,"Resistant-local","p53_ON","Resistance",475,0.95,"Active p53 E1"
811,"Resistant-local","p53_ON__CASP3_OFF","Apoptosis",0,0,"Active p53 E1 + CASP3 KO"
811,"Resistant-local","p53_ON__CASP3_OFF","Cell-cycle arrest",12,0.024,"Active p53 E1 + CASP3 KO"
811,"Resistant-local","p53_ON__CASP3_OFF","Other",17,0.034,"Active p53 E1 + CASP3 KO"
811,"Resistant-local","p53_ON__CASP3_OFF","Proliferation",0,0,"Active p53 E1 + CASP3 KO"
811,"Resistant-local","p53_ON__CASP3_OFF","Pyroptosis",0,0,"Active p53 E1 + CASP3 KO"
811,"Resistant-local","p53_ON__CASP3_OFF","Resistance",471,0.942,"Active p53 E1 + CASP3 KO"
811,"Resistant-local","p53_ON__miR204_ON__CASP3_OFF__p21_ON","Apoptosis",0,0,"p53 E1 + miR-204-5p E1 + CASP3 KO + p21 E1"
811,"Resistant-local","p53_ON__miR204_ON__CASP3_OFF__p21_ON","Cell-cycle arrest",500,1,"p53 E1 + miR-204-5p E1 + CASP3 KO + p21 E1"
811,"Resistant-local","p53_ON__miR204_ON__CASP3_OFF__p21_ON","Other",0,0,"p53 E1 + miR-204-5p E1 + CASP3 KO + p21 E1"
811,"Resistant-local","p53_ON__miR204_ON__CASP3_OFF__p21_ON","Proliferation",0,0,"p53 E1 + miR-204-5p E1 + CASP3 KO + p21 E1"
811,"Resistant-local","p53_ON__miR204_ON__CASP3_OFF__p21_ON","Pyroptosis",0,0,"p53 E1 + miR-204-5p E1 + CASP3 KO + p21 E1"
811,"Resistant-local","p53_ON__miR204_ON__CASP3_OFF__p21_ON","Resistance",0,0,"p53 E1 + miR-204-5p E1 + CASP3 KO + p21 E1"
811,"Resistant-local","Reference","Apoptosis",0,0,"Reference: DDR ON, endogenous GSDME"
811,"Resistant-local","Reference","Cell-cycle arrest",2,0.004,"Reference: DDR ON, endogenous GSDME"
811,"Resistant-local","Reference","Other",0,0,"Reference: DDR ON, endogenous GSDME"
811,"Resistant-local","Reference","Proliferation",0,0,"Reference: DDR ON, endogenous GSDME"
811,"Resistant-local","Reference","Pyroptosis",1,0.002,"Reference: DDR ON, endogenous GSDME"
811,"Resistant-local","Reference","Resistance",497,0.994,"Reference: DDR ON, endogenous GSDME"
811,"Resistant-local","SIRT1_OFF","Apoptosis",0,0,"SIRT1 KO"
811,"Resistant-local","SIRT1_OFF","Cell-cycle arrest",24,0.048,"SIRT1 KO"
811,"Resistant-local","SIRT1_OFF","Other",0,0,"SIRT1 KO"
811,"Resistant-local","SIRT1_OFF","Proliferation",0,0,"SIRT1 KO"
811,"Resistant-local","SIRT1_OFF","Pyroptosis",476,0.952,"SIRT1 KO"
811,"Resistant-local","SIRT1_OFF","Resistance",0,0,"SIRT1 KO"
811,"Resistant-local","SIRT1_OFF__GSDME_OFF","Apoptosis",483,0.966,"SIRT1 KO + GSDME KO"
811,"Resistant-local","SIRT1_OFF__GSDME_OFF","Cell-cycle arrest",17,0.034,"SIRT1 KO + GSDME KO"
811,"Resistant-local","SIRT1_OFF__GSDME_OFF","Other",0,0,"SIRT1 KO + GSDME KO"
811,"Resistant-local","SIRT1_OFF__GSDME_OFF","Proliferation",0,0,"SIRT1 KO + GSDME KO"
811,"Resistant-local","SIRT1_OFF__GSDME_OFF","Pyroptosis",0,0,"SIRT1 KO + GSDME KO"
811,"Resistant-local","SIRT1_OFF__GSDME_OFF","Resistance",0,0,"SIRT1 KO + GSDME KO"
811,"Resistant-local","SIRT1_OFF__GSDME_OFF__CASP3_ON","Apoptosis",500,1,"SIRT1 KO + GSDME KO + CASP3 E1"
811,"Resistant-local","SIRT1_OFF__GSDME_OFF__CASP3_ON","Cell-cycle arrest",0,0,"SIRT1 KO + GSDME KO + CASP3 E1"
811,"Resistant-local","SIRT1_OFF__GSDME_OFF__CASP3_ON","Other",0,0,"SIRT1 KO + GSDME KO + CASP3 E1"
811,"Resistant-local","SIRT1_OFF__GSDME_OFF__CASP3_ON","Proliferation",0,0,"SIRT1 KO + GSDME KO + CASP3 E1"
811,"Resistant-local","SIRT1_OFF__GSDME_OFF__CASP3_ON","Pyroptosis",0,0,"SIRT1 KO + GSDME KO + CASP3 E1"
811,"Resistant-local","SIRT1_OFF__GSDME_OFF__CASP3_ON","Resistance",0,0,"SIRT1 KO + GSDME KO + CASP3 E1"
811,"Resistant-local","SIRT1_OFF__p53_OFF","Apoptosis",0,0,"SIRT1 KO + active p53 KO"
811,"Resistant-local","SIRT1_OFF__p53_OFF","Cell-cycle arrest",0,0,"SIRT1 KO + active p53 KO"
811,"Resistant-local","SIRT1_OFF__p53_OFF","Other",0,0,"SIRT1 KO + active p53 KO"
811,"Resistant-local","SIRT1_OFF__p53_OFF","Proliferation",0,0,"SIRT1 KO + active p53 KO"
811,"Resistant-local","SIRT1_OFF__p53_OFF","Pyroptosis",0,0,"SIRT1 KO + active p53 KO"
811,"Resistant-local","SIRT1_OFF__p53_OFF","Resistance",500,1,"SIRT1 KO + active p53 KO"
811,"Resistant-local","SIRT1_ON","Apoptosis",0,0,"SIRT1 E1"
811,"Resistant-local","SIRT1_ON","Cell-cycle arrest",0,0,"SIRT1 E1"
811,"Resistant-local","SIRT1_ON","Other",0,0,"SIRT1 E1"
811,"Resistant-local","SIRT1_ON","Proliferation",0,0,"SIRT1 E1"
811,"Resistant-local","SIRT1_ON","Pyroptosis",0,0,"SIRT1 E1"
811,"Resistant-local","SIRT1_ON","Resistance",500,1,"SIRT1 E1"
